FID,OBJECTID,AmbulanceR,BikeAge_Gr,Bike_Age,Bike_Alc_D,Bike_Dir,Bike_Injur,Bike_Pos,Bike_Race,Bike_Sex,City,County,CrashAlcoh,CrashDay,Crash_Date,Crash_Grp,Crash_Hour,Crash_Loc,Crash_Mont,Crash_Time,Crash_Type,Crash_Ty_1,Crash_Year,Crsh_Sevri,Developmen,DrvrAge_Gr,Drvr_Age,Drvr_Alc_D,Drvr_EstSp,Drvr_Injur,Drvr_Race,Drvr_Sex,Drvr_VehTy,ExcsSpdInd,Hit_Run,Light_Cond,Locality,Num_Lanes,Num_Units,Rd_Charact,Rd_Class,Rd_Conditi,Rd_Config,Rd_Defects,Rd_Feature,Rd_Surface,Region,Rural_Urba,Speed_Limi,Traff_Cntr,Weather,Workzone_I,Location
634,635,Yes,40-49,43,Yes,With Traffic,B: Evident Injury,Travel Lane,White,Male,None - Rural Crash,Gaston,Yes,01-01-03,2012-09-05,Motorist Overtaking Bicyclist,21,Intersection-Related,01-09-01,0001-01-01T16:48:58-04:56,Motorist Overtaking - Other /,,2012,B: Evident Injury,Residential,20-24,23,No,31-35 mph,O: No Injury,White,Female,Passenger Car,No,No,Dark - Lighted Roadway,Mixed (30% To 70% Developed),2 lanes,2,Straight - Level,NC Route,Dry,"Two-Way, Not Divided",None,T-Intersection,Coarse Asphalt,Piedmont,Rural,40 - 45  MPH,"Double Yellow Line, No Passing Zone",Clear,No,"35.31235, -81.2061"
636,637,No,,0,Missing,Facing Traffic,Injury,Travel Lane,/Missing,,Greenville,Pitt,No,01-01-04,2012-08-23,Crossing Paths - Other Circumstances,16,Intersection,01-08-01,0001-01-01T11:55:58-04:56,Signalized Intersection - Other /,,2012,O: No Injury,Commercial,20-24,22,No,0-5 mph,O: No Injury,White,Female,Sport Utility,No,No,Daylight,Urban (>70% Developed),2 lanes,2,Straight - Level,Local Street,Dry,"Two-Way, Divided, Unprotected Median",None,Four-Way Intersection,Smooth Asphalt,Coastal,Urban,20 - 25  MPH,Stop And Go Signal,Clear,No,"35.61576, -77.3752"
637,638,Yes,15-Nov,12,No,With Traffic,C: Possible Injury,Sidewalk / Crosswalk / Driveway Crossing,White,Male,Southern Pines,Moore,No,01-01-07,2012-08-19,Bicyclist Failed to Yield - Sign-Controlled Intersection,14,Intersection,01-08-01,0001-01-01T09:35:58-04:56,Bicyclist Ride Through - Sign-Controlled Intersection,,2012,C: Possible Injury,Commercial,70,70,No,31-35 mph,O: No Injury,White,Female,Passenger Car,No,No,Daylight,Mixed (30% To 70% Developed),2 lanes,2,Straight - Grade,Local Street,Wet,"Two-Way, Not Divided",None,Four-Way Intersection,Coarse Asphalt,Piedmont,Urban,30 - 35  MPH,Stop Sign,Rain,No,"35.17663, -79.3905"
640,641,Yes,10-Jun,7,No,,B: Evident Injury,Travel Lane,Black,Female,Rocky Mount,Nash,No,01-01-02,2012-03-06,Bicyclist Failed to Yield - Midblock,18,Non-Intersection,01-03-01,0001-01-01T13:56:58-04:56,Bicyclist Ride Out - Midblock -,,2012,B: Evident Injury,Residential,0-19,19,No,11-15 mph,O: No Injury,Black,Male,Passenger Car,No,No,Daylight,Urban (>70% Developed),2 lanes,2,Curve - Level,Local Street,Dry,"Two-Way, Not Divided",None,No Special Feature,Coarse Asphalt,Coastal,Urban,30 - 35  MPH,No Control Present,Cloudy,No,"35.91357, -77.8152"
642,643,No,20-24,24,No,With Traffic,O: No Injury,Travel Lane,White,Male,None - Rural Crash,Watauga,No,01-01-03,2012-09-05,Bicyclist Left Turn / Merge,18,Non-Intersection,01-09-01,0001-01-01T13:03:58-04:56,Bicyclist Left Turn - Same Direction,,2012,O: No Injury,"Farms, Woods, Pastures",20-24,20,No,31-35 mph,O: No Injury,White,Male,Sport Utility,No,No,Daylight,Rural (<30% Developed),2 lanes,2,Straight - Grade,State Secondary Route,Dry,"Two-Way, Not Divided",None,No Special Feature,Smooth Asphalt,Mountains,Rural,50 - 55  MPH,"Double Yellow Line, No Passing Zone",Clear,No,"36.214, -81.7106"
643,644,No,16-19,17,No,With Traffic,C: Possible Injury,Travel Lane,Black,Female,Rocky Mount,Edgecombe,No,01-01-02,2012-08-14,Crossing Paths - Other Circumstances,9,Intersection,01-08-01,0001-01-01T04:56:58-04:56,Signalized Intersection - Other /,,2012,C: Possible Injury,Residential,20-24,20,No,6-10 mph,O: No Injury,Black,Female,Passenger Car,No,No,Daylight,Urban (>70% Developed),4 lanes,2,Straight - Level,Local Street,Dry,"Two-Way, Divided, Unprotected Median",None,No Special Feature,Coarse Asphalt,Coastal,Urban,30 - 35  MPH,Stop And Go Signal,Clear,No,"35.93217, -77.7907"
648,649,Yes,40-49,46,No,With Traffic,B: Evident Injury,Travel Lane,White,Female,Marvin,Union,No,01-01-05,2012-09-07,Loss of Control / Turning Error,18,Non-Intersection,01-09-01,0001-01-01T13:05:58-04:56,Bicyclist Lost Control - Other /,,2012,B: Evident Injury,"Farms, Woods, Pastures",30-39,39,No,36-40 mph,O: No Injury,Hispanic,Female,Pickup,No,No,Daylight,Rural (<30% Developed),2 lanes,2,Curve - Grade,State Secondary Route,Dry,"Two-Way, Not Divided",None,No Special Feature,Smooth Asphalt,Piedmont,Rural,40 - 45  MPH,"Double Yellow Line, No Passing Zone",Clear,No,"35.00817, -80.8249"
666,667,Yes,20-24,24,No,With Traffic,B: Evident Injury,Travel Lane,White,Male,None - Rural Crash,Brunswick,No,01-01-06,2012-09-08,Motorist Overtaking Bicyclist,20,Non-Intersection,01-09-01,0001-01-01T15:28:58-04:56,Motorist Overtaking - Other /,,2012,B: Evident Injury,"Farms, Woods, Pastures",30-39,32,No,51-55 mph,O: No Injury,White,Male,Passenger Car,No,No,Dark - Roadway Not Lighted,Rural (<30% Developed),2 lanes,2,Straight - Level,NC Route,Dry,"Two-Way, Not Divided",None,No Special Feature,Smooth Asphalt,Coastal,Rural,50 - 55  MPH,"Double Yellow Line, No Passing Zone",Clear,No,"34.07787, -78.0972"
668,669,No,25-29,25,No,Facing Traffic,O: No Injury,Multi-use Path,White,Male,None - Rural Crash,Dare,No,01-01-04,2012-09-13,Motorist Failed to Yield - Signalized Intersection,14,Intersection-Related,01-09-01,0001-01-01T09:18:58-04:56,Motorist Drive Out - Signalized Intersection,,2012,O: No Injury,Residential,20-24,20,No,0-5 mph,O: No Injury,White,Male,Pickup,No,No,Daylight,Urban (>70% Developed),2 lanes,2,Straight - Level,State Secondary Route,Dry,"Two-Way, Not Divided",None,T-Intersection,Coarse Asphalt,Coastal,Rural,30 - 35  MPH,Stop And Go Signal,Clear,No,"35.92148, -75.6783"
671,672,Yes,20-24,22,No,With Traffic,A: Disabling Injury,Travel Lane,White,Male,None - Rural Crash,Wake,No,01-01-06,2012-09-15,Motorist Overtaking Bicyclist,7,Non-Intersection,01-09-01,0001-01-01T02:15:58-04:56,Motorist Overtaking - Undetected Bicyclist,,2012,A: Disabling Injury,"Farms, Woods, Pastures",40-49,43,No,41-45 mph,O: No Injury,White,Female,Pickup,No,No,Daylight,Rural (<30% Developed),2 lanes,2,Straight - Grade,State Secondary Route,Dry,"Two-Way, Not Divided",None,No Special Feature,Coarse Asphalt,Piedmont,Rural,40 - 45  MPH,"Double Yellow Line, No Passing Zone",Clear,No,"35.65107, -78.689"
675,676,No,16-19,18,No,Not Applicable,O: No Injury,Non-Roadway,White,Male,Wilmington,New Hanover,No,,2012-09-17,Non-Roadway,13,Non-Roadway,01-09-01,0001-01-01T08:46:58-04:56,Non-Roadway,,2012,O: No Injury,Institutional,,,Missing,0-5 mph,Injury,/Missing,,Passenger Car,No,No,Daylight,Urban (>70% Developed),,2,Straight - Level,Public Vehicular Area,Dry,"Two-Way, Not Divided",None,No Special Feature,Smooth Asphalt,Coastal,Urban,5 - 15 MPH,No Control Present,Clear,No,"34.22102, -77.8695"
701,702,Yes,40-49,44,No,With Traffic,B: Evident Injury,Travel Lane,Hispanic,Male,Wilmington,New Hanover,No,,2012-09-17,Motorist Overtaking Bicyclist,5,Non-Intersection,01-09-01,0001-01-01T00:56:58-04:56,Motorist Overtaking - Other /,,2012,B: Evident Injury,Commercial,40-49,41,No,41-45 mph,O: No Injury,White,Male,Pickup,No,No,Dusk,Urban (>70% Developed),2 lanes,2,Straight - Level,Local Street,Dry,"Two-Way, Not Divided",None,No Special Feature,Concrete,Coastal,Urban,40 - 45  MPH,No Control Present,Clear,No,"34.21354, -77.8799"
706,707,No,40-49,47,No,With Traffic,O: No Injury,Travel Lane,White,Male,Raleigh,Wake,No,01-01-07,2012-09-02,Motorist Overtaking Bicyclist,21,Intersection-Related,01-09-01,0001-01-01T16:57:58-04:56,Motorist Overtaking - Other /,,2012,O: No Injury,Commercial,50-59,50,No,16-20 mph,O: No Injury,Black,Male,Taxicab,No,No,Dark - Lighted Roadway,Urban (>70% Developed),3 lanes,2,Straight - Level,Interstate,Dry,"One-Way, Not Divided",None,T-Intersection,Smooth Asphalt,Piedmont,Urban,30 - 35  MPH,Stop And Go Signal,Clear,No,"35.77959, -78.6394"
708,709,No,15-Nov,14,No,Facing Traffic,O: No Injury,Bike Lane / Paved Shoulder,Black,Male,Raleigh,Wake,No,01-01-03,2012-09-26,Bicyclist Right Turn / Merge,10,Non-Intersection,01-09-01,0001-01-01T05:18:58-04:56,Bicyclist Right Turn - Opposite Direction,,2012,O: No Injury,Residential,,,Missing,6-10 mph,Injury,/Missing,,Passenger Car,No,Yes,Daylight,Urban (>70% Developed),2 lanes,2,Straight - Level,Local Street,Dry,"Two-Way, Not Divided",None,No Special Feature,Smooth Asphalt,Piedmont,Urban,40 - 45  MPH,No Control Present,Clear,No,"35.91966, -78.7379"
709,710,No,15-Nov,15,No,Facing Traffic,C: Possible Injury,Travel Lane,Black,Male,Fayetteville,Cumberland,No,01-01-06,2012-09-15,Bicyclist Failed to Yield - Signalized Intersection,15,Intersection,01-09-01,0001-01-01T10:18:58-04:56,Bicyclist Ride Out - Signalized  Intersection,,2012,C: Possible Injury,Commercial,60-69,60,No,31-35 mph,O: No Injury,White,Male,Passenger Car,No,No,Daylight,Urban (>70% Developed),7 lanes,3,Straight - Level,Local Street,Dry,"Two-Way, Divided, Unprotected Median",None,Four-Way Intersection,Smooth Asphalt,Coastal,Urban,30 - 35  MPH,Stop And Go Signal,Clear,No,"35.06709, -78.9504"
714,715,Yes,60-69,63,No,Facing Traffic,B: Evident Injury,Travel Lane,White,Male,Morehead City,Carteret,No,01-01-06,2012-09-15,Motorist Failed to Yield - Sign-Controlled Intersection,11,Intersection,01-09-01,0001-01-01T06:58:58-04:56,Motorist Drive Out - Sign-Controlled Intersection,,2012,B: Evident Injury,Residential,60-69,62,No,0-5 mph,O: No Injury,White,Male,Passenger Car,No,No,Daylight,Urban (>70% Developed),2 lanes,2,Straight - Level,Local Street,Dry,"Two-Way, Divided, Unprotected Median",None,No Special Feature,Smooth Asphalt,Coastal,Urban,30 - 35  MPH,Stop Sign,Clear,No,"34.72908, -76.7289"
717,718,No,25-29,26,No,With Traffic,C: Possible Injury,Travel Lane,White,Male,None - Rural Crash,Dare,No,01-01-06,2012-09-29,Crossing Paths - Other Circumstances,16,Intersection,01-09-01,0001-01-01T11:33:58-04:56,Crossing Paths - Intersection - Other /,,2012,C: Possible Injury,Residential,70,70,No,11-15 mph,O: No Injury,White,Female,Sport Utility,No,No,Daylight,Urban (>70% Developed),2 lanes,2,Straight - Level,State Secondary Route,Wet,"Two-Way, Not Divided",None,T-Intersection,Smooth Asphalt,Coastal,Rural,30 - 35  MPH,Stop Sign,Rain,No,"35.35216, -75.5105"
726,727,Yes,20-24,22,No,With Traffic,B: Evident Injury,Travel Lane,White,Female,Carrboro,Orange,No,01-01-05,2012-09-21,Motorist Left Turn / Merge,17,Intersection,01-09-01,0001-01-01T12:48:58-04:56,Motorist Left Turn - Opposite Direction,,2012,B: Evident Injury,Residential,20-24,20,No,16-20 mph,O: No Injury,White,Male,Passenger Car,No,No,Daylight,Urban (>70% Developed),2 lanes,2,Straight - Level,Local Street,Dry,"Two-Way, Not Divided",None,Related To Intersection,Coarse Asphalt,Piedmont,Urban,30 - 35  MPH,No Control Present,Clear,No,"35.92076, -79.086"
734,735,No,15-Nov,13,No,Not Applicable,O: No Injury,Non-Roadway,Black,Male,Harrisburg,Cabarrus,No,01-01-05,2012-09-14,Non-Roadway,18,Non-Roadway,01-09-01,0001-01-01T13:15:58-04:56,Non-Roadway,,2012,O: No Injury,Commercial,70,70,No,0-5 mph,O: No Injury,White,Male,Passenger Car,No,No,Daylight,Mixed (30% To 70% Developed),1 lane,2,Straight - Level,Public Vehicular Area,Dry,"One-Way, Not Divided",None,No Special Feature,Smooth Asphalt,Piedmont,Urban,5 - 15 MPH,No Control Present,Clear,No,"35.32741, -80.6479"
739,740,No,15-Nov,15,No,Not Applicable,C: Possible Injury,Non-Roadway,Black,Female,Enfield,Halifax,No,01-01-07,2012-09-09,Crossing Paths - Other Circumstances,17,Intersection,01-09-01,0001-01-01T12:04:58-04:56,Crossing Paths - Uncontrolled Intersection,,2012,C: Possible Injury,Residential,25-29,27,No,6-10 mph,O: No Injury,Black,Female,Sport Utility,No,No,Daylight,Mixed (30% To 70% Developed),2 lanes,2,Straight - Level,Local Street,Dry,"Two-Way, Not Divided",None,Related To Intersection,Smooth Asphalt,Coastal,Rural,5 - 15 MPH,No Control Present,Clear,No,"36.17813, -77.6575"
745,746,No,30-39,32,No,With Traffic,C: Possible Injury,Travel Lane,Black,Male,Winston-Salem,Forsyth,No,01-01-03,2012-09-19,Bicyclist Failed to Yield - Signalized Intersection,6,Intersection-Related,01-09-01,0001-01-01T01:59:58-04:56,Bicyclist Ride Through - Signalized Intersection,,2012,C: Possible Injury,Commercial,40-49,47,No,36-40 mph,O: No Injury,White,Male,Passenger Car,No,No,Daylight,Urban (>70% Developed),5 lanes,2,Straight - Level,Local Street,Dry,"Two-Way, Divided, Positive Median Barrier",None,No Special Feature,Smooth Asphalt,Piedmont,Urban,40 - 45  MPH,Stop And Go Signal,Clear,No,"36.06591, -80.252"
749,750,No,16-19,18,No,Facing Traffic,B: Evident Injury,Travel Lane,White,Male,Greenville,Pitt,No,01-01-03,2012-09-26,Motorist Left Turn / Merge,14,Intersection,01-09-01,0001-01-01T09:43:58-04:56,Motorist Left Turn - Opposite Direction,,2012,B: Evident Injury,Institutional,20-24,23,No,0-5 mph,O: No Injury,Black,Male,Pickup,No,No,Daylight,Urban (>70% Developed),5 lanes,2,Straight - Level,State Secondary Route,Dry,"Two-Way, Divided, Unprotected Median",None,Four-Way Intersection,Coarse Asphalt,Coastal,Urban,30 - 35  MPH,Stop And Go Signal,Clear,No,"35.604, -77.3618"
757,758,Yes,16-19,16,No,With Traffic,B: Evident Injury,Travel Lane,Black,Male,Wadesboro,Anson,No,01-01-02,2012-10-02,Motorist Overtaking Bicyclist,1,Intersection-Related,01-10-01,0000-12-31T20:20:58-04:56,Motorist Overtaking - Other /,,2012,B: Evident Injury,Commercial,30-39,35,No,51-55 mph,O: No Injury,Black,Female,Van,No,No,Dark - Roadway Not Lighted,Rural (<30% Developed),5 lanes,2,Straight - Level,US Route,Dry,"Two-Way, Divided, Unprotected Median",None,T-Intersection,Smooth Asphalt,Piedmont,Urban,50 - 55  MPH,No Control Present,Clear,No,"34.96314, -80.0389"
766,767,Yes,20-24,21,No,Facing Traffic,C: Possible Injury,Sidewalk / Crosswalk / Driveway Crossing,White,Female,Greenville,Pitt,No,01-01-05,2012-10-12,Motorist Failed to Yield - Sign-Controlled Intersection,16,Intersection,01-10-01,0001-01-01T11:57:58-04:56,Motorist Drive Out - Sign-Controlled Intersection,,2012,C: Possible Injury,Commercial,20-24,22,No,0-5 mph,Injury,Hispanic,Female,Van,No,No,Daylight,Urban (>70% Developed),2 lanes,2,Straight - Level,Local Street,Dry,"Two-Way, Not Divided",None,Four-Way Intersection,Coarse Asphalt,Coastal,Urban,20 - 25  MPH,Stop Sign,Clear,No,"35.61276, -77.3758"
775,776,Yes,25-29,28,No,With Traffic,B: Evident Injury,Travel Lane,White,Male,Raleigh,Wake,No,01-01-02,2012-10-09,Motorist Left Turn / Merge,11,Non-Intersection,01-10-01,0001-01-01T06:57:58-04:56,Motorist Left Turn - Opposite Direction,,2012,B: Evident Injury,Residential,0-19,19,No,0-5 mph,O: No Injury,White,Female,Sport Utility,No,No,Daylight,Urban (>70% Developed),4 lanes,2,Straight - Grade,Local Street,Wet,"Two-Way, Not Divided",None,No Special Feature,Smooth Asphalt,Piedmont,Urban,30 - 35  MPH,No Control Present,Rain,No,"35.77907, -78.6768"
778,779,Yes,30-39,37,No,With Traffic,C: Possible Injury,Travel Lane,Asian,Male,Raleigh,Wake,No,01-01-06,2012-10-13,Motorist Left Turn / Merge,17,Intersection,01-10-01,0001-01-01T12:07:58-04:56,Motorist Left Turn - Opposite Direction,,2012,C: Possible Injury,Residential,25-29,26,No,6-10 mph,C: Possible Injury,Asian,Female,Passenger Car,No,No,Daylight,Urban (>70% Developed),2 lanes,2,Straight - Level,Local Street,Dry,"Two-Way, Divided, Unprotected Median",None,"Driveway, Public",Smooth Asphalt,Piedmont,Urban,20 - 25  MPH,No Control Present,Clear,No,"35.91953, -78.7353"
784,785,No,60-69,61,No,With Traffic,O: No Injury,Sidewalk / Crosswalk / Driveway Crossing,White,Female,Emerald Isle,Carteret,No,01-01-07,2012-10-07,Bicyclist Failed to Yield - Signalized Intersection,11,Intersection,01-10-01,0001-01-01T06:58:58-04:56,Bicyclist Ride Out - Signalized  Intersection,,2012,O: No Injury,Commercial,20-24,23,No,21-25 mph,O: No Injury,White,Female,Sport Utility,No,No,Daylight,Urban (>70% Developed),9 or more lanes,2,Straight - Level,NC Route,Dry,"Two-Way, Not Divided",None,No Special Feature,Smooth Asphalt,Coastal,Rural,40 - 45  MPH,Stop And Go Signal,Clear,No,"34.66182, -77.049"
791,792,Yes,20-24,23,No,With Traffic,A: Disabling Injury,Travel Lane,White,Male,Mint Hill,Mecklenburg,No,01-01-02,2012-10-09,Motorist Overtaking Bicyclist,5,Non-Intersection,01-10-01,0001-01-01T00:51:58-04:56,Motorist Overtaking - Bicyclist Swerved,,2012,A: Disabling Injury,Residential,70,70,No,26-30 mph,O: No Injury,White,Female,Passenger Car,No,No,Dawn,Urban (>70% Developed),2 lanes,2,Straight - Level,State Secondary Route,Wet,"Two-Way, Not Divided",None,No Special Feature,Coarse Asphalt,Piedmont,Urban,30 - 35  MPH,No Control Present,Rain,No,"35.18192, -80.6919"
793,794,Yes,25-29,28,No,Facing Traffic,C: Possible Injury,Sidewalk / Crosswalk / Driveway Crossing,Black,Male,Greensboro,Guilford,No,01-01-05,2012-10-19,Bicyclist Failed to Yield - Signalized Intersection,8,Intersection,01-10-01,0001-01-01T03:58:58-04:56,Bicyclist Ride Through - Signalized Intersection,,2012,C: Possible Injury,Commercial,30-39,35,No,0-5 mph,O: No Injury,Black,Female,Van,No,No,Daylight,Urban (>70% Developed),3 lanes,2,Straight - Level,Local Street,Dry,"One-Way, Not Divided",None,Four-Way Intersection,Smooth Asphalt,Piedmont,Urban,20 - 25  MPH,Stop And Go Signal,Clear,No,"36.07338, -79.7868"
794,795,Yes,40-49,43,No,With Traffic,C: Possible Injury,Travel Lane,White,Female,None - Rural Crash,New Hanover,No,01-01-06,2012-10-20,Motorist Left Turn / Merge,13,Non-Intersection,01-10-01,0001-01-01T08:03:58-04:56,Motorist Left Turn - Opposite Direction,,2012,C: Possible Injury,Commercial,20-24,23,No,6-10 mph,O: No Injury,White,Male,Sport Utility,No,No,Daylight,Mixed (30% To 70% Developed),5 lanes,2,Straight - Level,US Route,Dry,"Two-Way, Not Divided",None,"Driveway, Public",Coarse Asphalt,Coastal,Rural,50 - 55  MPH,No Control Present,Clear,No,"34.27903, -77.9608"
796,797,Yes,50-59,55,No,Facing Traffic,C: Possible Injury,Travel Lane,Black,Male,Charlotte,Mecklenburg,No,01-01-06,2012-10-20,Crossing Paths - Other Circumstances,19,Intersection,01-10-01,0001-01-01T15:02:58-04:56,Signalized Intersection - Other /,,2012,C: Possible Injury,Commercial,25-29,25,Missing,0-5 mph,Injury,Black,Female,,No,Yes,Dark - Lighted Roadway,Urban (>70% Developed),4 lanes,2,Straight - Level,Local Street,Dry,"Two-Way, Divided, Unprotected Median",None,No Special Feature,Smooth Asphalt,Piedmont,Urban,30 - 35  MPH,Stop And Go Signal,Clear,No,"35.21249, -80.8931"
501,502,Yes,16-19,17,No,Facing Traffic,B: Evident Injury,Sidewalk / Crosswalk / Driveway Crossing,Black,Male,Durham,Durham,No,,2007-10-08,Loss of Control / Turning Error,11,Non-Intersection,01-10-01,0001-01-01T06:58:58-04:56,Bicyclist Lost Control - Other /,332129,2007,B: Evident Injury,Commercial,40-49,47,No,11-15 mph,O: No Injury,Black,Male,Sport Utility,No,No,Daylight,Urban (>70% Developed),2 lanes,2,Straight - Grade,Local Street,Dry,"One-Way, Not Divided",None,No Special Feature,Smooth Asphalt,Piedmont,Urban,30 - 35  MPH,No Control Present,Clear,No,"35.993084, -78.89903"
516,517,No,40-49,49,No,With Traffic,O: No Injury,Travel Lane,White,Male,None - Rural Crash,Brunswick,No,,2007-07-09,Motorist Right Turn / Merge,12,Intersection,01-07-01,0001-01-01T07:03:58-04:56,Motorist Right Turn - Same Direction,111213,2007,O: No Injury,Commercial,60-69,69,No,11-15 mph,O: No Injury,White,Female,Passenger Car,No,No,Daylight,Mixed (30% To 70% Developed),2 lanes,2,Straight - Level,NC Route,Dry,"Two-Way, Not Divided",None,Four-Way Intersection,Smooth Asphalt,Coastal,Rural,50 - 55  MPH,Stop And Go Signal,Cloudy,No,"33.91651, -78.49203"
518,519,Yes,30-39,34,No,Facing Traffic,C: Possible Injury,Travel Lane,Asian,Male,Chapel Hill,Orange,No,01-01-02,2007-07-10,Loss of Control / Turning Error,17,Intersection,01-07-01,0001-01-01T12:27:58-04:56,Bicyclist Turning Error - Left Turn,112114,2007,C: Possible Injury,Residential,30-39,39,No,0-5 mph,O: No Injury,White,Male,Passenger Car,No,No,Daylight,Urban (>70% Developed),2 lanes,2,Straight - Level,Local Street,Wet,"Two-Way, Not Divided",None,T-Intersection,Smooth Asphalt,Piedmont,Urban,20 - 25  MPH,Stop Sign,Rain,No,"35.905197, -79.05511"
522,523,No,10-Jun,10,No,With Traffic,B: Evident Injury,Travel Lane,Black,Male,High Point,Guilford,No,01-01-03,2007-07-11,Loss of Control / Turning Error,17,Intersection,01-07-01,0001-01-01T12:27:58-04:56,Bicyclist Lost Control - Mechanical Problems,111121,2007,B: Evident Injury,Residential,40-49,44,No,21-25 mph,O: No Injury,Black,Male,Passenger Car,No,No,Daylight,Urban (>70% Developed),2 lanes,2,Straight - Grade,Local Street,Dry,"Two-Way, Not Divided",None,Four-Way Intersection,Smooth Asphalt,Piedmont,Urban,30 - 35  MPH,Stop Sign,Clear,No,"35.96425, -79.99407"
525,526,Yes,10-Jun,7,No,With Traffic,B: Evident Injury,Travel Lane,White,Male,Holly Springs,Wake,No,01-01-04,2007-07-12,Bicyclist Failed to Yield - Sign-Controlled Intersection,13,Intersection,01-07-01,0001-01-01T08:03:58-04:56,Bicyclist Ride Through - Sign-Controlled Intersection,111144,2007,B: Evident Injury,Residential,0-19,18,No,11-15 mph,O: No Injury,Black,Male,Passenger Car,No,No,Daylight,Urban (>70% Developed),2 lanes,2,Straight - Level,Local Street,Dry,"Two-Way, Not Divided",None,Four-Way Intersection,Coarse Asphalt,Piedmont,Urban,20 - 25  MPH,Stop Sign,Clear,No,"35.66205, -78.84054"
533,534,Yes,15-Nov,15,No,Facing Traffic,B: Evident Injury,Travel Lane,White,Male,None - Rural Crash,Onslow,No,01-01-04,2007-09-27,Motorist Overtaking Bicyclist,6,Non-Intersection,01-09-01,0001-01-01T01:33:58-04:56,Motorist Overtaking - Other /,312239,2007,B: Evident Injury,"Farms, Woods, Pastures",50-59,57,No,51-55 mph,O: No Injury,White,Male,Pickup,No,No,Dark - Roadway Not Lighted,Rural (<30% Developed),2 lanes,3,Straight - Level,State Secondary Route,Dry,"Two-Way, Not Divided",None,No Special Feature,Smooth Asphalt,Coastal,Rural,50 - 55  MPH,No Control Present,Clear,No,"34.784546, -77.63761"
535,536,Yes,20-24,24,No,Not Applicable,C: Possible Injury,Driveway / Alley,White,Male,None - Rural Crash,Dare,Yes,01-01-07,2007-07-01,Bicyclist Failed to Yield - Midblock,20,Non-Intersection,01-07-01,0001-01-01T15:43:58-04:56,Bicyclist Ride Out - Commercial Driveway / Alley,353312,2007,C: Possible Injury,Residential,20-24,24,Yes,0-5 mph,O: No Injury,Black,Male,Passenger Car,No,No,Dusk,Urban (>70% Developed),2 lanes,2,Straight - Level,Public Vehicular Area,Dry,"Two-Way, Not Divided",None,T-Intersection,Coarse Asphalt,Coastal,Rural,5 - 15 MPH,No Control Present,Clear,No,"35.574, -75.463524"
536,537,Yes,10-Jun,10,No,Not Applicable,B: Evident Injury,Non-Roadway,Black,Male,Ahoskie,Hertford,No,,2007-07-02,Bicyclist Failed to Yield - Midblock,17,Non-Intersection,01-07-01,0001-01-01T12:51:58-04:56,Bicyclist Ride Out - Other Midblock,363318,2007,B: Evident Injury,Residential,40-49,46,No,16-20 mph,O: No Injury,Black,Female,Passenger Car,No,No,Daylight,Urban (>70% Developed),2 lanes,2,Straight - Level,Local Street,Dry,"Two-Way, Not Divided",None,No Special Feature,Smooth Asphalt,Coastal,Rural,20 - 25  MPH,No Control Present,Clear,No,"36.287983, -76.986786"
545,546,Yes,20-24,20,No,With Traffic,B: Evident Injury,Travel Lane,White,Female,None - Rural Crash,Mcdowell,No,01-01-07,2007-07-15,Head-On,9,Non-Intersection,01-07-01,0001-01-01T04:33:58-04:56,Head-On - Bicyclist,311250,2007,B: Evident Injury,"Farms, Woods, Pastures",50-59,52,No,51-55 mph,O: No Injury,White,Male,Motorcycle,No,No,Daylight,Rural (<30% Developed),2 lanes,2,Curve - Grade,NC Route,Dry,"Two-Way, Not Divided",None,No Special Feature,Smooth Asphalt,Mountains,Rural,50 - 55  MPH,"Double Yellow Line, No Passing Zone",Clear,No,"35.763233, -82.15805"
557,558,No,20-24,20,No,,C: Possible Injury,Travel Lane,White,Female,None - Rural Crash,Guilford,No,01-01-05,2007-07-20,Bicyclist Right Turn / Merge,12,Non-Intersection,01-07-01,0001-01-01T07:50:58-04:56,Bicyclist Right Turn - Same Direction,319223,2007,C: Possible Injury,Residential,30-39,36,No,41-45 mph,O: No Injury,White,Male,Passenger Car,No,No,Daylight,Urban (>70% Developed),3 lanes,2,Straight - Level,State Secondary Route,Dry,"Two-Way, Not Divided",None,No Special Feature,Smooth Asphalt,Piedmont,Rural,40 - 45  MPH,No Control Present,Clear,No,"36.017494, -79.89318"
558,559,No,40-49,41,No,Facing Traffic,O: No Injury,Sidewalk / Crosswalk / Driveway Crossing,White,Male,Charlotte,Mecklenburg,No,01-01-04,2007-10-25,Motorist Failed to Yield - Sign-Controlled Intersection,19,Intersection,01-10-01,0001-01-01T14:33:58-04:56,Motorist Drive Out - Sign-Controlled Intersection,132141,2007,O: No Injury,Residential,30-39,37,No,0-5 mph,O: No Injury,Black,Female,Passenger Car,No,No,Dark - Lighted Roadway,Urban (>70% Developed),2 lanes,2,Straight - Level,Local Street,Wet,"Two-Way, Divided, Unprotected Median",None,T-Intersection,Smooth Asphalt,Piedmont,Urban,30 - 35  MPH,Stop Sign,Rain,No,"35.1305, -80.83773"
559,560,No,15-Nov,12,No,With Traffic,C: Possible Injury,Travel Lane,Black,Male,Asheville,Buncombe,No,01-01-05,2007-07-20,Parallel Paths - Other Circumstances,16,Non-Intersection,01-07-01,0001-01-01T11:43:58-04:56,Parallel Paths - Other /,311280,2007,C: Possible Injury,Residential,50-59,53,No,,O: No Injury,Black,Male,Passenger Car,No,Yes,Daylight,Urban (>70% Developed),2 lanes,2,Straight - Level,Local Street,Dry,"Two-Way, Not Divided",None,No Special Feature,Coarse Asphalt,Mountains,Urban,20 - 25  MPH,No Control Present,Clear,No,"35.55034, -82.52444"