FID,OBJECTID,AmbulanceR,BikeAge_Gr,Bike_Age,Bike_Alc_D,Bike_Dir,Bike_Injur,Bike_Pos,Bike_Race,Bike_Sex,City,County,CrashAlcoh,CrashDay,Crash_Date,Crash_Grp,Crash_Hour,Crash_Loc,Crash_Mont,Crash_Time,Crash_Type,Crash_Ty_1,Crash_Year,Crsh_Sevri,Developmen,DrvrAge_Gr,Drvr_Age,Drvr_Alc_D,Drvr_EstSp,Drvr_Injur,Drvr_Race,Drvr_Sex,Drvr_VehTy,ExcsSpdInd,Hit_Run,Light_Cond,Locality,Num_Lanes,Num_Units,Rd_Charact,Rd_Class,Rd_Conditi,Rd_Config,Rd_Defects,Rd_Feature,Rd_Surface,Region,Rural_Urba,Speed_Limi,Traff_Cntr,Weather,Workzone_I,Location
291,292,No,16-19,17,No,With Traffic,O: No Injury,Sidewalk / Crosswalk / Driveway Crossing,White,Male,Salisbury,Rowan,No,01-01-02,2009-06-30,Motorist Failed to Yield - Signalized Intersection,12,Intersection,01-06-01,0001-01-01T07:23:58-04:56,Motorist Drive Through - Signalized Intersection,131154,2009,C: Possible Injury,Commercial,50-59,57,No,16-20 mph,C: Possible Injury,White,Male,Pickup,No,No,Daylight,Urban (>70% Developed),3 lanes,2,Straight - Level,Local Street,Dry,"Two-Way, Not Divided",None,Four-Way Intersection,Coarse Asphalt,Piedmont,Urban,30 - 35  MPH,Stop And Go Signal,Clear,No,"35.660065, -80.4617"
293,294,No,40-49,46,No,Facing Traffic,C: Possible Injury,Travel Lane,White,Male,Cornelius,Mecklenburg,No,01-01-04,2009-06-18,Motorist Failed to Yield - Sign-Controlled Intersection,20,Intersection,01-06-01,0001-01-01T15:14:58-04:56,Motorist Drive Out - Sign-Controlled Intersection,112141,2009,C: Possible Injury,Residential,40-49,49,No,11-15 mph,O: No Injury,White,Male,Sport Utility,No,No,Dusk,Rural (<30% Developed),2 lanes,2,Straight - Level,Local Street,Dry,"Two-Way, Divided, Unprotected Median",None,No Special Feature,Smooth Asphalt,Piedmont,Urban,40 - 45  MPH,No Control Present,Clear,No,"35.483276, -80.89324"
298,299,Yes,40-49,40,No,Not Applicable,C: Possible Injury,Travel Lane,Black,Male,High Point,Guilford,No,01-01-07,2009-06-21,Motorist Failed to Yield - Midblock,14,Non-Intersection,01-06-01,0001-01-01T09:06:58-04:56,Motorist Drive Out - Commercial Driveway / Alley,313322,2009,C: Possible Injury,Commercial,30-39,31,No,0-5 mph,O: No Injury,Black,Female,Passenger Car,No,No,Daylight,Urban (>70% Developed),5 lanes,2,Straight - Level,US Route,Dry,"Two-Way, Divided, Unprotected Median",None,T-Intersection,Smooth Asphalt,Piedmont,Urban,30 - 35  MPH,Stop Sign,Cloudy,No,"35.927574, -79.98716"
300,301,Yes,30-39,36,No,With Traffic,B: Evident Injury,Travel Lane,White,Male,Yadkinville,Yadkin,No,01-01-03,2009-07-01,Motorist Overtaking Bicyclist,10,Intersection,01-07-01,0001-01-01T05:35:58-04:56,Motorist Overtaking - Other /,111239,2009,B: Evident Injury,Commercial,40-49,49,No,0-5 mph,O: No Injury,White,Male,Sport Utility,No,No,Daylight,Urban (>70% Developed),2 lanes,2,Straight - Hillcrest,Local Street,Dry,"Two-Way, Not Divided",None,Four-Way Intersection,Coarse Asphalt,Mountains,Rural,30 - 35  MPH,Stop And Go Signal,Clear,No,"36.14304, -80.666435"
301,302,Yes,40-49,46,No,With Traffic,B: Evident Injury,Travel Lane,Black,Male,None - Rural Crash,Brunswick,No,01-01-03,2009-06-24,Motorist Overtaking Bicyclist,10,Non-Intersection,01-06-01,0001-01-01T05:39:58-04:56,Motorist Overtaking - Other /,311239,2009,B: Evident Injury,Residential,30-39,32,No,51-55 mph,O: No Injury,White,Female,Passenger Car,No,No,Daylight,Mixed (30% To 70% Developed),2 lanes,2,Straight - Level,NC Route,Dry,"Two-Way, Not Divided",None,No Special Feature,Smooth Asphalt,Coastal,Rural,50 - 55  MPH,No Control Present,Clear,No,"34.21071, -77.98326"
307,308,No,40-49,44,No,With Traffic,B: Evident Injury,Sidewalk / Crosswalk / Driveway Crossing,White,Male,Forest City,Rutherford,No,01-01-05,2009-06-19,Motorist Right Turn / Merge,11,Intersection,01-06-01,0001-01-01T06:23:58-04:56,Motorist Right Turn - Same Direction,131213,2009,B: Evident Injury,Commercial,20-24,24,No,31-35 mph,O: No Injury,White,Male,Pickup,No,No,Daylight,Urban (>70% Developed),3 lanes,2,Straight - Level,Local Street,Dry,"Two-Way, Not Divided",None,Four-Way Intersection,Smooth Asphalt,Mountains,Urban,30 - 35  MPH,Stop And Go Signal,Cloudy,No,"35.31749, -81.85754"
312,313,Yes,16-19,17,No,Not Applicable,C: Possible Injury,Non-Roadway,White,Female,Carolina Beach,New Hanover,No,01-01-04,2009-06-18,Bicyclist Failed to Yield - Midblock,12,Non-Intersection,01-06-01,0001-01-01T07:41:58-04:56,Bicyclist Ride Out - Midblock -,363319,2009,C: Possible Injury,Commercial,60-69,67,No,31-35 mph,O: No Injury,White,Male,Passenger Car,No,No,Daylight,Urban (>70% Developed),4 lanes,2,Straight - Level,Local Street,Dry,"Two-Way, Not Divided",None,No Special Feature,Coarse Asphalt,Coastal,Urban,30 - 35  MPH,No Control Present,Clear,No,"34.04082, -77.8958"
313,314,Yes,40-49,49,No,Facing Traffic,C: Possible Injury,Sidewalk / Crosswalk / Driveway Crossing,White,Male,Wilmington,New Hanover,No,01-01-03,2009-06-17,Motorist Failed to Yield - Sign-Controlled Intersection,14,Intersection,01-06-01,0001-01-01T09:27:58-04:56,Motorist Drive Out - Sign-Controlled Intersection,132141,2009,C: Possible Injury,Commercial,40-49,45,No,,O: No Injury,White,Male,Passenger Car,No,No,Daylight,Urban (>70% Developed),5 lanes,2,Straight - Level,Local Street,Dry,"Two-Way, Divided, Unprotected Median",None,T-Intersection,Smooth Asphalt,Coastal,Urban,5 - 15 MPH,Stop And Go Signal,Cloudy,No,"34.242218, -77.89212"
320,321,No,16-19,19,No,With Traffic,B: Evident Injury,Bike Lane / Paved Shoulder,White,Male,None - Rural Crash,New Hanover,No,01-01-04,2009-06-25,Bicyclist Left Turn / Merge,17,Non-Intersection,01-06-01,0001-01-01T12:48:58-04:56,Bicyclist Left Turn - Same Direction,321221,2009,B: Evident Injury,Residential,40-49,41,No,36-40 mph,O: No Injury,White,Female,Passenger Car,No,No,Daylight,Urban (>70% Developed),2 lanes,2,Straight - Level,NC Route,Dry,"Two-Way, Not Divided",None,No Special Feature,Coarse Asphalt,Coastal,Rural,40 - 45  MPH,"Double Yellow Line, No Passing Zone",Clear,No,"34.281406, -77.92305"
321,322,No,15-Nov,15,No,With Traffic,C: Possible Injury,Travel Lane,White,Male,None - Rural Crash,New Hanover,No,01-01-02,2009-06-30,Crossing Paths - Other Circumstances,22,Intersection,01-06-01,0001-01-01T18:01:58-04:56,Signalized Intersection - Other /,111158,2009,C: Possible Injury,Residential,30-39,36,No,41-45 mph,O: No Injury,White,Male,Police,No,No,Dark - Roadway Not Lighted,Urban (>70% Developed),6 lanes,2,Straight - Level,US Route,Dry,"Two-Way, Not Divided",None,Four-Way Intersection,Smooth Asphalt,Coastal,Rural,40 - 45  MPH,Stop And Go Signal,Clear,No,"34.280052, -77.8123"
325,326,No,10-Jun,10,No,With Traffic,B: Evident Injury,Travel Lane,/Missing,Male,Fayetteville,Cumberland,No,01-01-03,2009-06-24,Bicyclist Failed to Yield - Sign-Controlled Intersection,16,Intersection,01-06-01,0001-01-01T11:33:58-04:56,Bicyclist Ride Through - Sign-Controlled Intersection,111144,2009,B: Evident Injury,Residential,30-39,39,No,21-25 mph,O: No Injury,Black,Female,Sport Utility,No,No,Daylight,Urban (>70% Developed),2 lanes,2,Straight - Level,State Secondary Route,Dry,"Two-Way, Not Divided",None,T-Intersection,Coarse Asphalt,Coastal,Urban,30 - 35  MPH,No Control Present,Clear,No,"34.993725, -78.93183"
328,329,Yes,50-59,53,No,With Traffic,A: Disabling Injury,Travel Lane,Black,Male,Statesville,Iredell,No,01-01-02,2009-06-30,Motorist Overtaking Bicyclist,5,Non-Intersection,01-06-01,0001-01-01T00:25:58-04:56,Motorist Overtaking - Other /,311239,2009,A: Disabling Injury,Residential,,,Missing,41-45 mph,Injury,/Missing,,,No,Yes,Dark - Roadway Not Lighted,Urban (>70% Developed),2 lanes,2,Straight - Level,Local Street,Dry,"Two-Way, Not Divided",None,No Special Feature,Smooth Asphalt,Piedmont,Urban,30 - 35  MPH,No Control Present,Clear,No,"35.779186, -80.91696"
336,337,Yes,40-49,49,No,With Traffic,O: No Injury,Bike Lane / Paved Shoulder,Hispanic,Male,Emerald Isle,Carteret,No,01-01-03,2009-07-01,Motorist Right Turn / Merge,9,Intersection,01-07-01,0001-01-01T05:00:58-04:56,Motorist Right Turn - Same Direction,121213,2009,O: No Injury,Residential,40-49,49,No,6-10 mph,O: No Injury,Black,Male,Passenger Car,No,No,Daylight,Mixed (30% To 70% Developed),2 lanes,2,Straight - Level,State Secondary Route,Dry,"Two-Way, Not Divided",None,T-Intersection,Coarse Asphalt,Coastal,Rural,40 - 45  MPH,No Control Present,Clear,No,"34.68076, -76.93053"
337,338,No,20-24,21,No,Not Applicable,B: Evident Injury,Sidewalk / Crosswalk / Driveway Crossing,White,Female,Wilmington,New Hanover,No,01-01-04,2009-07-02,Parallel Paths - Other Circumstances,16,Non-Intersection,01-07-01,0001-01-01T11:23:58-04:56,Bicyclist Ride Out - Parallel Path,333225,2009,B: Evident Injury,Institutional,40-49,42,No,11-15 mph,O: No Injury,White,Male,Sport Utility,No,No,Daylight,Urban (>70% Developed),2 lanes,2,Straight - Level,State Secondary Route,Dry,"Two-Way, Not Divided",None,No Special Feature,Smooth Asphalt,Coastal,Urban,20 - 25  MPH,No Control Present,Clear,No,"34.223083, -77.86643"
345,346,No,40-49,46,No,With Traffic,C: Possible Injury,Travel Lane,White,Female,None - Rural Crash,Cherokee,No,01-01-07,2009-06-21,Motorist Left Turn / Merge,20,Intersection,01-06-01,0001-01-01T15:38:58-04:56,Motorist Left Turn - Opposite Direction,111212,2009,C: Possible Injury,"Farms, Woods, Pastures",70,,No,21-25 mph,O: No Injury,White,Female,Passenger Car,No,No,Daylight,Rural (<30% Developed),2 lanes,2,Curve - Grade,State Secondary Route,Dry,"Two-Way, Not Divided",None,T-Intersection,Smooth Asphalt,Mountains,Rural,20 - 25  MPH,"Double Yellow Line, No Passing Zone",Clear,No,"35.03531, -83.96542"
349,350,No,30-39,37,No,With Traffic,C: Possible Injury,Travel Lane,White,Male,None - Rural Crash,Gaston,No,01-01-02,2009-07-14,Motorist Overtaking Bicyclist,20,Non-Intersection,01-07-01,0001-01-01T15:33:58-04:56,Motorist Overtaking - Other /,311239,2009,C: Possible Injury,Residential,,,No,31-35 mph,Injury,/Missing,,Passenger Car,No,Yes,Daylight,Mixed (30% To 70% Developed),2 lanes,2,Straight - Level,State Secondary Route,Dry,"Two-Way, Not Divided",None,No Special Feature,Smooth Asphalt,Piedmont,Rural,30 - 35  MPH,"Double Yellow Line, No Passing Zone",Clear,No,"35.35748, -81.1086"
356,357,Yes,30-39,37,No,Facing Traffic,C: Possible Injury,Sidewalk / Crosswalk / Driveway Crossing,Black,Male,Raleigh,Wake,No,01-01-03,2009-07-08,Motorist Failed to Yield - Midblock,13,Non-Intersection,01-07-01,0001-01-01T09:00:58-04:56,Motorist Drive Out - Commercial Driveway / Alley,332322,2009,C: Possible Injury,Commercial,25-29,29,No,0-5 mph,O: No Injury,Black,Male,Passenger Car,No,No,Daylight,Urban (>70% Developed),3 lanes,2,Straight - Level,Local Street,Dry,"One-Way, Not Divided",None,"Driveway, Public",Other,Piedmont,Urban,5 - 15 MPH,No Control Present,Clear,No,"35.77504, -78.6383"
357,358,Yes,40-49,42,No,With Traffic,B: Evident Injury,Travel Lane,White,Male,None - Rural Crash,Harnett,No,01-01-05,2009-07-03,Motorist Overtaking Bicyclist,20,Non-Intersection,01-07-01,0001-01-01T15:03:58-04:56,Motorist Overtaking - Other /,311239,2009,B: Evident Injury,"Farms, Woods, Pastures",0-19,19,No,51-55 mph,O: No Injury,Black,Male,Passenger Car,No,No,Daylight,Rural (<30% Developed),2 lanes,2,Straight - Grade,State Secondary Route,Dry,"Two-Way, Not Divided",None,No Special Feature,Smooth Asphalt,Coastal,Rural,50 - 55  MPH,No Control Present,Clear,No,"35.236553, -79.15141"
358,359,Yes,25-29,25,No,,B: Evident Injury,,Black,Male,Gastonia,Gaston,No,01-01-06,2009-07-04,Motorist Overtaking Bicyclist,23,Non-Intersection,01-07-01,0001-01-01T18:29:58-04:56,Motorist Overtaking - Other /,399239,2009,B: Evident Injury,Commercial,,,Missing,,Injury,/Missing,,,No,Yes,Dark - Lighted Roadway,Urban (>70% Developed),2 lanes,2,Straight - Level,Local Street,Dry,"Two-Way, Not Divided",Road Surface Condition,No Special Feature,Coarse Asphalt,Piedmont,Urban,30 - 35  MPH,No Control Present,Clear,No,"35.27059, -81.222084"
375,376,Yes,15-Nov,13,No,With Traffic,B: Evident Injury,Travel Lane,Black,Male,Knightdale,Wake,No,01-01-02,2009-07-28,Bicyclist Failed to Yield - Sign-Controlled Intersection,15,Intersection,01-07-01,0001-01-01T10:57:58-04:56,Bicyclist Ride Through - Sign-Controlled Intersection,111144,2009,B: Evident Injury,Residential,30-39,36,No,21-25 mph,O: No Injury,White,Male,Passenger Car,No,No,Daylight,Mixed (30% To 70% Developed),8 lanes,3,Straight - Level,Local Street,Dry,"Two-Way, Not Divided",None,Four-Way Intersection,Coarse Asphalt,Piedmont,Urban,20 - 25  MPH,Stop Sign,Clear,No,"35.78815, -78.48927"
377,378,Yes,30-39,32,No,With Traffic,B: Evident Injury,Bike Lane / Paved Shoulder,White,Male,None - Rural Crash,Iredell,No,01-01-02,2009-07-21,Bicyclist Left Turn / Merge,17,Non-Intersection,01-07-01,0001-01-01T12:38:58-04:56,Bicyclist Left Turn - Same Direction,321221,2009,B: Evident Injury,Residential,25-29,25,No,41-45 mph,O: No Injury,White,Male,Pickup,No,No,Daylight,Mixed (30% To 70% Developed),2 lanes,2,Straight - Level,State Secondary Route,Dry,"Two-Way, Not Divided",None,No Special Feature,Smooth Asphalt,Piedmont,Rural,40 - 45  MPH,No Control Present,Clear,No,"35.617138, -80.837425"
378,379,Yes,15-Nov,14,No,With Traffic,K: Killed,Travel Lane,White,Male,Winston-Salem,Forsyth,No,01-01-07,2009-07-12,Motorist Overtaking Bicyclist,7,Non-Intersection,01-07-01,0001-01-01T02:33:58-04:56,Motorist Overtaking - Other /,311239,2009,K: Killed,Commercial,0-19,18,No,56-60 mph,O: No Injury,Hispanic,Female,Passenger Car,No,No,Dark - Roadway Not Lighted,Urban (>70% Developed),2 lanes,2,Straight - Level,US Route,Dry,"Two-Way, Divided, Unprotected Median",None,No Special Feature,Smooth Asphalt,Piedmont,Urban,60 - 75 MPH,No Control Present,Clear,No,"36.050114, -80.13101"
388,389,Yes,40-49,40,No,With Traffic,B: Evident Injury,Travel Lane,White,Female,Albemarle,Stanly,No,01-01-05,2009-07-24,Motorist Failed to Yield - Sign-Controlled Intersection,22,Intersection,01-07-01,0001-01-01T17:03:58-04:56,Motorist Drive Out - Sign-Controlled Intersection,111141,2009,B: Evident Injury,Residential,20-24,24,No,6-10 mph,O: No Injury,White,Female,Passenger Car,No,No,Dark - Lighted Roadway,Urban (>70% Developed),2 lanes,2,Curve - Level,Local Street,Dry,"Two-Way, Not Divided",None,T-Intersection,Smooth Asphalt,Piedmont,Urban,30 - 35  MPH,Flashing Signal With Stop Sign,Clear,No,"35.354176, -80.18499"
391,392,No,25-29,26,No,With Traffic,B: Evident Injury,Travel Lane,White,Male,Huntersville,Mecklenburg,No,01-01-07,2009-07-26,Motorist Overtaking Bicyclist,8,Non-Intersection,01-07-01,0001-01-01T03:47:58-04:56,Motorist Overtaking - Other /,311239,2009,B: Evident Injury,Residential,30-39,37,No,31-35 mph,O: No Injury,White,Female,Pickup,No,No,Daylight,Mixed (30% To 70% Developed),2 lanes,2,Curve - Grade,State Secondary Route,Dry,"Two-Way, Divided, Unprotected Median",None,No Special Feature,Smooth Asphalt,Piedmont,Urban,40 - 45  MPH,"Double Yellow Line, No Passing Zone",Clear,No,"35.407154, -80.90043"
395,396,Yes,16-19,16,No,Facing Traffic,A: Disabling Injury,Bike Lane / Paved Shoulder,White,Female,None - Rural Crash,Carteret,No,,2009-08-03,Loss of Control / Turning Error,22,Non-Intersection,01-08-01,0001-01-01T17:06:58-04:56,Bicyclist Lost Control - Other /,322129,2009,A: Disabling Injury,Residential,0-19,18,No,51-55 mph,O: No Injury,White,Male,Van,No,Yes,Dark - Roadway Not Lighted,Mixed (30% To 70% Developed),5 lanes,2,Straight - Level,NC Route,Dry,"Two-Way, Not Divided",None,No Special Feature,Smooth Asphalt,Coastal,Rural,50 - 55  MPH,No Control Present,Clear,No,"34.726852, -76.92526"
406,407,Yes,15-Nov,14,No,Not Applicable,C: Possible Injury,Non-Roadway,Black,Female,Charlotte,Mecklenburg,No,01-01-04,2009-07-30,Non-Roadway,11,Non-Roadway,01-07-01,0001-01-01T06:18:58-04:56,Non-Roadway,460910,2009,C: Possible Injury,Commercial,60-69,62,No,0-5 mph,O: No Injury,White,Male,Sport Utility,No,No,Daylight,Urban (>70% Developed),,2,Straight - Grade,Public Vehicular Area,Dry,"One-Way, Not Divided",None,"Driveway, Public",Smooth Asphalt,Piedmont,Urban,30 - 35  MPH,No Control Present,Clear,No,"35.221127, -80.81812"
410,411,Yes,50-59,51,No,With Traffic,K: Killed,Travel Lane,White,Male,Apex,Wake,No,01-01-06,2009-07-11,Bicyclist Left Turn / Merge,11,Intersection,01-07-01,0001-01-01T06:28:58-04:56,Bicyclist Left Turn - Opposite Direction,111222,2009,K: Killed,Residential,25-29,29,No,36-40 mph,O: No Injury,Black,Male,Passenger Car,No,No,Daylight,Urban (>70% Developed),3 lanes,2,Straight - Level,Local Street,Dry,"Two-Way, Not Divided",None,T-Intersection,Grooved Concrete,Piedmont,Urban,40 - 45  MPH,No Control Present,Clear,No,"35.721493, -78.86497"
412,413,No,60-69,62,No,With Traffic,B: Evident Injury,Bike Lane / Paved Shoulder,Black,Male,Charlotte,Mecklenburg,No,,2009-08-03,Motorist Failed to Yield - Sign-Controlled Intersection,7,Intersection,01-08-01,0001-01-01T02:18:58-04:56,Motorist Drive Out - Sign-Controlled Intersection,121141,2009,B: Evident Injury,Residential,30-39,36,No,0-5 mph,O: No Injury,White,Female,Passenger Car,No,No,Daylight,Urban (>70% Developed),4 lanes,2,Straight - Level,Local Street,Dry,"Two-Way, Divided, Unprotected Median",None,T-Intersection,Smooth Asphalt,Piedmont,Urban,30 - 35  MPH,Stop Sign,Clear,No,"35.35427, -80.780914"
414,415,Yes,50-59,50,No,With Traffic,C: Possible Injury,Travel Lane,Black,Male,Kinston,Lenoir,No,,2009-07-27,Motorist Failed to Yield - Midblock,8,Non-Intersection,01-07-01,0001-01-01T03:07:58-04:56,Motorist Drive Out - Commercial Driveway / Alley,311322,2009,C: Possible Injury,Commercial,30-39,31,No,,O: No Injury,White,Female,Passenger Car,No,No,Daylight,Urban (>70% Developed),4 lanes,2,Straight - Level,US Route,Dry,"Two-Way, Not Divided",None,No Special Feature,Smooth Asphalt,Coastal,Urban,40 - 45  MPH,Stop Sign,Clear,No,"35.28341, -77.646164"
415,416,No,40-49,42,No,With Traffic,B: Evident Injury,Travel Lane,White,Male,None - Rural Crash,Halifax,No,01-01-04,2009-07-16,Motorist Right Turn / Merge,14,Non-Intersection,01-07-01,0001-01-01T09:29:58-04:56,Motorist Right Turn - Same Direction,311213,2009,B: Evident Injury,Residential,30-39,33,No,21-25 mph,O: No Injury,White,Female,Passenger Car,No,No,Daylight,Mixed (30% To 70% Developed),2 lanes,2,Straight - Level,NC Route,Dry,"Two-Way, Not Divided",None,"Driveway, Public",Smooth Asphalt,Coastal,Rural,40 - 45  MPH,No Control Present,Clear,No,"36.395115, -77.63942"
423,424,No,15-Nov,11,No,Facing Traffic,B: Evident Injury,Travel Lane,Black,Male,Greensboro,Guilford,No,,2009-08-03,Crossing Paths - Other Circumstances,18,Intersection,01-08-01,0001-01-01T13:04:58-04:56,Sign-Controlled Intersection - Other /,112148,2009,B: Evident Injury,Residential,,,Missing,,Injury,/Missing,,,No,Yes,Daylight,Urban (>70% Developed),2 lanes,2,Straight - Level,Local Street,Dry,"Two-Way, Not Divided",None,No Special Feature,Smooth Asphalt,Piedmont,Urban,20 - 25  MPH,Stop Sign,Clear,No,"36.048996, -79.76308"
428,429,Yes,60-69,64,No,With Traffic,B: Evident Injury,Travel Lane,White,Male,None - Rural Crash,Burke,No,01-01-06,2009-08-01,Motorist Overtaking Bicyclist,10,Non-Intersection,01-08-01,0001-01-01T05:52:58-04:56,Motorist Overtaking - Other /,311239,2009,B: Evident Injury,"Farms, Woods, Pastures",60-69,66,No,26-30 mph,O: No Injury,White,Male,Pickup,No,No,Daylight,Rural (<30% Developed),2 lanes,2,Straight - Grade,State Secondary Route,Dry,"Two-Way, Not Divided",None,No Special Feature,Smooth Asphalt,Mountains,Rural,50 - 55  MPH,"Double Yellow Line, No Passing Zone",Clear,No,"35.83495, -81.73262"
430,431,Yes,50-59,58,No,With Traffic,B: Evident Injury,Travel Lane,Black,Male,None - Rural Crash,Durham,No,01-01-03,2009-07-22,Motorist Overtaking Bicyclist,14,Non-Intersection,01-07-01,0001-01-01T09:13:58-04:56,Motorist Overtaking - Other /,311239,2009,B: Evident Injury,Residential,70,,No,36-40 mph,O: No Injury,White,Female,Sport Utility,No,Yes,Daylight,Mixed (30% To 70% Developed),2 lanes,2,Straight - Level,State Secondary Route,Dry,"Two-Way, Not Divided",None,No Special Feature,Smooth Asphalt,Piedmont,Rural,40 - 45  MPH,"Double Yellow Line, No Passing Zone",Clear,No,"36.045498, -78.81108"
431,432,Yes,70,,No,Not Applicable,C: Possible Injury,,White,Female,Winston-Salem,Forsyth,No,01-01-02,2009-08-04,Crossing Paths - Other Circumstances,0,Intersection,01-08-01,0000-12-31T19:12:58-04:56,Sign-Controlled Intersection - Other /,193148,2009,C: Possible Injury,Residential,70,,No,0-5 mph,O: No Injury,White,Female,Passenger Car,No,No,Daylight,Urban (>70% Developed),2 lanes,2,Straight - Level,Local Street,Dry,"Two-Way, Not Divided",None,No Special Feature,Smooth Asphalt,Piedmont,Urban,20 - 25  MPH,Stop Sign,Clear,No,"36.10506, -80.27939"
435,436,No,40-49,44,No,With Traffic,C: Possible Injury,Travel Lane,White,Male,Havelock,Craven,No,01-01-05,2009-07-31,Loss of Control / Turning Error,13,Non-Intersection,01-07-01,0001-01-01T08:13:58-04:56,Bicyclist Lost Control - Other /,311129,2009,C: Possible Injury,Commercial,60-69,65,No,36-40 mph,O: No Injury,White,Male,Pickup,No,No,Daylight,Urban (>70% Developed),2 lanes,2,Straight - Level,US Route,Dry,"Two-Way, Divided, Positive Median Barrier",None,Bridge,Smooth Asphalt,Coastal,Urban,40 - 45  MPH,No Control Present,Clear,No,"34.89102, -76.92265"
440,441,Yes,50-59,59,No,With Traffic,B: Evident Injury,Travel Lane,White,Male,None - Rural Crash,Burke,No,01-01-04,2009-07-30,Motorist Overtaking Bicyclist,10,Non-Intersection,01-07-01,0001-01-01T05:53:58-04:56,Motorist Overtaking - Misjudged Space,311232,2009,B: Evident Injury,"Farms, Woods, Pastures",70,,No,41-45 mph,O: No Injury,White,Male,Passenger Car,No,No,Daylight,Rural (<30% Developed),2 lanes,2,Straight - Level,State Secondary Route,Dry,"Two-Way, Not Divided",None,No Special Feature,Smooth Asphalt,Mountains,Rural,40 - 45  MPH,"Double Yellow Line, No Passing Zone",Clear,No,"35.742096, -81.448906"
444,445,Yes,16-19,16,No,With Traffic,C: Possible Injury,Travel Lane,Black,Male,Shelby,Cleveland,No,01-01-02,2009-08-11,Crossing Paths - Other Circumstances,0,Intersection,01-08-01,0000-12-31T19:11:58-04:56,Sign-Controlled Intersection - Other /,111148,2009,C: Possible Injury,Residential,25-29,29,No,26-30 mph,O: No Injury,White,Female,Passenger Car,No,No,Dark - Roadway Not Lighted,Mixed (30% To 70% Developed),2 lanes,2,Straight - Grade,NC Route,Dry,"Two-Way, Not Divided",None,No Special Feature,Coarse Asphalt,Mountains,Urban,30 - 35  MPH,No Control Present,Clear,No,"35.29311, -81.53009"
680,681,No,15-Nov,14,No,Facing Traffic,O: No Injury,Sidewalk / Crosswalk / Driveway Crossing,White,Female,Sanford,Lee,No,,2007-08-20,Motorist Left Turn / Merge,15,Intersection,01-08-01,0001-01-01T11:01:58-04:56,Motorist Left Turn - Same Direction,132211,2007,C: Possible Injury,Commercial,0-19,18,No,31-35 mph,C: Possible Injury,Black,Male,Passenger Car,No,No,Daylight,Urban (>70% Developed),5 lanes,2,Straight - Grade,US Route,Dry,"Two-Way, Not Divided",None,"Driveway, Public",Coarse Asphalt,Piedmont,Urban,30 - 35  MPH,No Control Present,Clear,No,"35.464962, -79.15325"
686,687,No,30-39,31,No,Facing Traffic,B: Evident Injury,Travel Lane,Asian,Male,Fayetteville,Cumberland,No,01-01-03,2007-08-22,Motorist Failed to Yield - Signalized Intersection,9,Intersection,01-08-01,0001-01-01T04:43:58-04:56,Motorist Drive Out - Right Turn on Red,112151,2007,B: Evident Injury,Commercial,,,No,,O: No Injury,White,Male,Sport Utility,No,No,Daylight,Urban (>70% Developed),7 lanes,2,Straight - Level,Local Street,Dry,"Two-Way, Not Divided",None,Related To Intersection,Coarse Asphalt,Coastal,Urban,30 - 35  MPH,Stop And Go Signal,Clear,No,"35.045372, -78.89208"
688,689,Yes,10-Jun,10,No,Facing Traffic,B: Evident Injury,Travel Lane,Black,Female,Greensboro,Guilford,No,01-01-03,2007-08-22,Crossing Paths - Other Circumstances,12,Intersection,01-08-01,0001-01-01T07:08:58-04:56,Crossing Paths - Intersection - Other /,112180,2007,B: Evident Injury,Residential,20-24,23,No,21-25 mph,O: No Injury,Black,Female,Passenger Car,No,No,Daylight,Urban (>70% Developed),3 lanes,2,Straight - Level,Local Street,Dry,"Two-Way, Not Divided",None,T-Intersection,Coarse Asphalt,Piedmont,Urban,30 - 35  MPH,No Control Present,Cloudy,No,"36.146336, -79.78515"
692,693,Yes,20-24,24,No,,B: Evident Injury,Travel Lane,White,Male,Charlotte,Mecklenburg,No,,2007-09-17,Motorist Left Turn / Merge,7,Intersection,01-09-01,0001-01-01T03:01:58-04:56,Motorist Left Turn - Same Direction,119211,2007,B: Evident Injury,Residential,40-49,48,No,0-5 mph,O: No Injury,Black,Male,School Bus,No,No,Daylight,Urban (>70% Developed),2 lanes,2,Straight - Level,Local Street,Dry,"Two-Way, Not Divided",None,Four-Way Intersection,Smooth Asphalt,Piedmont,Urban,30 - 35  MPH,Stop Sign,Clear,No,"35.22998, -80.71985"
694,695,No,10-Jun,10,No,With Traffic,C: Possible Injury,Travel Lane,Native American,Male,Pembroke,Robeson,No,01-01-05,2007-08-24,Bicyclist Failed to Yield - Signalized Intersection,16,Intersection,01-08-01,0001-01-01T11:23:58-04:56,Bicyclist Ride Through - Signalized Intersection,111155,2007,C: Possible Injury,Commercial,30-39,33,No,16-20 mph,O: No Injury,Other,Male,Passenger Car,No,No,Daylight,Urban (>70% Developed),5 lanes,2,Straight - Level,Local Street,Dry,"Two-Way, Not Divided",None,Four-Way Intersection,Smooth Asphalt,Coastal,Rural,30 - 35  MPH,Stop And Go Signal,Cloudy,No,"34.678207, -79.191414"