FID,OBJECTID,AmbulanceR,BikeAge_Gr,Bike_Age,Bike_Alc_D,Bike_Dir,Bike_Injur,Bike_Pos,Bike_Race,Bike_Sex,City,County,CrashAlcoh,CrashDay,Crash_Date,Crash_Grp,Crash_Hour,Crash_Loc,Crash_Mont,Crash_Time,Crash_Type,Crash_Ty_1,Crash_Year,Crsh_Sevri,Developmen,DrvrAge_Gr,Drvr_Age,Drvr_Alc_D,Drvr_EstSp,Drvr_Injur,Drvr_Race,Drvr_Sex,Drvr_VehTy,ExcsSpdInd,Hit_Run,Light_Cond,Locality,Num_Lanes,Num_Units,Rd_Charact,Rd_Class,Rd_Conditi,Rd_Config,Rd_Defects,Rd_Feature,Rd_Surface,Region,Rural_Urba,Speed_Limi,Traff_Cntr,Weather,Workzone_I,Location
706,707,No,16-19,18,No,,O: No Injury,Sidewalk / Crosswalk / Driveway Crossing,White,Female,Wilmington,New Hanover,No,01-01-02,2007-08-28,Non-Roadway,13,Non-Roadway,01-08-01,0001-01-01T08:53:58-04:56,Non-Roadway,430910,2007,O: No Injury,Institutional,,,Missing,0-5 mph,Injury,/Missing,,,No,Yes,Daylight,Urban (>70% Developed),2 lanes,2,Straight - Level,Public Vehicular Area,Dry,"Two-Way, Not Divided",None,No Special Feature,Smooth Asphalt,Coastal,Urban,20 - 25  MPH,"Double Yellow Line, No Passing Zone",Clear,No,"34.22141, -77.869354"
714,715,No,16-19,16,No,With Traffic,B: Evident Injury,Other,White,Male,None - Rural Crash,Cumberland,No,01-01-06,2007-09-01,Motorist Overtaking Bicyclist,4,Non-Intersection,01-09-01,0000-12-31T23:42:58-04:56,Motorist Overtaking - Other /,381239,2007,B: Evident Injury,Residential,,,Missing,41-45 mph,Injury,/Missing,,,No,Yes,Dark - Lighted Roadway,Mixed (30% To 70% Developed),2 lanes,2,Straight - Level,State Secondary Route,Dry,"Two-Way, Not Divided",None,No Special Feature,Smooth Asphalt,Coastal,Rural,40 - 45  MPH,"Double Yellow Line, No Passing Zone",Clear,No,"34.979027, -78.99883"
717,718,Yes,50-59,53,No,With Traffic,B: Evident Injury,Travel Lane,White,Female,None - Rural Crash,Chatham,No,01-01-05,2007-08-31,Other / Unusual Circumstances,8,Intersection,01-08-01,0001-01-01T03:25:58-04:56,Unusual Circumstances,111800,2007,B: Evident Injury,"Farms, Woods, Pastures",20-24,23,No,51-55 mph,B: Evident Injury,White,Male,Sport Utility,No,No,Daylight,Rural (<30% Developed),2 lanes,4,Straight - Level,US Route,Dry,"Two-Way, Divided, Unprotected Median",None,Four-Way Intersection,Coarse Asphalt,Piedmont,Rural,50 - 55  MPH,Stop Sign,Clear,No,"35.738876, -79.057434"
724,725,Yes,16-19,17,No,Facing Traffic,B: Evident Injury,Multi-use Path,Black,Male,Statesville,Iredell,No,,2007-09-03,Motorist Failed to Yield - Sign-Controlled Intersection,17,Intersection,01-09-01,0001-01-01T13:02:58-04:56,Motorist Drive Out - Sign-Controlled Intersection,142141,2007,B: Evident Injury,Residential,50-59,51,No,31-35 mph,O: No Injury,White,Female,Passenger Car,No,No,Dusk,Urban (>70% Developed),2 lanes,2,Straight - Level,Local Street,Dry,"Two-Way, Not Divided",None,Four-Way Intersection,Smooth Asphalt,Piedmont,Urban,30 - 35  MPH,Flashing Signal With Stop Sign,Clear,No,"35.79936, -80.89075"
727,728,Yes,50-59,52,Yes,Facing Traffic,B: Evident Injury,Travel Lane,Black,Male,Winston-Salem,Forsyth,Yes,01-01-03,2007-09-05,Bicyclist Failed to Yield - Sign-Controlled Intersection,20,Intersection,01-09-01,0001-01-01T15:08:58-04:56,Bicyclist Ride Through - Sign-Controlled Intersection,112144,2007,B: Evident Injury,Commercial,40-49,42,No,41-45 mph,O: No Injury,White,Male,Sport Utility,No,No,Dark - Lighted Roadway,Urban (>70% Developed),2 lanes,2,Straight - Level,Local Street,Dry,"Two-Way, Not Divided",None,Four-Way Intersection,Smooth Asphalt,Piedmont,Urban,40 - 45  MPH,No Control Present,Clear,No,"36.15769, -80.205086"
729,730,Yes,15-Nov,15,No,With Traffic,C: Possible Injury,Travel Lane,White,Male,None - Rural Crash,Surry,No,01-01-03,2007-09-05,Motorist Left Turn / Merge,17,Intersection,01-09-01,0001-01-01T12:18:58-04:56,Motorist Left Turn - Opposite Direction,111212,2007,C: Possible Injury,Residential,70,,No,41-45 mph,O: No Injury,White,Male,Pickup,No,No,Daylight,Mixed (30% To 70% Developed),2 lanes,2,Straight - Level,State Secondary Route,Dry,"Two-Way, Not Divided",None,Four-Way Intersection,Coarse Asphalt,Mountains,Rural,40 - 45  MPH,No Control Present,Clear,No,"36.50729, -80.73477"
731,732,No,30-39,39,Yes,Not Applicable,O: No Injury,Driveway / Alley,Black,Male,Goldsboro,Wayne,Yes,01-01-03,2007-09-05,Bicyclist Failed to Yield - Midblock,18,Non-Intersection,01-09-01,0001-01-01T13:03:58-04:56,Bicyclist Ride Out - Commercial Driveway / Alley,353312,2007,O: No Injury,Commercial,30-39,34,No,0-5 mph,O: No Injury,White,Male,Passenger Car,No,No,Daylight,Urban (>70% Developed),3 lanes,2,Straight - Level,Local Street,Dry,"Two-Way, Not Divided",None,Four-Way Intersection,Coarse Asphalt,Coastal,Urban,30 - 35  MPH,Stop And Go Signal,Clear,No,"35.37738, -77.99751"
732,733,No,15-Nov,12,Yes,,C: Possible Injury,,White,Male,None - Rural Crash,Craven,Yes,01-01-04,2007-09-06,Bicyclist Failed to Yield - Signalized Intersection,18,Intersection,01-09-01,0001-01-01T13:17:58-04:56,Bicyclist Ride Out - Signalized  Intersection,199153,2007,C: Possible Injury,Commercial,30-39,31,No,0-5 mph,O: No Injury,White,Male,Pickup,No,No,Daylight,Urban (>70% Developed),4 lanes,2,Straight - Grade,US Route,Dry,"Two-Way, Divided, Unprotected Median",None,Four-Way Intersection,Coarse Asphalt,Coastal,Rural,50 - 55  MPH,Stop And Go Signal,Clear,No,"35.081615, -77.0311"
744,745,Yes,50-59,50,No,With Traffic,B: Evident Injury,Travel Lane,White,Male,Roxboro,Person,No,01-01-04,2007-09-06,Backing Vehicle,12,Non-Intersection,01-09-01,0001-01-01T07:03:58-04:56,Backing Vehicle,311600,2007,B: Evident Injury,Residential,20-24,21,No,0-5 mph,O: No Injury,White,Male,Pickup,No,No,Daylight,Mixed (30% To 70% Developed),2 lanes,2,Straight - Level,State Secondary Route,Dry,"Two-Way, Not Divided",None,"Driveway, Private",Smooth Asphalt,Piedmont,Urban,50 - 55  MPH,"Double Yellow Line, No Passing Zone",Clear,No,"36.3539, -79.05267"
752,753,Yes,10-Jun,9,No,Not Applicable,C: Possible Injury,Non-Roadway,Black,Male,High Point,Guilford,No,01-01-06,2007-09-08,Bicyclist Failed to Yield - Midblock,19,Non-Intersection,01-09-01,0001-01-01T14:30:58-04:56,Bicyclist Ride Out - Other Midblock,363318,2007,C: Possible Injury,Residential,40-49,42,No,6-10 mph,O: No Injury,Black,Male,Passenger Car,No,No,Daylight,Urban (>70% Developed),2 lanes,2,Straight - Level,Local Street,Dry,"Two-Way, Not Divided",None,No Special Feature,Coarse Asphalt,Piedmont,Urban,30 - 35  MPH,No Control Present,Clear,No,"35.96031, -79.97986"
755,756,No,20-24,23,No,With Traffic,B: Evident Injury,Travel Lane,Hispanic,Female,New Bern,Craven,No,01-01-07,2007-09-09,Bicyclist Overtaking Motorist,10,Non-Intersection,01-09-01,0001-01-01T05:26:58-04:56,Bicyclist Overtaking - Other /,311249,2007,B: Evident Injury,Commercial,70,,No,0-5 mph,O: No Injury,White,Male,Passenger Car,No,No,Daylight,Urban (>70% Developed),2 lanes,2,Straight - Level,Local Street,Dry,"Two-Way, Not Divided",None,No Special Feature,Smooth Asphalt,Coastal,Urban,30 - 35  MPH,No Control Present,Cloudy,No,"35.10796, -77.04954"
760,761,Yes,10-Jun,6,No,Not Applicable,C: Possible Injury,,White,Male,None - Rural Crash,Gaston,No,01-01-03,2007-09-12,Bicyclist Failed to Yield - Midblock,17,Non-Intersection,01-09-01,0001-01-01T12:40:58-04:56,Bicyclist Ride Out - Midblock -,393319,2007,C: Possible Injury,Residential,30-39,35,No,16-20 mph,O: No Injury,Black,Male,Passenger Car,No,No,Daylight,Mixed (30% To 70% Developed),2 lanes,2,Straight - Level,State Secondary Route,Dry,"Two-Way, Not Divided",None,No Special Feature,Smooth Asphalt,Piedmont,Rural,30 - 35  MPH,No Control Present,Clear,No,"35.18944, -81.15794"
763,764,Yes,40-49,41,No,With Traffic,B: Evident Injury,,Black,Male,None - Rural Crash,Wake,No,01-01-03,2007-09-12,Motorist Overtaking Bicyclist,7,Non-Intersection,01-09-01,0001-01-01T02:49:58-04:56,Motorist Overtaking - Bicyclist Swerved,391235,2007,B: Evident Injury,"Farms, Woods, Pastures",40-49,47,No,51-55 mph,O: No Injury,White,Male,Sport Utility,No,No,Daylight,Rural (<30% Developed),2 lanes,2,Straight - Level,State Secondary Route,Dry,"Two-Way, Not Divided",None,Related To Intersection,Smooth Asphalt,Piedmont,Rural,50 - 55  MPH,"Double Yellow Line, No Passing Zone",Clear,No,"35.608223, -78.84006"
764,765,Yes,40-49,44,No,With Traffic,B: Evident Injury,Travel Lane,Black,Male,Greensboro,Guilford,No,01-01-03,2007-09-12,Parallel Paths - Other Circumstances,5,Non-Intersection,01-09-01,0001-01-01T00:33:58-04:56,Parallel Paths - Other /,311280,2007,B: Evident Injury,Commercial,30-39,35,No,36-40 mph,O: No Injury,Black,Female,,No,Yes,Dark - Lighted Roadway,Mixed (30% To 70% Developed),1 lane,2,Straight - Hillcrest,Interstate,Dry,"One-Way, Not Divided",None,On or Off Ramp,Smooth Asphalt,Piedmont,Urban,50 - 55  MPH,No Control Present,Clear,No,"36.103188, -79.76295"
767,768,Yes,15-Nov,14,No,With Traffic,C: Possible Injury,Travel Lane,White,Male,Sunset Beach,Brunswick,No,,2007-09-10,Bicyclist Failed to Yield - Sign-Controlled Intersection,17,Intersection,01-09-01,0001-01-01T12:38:58-04:56,Bicyclist Ride Through - Sign-Controlled Intersection,111144,2007,C: Possible Injury,Residential,0-19,19,No,11-15 mph,O: No Injury,White,Female,Sport Utility,No,No,Daylight,Urban (>70% Developed),4 lanes,2,Straight - Level,Local Street,Dry,"Two-Way, Not Divided",None,Four-Way Intersection,Smooth Asphalt,Coastal,Rural,30 - 35  MPH,Stop Sign,Clear,No,"33.894444, -78.49135"
768,769,Yes,50-59,54,No,Facing Traffic,C: Possible Injury,Sidewalk / Crosswalk / Driveway Crossing,Black,Male,Wilmington,New Hanover,No,01-01-04,2007-09-13,Motorist Failed to Yield - Signalized Intersection,15,Intersection,01-09-01,0001-01-01T10:05:58-04:56,Motorist Drive Out - Right Turn on Red,132151,2007,C: Possible Injury,Commercial,50-59,56,No,0-5 mph,O: No Injury,White,Male,Sport Utility,No,No,Daylight,Urban (>70% Developed),3 lanes,2,Straight - Level,Local Street,Dry,"Two-Way, Not Divided",None,Four-Way Intersection,Smooth Asphalt,Coastal,Urban,30 - 35  MPH,Stop And Go Signal,Clear,No,"34.20242, -77.922935"
775,776,Yes,40-49,46,No,With Traffic,B: Evident Injury,Travel Lane,White,Male,Raleigh,Wake,No,01-01-03,2007-09-12,Motorist Failed to Yield - Sign-Controlled Intersection,19,Intersection,01-09-01,0001-01-01T14:54:58-04:56,Motorist Drive Out - Sign-Controlled Intersection,111141,2007,B: Evident Injury,Commercial,25-29,27,No,0-5 mph,O: No Injury,White,Female,Passenger Car,No,No,Dusk,Urban (>70% Developed),5 lanes,2,Straight - Level,Local Street,Dry,"Two-Way, Not Divided",None,T-Intersection,Smooth Asphalt,Piedmont,Urban,20 - 25  MPH,Stop Sign,Clear,No,"35.795383, -78.70305"
776,777,Yes,10-Jun,9,No,,B: Evident Injury,Non-Roadway,Black,Female,Rocky Mount,Edgecombe,No,01-01-05,2007-09-14,Non-Roadway,19,Non-Roadway,01-09-01,0001-01-01T14:09:58-04:56,Non-Roadway,460910,2007,B: Evident Injury,Residential,50-59,57,No,6-10 mph,O: No Injury,White,Female,Passenger Car,No,No,Dusk,Urban (>70% Developed),,2,Straight - Level,Public Vehicular Area,Wet,,None,"Driveway, Public",Concrete,Coastal,Urban,5 - 15 MPH,No Control Present,Rain,No,"35.931873, -77.79832"
780,781,Yes,40-49,47,No,With Traffic,C: Possible Injury,Sidewalk / Crosswalk / Driveway Crossing,Black,Male,Charlotte,Mecklenburg,No,01-01-03,2007-10-31,Motorist Left Turn / Merge,14,Intersection,01-10-01,0001-01-01T09:58:58-04:56,Motorist Left Turn - Opposite Direction,131212,2007,C: Possible Injury,Residential,20-24,20,No,11-15 mph,O: No Injury,Black,Female,School Bus,No,No,Daylight,Urban (>70% Developed),3 lanes,2,Straight - Level,Local Street,Dry,"Two-Way, Not Divided",None,No Special Feature,Smooth Asphalt,Piedmont,Urban,30 - 35  MPH,Stop And Go Signal,Clear,No,"35.163567, -80.89545"
783,784,Yes,30-39,36,No,With Traffic,B: Evident Injury,Sidewalk / Crosswalk / Driveway Crossing,White,Male,Charlotte,Mecklenburg,No,01-01-05,2007-12-28,Motorist Right Turn / Merge,20,Intersection,01-12-01,0001-01-01T15:37:58-04:56,Motorist Right Turn - Same Direction,131213,2007,B: Evident Injury,Commercial,50-59,50,No,36-40 mph,O: No Injury,White,Male,Sport Utility,No,No,Dark - Roadway Not Lighted,Urban (>70% Developed),4 lanes,2,Straight - Grade,NC Route,Wet,"Two-Way, Divided, Positive Median Barrier",None,On or Off Ramp,Coarse Asphalt,Piedmont,Urban,40 - 45  MPH,Stop And Go Signal,Rain,No,"35.14041, -80.93289"
793,794,Yes,30-39,33,No,Not Applicable,B: Evident Injury,Sidewalk / Crosswalk / Driveway Crossing,Hispanic,Female,Raleigh,Wake,No,01-01-02,2007-09-18,Bicyclist Failed to Yield - Signalized Intersection,10,Intersection-Related,01-09-01,0001-01-01T05:32:58-04:56,Bicyclist Ride Out - Signalized  Intersection,233153,2007,B: Evident Injury,Commercial,30-39,32,No,11-15 mph,O: No Injury,Black,Male,Van,No,No,Daylight,Urban (>70% Developed),4 lanes,2,Straight - Level,Local Street,Dry,"Two-Way, Divided, Positive Median Barrier",None,No Special Feature,Coarse Asphalt,Piedmont,Urban,30 - 35  MPH,Stop And Go Signal,Clear,No,"35.76979, -78.614586"
795,796,Yes,15-Nov,13,No,With Traffic,B: Evident Injury,Travel Lane,White,Male,Newton,Catawba,No,01-01-03,2007-09-19,Motorist Overtaking Bicyclist,19,Non-Intersection,01-09-01,0001-01-01T14:44:58-04:56,Motorist Overtaking - Other /,311239,2007,B: Evident Injury,Residential,50-59,59,No,36-40 mph,O: No Injury,White,Male,Police,No,No,Dusk,Mixed (30% To 70% Developed),2 lanes,2,Straight - Level,NC Route,Dry,"Two-Way, Not Divided",None,No Special Feature,Smooth Asphalt,Piedmont,Urban,40 - 45  MPH,"Double Yellow Line, No Passing Zone",Clear,No,"35.64704, -81.26084"
797,798,No,30-39,39,No,Facing Traffic,C: Possible Injury,Travel Lane,White,Male,None - Rural Crash,Iredell,No,01-01-04,2007-09-20,Bicyclist Right Turn / Merge,10,Intersection-Related,01-09-01,0001-01-01T05:53:58-04:56,Bicyclist Right Turn - Same Direction,212223,2007,C: Possible Injury,"Farms, Woods, Pastures",25-29,27,No,36-40 mph,O: No Injury,White,Male,Sport Utility,No,No,Daylight,Rural (<30% Developed),2 lanes,2,Straight - Level,State Secondary Route,Dry,"Two-Way, Not Divided",None,Related To Intersection,Coarse Asphalt,Piedmont,Rural,40 - 45  MPH,"Double Yellow Line, No Passing Zone",Clear,No,"35.53586, -80.801414"
798,799,No,15-Nov,15,No,With Traffic,B: Evident Injury,Travel Lane,Black,Male,None - Rural Crash,Johnston,No,01-01-04,2007-09-20,Motorist Overtaking Bicyclist,16,Non-Intersection,01-09-01,0001-01-01T11:31:58-04:56,Motorist Overtaking - Bicyclist Swerved,311235,2007,B: Evident Injury,"Farms, Woods, Pastures",40-49,45,No,51-55 mph,B: Evident Injury,White,Female,Passenger Car,No,No,Daylight,Rural (<30% Developed),2 lanes,2,Straight - Grade,State Secondary Route,Wet,"Two-Way, Not Divided",None,No Special Feature,Coarse Asphalt,Coastal,Rural,50 - 55  MPH,No Control Present,Rain,No,"35.456196, -78.44903"
805,806,No,40-49,45,No,With Traffic,O: No Injury,Travel Lane,Black,Male,Hickory,Catawba,No,01-01-05,2007-09-21,Backing Vehicle,18,Non-Intersection,01-09-01,0001-01-01T13:43:58-04:56,Backing Vehicle,311600,2007,O: No Injury,Residential,20-24,23,No,0-5 mph,O: No Injury,Black,Male,Passenger Car,No,No,Daylight,Urban (>70% Developed),2 lanes,2,Straight - Grade,Local Street,Dry,"Two-Way, Not Divided",None,No Special Feature,Coarse Asphalt,Piedmont,Urban,5 - 15 MPH,No Control Present,Cloudy,No,"35.718876, -81.3398"
807,808,Yes,30-39,30,No,Not Applicable,K: Killed,Driveway / Alley,Hispanic,Male,Raleigh,Wake,No,01-01-06,2007-09-22,Bicyclist Failed to Yield - Midblock,12,Non-Intersection,01-09-01,0001-01-01T07:11:58-04:56,Bicyclist Ride Out - Commercial Driveway / Alley,353312,2007,K: Killed,Residential,0-19,19,No,36-40 mph,O: No Injury,Black,Male,Passenger Car,No,No,Daylight,Urban (>70% Developed),2 lanes,2,Curve - Grade,Local Street,Dry,"Two-Way, Divided, Unprotected Median",None,No Special Feature,Smooth Asphalt,Piedmont,Urban,40 - 45  MPH,No Control Present,Clear,No,"35.786198, -78.717606"
810,811,Yes,15-Nov,14,No,,A: Disabling Injury,Travel Lane,White,Male,None - Rural Crash,Cumberland,No,01-01-02,2007-09-25,Bicyclist Failed to Yield - Sign-Controlled Intersection,16,Intersection,01-09-01,0001-01-01T11:13:58-04:56,Bicyclist Ride Through - Sign-Controlled Intersection,119144,2007,A: Disabling Injury,Residential,0-19,19,No,41-45 mph,O: No Injury,White,Male,Pickup,No,No,Daylight,Mixed (30% To 70% Developed),2 lanes,2,Curve - Level,State Secondary Route,Dry,"Two-Way, Not Divided",None,"Driveway, Public",Smooth Asphalt,Coastal,Rural,40 - 45  MPH,Stop Sign,Clear,No,"34.98689, -78.90447"
816,817,No,50-59,53,No,,O: No Injury,,Black,Male,Southern Pines,Moore,No,01-01-03,2007-09-26,Bicyclist Failed to Yield - Midblock,16,Non-Intersection,01-09-01,0001-01-01T11:46:58-04:56,Bicyclist Ride Out - Midblock -,399319,2007,O: No Injury,Residential,70,,No,16-20 mph,O: No Injury,White,Female,Passenger Car,No,No,Daylight,Urban (>70% Developed),2 lanes,2,Straight - Level,Local Street,Dry,"Two-Way, Not Divided",None,No Special Feature,Coarse Asphalt,Piedmont,Urban,30 - 35  MPH,No Control Present,Clear,No,"35.153805, -79.38505"
818,819,Yes,60-69,69,No,With Traffic,B: Evident Injury,Travel Lane,White,Male,None - Rural Crash,Watauga,No,01-01-05,2007-09-28,Loss of Control / Turning Error,14,Non-Intersection,01-09-01,0001-01-01T09:23:58-04:56,Bicyclist Lost Control - Other /,311129,2007,B: Evident Injury,"Farms, Woods, Pastures",40-49,46,No,21-25 mph,O: No Injury,White,Male,Pickup,No,No,Daylight,Rural (<30% Developed),2 lanes,2,Curve - Grade,State Secondary Route,Dry,"Two-Way, Not Divided",None,No Special Feature,Coarse Asphalt,Mountains,Rural,50 - 55  MPH,"Double Yellow Line, No Passing Zone",Clear,No,"36.172714, -81.717026"
822,823,No,15-Nov,12,No,With Traffic,C: Possible Injury,Travel Lane,White,Female,None - Rural Crash,Henderson,No,01-01-06,2007-09-29,Loss of Control / Turning Error,14,Intersection,01-09-01,0001-01-01T09:33:58-04:56,Bicyclist Turning Error - Left Turn,111114,2007,C: Possible Injury,Residential,70,,No,11-15 mph,O: No Injury,White,Female,Passenger Car,No,No,Daylight,Urban (>70% Developed),2 lanes,2,Straight - Grade,State Secondary Route,Dry,"Two-Way, Not Divided",None,T-Intersection,Smooth Asphalt,Mountains,Rural,30 - 35  MPH,Stop Sign,Clear,No,"35.361015, -82.48969"
828,829,No,25-29,28,No,With Traffic,C: Possible Injury,Travel Lane,White,Female,Durham,Durham,No,01-01-02,2007-10-02,Crossing Paths - Other Circumstances,15,Intersection,01-10-01,0001-01-01T10:18:58-04:56,Sign-Controlled Intersection - Other /,111148,2007,C: Possible Injury,Institutional,,,Missing,6-10 mph,Injury,/Missing,,,No,Yes,Daylight,Mixed (30% To 70% Developed),4 lanes,2,Straight - Level,Local Street,Dry,"Two-Way, Divided, Unprotected Median",None,Four-Way Intersection,Concrete,Piedmont,Urban,20 - 25  MPH,Stop Sign,Clear,No,"35.99999, -78.92343"
830,831,Yes,50-59,54,No,With Traffic,C: Possible Injury,Travel Lane,White,Male,None - Rural Crash,Haywood,No,01-01-03,2007-10-03,Motorist Failed to Yield - Sign-Controlled Intersection,18,Intersection,01-10-01,0001-01-01T13:06:58-04:56,Motorist Drive Out - Sign-Controlled Intersection,111141,2007,C: Possible Injury,"Farms, Woods, Pastures",60-69,68,No,,O: No Injury,White,Male,Pickup,No,No,Daylight,Rural (<30% Developed),2 lanes,2,Straight - Level,NC Route,Dry,"Two-Way, Not Divided",None,T-Intersection,Smooth Asphalt,Mountains,Rural,40 - 45  MPH,Stop Sign,Clear,No,"35.443985, -82.9129"
851,852,No,,,Missing,With Traffic,Injury,Travel Lane,/Missing,,None - Rural Crash,Cumberland,No,01-01-04,2007-10-11,Motorist Overtaking Bicyclist,20,Non-Intersection,01-10-01,0001-01-01T15:34:58-04:56,Motorist Overtaking - Other /,311239,2007,Injury,"Farms, Woods, Pastures",,,Missing,41-45 mph,Injury,/Missing,,,No,Yes,Dark - Roadway Not Lighted,Rural (<30% Developed),2 lanes,2,Curve - Level,State Secondary Route,Dry,"Two-Way, Not Divided",None,"Driveway, Public",Coarse Asphalt,Coastal,Rural,50 - 55  MPH,"Double Yellow Line, No Passing Zone",Clear,No,"34.94872, -79.010826"
855,856,Yes,30-39,30,No,With Traffic,A: Disabling Injury,Travel Lane,Black,Male,Graham,Alamance,No,,2007-06-04,Head-On,20,Non-Intersection,01-06-01,0001-01-01T15:27:58-04:56,Head-On - Motorist,311255,2007,A: Disabling Injury,Residential,20-24,20,No,26-30 mph,O: No Injury,Black,Male,Passenger Car,No,No,Dusk,Urban (>70% Developed),2 lanes,2,Straight - Grade,Local Street,Dry,"Two-Way, Not Divided",None,No Special Feature,Smooth Asphalt,Piedmont,Urban,30 - 35  MPH,No Control Present,Cloudy,No,"36.074158, -79.40905"
860,861,Yes,30-39,38,No,With Traffic,B: Evident Injury,Travel Lane,White,Male,Winston-Salem,Forsyth,No,,2007-10-15,Motorist Left Turn / Merge,16,Non-Intersection,01-10-01,0001-01-01T11:57:58-04:56,Motorist Left Turn - Opposite Direction,311212,2007,B: Evident Injury,Commercial,50-59,59,No,0-5 mph,O: No Injury,White,Female,Sport Utility,No,No,Daylight,Urban (>70% Developed),2 lanes,2,Curve - Level,Local Street,Dry,"Two-Way, Not Divided",None,No Special Feature,Smooth Asphalt,Piedmont,Urban,30 - 35  MPH,No Control Present,Clear,No,"36.118473, -80.31896"
865,866,Yes,40-49,41,Yes,With Traffic,C: Possible Injury,Bike Lane / Paved Shoulder,White,Male,None - Rural Crash,Harnett,Yes,01-01-04,2007-10-18,Motorist Overtaking Bicyclist,20,Non-Intersection,01-10-01,0001-01-01T15:13:58-04:56,Motorist Overtaking - Bicyclist Swerved,321235,2007,C: Possible Injury,"Farms, Woods, Pastures",30-39,39,No,41-45 mph,O: No Injury,White,Male,Passenger Car,No,No,Dark - Roadway Not Lighted,Rural (<30% Developed),2 lanes,2,Straight - Level,NC Route,Dry,"Two-Way, Not Divided",None,No Special Feature,Coarse Asphalt,Coastal,Rural,50 - 55  MPH,"Double Yellow Line, No Passing Zone",Clear,No,"35.34532, -78.9368"
869,870,No,,,Missing,With Traffic,Injury,Travel Lane,/Missing,,Angier,Harnett,No,01-01-05,2007-10-19,Bicyclist Failed to Yield - Sign-Controlled Intersection,16,Intersection,01-10-01,0001-01-01T11:03:58-04:56,Bicyclist Ride Through - Sign-Controlled Intersection,111144,2007,O: No Injury,Residential,0-19,16,No,21-25 mph,O: No Injury,White,Female,Passenger Car,No,No,Daylight,Mixed (30% To 70% Developed),2 lanes,2,Straight - Level,Local Street,Dry,"Two-Way, Not Divided",None,No Special Feature,Coarse Asphalt,Coastal,Rural,30 - 35  MPH,Stop Sign,Clear,No,"35.511524, -78.72971"
875,876,Yes,20-24,20,No,Not Applicable,B: Evident Injury,Driveway / Alley,Black,Male,Raleigh,Wake,No,,2007-10-22,Bicyclist Failed to Yield - Midblock,13,Non-Intersection,01-10-01,0001-01-01T08:14:58-04:56,Multiple Threat - Midblock,353357,2007,B: Evident Injury,Commercial,20-24,22,No,36-40 mph,O: No Injury,White,Male,Passenger Car,No,No,Daylight,Urban (>70% Developed),5 lanes,2,Straight - Grade,Local Street,Dry,"Two-Way, Divided, Unprotected Median",None,T-Intersection,Smooth Asphalt,Piedmont,Urban,40 - 45  MPH,No Control Present,Cloudy,No,"35.77998, -78.67614"
877,878,No,40-49,49,No,Facing Traffic,B: Evident Injury,Travel Lane,Hispanic,Male,Havelock,Craven,No,01-01-02,2007-10-23,Motorist Failed to Yield - Midblock,13,Non-Intersection,01-10-01,0001-01-01T08:33:58-04:56,Motorist Drive Out - Commercial Driveway / Alley,312322,2007,B: Evident Injury,Commercial,0-19,19,No,0-5 mph,O: No Injury,White,Female,Sport Utility,No,No,Daylight,Urban (>70% Developed),5 lanes,2,Straight - Level,Public Vehicular Area,Dry,"Two-Way, Divided, Unprotected Median",None,T-Intersection,Smooth Asphalt,Coastal,Urban,,No Control Present,Clear,No,"34.860252, -76.89709"
880,881,Yes,,,No,With Traffic,B: Evident Injury,Travel Lane,Asian,Male,Hope Mills,Cumberland,No,01-01-04,2007-10-25,Motorist Overtaking Bicyclist,18,Non-Intersection,01-10-01,0001-01-01T13:54:58-04:56,Motorist Overtaking - Undetected Bicyclist,311231,2007,B: Evident Injury,Commercial,50-59,50,No,41-45 mph,O: No Injury,White,Male,Pickup,No,No,Dark - Lighted Roadway,Urban (>70% Developed),5 lanes,2,Straight - Level,NC Route,Wet,"Two-Way, Not Divided",None,No Special Feature,Smooth Asphalt,Coastal,Urban,40 - 45  MPH,No Control Present,Cloudy,No,"35.00778, -78.96699"
881,882,No,20-24,22,No,With Traffic,C: Possible Injury,Travel Lane,White,Male,None - Rural Crash,Onslow,No,01-01-05,2007-10-26,Motorist Failed to Yield - Midblock,6,Non-Intersection,01-10-01,0001-01-01T01:48:58-04:56,Motorist Drive Out - Commercial Driveway / Alley,311322,2007,C: Possible Injury,Commercial,20-24,24,No,0-5 mph,O: No Injury,White,Male,Pickup,No,No,Dark - Roadway Not Lighted,Mixed (30% To 70% Developed),3 lanes,2,Straight - Level,NC Route,Wet,"Two-Way, Not Divided",None,"Driveway, Public",Smooth Asphalt,Coastal,Rural,40 - 45  MPH,No Control Present,Cloudy,No,"34.74692, -77.482895"
884,885,Yes,50-59,53,Yes,With Traffic,A: Disabling Injury,Travel Lane,White,Male,None - Rural Crash,Davidson,Yes,01-01-06,2007-10-27,Motorist Overtaking Bicyclist,11,Non-Intersection,01-10-01,0001-01-01T06:36:58-04:56,Motorist Overtaking - Other /,311239,2007,A: Disabling Injury,"Farms, Woods, Pastures",40-49,44,No,31-35 mph,O: No Injury,White,Female,Sport Utility,No,No,Daylight,Rural (<30% Developed),2 lanes,2,Straight - Grade,State Secondary Route,Dry,"Two-Way, Not Divided",None,No Special Feature,Smooth Asphalt,Piedmont,Rural,50 - 55  MPH,"Double Yellow Line, No Passing Zone",Clear,No,"35.9807, -80.15956"