FID,OBJECTID,AmbulanceR,BikeAge_Gr,Bike_Age,Bike_Alc_D,Bike_Dir,Bike_Injur,Bike_Pos,Bike_Race,Bike_Sex,City,County,CrashAlcoh,CrashDay,Crash_Date,Crash_Grp,Crash_Hour,Crash_Loc,Crash_Mont,Crash_Time,Crash_Type,Crash_Ty_1,Crash_Year,Crsh_Sevri,Developmen,DrvrAge_Gr,Drvr_Age,Drvr_Alc_D,Drvr_EstSp,Drvr_Injur,Drvr_Race,Drvr_Sex,Drvr_VehTy,ExcsSpdInd,Hit_Run,Light_Cond,Locality,Num_Lanes,Num_Units,Rd_Charact,Rd_Class,Rd_Conditi,Rd_Config,Rd_Defects,Rd_Feature,Rd_Surface,Region,Rural_Urba,Speed_Limi,Traff_Cntr,Weather,Workzone_I,Location
27,28,No,16-19,19,No,With Traffic,C: Possible Injury,Travel Lane,White,Male,None - Rural Crash,Nash,No,01-01-06,2008-01-05,Other / Unusual Circumstances,16,Non-Intersection,,0001-01-01T11:33:58-04:56,Unusual Circumstances,311800,2008,C: Possible Injury,Residential,40-49,41,No,,O: No Injury,White,Female,Passenger Car,No,No,Daylight,Mixed (30% To 70% Developed),,2,,State Secondary Route,Dry,,None,No Special Feature,,Coastal,Rural,,Missing,Clear,No,"0.0, 0.0"
29,30,Yes,10-Jun,8,No,Not Applicable,C: Possible Injury,Travel Lane,White,Female,None - Rural Crash,Harnett,No,01-01-07,2008-01-06,Non-Roadway,17,Non-Roadway,,0001-01-01T12:53:58-04:56,Non-Roadway,410910,2008,C: Possible Injury,Residential,,,Missing,26-30 mph,Injury,/Missing,,,No,Yes,Dark - Roadway Not Lighted,Rural (<30% Developed),2 lanes,2,Straight - Level,Public Vehicular Area,Dry,"Two-Way, Not Divided",None,No Special Feature,Smooth Asphalt,Coastal,Rural,20 - 25  MPH,No Control Present,Clear,No,"0.0, 0.0"
32,33,Yes,15-Nov,13,No,With Traffic,B: Evident Injury,Bike Lane / Paved Shoulder,White,Female,None - Rural Crash,Halifax,No,01-01-02,2008-01-08,Parallel Paths - Other Circumstances,15,Non-Intersection,,0001-01-01T11:01:58-04:56,Bicyclist Ride Out - Parallel Path,321225,2008,B: Evident Injury,Residential,25-29,26,No,31-35 mph,O: No Injury,Black,Male,Passenger Car,No,No,Daylight,Mixed (30% To 70% Developed),2 lanes,2,Curve - Level,State Secondary Route,Dry,"Two-Way, Not Divided",None,Four-Way Intersection,Smooth Asphalt,Coastal,Rural,40 - 45  MPH,"Double Yellow Line, No Passing Zone",Cloudy,No,"0.0, 0.0"
44,45,Yes,40-49,44,Yes,With Traffic,Injury,Driveway / Alley,Black,Female,Raleigh,Wake,Yes,01-01-05,2008-01-11,Parallel Paths - Other Circumstances,20,Intersection,,0001-01-01T15:18:58-04:56,Parallel Paths - Other /,151280,2008,O: No Injury,Residential,30-39,38,No,0-5 mph,O: No Injury,Black,Male,Passenger Car,No,No,Dark - Lighted Roadway,Urban (>70% Developed),4 lanes,2,Straight - Level,Local Street,Dry,"Two-Way, Not Divided",None,"Driveway, Public",Smooth Asphalt,Piedmont,Urban,30 - 35  MPH,No Control Present,Clear,No,"0.0, 0.0"
49,50,No,15-Nov,15,No,Facing Traffic,C: Possible Injury,Sidewalk / Crosswalk / Driveway Crossing,White,Male,Belmont,Gaston,No,01-01-02,2008-01-15,Motorist Failed to Yield - Sign-Controlled Intersection,7,Intersection,,0001-01-01T02:53:58-04:56,Motorist Drive Out - Sign-Controlled Intersection,132141,2008,C: Possible Injury,Residential,70,,No,0-5 mph,O: No Injury,White,Male,Passenger Car,No,No,Daylight,Urban (>70% Developed),2 lanes,2,Straight - Level,Local Street,Dry,"Two-Way, Not Divided",None,Related To Intersection,Smooth Asphalt,Piedmont,Urban,30 - 35  MPH,Stop Sign,Clear,No,"0.0, 0.0"
63,64,Yes,40-49,41,No,With Traffic,C: Possible Injury,Travel Lane,White,Male,None - Rural Crash,Cumberland,No,01-01-05,2008-01-25,Motorist Overtaking Bicyclist,10,Non-Intersection,,0001-01-01T05:23:58-04:56,Motorist Overtaking - Misjudged Space,311232,2008,C: Possible Injury,Residential,30-39,33,No,31-35 mph,O: No Injury,White,Female,Sport Utility,No,No,Daylight,Mixed (30% To 70% Developed),2 lanes,2,Straight - Level,State Secondary Route,Dry,"Two-Way, Not Divided",None,No Special Feature,Smooth Asphalt,Coastal,Rural,40 - 45  MPH,"Double Yellow Line, No Passing Zone",Clear,No,"0.0, 0.0"
66,67,No,30-39,33,No,With Traffic,C: Possible Injury,Travel Lane,White,Male,Asheville,Buncombe,No,01-01-06,2008-01-26,Motorist Right Turn / Merge,13,Intersection,,0001-01-01T09:02:58-04:56,Motorist Right Turn - Same Direction,111213,2008,C: Possible Injury,Commercial,30-39,39,No,11-15 mph,O: No Injury,White,Female,Passenger Car,No,No,Daylight,Urban (>70% Developed),5 lanes,2,Straight - Hillcrest,Local Street,Dry,"Two-Way, Not Divided",None,Four-Way Intersection,Smooth Asphalt,Mountains,Urban,40 - 45  MPH,Stop And Go Signal,Clear,No,"0.0, 0.0"
69,70,Yes,16-19,18,No,With Traffic,B: Evident Injury,Travel Lane,White,Male,None - Rural Crash,New Hanover,No,,2008-01-28,Motorist Overtaking Bicyclist,0,Non-Intersection,,0000-12-31T19:18:58-04:56,Motorist Overtaking - Undetected Bicyclist,311231,2008,B: Evident Injury,Residential,20-24,21,No,41-45 mph,O: No Injury,White,Male,Passenger Car,No,No,Dark - Roadway Not Lighted,Mixed (30% To 70% Developed),4 lanes,2,Straight - Level,US Route,Dry,"Two-Way, Divided, Unprotected Median",None,No Special Feature,Smooth Asphalt,Coastal,Rural,40 - 45  MPH,Missing,Clear,No,"0.0, 0.0"
70,71,No,60-69,69,No,With Traffic,C: Possible Injury,Travel Lane,White,Male,Weaverville,Buncombe,No,01-01-02,2008-01-29,Motorist Overtaking Bicyclist,16,Non-Intersection,,0001-01-01T11:38:58-04:56,Motorist Overtaking - Misjudged Space,311232,2008,C: Possible Injury,Residential,20-24,24,No,41-45 mph,O: No Injury,White,Female,Passenger Car,No,No,Daylight,Urban (>70% Developed),2 lanes,2,Curve - Level,Local Street,Dry,"Two-Way, Not Divided",None,No Special Feature,Smooth Asphalt,Mountains,Rural,40 - 45  MPH,Missing,Cloudy,No,"0.0, 0.0"
79,80,No,15-Nov,13,No,Facing Traffic,C: Possible Injury,Sidewalk / Crosswalk / Driveway Crossing,Black,Male,Raleigh,Wake,No,01-01-05,2008-02-01,Motorist Failed to Yield - Sign-Controlled Intersection,20,Intersection-Related,01-02-01,0001-01-01T15:11:58-04:56,Motorist Drive Out - Sign-Controlled Intersection,232141,2008,C: Possible Injury,Residential,30-39,39,No,0-5 mph,O: No Injury,White,Male,Sport Utility,No,No,Dusk,Urban (>70% Developed),2 lanes,2,Straight - Level,Local Street,Dry,"Two-Way, Not Divided",None,No Special Feature,Smooth Asphalt,Piedmont,Urban,20 - 25  MPH,Stop Sign,Clear,No,"0.0, 0.0"
87,88,No,40-49,43,No,With Traffic,B: Evident Injury,Travel Lane,White,Male,Chapel Hill,Orange,No,,2008-02-04,Motorist Right Turn / Merge,13,Intersection,01-02-01,0001-01-01T08:30:58-04:56,Motorist Right Turn - Same Direction,111213,2008,B: Evident Injury,Residential,0-19,19,No,26-30 mph,O: No Injury,White,Male,Passenger Car,No,No,Daylight,Urban (>70% Developed),2 lanes,2,Curve - Grade,Local Street,Dry,"Two-Way, Not Divided",None,T-Intersection,Smooth Asphalt,Piedmont,Urban,30 - 35  MPH,Stop Sign,Clear,No,"0.0, 0.0"
798,799,Yes,10-Jun,10,No,With Traffic,C: Possible Injury,Travel Lane,Black,Male,None - Rural Crash,Wake,No,01-01-07,2012-10-21,Bicyclist Failed to Yield - Sign-Controlled Intersection,13,Intersection,01-10-01,0001-01-01T08:33:58-04:56,Bicyclist Ride Through - Sign-Controlled Intersection,,2012,C: Possible Injury,Residential,0-19,17,No,21-25 mph,O: No Injury,Black,Female,Passenger Car,No,No,Daylight,Rural (<30% Developed),2 lanes,2,Straight - Grade,State Secondary Route,Dry,"Two-Way, Not Divided",None,No Special Feature,Smooth Asphalt,Piedmont,Rural,20 - 25  MPH,Stop Sign,Clear,No,"35.73051, -78.5973"
810,811,Yes,10-Jun,10,No,With Traffic,A: Disabling Injury,Travel Lane,Black,Male,Durham,Durham,No,01-01-02,2012-10-23,Bicyclist Failed to Yield - Sign-Controlled Intersection,17,Intersection,01-10-01,0001-01-01T12:35:58-04:56,Bicyclist Ride Through - Sign-Controlled Intersection,,2012,A: Disabling Injury,Residential,30-39,31,No,21-25 mph,O: No Injury,Black,Female,Sport Utility,No,No,Daylight,Urban (>70% Developed),2 lanes,2,Straight - Grade,Local Street,Dry,"Two-Way, Not Divided",None,No Special Feature,Coarse Asphalt,Piedmont,Urban,30 - 35  MPH,Stop Sign,Clear,No,"35.96326, -78.8857"
816,817,Yes,25-29,27,Yes,With Traffic,C: Possible Injury,Travel Lane,White,Male,Knightdale,Wake,Yes,01-01-04,2012-10-25,Motorist Overtaking Bicyclist,19,Non-Intersection,01-10-01,0001-01-01T14:25:58-04:56,Motorist Overtaking - Other /,,2012,C: Possible Injury,Commercial,,,No,31-35 mph,Injury,/Missing,,Pickup,No,Yes,Dark - Roadway Not Lighted,Urban (>70% Developed),2 lanes,2,Straight - Level,Local Street,Dry,"Two-Way, Not Divided",None,No Special Feature,Coarse Asphalt,Piedmont,Urban,40 - 45  MPH,No Control Present,Clear,No,"35.81272, -78.4694"
818,819,Yes,20-24,21,No,With Traffic,C: Possible Injury,Travel Lane,Hispanic,Male,Wilmington,New Hanover,No,01-01-06,2012-10-06,Loss of Control / Turning Error,20,Intersection,01-10-01,0001-01-01T15:06:58-04:56,Motorist Lost Control - Other /,,2012,C: Possible Injury,Residential,0-19,19,No,21-25 mph,O: No Injury,White,Male,Passenger Car,No,No,Dark - Lighted Roadway,Urban (>70% Developed),4 lanes,4,Straight - Level,Local Street,Dry,"Two-Way, Not Divided",None,Four-Way Intersection,Smooth Asphalt,Coastal,Urban,20 - 25  MPH,Stop Sign,Clear,No,"34.22934, -77.9293"
819,820,No,40-49,43,No,With Traffic,B: Evident Injury,Bike Lane / Paved Shoulder,Black,Male,None - Rural Crash,Rockingham,No,01-01-04,2012-10-25,Motorist Overtaking Bicyclist,5,Non-Intersection,01-10-01,0001-01-01T00:03:58-04:56,Motorist Overtaking - Other /,,2012,B: Evident Injury,"Farms, Woods, Pastures",,,No,61-65 mph,Injury,/Missing,,Passenger Car,No,Yes,Dark - Roadway Not Lighted,Rural (<30% Developed),4 lanes,2,Straight - Level,US Route,Dry,"Two-Way, Divided, Positive Median Barrier",None,No Special Feature,Smooth Asphalt,Piedmont,Rural,60 - 75 MPH,No Control Present,Clear,No,"36.26376, -79.6494"
821,822,No,25-29,27,No,Facing Traffic,C: Possible Injury,Sidewalk / Crosswalk / Driveway Crossing,Black,Female,Cary,Wake,No,01-01-04,2012-10-11,Motorist Failed to Yield - Sign-Controlled Intersection,18,Intersection,01-10-01,0001-01-01T13:05:58-04:56,Motorist Drive Out - Sign-Controlled Intersection,,2012,C: Possible Injury,Residential,25-29,27,No,0-5 mph,O: No Injury,White,Female,Sport Utility,No,No,Daylight,Urban (>70% Developed),2 lanes,2,Straight - Level,Local Street,Dry,"Two-Way, Not Divided",None,No Special Feature,Smooth Asphalt,Piedmont,Urban,20 - 25  MPH,Stop Sign,Clear,No,"35.79437, -78.7832"
823,824,Yes,20-24,22,No,With Traffic,B: Evident Injury,Travel Lane,White,Male,Wilmington,New Hanover,No,01-01-07,2012-10-21,Motorist Failed to Yield - Midblock,15,Non-Intersection,01-10-01,0001-01-01T10:54:58-04:56,Motorist Drive Out - Commercial Driveway / Alley,,2012,B: Evident Injury,Commercial,,,No,11-15 mph,Injury,/Missing,,,No,Yes,Daylight,Urban (>70% Developed),2 lanes,2,Straight - Level,Local Street,Dry,"Two-Way, Not Divided",None,No Special Feature,Coarse Asphalt,Coastal,Urban,30 - 35  MPH,No Control Present,Clear,No,"34.23536, -77.8703"
824,825,Yes,25-29,25,No,With Traffic,B: Evident Injury,Travel Lane,White,Male,None - Rural Crash,Rowan,No,01-01-02,2012-10-30,Motorist Overtaking Bicyclist,6,Non-Intersection,01-10-01,0001-01-01T01:08:58-04:56,Motorist Overtaking - Undetected Bicyclist,,2012,B: Evident Injury,"Farms, Woods, Pastures",20-24,21,No,51-55 mph,O: No Injury,White,Male,Pickup,No,No,Dark - Roadway Not Lighted,Rural (<30% Developed),2 lanes,2,Curve - Level,State Secondary Route,Dry,"Two-Way, Not Divided",None,No Special Feature,Smooth Asphalt,Piedmont,Rural,50 - 55  MPH,"Double Yellow Line, No Passing Zone",Clear,No,"35.61393, -80.4946"
831,832,Yes,20-24,21,No,Facing Traffic,B: Evident Injury,Travel Lane,White,Male,Concord,Cabarrus,No,01-01-06,2012-10-13,Head-On,20,Intersection,01-10-01,0001-01-01T15:50:58-04:56,Head-On - Bicyclist,,2012,B: Evident Injury,Commercial,20-24,21,No,11-15 mph,O: No Injury,White,Male,Sport Utility,No,No,Dark - Lighted Roadway,Urban (>70% Developed),4 lanes,2,Straight - Level,US Route,Dry,"Two-Way, Divided, Unprotected Median",None,"Driveway, Public",Coarse Asphalt,Piedmont,Urban,40 - 45  MPH,Stop Sign,Clear,No,"35.35186, -80.6889"
838,839,No,50-59,56,No,With Traffic,B: Evident Injury,Travel Lane,White,Male,Hickory,Catawba,No,01-01-04,2012-10-25,Motorist Right Turn / Merge,13,Non-Intersection,01-10-01,0001-01-01T09:01:58-04:56,Motorist Right Turn - Same Direction,,2012,B: Evident Injury,Commercial,50-59,55,No,6-10 mph,O: No Injury,Asian,Female,Sport Utility,No,No,Daylight,Urban (>70% Developed),5 lanes,2,Straight - Grade,Local Street,Dry,"Two-Way, Not Divided",None,No Special Feature,Coarse Asphalt,Piedmont,Urban,40 - 45  MPH,No Control Present,Clear,No,"35.75217, -81.2864"
847,848,Yes,40-49,41,No,With Traffic,B: Evident Injury,Travel Lane,Black,Male,Kinston,Lenoir,No,,2012-11-05,Motorist Right Turn / Merge,16,Intersection,01-11-01,0001-01-01T11:33:58-04:56,Motorist Right Turn - Same Direction,,2012,B: Evident Injury,Commercial,30-39,34,No,0-5 mph,O: No Injury,White,Female,Passenger Car,No,No,Daylight,Urban (>70% Developed),9 or more lanes,2,Straight - Level,Local Street,Dry,"Two-Way, Not Divided",None,Four-Way Intersection,Smooth Asphalt,Coastal,Urban,30 - 35  MPH,Stop Sign,Clear,No,"35.26893, -77.5843"
850,851,No,25-29,28,No,With Traffic,O: No Injury,Travel Lane,White,Male,Boone,Watauga,No,01-01-05,2012-10-19,Bicyclist Overtaking Motorist,13,Intersection,01-10-01,0001-01-01T08:41:58-04:56,Bicyclist Overtaking - Passing on Right,,2012,O: No Injury,Residential,0-19,19,No,,O: No Injury,White,Female,Passenger Car,No,No,Daylight,Urban (>70% Developed),2 lanes,2,Straight - Level,US Route,Dry,"Two-Way, Not Divided",None,T-Intersection,Smooth Asphalt,Mountains,Urban,,"Double Yellow Line, No Passing Zone",Clear,No,"36.21808, -81.683"
853,854,Yes,25-29,26,No,With Traffic,B: Evident Injury,Sidewalk / Crosswalk / Driveway Crossing,White,Female,Wilmington,New Hanover,No,01-01-02,2012-10-23,Bicyclist Failed to Yield - Signalized Intersection,14,Intersection,01-10-01,0001-01-01T09:33:58-04:56,Bicyclist Failed to Clear - Trapped,,2012,B: Evident Injury,Residential,40-49,47,No,11-15 mph,O: No Injury,White,Female,Passenger Car,No,No,Daylight,Urban (>70% Developed),4 lanes,2,Straight - Level,Local Street,Dry,"Two-Way, Divided, Unprotected Median",Other,Four-Way Intersection,Coarse Asphalt,Coastal,Urban,20 - 25  MPH,Stop And Go Signal,Clear,No,"34.22452, -77.8238"
855,856,Yes,25-29,28,No,With Traffic,B: Evident Injury,Travel Lane,White,Male,Wilmington,New Hanover,No,01-01-06,2012-10-20,Motorist Failed to Yield - Signalized Intersection,17,Intersection,01-10-01,0001-01-01T12:52:58-04:56,Motorist Drive Out - Right Turn on Red,,2012,B: Evident Injury,Industrial,40-49,48,No,11-15 mph,O: No Injury,White,Female,Van,No,No,Dusk,Urban (>70% Developed),4 lanes,2,Straight - Level,Local Street,Dry,"Two-Way, Not Divided",None,No Special Feature,Coarse Asphalt,Coastal,Urban,40 - 45  MPH,Stop And Go Signal,Clear,No,"34.23084, -77.8771"
857,858,Yes,10-Jun,8,No,Not Applicable,O: No Injury,Non-Roadway,White,Female,Raleigh,Wake,No,01-01-06,2012-11-03,Non-Roadway,17,Non-Roadway,01-11-01,0001-01-01T12:33:58-04:56,Non-Roadway,,2012,O: No Injury,Residential,30-39,37,No,0-5 mph,O: No Injury,White,Male,"Light Truck (Mini-Van, Panel)",No,No,Daylight,Urban (>70% Developed),2 lanes,2,Straight - Level,"Private Road, Driveway",Dry,"Two-Way, Not Divided",None,"Driveway, Private",Smooth Asphalt,Piedmont,Urban,5 - 15 MPH,No Control Present,Clear,No,"35.95608, -78.5439"
858,859,Yes,60-69,63,No,With Traffic,B: Evident Injury,Travel Lane,White,Male,Raleigh,Wake,No,01-01-03,2012-11-07,Motorist Left Turn / Merge,15,Intersection-Related,01-11-01,0001-01-01T10:56:58-04:56,Motorist Left Turn - Opposite Direction,,2012,B: Evident Injury,Commercial,30-39,36,No,6-10 mph,O: No Injury,White,Male,Passenger Car,No,No,Daylight,Urban (>70% Developed),2 lanes,2,Straight - Level,,Dry,"Two-Way, Not Divided",None,No Special Feature,Smooth Asphalt,Piedmont,Urban,30 - 35  MPH,No Control Present,Clear,No,"35.79306, -78.6841"
865,866,Yes,40-49,45,No,With Traffic,A: Disabling Injury,Travel Lane,White,Male,None - Rural Crash,Davidson,No,01-01-07,2012-11-11,Motorist Left Turn / Merge,14,Intersection,01-11-01,0001-01-01T09:33:58-04:56,Motorist Left Turn - Opposite Direction,,2012,A: Disabling Injury,Residential,70,70,No,41-45 mph,O: No Injury,White,Female,Sport Utility,No,No,Daylight,Rural (<30% Developed),2 lanes,2,Curve - Level,State Secondary Route,Dry,"Two-Way, Not Divided",None,T-Intersection,Smooth Asphalt,Piedmont,Rural,40 - 45  MPH,"Double Yellow Line, No Passing Zone",Clear,No,"35.94995, -80.0886"
870,871,No,50-59,50,No,Facing Traffic,O: No Injury,Sidewalk / Crosswalk / Driveway Crossing,White,Male,Greenville,Pitt,No,01-01-06,2012-11-10,Crossing Paths - Other Circumstances,9,Intersection,01-11-01,0001-01-01T04:59:58-04:56,Signalized Intersection - Other /,,2012,O: No Injury,Commercial,20-24,20,No,0-5 mph,O: No Injury,White,Female,Passenger Car,No,No,Daylight,Urban (>70% Developed),5 lanes,2,Straight - Level,Local Street,Dry,"Two-Way, Divided, Unprotected Median",None,No Special Feature,Smooth Asphalt,Coastal,Urban,40 - 45  MPH,No Control Present,Clear,No,"35.59107, -77.3783"
874,875,No,25-29,26,No,Facing Traffic,B: Evident Injury,Sidewalk / Crosswalk / Driveway Crossing,White,Male,Charlotte,Mecklenburg,No,01-01-02,2012-10-23,Crossing Paths - Other Circumstances,16,Intersection,01-10-01,0001-01-01T11:24:58-04:56,Signalized Intersection - Other /,,2012,B: Evident Injury,Commercial,50-59,58,No,0-5 mph,O: No Injury,White,Male,Pickup,No,No,Daylight,Urban (>70% Developed),6 lanes,2,Curve - Level,Local Street,Dry,"Two-Way, Divided, Positive Median Barrier",None,T-Intersection,Coarse Asphalt,Piedmont,Urban,30 - 35  MPH,Stop And Go Signal,Clear,No,"35.19434, -80.8733"
878,879,No,16-19,16,No,With Traffic,C: Possible Injury,Travel Lane,Black,Male,Concord,Cabarrus,No,01-01-06,2012-11-03,Bicyclist Left Turn / Merge,15,Non-Intersection,01-11-01,0001-01-01T10:28:58-04:56,Bicyclist Left Turn - Same Direction,,2012,C: Possible Injury,Residential,25-29,25,No,41-45 mph,O: No Injury,White,Female,Passenger Car,No,No,Daylight,Urban (>70% Developed),2 lanes,2,Straight - Level,NC Route,Dry,"Two-Way, Divided, Unprotected Median",None,No Special Feature,Smooth Asphalt,Piedmont,Urban,40 - 45  MPH,No Control Present,Clear,No,"35.43405, -80.6328"
887,888,Yes,50-59,53,Yes,With Traffic,B: Evident Injury,Travel Lane,Black,Male,Durham,Durham,Yes,01-01-07,2012-11-18,Motorist Overtaking Bicyclist,22,Non-Intersection,01-11-01,0001-01-01T17:30:58-04:56,Motorist Overtaking - Undetected Bicyclist,,2012,B: Evident Injury,Commercial,60-69,69,No,21-25 mph,O: No Injury,Black,Male,Passenger Car,No,No,Dark - Lighted Roadway,Urban (>70% Developed),3 lanes,2,Straight - Grade,Local Street,Dry,"One-Way, Not Divided",None,No Special Feature,Smooth Asphalt,Piedmont,Urban,20 - 25  MPH,No Control Present,Clear,No,"35.99497, -78.8973"
888,889,Yes,20-24,22,No,With Traffic,B: Evident Injury,Travel Lane,White,Male,Elizabethtown,Bladen,No,01-01-03,2012-10-24,Bicyclist Failed to Yield - Signalized Intersection,16,Intersection,01-10-01,0001-01-01T11:50:58-04:56,Bicyclist Ride Through - Signalized Intersection,,2012,B: Evident Injury,Commercial,0-19,16,No,11-15 mph,O: No Injury,White,Female,Passenger Car,No,No,Daylight,Mixed (30% To 70% Developed),2 lanes,2,Straight - Level,State Secondary Route,Dry,"Two-Way, Not Divided",None,Four-Way Intersection,Smooth Asphalt,Coastal,Rural,30 - 35  MPH,Stop And Go Signal,Clear,No,"34.62806, -78.6079"
903,904,Yes,50-59,52,No,With Traffic,B: Evident Injury,Travel Lane,Black,Male,Mineral Springs,Union,No,01-01-04,2012-11-22,Head-On,11,Non-Intersection,01-11-01,0001-01-01T06:48:58-04:56,Head-On - Bicyclist,,2012,B: Evident Injury,"Farms, Woods, Pastures",25-29,27,No,41-45 mph,O: No Injury,White,Female,Passenger Car,No,No,Daylight,Rural (<30% Developed),2 lanes,2,Straight - Grade,NC Route,Dry,"Two-Way, Not Divided",None,No Special Feature,Smooth Asphalt,Piedmont,Rural,40 - 45  MPH,"Double Yellow Line, No Passing Zone",Clear,No,"34.93609, -80.6736"
909,910,Yes,20-24,20,No,Facing Traffic,C: Possible Injury,Sidewalk / Crosswalk / Driveway Crossing,White,Female,Greensboro,Guilford,No,,2012-08-27,Motorist Failed to Yield - Midblock,17,Non-Intersection,01-08-01,0001-01-01T12:14:58-04:56,Motorist Drive Out - Commercial Driveway / Alley,,2012,C: Possible Injury,Commercial,30-39,35,No,0-5 mph,O: No Injury,White,Male,Passenger Car,No,No,Daylight,Urban (>70% Developed),2 lanes,2,Straight - Level,Public Vehicular Area,Dry,"Two-Way, Not Divided",None,"Driveway, Public",Smooth Asphalt,Piedmont,Urban,5 - 15 MPH,No Control Present,Clear,No,"36.06396, -79.8178"
913,914,No,16-19,17,No,With Traffic,C: Possible Injury,Travel Lane,White,Male,Jonesville,Yadkin,No,01-01-02,2012-11-27,Bicyclist Failed to Yield - Sign-Controlled Intersection,11,Intersection,01-11-01,0001-01-01T06:18:58-04:56,Bicyclist Ride Through - Sign-Controlled Intersection,,2012,C: Possible Injury,Residential,40-49,43,No,31-35 mph,O: No Injury,White,Female,Sport Utility,No,No,Daylight,Mixed (30% To 70% Developed),2 lanes,2,Straight - Grade,Local Street,Wet,"Two-Way, Not Divided",None,T-Intersection,Smooth Asphalt,Mountains,Rural,30 - 35  MPH,No Control Present,Rain,No,"36.23988, -80.8489"
917,918,Yes,20-24,20,No,Not Applicable,C: Possible Injury,Non-Roadway,Black,Male,Raleigh,Wake,No,01-01-05,2012-11-23,Non-Roadway,14,Non-Roadway,01-11-01,0001-01-01T09:47:58-04:56,Non-Roadway,,2012,C: Possible Injury,Commercial,30-39,39,No,11-15 mph,O: No Injury,Black,Male,Sport Utility,No,No,Daylight,Urban (>70% Developed),2 lanes,2,Straight - Level,Public Vehicular Area,Dry,"Two-Way, Not Divided",None,No Special Feature,Smooth Asphalt,Piedmont,Urban,5 - 15 MPH,No Control Present,Cloudy,No,"35.75482, -78.6148"
918,919,Yes,20-24,24,No,Facing Traffic,O: No Injury,Sidewalk / Crosswalk / Driveway Crossing,White,Male,Raleigh,Wake,No,01-01-02,2012-11-27,Motorist Failed to Yield - Midblock,14,Non-Intersection,01-11-01,0001-01-01T09:38:58-04:56,Motorist Drive Out - Commercial Driveway / Alley,,2012,O: No Injury,Commercial,25-29,25,No,0-5 mph,O: No Injury,White,Male,Passenger Car,No,No,Daylight,Urban (>70% Developed),5 lanes,2,Straight - Grade,Local Street,Dry,"Two-Way, Not Divided",None,No Special Feature,Smooth Asphalt,Piedmont,Urban,30 - 35  MPH,No Control Present,Cloudy,No,"35.85613, -78.6436"
922,923,No,70,0,No,,O: No Injury,Bike Lane / Paved Shoulder,Hispanic,Male,Clinton,Sampson,No,01-01-03,2012-11-28,Bicyclist Failed to Yield - Midblock,13,Non-Intersection,01-11-01,0001-01-01T08:59:58-04:56,Bicyclist Ride Out - Midblock -,,2012,O: No Injury,Residential,50-59,57,No,31-35 mph,O: No Injury,Black,Female,Passenger Car,No,No,Daylight,Urban (>70% Developed),2 lanes,2,Straight - Level,Local Street,Dry,"Two-Way, Not Divided",None,No Special Feature,Coarse Asphalt,Coastal,Urban,30 - 35  MPH,No Control Present,Clear,No,"34.98883, -78.331"
926,927,Yes,50-59,56,No,With Traffic,C: Possible Injury,Travel Lane,Black,Male,Greenville,Pitt,No,01-01-05,2012-11-16,Motorist Failed to Yield - Signalized Intersection,12,Intersection,01-11-01,0001-01-01T07:49:58-04:56,Motorist Drive Out - Signalized Intersection,,2012,C: Possible Injury,Residential,40-49,47,No,0-5 mph,O: No Injury,White,Female,Passenger Car,No,No,Daylight,Urban (>70% Developed),2 lanes,2,Straight - Level,Local Street,Dry,"Two-Way, Not Divided",None,T-Intersection,Smooth Asphalt,Coastal,Urban,30 - 35  MPH,No Control Present,Clear,No,"35.59224, -77.3473"
928,929,Yes,16-19,18,No,With Traffic,C: Possible Injury,Travel Lane,Hispanic,Male,Concord,Cabarrus,No,,2012-11-12,Motorist Overtaking Bicyclist,17,Non-Intersection,01-11-01,0001-01-01T12:43:58-04:56,Motorist Overtaking - Undetected Bicyclist,,2012,C: Possible Injury,Residential,30-39,38,No,41-45 mph,O: No Injury,White,Male,"Single Unit Truck (2-Axle, 6-Tire)",No,No,Dark - Lighted Roadway,Urban (>70% Developed),2 lanes,2,Straight - Level,Local Street,Dry,"Two-Way, Divided, Unprotected Median",None,No Special Feature,Smooth Asphalt,Piedmont,Urban,40 - 45  MPH,No Control Present,Clear,No,"35.38232, -80.6848"
931,932,Yes,40-49,41,Yes,Facing Traffic,K: Killed,Travel Lane,White,Male,None - Rural Crash,Nash,Yes,01-01-04,2012-11-29,Bicyclist Right Turn / Merge,13,Non-Intersection,01-11-01,0001-01-01T08:10:58-04:56,Bicyclist Right Turn - Same Direction,,2012,K: Killed,"Farms, Woods, Pastures",40-49,45,No,51-55 mph,O: No Injury,Black,Female,Passenger Car,No,No,Daylight,Rural (<30% Developed),2 lanes,2,Straight - Level,State Secondary Route,Dry,"Two-Way, Not Divided",None,No Special Feature,Smooth Asphalt,Coastal,Rural,50 - 55  MPH,No Control Present,Clear,No,"35.77929, -78.1812"
936,937,Yes,20-24,22,No,With Traffic,B: Evident Injury,Travel Lane,White,Male,None - Rural Crash,Orange,No,,2012-12-03,Motorist Failed to Yield - Sign-Controlled Intersection,16,Intersection,01-12-01,0001-01-01T11:03:58-04:56,Motorist Drive Out - Sign-Controlled Intersection,,2012,B: Evident Injury,"Farms, Woods, Pastures",40-49,40,No,21-25 mph,O: No Injury,White,Male,Passenger Car,No,No,Daylight,Rural (<30% Developed),2 lanes,2,Straight - Grade,State Secondary Route,Dry,"Two-Way, Not Divided",None,T-Intersection,Smooth Asphalt,Piedmont,Rural,40 - 45  MPH,Stop Sign,Clear,No,"36.03282, -79.0383"