FID,OBJECTID,AmbulanceR,BikeAge_Gr,Bike_Age,Bike_Alc_D,Bike_Dir,Bike_Injur,Bike_Pos,Bike_Race,Bike_Sex,City,County,CrashAlcoh,CrashDay,Crash_Date,Crash_Grp,Crash_Hour,Crash_Loc,Crash_Mont,Crash_Time,Crash_Type,Crash_Ty_1,Crash_Year,Crsh_Sevri,Developmen,DrvrAge_Gr,Drvr_Age,Drvr_Alc_D,Drvr_EstSp,Drvr_Injur,Drvr_Race,Drvr_Sex,Drvr_VehTy,ExcsSpdInd,Hit_Run,Light_Cond,Locality,Num_Lanes,Num_Units,Rd_Charact,Rd_Class,Rd_Conditi,Rd_Config,Rd_Defects,Rd_Feature,Rd_Surface,Region,Rural_Urba,Speed_Limi,Traff_Cntr,Weather,Workzone_I,Location
938,939,No,10-Jun,6,No,,O: No Injury,,Native American,Male,Fayetteville,Cumberland,No,,2012-11-12,Other /  - Insufficient Details,16,Non-Intersection,01-11-01,0001-01-01T11:36:58-04:56,Approach Paths,,2012,O: No Injury,Residential,40-49,40,No,,O: No Injury,Black,Female,Sport Utility,No,No,Daylight,Mixed (30% To 70% Developed),1 lane,2,Straight - Level,Public Vehicular Area,Dry,"Two-Way, Not Divided",None,"Driveway, Public",Concrete,Coastal,Urban,5 - 15 MPH,Stop Sign,Clear,No,"34.99453, -78.9104"
939,940,No,50-59,53,No,Facing Traffic,B: Evident Injury,Sidewalk / Crosswalk / Driveway Crossing,White,Male,Asheville,Buncombe,No,01-01-06,2012-11-10,Motorist Failed to Yield - Sign-Controlled Intersection,13,Intersection,01-11-01,0001-01-01T08:14:58-04:56,Motorist Drive Out - Sign-Controlled Intersection,,2012,B: Evident Injury,Commercial,40-49,44,No,,O: No Injury,White,Female,Passenger Car,No,No,Daylight,Urban (>70% Developed),4 lanes,2,Straight - Grade,US Route,Dry,"Two-Way, Divided, Unprotected Median",None,T-Intersection,Smooth Asphalt,Mountains,Urban,40 - 45  MPH,Stop Sign,Clear,No,"35.57693, -82.6116"
940,941,Yes,50-59,54,No,With Traffic,C: Possible Injury,Travel Lane,White,Male,Chapel Hill,Orange,No,01-01-02,2012-11-27,Bicyclist Overtaking Motorist,17,Intersection-Related,01-11-01,0001-01-01T12:28:58-04:56,Bicyclist Overtaking - Extended Door,,2012,C: Possible Injury,Residential,30-39,31,No,0-5 mph,O: No Injury,White,Female,Passenger Car,No,No,Dark - Lighted Roadway,Urban (>70% Developed),2 lanes,2,Straight - Level,Local Street,Wet,"Two-Way, Divided, Unprotected Median",None,No Special Feature,Smooth Asphalt,Piedmont,Urban,20 - 25  MPH,"Double Yellow Line, No Passing Zone",Rain,No,"35.91165, -79.0626"
945,946,Yes,50-59,56,No,With Traffic,C: Possible Injury,Travel Lane,Black,Male,Greenville,Pitt,No,01-01-02,2012-12-04,Bicyclist Failed to Yield - Sign-Controlled Intersection,13,Intersection,01-12-01,0001-01-01T08:49:58-04:56,Bicyclist Ride Out - Sign-Controlled Intersection,,2012,C: Possible Injury,Commercial,20-24,21,No,41-45 mph,O: No Injury,White,Female,Passenger Car,No,No,Daylight,Urban (>70% Developed),7 lanes,2,Straight - Level,NC Route,Dry,"Two-Way, Not Divided",None,T-Intersection,Smooth Asphalt,Coastal,Urban,40 - 45  MPH,No Control Present,Clear,No,"35.60871, -77.3946"
946,947,Yes,50-59,50,No,With Traffic,B: Evident Injury,Travel Lane,Black,Male,Greenville,Pitt,No,,2012-12-03,Bicyclist Failed to Yield - Sign-Controlled Intersection,19,Intersection,01-12-01,0001-01-01T14:51:58-04:56,Bicyclist Ride Out - Sign-Controlled Intersection,,2012,B: Evident Injury,Residential,50-59,51,No,16-20 mph,O: No Injury,Black,Male,Pickup,No,No,Dark - Lighted Roadway,Urban (>70% Developed),2 lanes,2,Straight - Level,Local Street,Dry,"Two-Way, Not Divided",None,No Special Feature,Coarse Asphalt,Coastal,Urban,20 - 25  MPH,Stop Sign,Clear,No,"35.60262, -77.3742"
947,948,No,,0,No,With Traffic,Injury,Travel Lane,/Missing,,Shelby,Cleveland,No,01-01-05,2012-11-16,Motorist Left Turn / Merge,16,Intersection,01-11-01,0001-01-01T11:06:58-04:56,Motorist Left Turn - Opposite Direction,,2012,O: No Injury,Commercial,40-49,43,No,6-10 mph,O: No Injury,White,Male,Sport Utility,No,No,Daylight,Mixed (30% To 70% Developed),3 lanes,2,Straight - Level,US Route,Dry,"Two-Way, Divided, Positive Median Barrier",None,Four-Way Intersection,Smooth Asphalt,Mountains,Urban,40 - 45  MPH,Stop And Go Signal,Clear,No,"35.29354, -81.5983"
953,954,Yes,40-49,42,No,With Traffic,B: Evident Injury,Travel Lane,White,Male,None - Rural Crash,Iredell,No,,2012-12-10,Motorist Overtaking Bicyclist,16,Non-Intersection,01-12-01,0001-01-01T11:53:58-04:56,Motorist Overtaking - Other /,,2012,B: Evident Injury,Residential,20-24,20,No,41-45 mph,O: No Injury,White,Female,Passenger Car,No,No,Daylight,Mixed (30% To 70% Developed),2 lanes,2,Straight - Level,State Secondary Route,Wet,"Two-Way, Not Divided",None,No Special Feature,Smooth Asphalt,Piedmont,Rural,50 - 55  MPH,"Double Yellow Line, No Passing Zone",Rain,No,"35.64592, -80.8092"
959,960,Yes,30-39,35,No,Facing Traffic,O: No Injury,Sidewalk / Crosswalk / Driveway Crossing,Hispanic,Male,Charlotte,Mecklenburg,No,01-01-03,2012-12-12,Motorist Failed to Yield - Midblock,9,Non-Intersection,01-12-01,0001-01-01T04:14:58-04:56,Motorist Drive Out - Residential Driveway,,2012,B: Evident Injury,Residential,40-49,49,No,0-5 mph,O: No Injury,White,Male,Passenger Car,No,No,Daylight,Urban (>70% Developed),2 lanes,2,Straight - Level,Local Street,Dry,"Two-Way, Divided, Unprotected Median",None,"Driveway, Public",Concrete,Piedmont,Urban,20 - 25  MPH,Stop Sign,Cloudy,No,"35.1863, -80.7443"
963,964,Yes,40-49,40,No,Facing Traffic,C: Possible Injury,Sidewalk / Crosswalk / Driveway Crossing,White,Male,Greensboro,Guilford,No,01-01-05,2012-12-14,Motorist Failed to Yield - Sign-Controlled Intersection,17,Intersection,01-12-01,0001-01-01T12:53:58-04:56,Motorist Drive Out - Sign-Controlled Intersection,,2012,C: Possible Injury,Commercial,40-49,44,No,0-5 mph,O: No Injury,White,Male,Passenger Car,No,No,Dark - Lighted Roadway,Urban (>70% Developed),4 lanes,2,Straight - Bottom,Local Street,Dry,"One-Way, Not Divided",None,Four-Way Intersection,Coarse Asphalt,Piedmont,Urban,20 - 25  MPH,Stop Sign,Clear,No,"36.07581, -79.797"
965,966,Yes,50-59,56,No,With Traffic,A: Disabling Injury,Travel Lane,White,Female,Weddington,Union,No,01-01-06,2012-12-15,Motorist Failed to Yield - Sign-Controlled Intersection,16,Intersection,01-12-01,0001-01-01T11:52:58-04:56,Motorist Drive Out - Sign-Controlled Intersection,,2012,A: Disabling Injury,"Farms, Woods, Pastures",30-39,32,No,6-10 mph,O: No Injury,Black,Female,Passenger Car,No,No,Daylight,Rural (<30% Developed),1 lane,2,Curve - Level,State Secondary Route,Dry,"One-Way, Not Divided",None,Traffic Circle/Roundabout,Smooth Asphalt,Piedmont,Urban,40 - 45  MPH,Yield Sign,Clear,No,"35.02387, -80.6915"
969,970,Yes,,0,Missing,Facing Traffic,Injury,Sidewalk / Crosswalk / Driveway Crossing,/Missing,,Greensboro,Guilford,No,01-01-04,2012-05-24,Motorist Failed to Yield - Midblock,11,Non-Intersection,01-05-01,0001-01-01T06:40:58-04:56,Motorist Drive Out - Commercial Driveway / Alley,,2012,O: No Injury,Commercial,30-39,38,No,0-5 mph,O: No Injury,White,Female,Passenger Car,No,No,Daylight,Urban (>70% Developed),4 lanes,2,Straight - Level,Local Street,Dry,"Two-Way, Not Divided",None,No Special Feature,Smooth Asphalt,Piedmont,Urban,30 - 35  MPH,Stop Sign,Clear,No,"36.07069, -79.869"
975,976,Yes,60-69,61,No,With Traffic,Injury,Travel Lane,Black,Male,Morehead City,Carteret,No,01-01-03,2012-12-05,Motorist Overtaking Bicyclist,16,Intersection-Related,01-12-01,0001-01-01T11:10:58-04:56,Motorist Overtaking - Undetected Bicyclist,,2012,Injury,Residential,20-24,20,No,11-15 mph,Injury,White,Male,Pickup,No,No,Daylight,Urban (>70% Developed),2 lanes,2,Straight - Level,Local Street,Dry,"Two-Way, Not Divided",None,No Special Feature,Smooth Asphalt,Coastal,Urban,20 - 25  MPH,No Control Present,Clear,No,"34.72393, -76.7229"
977,978,Yes,16-19,18,No,With Traffic,B: Evident Injury,Bike Lane / Paved Shoulder,White,Male,Wilmington,New Hanover,No,01-01-02,2012-12-04,Motorist Right Turn / Merge,17,Non-Intersection,01-12-01,0001-01-01T12:51:58-04:56,Motorist Right Turn - Same Direction,,2012,B: Evident Injury,Commercial,20-24,24,No,16-20 mph,O: No Injury,White,Male,Passenger Car,No,No,Dark - Lighted Roadway,Urban (>70% Developed),3 lanes,2,Straight - Level,Local Street,Dry,"Two-Way, Divided, Unprotected Median",None,"Driveway, Public",Coarse Asphalt,Coastal,Urban,30 - 35  MPH,No Control Present,Cloudy,No,"34.21435, -77.887"
990,991,Yes,20-24,21,No,With Traffic,A: Disabling Injury,Travel Lane,White,Male,None - Rural Crash,Duplin,No,,2012-12-17,Motorist Overtaking Bicyclist,19,Non-Intersection,01-12-01,0001-01-01T14:08:58-04:56,Motorist Overtaking - Other /,,2012,A: Disabling Injury,"Farms, Woods, Pastures",,,Missing,51-55 mph,Injury,/Missing,,,No,Yes,Dark - Roadway Not Lighted,Rural (<30% Developed),4 lanes,2,Straight - Level,NC Route,Wet,"Two-Way, Divided, Unprotected Median",None,No Special Feature,Coarse Asphalt,Coastal,Rural,50 - 55  MPH,No Control Present,Rain,No,"34.92466, -77.7785"
993,994,Yes,50-59,53,No,With Traffic,A: Disabling Injury,Travel Lane,White,Male,None - Rural Crash,Carteret,No,01-01-07,2012-12-30,Motorist Overtaking Bicyclist,13,Non-Intersection,01-12-01,0001-01-01T08:58:58-04:56,Motorist Overtaking - Other /,,2012,A: Disabling Injury,Commercial,70,70,No,46-50 mph,O: No Injury,White,Male,Pickup,No,No,Daylight,Mixed (30% To 70% Developed),2 lanes,2,Straight - Level,US Route,Dry,"Two-Way, Not Divided",None,No Special Feature,Coarse Asphalt,Coastal,Rural,50 - 55  MPH,No Control Present,Clear,No,"34.76595, -76.5392"
995,996,Yes,40-49,48,Yes,With Traffic,K: Killed,Travel Lane,Black,Male,Goldsboro,Wayne,Yes,01-01-04,2012-12-20,Bicyclist Left Turn / Merge,17,Non-Intersection,01-12-01,0001-01-01T12:54:58-04:56,Bicyclist Left Turn - Opposite Direction,,2012,K: Killed,Commercial,40-49,48,No,26-30 mph,O: No Injury,White,Male,Pickup,No,No,Dusk,Urban (>70% Developed),5 lanes,2,Straight - Level,Local Street,Dry,"Two-Way, Not Divided",None,No Special Feature,Smooth Asphalt,Coastal,Urban,30 - 35  MPH,No Control Present,Cloudy,No,"35.38777, -77.9805"
1010,1011,No,60-69,67,No,Facing Traffic,C: Possible Injury,Travel Lane,Black,Male,New Bern,Craven,No,01-01-04,2012-05-24,Motorist Failed to Yield - Sign-Controlled Intersection,12,Intersection,01-05-01,0001-01-01T07:47:58-04:56,Motorist Drive Out - Sign-Controlled Intersection,,2012,C: Possible Injury,Commercial,70,70,No,0-5 mph,O: No Injury,White,Female,Passenger Car,No,No,Daylight,Urban (>70% Developed),4 lanes,2,Straight - Level,Local Street,Dry,"Two-Way, Not Divided",None,T-Intersection,Smooth Asphalt,Coastal,Urban,30 - 35  MPH,Stop Sign,Clear,No,"35.11296, -77.0681"
1015,1016,Yes,15-Nov,11,No,With Traffic,A: Disabling Injury,Travel Lane,Hispanic,Male,Thomasville,Davidson,No,01-01-03,2012-07-11,Head-On,20,Non-Intersection,01-07-01,0001-01-01T15:35:58-04:56,Head-On - Bicyclist,,2012,A: Disabling Injury,Residential,50-59,57,No,21-25 mph,O: No Injury,White,Female,Passenger Car,No,No,Dark - Lighted Roadway,Mixed (30% To 70% Developed),2 lanes,2,Straight - Level,Local Street,Dry,"Two-Way, Not Divided",None,No Special Feature,Coarse Asphalt,Piedmont,Urban,30 - 35  MPH,No Control Present,Cloudy,No,"35.88971, -80.0553"
1019,1020,Yes,15-Nov,12,No,With Traffic,B: Evident Injury,Travel Lane,Black,Male,Dunn,Harnett,No,01-01-05,2012-10-12,Motorist Overtaking Bicyclist,6,Non-Intersection,01-10-01,0001-01-01T01:51:58-04:56,Motorist Overtaking - Other /,,2012,B: Evident Injury,Residential,30-39,36,No,31-35 mph,O: No Injury,Black,Female,Passenger Car,No,No,Dark - Roadway Not Lighted,Urban (>70% Developed),2 lanes,2,Straight - Level,Local Street,Dry,"Two-Way, Not Divided",None,No Special Feature,Coarse Asphalt,Coastal,Urban,30 - 35  MPH,No Control Present,Clear,No,"35.30401, -78.6202"
3,4,Yes,30-39,30,No,With Traffic,C: Possible Injury,Travel Lane,White,Male,Salisbury,Rowan,No,01-01-05,2007-01-19,Motorist Left Turn / Merge,17,Intersection,,0001-01-01T12:28:58-04:56,Motorist Left Turn - Opposite Direction,111212,2007,C: Possible Injury,Commercial,,,No,31-35 mph,Injury,/Missing,,Sport Utility,No,Yes,Daylight,Urban (>70% Developed),2 lanes,2,Straight - Grade,Local Street,Dry,"Two-Way, Not Divided",None,Four-Way Intersection,Smooth Asphalt,Piedmont,Urban,30 - 35  MPH,No Control Present,Cloudy,No,"35.6844, -80.47932"
5,6,Yes,50-59,58,No,With Traffic,B: Evident Injury,Sidewalk / Crosswalk / Driveway Crossing,White,Male,Salisbury,Rowan,No,01-01-03,2007-01-31,Bicyclist Failed to Yield - Signalized Intersection,9,Intersection,,0001-01-01T04:28:58-04:56,Bicyclist Ride Out - Signalized  Intersection,131153,2007,B: Evident Injury,Residential,,,No,21-25 mph,Injury,/Missing,,Passenger Car,No,Yes,Daylight,Urban (>70% Developed),2 lanes,2,Straight - Grade,Local Street,Dry,"Two-Way, Not Divided",None,Four-Way Intersection,Smooth Asphalt,Piedmont,Urban,30 - 35  MPH,Stop And Go Signal,Clear,No,"35.666668, -80.47759"
11,12,Yes,30-39,35,No,With Traffic,B: Evident Injury,Travel Lane,Black,Male,Raleigh,Wake,No,01-01-02,2007-01-02,Motorist Overtaking Bicyclist,11,Non-Intersection,,0001-01-01T06:35:58-04:56,Motorist Overtaking - Other /,311239,2007,B: Evident Injury,Commercial,25-29,27,No,31-35 mph,O: No Injury,White,Male,Pickup,No,No,Dark - Lighted Roadway,Urban (>70% Developed),6 lanes,2,Straight - Level,Local Street,Dry,"Two-Way, Divided, Unprotected Median",None,No Special Feature,Coarse Asphalt,Piedmont,Urban,40 - 45  MPH,No Control Present,Clear,No,"35.854084, -78.580986"
16,17,Yes,,10,No,Not Applicable,A: Disabling Injury,Non-Roadway,White,Male,None - Rural Crash,Davie,No,01-01-06,2007-01-06,Bicyclist Failed to Yield - Midblock,13,Non-Intersection,,0001-01-01T09:01:58-04:56,Bicyclist Ride Out - Other Midblock,363318,2007,A: Disabling Injury,Residential,25-29,26,No,16-20 mph,O: No Injury,White,Female,Passenger Car,No,No,Daylight,Urban (>70% Developed),2 lanes,2,Straight - Level,Public Vehicular Area,Dry,"Two-Way, Not Divided",None,No Special Feature,Smooth Asphalt,Piedmont,Rural,50 - 55  MPH,No Control Present,Clear,No,"36.01364, -80.4382"
19,20,No,30-39,31,Yes,Facing Traffic,B: Evident Injury,Sidewalk / Crosswalk / Driveway Crossing,Hispanic,Male,Gastonia,Gaston,Yes,01-01-06,2007-01-06,Motorist Failed to Yield - Midblock,13,Non-Intersection,,0001-01-01T08:33:58-04:56,Motorist Drive Out - Commercial Driveway / Alley,332322,2007,B: Evident Injury,Commercial,25-29,29,No,0-5 mph,O: No Injury,White,Male,Pickup,No,No,Daylight,Urban (>70% Developed),,2,Straight - Level,Public Vehicular Area,Dry,"Two-Way, Not Divided",None,"Driveway, Public",Smooth Asphalt,Piedmont,Urban,,No Control Present,Clear,No,"35.262295, -81.15347"
21,22,No,50-59,54,No,Facing Traffic,C: Possible Injury,Travel Lane,Black,Male,Winston-Salem,Forsyth,No,,2007-01-08,Head-On,15,Non-Intersection,,0001-01-01T10:04:58-04:56,Head-On - Bicyclist,312250,2007,C: Possible Injury,Commercial,40-49,46,No,31-35 mph,O: No Injury,White,Male,Passenger Car,No,No,Daylight,Urban (>70% Developed),2 lanes,2,Straight - Level,Local Street,Dry,"Two-Way, Not Divided",None,T-Intersection,Coarse Asphalt,Piedmont,Urban,30 - 35  MPH,No Control Present,Clear,No,"36.12228, -80.23296"
23,24,Yes,30-39,33,No,With Traffic,B: Evident Injury,Travel Lane,White,Female,Greensboro,Guilford,No,01-01-06,2007-01-13,Motorist Left Turn / Merge,11,Intersection,,0001-01-01T06:26:58-04:56,Motorist Left Turn - Opposite Direction,111212,2007,B: Evident Injury,Residential,70,,No,11-15 mph,O: No Injury,White,Female,Passenger Car,No,No,Daylight,Urban (>70% Developed),4 lanes,2,Straight - Level,Local Street,Dry,"Two-Way, Not Divided",None,Four-Way Intersection,Smooth Asphalt,Piedmont,Urban,30 - 35  MPH,Stop And Go Signal,Clear,No,"36.089798, -79.84083"
25,26,Yes,,13,Yes,Facing Traffic,C: Possible Injury,Travel Lane,Black,Male,None - Rural Crash,Iredell,Yes,01-01-02,2007-01-16,Head-On,17,Non-Intersection,,0001-01-01T12:48:58-04:56,Head-On - Bicyclist,312250,2007,C: Possible Injury,"Farms, Woods, Pastures",,,Missing,,Injury,/Missing,,,No,Yes,Dusk,Rural (<30% Developed),2 lanes,2,Straight - Grade,NC Route,Dry,"Two-Way, Not Divided",None,No Special Feature,Smooth Asphalt,Piedmont,Rural,40 - 45  MPH,"Double Yellow Line, No Passing Zone",Clear,No,"35.80795, -80.94646"
27,28,Yes,20-24,21,No,With Traffic,C: Possible Injury,Travel Lane,White,Male,None - Rural Crash,Orange,No,01-01-02,2007-01-09,Motorist Overtaking Bicyclist,8,Non-Intersection,,0001-01-01T03:44:58-04:56,Motorist Overtaking - Misjudged Space,311232,2007,C: Possible Injury,"Farms, Woods, Pastures",,,Missing,16-20 mph,Injury,/Missing,,,No,Yes,Daylight,Rural (<30% Developed),2 lanes,2,Straight - Level,State Secondary Route,Dry,"Two-Way, Not Divided",None,No Special Feature,Smooth Asphalt,Piedmont,Rural,40 - 45  MPH,No Control Present,Clear,No,"35.938232, -79.1048"
28,29,Yes,40-49,42,No,With Traffic,K: Killed,Bike Lane / Paved Shoulder,White,Male,Charlotte,Mecklenburg,Yes,01-01-02,2007-01-09,Motorist Overtaking Bicyclist,8,Non-Intersection,,0001-01-01T03:25:58-04:56,Motorist Overtaking - Other /,321239,2007,K: Killed,Residential,25-29,27,Yes,36-40 mph,O: No Injury,White,Female,Passenger Car,No,No,Daylight,Urban (>70% Developed),2 lanes,2,Straight - Level,Local Street,Dry,"Two-Way, Not Divided",None,No Special Feature,Smooth Asphalt,Piedmont,Urban,40 - 45  MPH,No Control Present,Clear,No,"35.17583, -80.71236"
30,31,No,50-59,50,No,With Traffic,C: Possible Injury,Travel Lane,White,Male,Charlotte,Mecklenburg,No,01-01-04,2007-01-11,Bicyclist Failed to Yield - Signalized Intersection,11,Intersection,,0001-01-01T06:03:58-04:56,Bicyclist Ride Out - Signalized  Intersection,111153,2007,C: Possible Injury,Commercial,,,Missing,26-30 mph,Injury,/Missing,,,No,Yes,Daylight,Urban (>70% Developed),3 lanes,2,Straight - Level,Local Street,Dry,"Two-Way, Not Divided",None,No Special Feature,Smooth Asphalt,Piedmont,Urban,40 - 45  MPH,Stop And Go Signal,Clear,No,"35.245506, -80.8931"
31,32,Yes,,12,No,Not Applicable,A: Disabling Injury,Driveway / Alley,Black,Male,Winston-Salem,Forsyth,No,01-01-05,2007-01-12,Bicyclist Failed to Yield - Midblock,19,Non-Intersection,,0001-01-01T14:22:58-04:56,Bicyclist Ride Out - Commercial Driveway / Alley,353312,2007,A: Disabling Injury,Residential,25-29,28,No,21-25 mph,O: No Injury,Hispanic,Male,,No,Yes,Dark - Lighted Roadway,Urban (>70% Developed),2 lanes,2,Straight - Grade,Local Street,Dry,"Two-Way, Not Divided",None,No Special Feature,Smooth Asphalt,Piedmont,Urban,20 - 25  MPH,No Control Present,Clear,No,"36.08168, -80.22822"
36,37,Yes,,11,No,Not Applicable,B: Evident Injury,Non-Roadway,Black,Male,Durham,Durham,No,01-01-05,2007-03-23,Bicyclist Failed to Yield - Signalized Intersection,18,Intersection-Related,01-03-01,0001-01-01T13:14:58-04:56,Bicyclist Ride Out - Signalized  Intersection,263153,2007,B: Evident Injury,Commercial,20-24,24,No,21-25 mph,O: No Injury,Black,Male,Passenger Car,No,No,Daylight,Urban (>70% Developed),2 lanes,2,Straight - Level,Local Street,Dry,"Two-Way, Not Divided",None,No Special Feature,Smooth Asphalt,Piedmont,Urban,30 - 35  MPH,No Control Present,Clear,No,"35.99294, -78.870125"
37,38,Yes,25-29,28,No,With Traffic,B: Evident Injury,Travel Lane,Black,Male,Durham,Durham,No,01-01-06,2007-03-24,Motorist Failed to Yield - Sign-Controlled Intersection,20,Intersection,01-03-01,0001-01-01T15:44:58-04:56,Motorist Drive Out - Sign-Controlled Intersection,111141,2007,B: Evident Injury,Residential,,,Missing,6-10 mph,Injury,/Missing,,Passenger Car,No,Yes,Dark - Roadway Not Lighted,Urban (>70% Developed),4 lanes,2,Straight - Grade,Local Street,Dry,"Two-Way, Not Divided",None,Four-Way Intersection,Coarse Asphalt,Piedmont,Urban,30 - 35  MPH,Stop Sign,Clear,No,"35.991573, -78.874756"
41,42,Yes,40-49,46,No,With Traffic,K: Killed,Bike Lane / Paved Shoulder,White,Male,None - Rural Crash,Cleveland,No,01-01-05,2007-01-19,Parallel Paths - Other Circumstances,12,Non-Intersection,,0001-01-01T07:09:58-04:56,Parallel Paths - Other /,321280,2007,K: Killed,"Farms, Woods, Pastures",30-39,35,No,56-60 mph,O: No Injury,White,Male,Tractor/Semi-Trailer,No,No,Daylight,Rural (<30% Developed),4 lanes,2,Straight - Level,US Route,Dry,"Two-Way, Divided, Positive Median Barrier",None,No Special Feature,Smooth Asphalt,Mountains,Rural,60 - 75 MPH,No Control Present,Clear,No,"35.246716, -81.42572"
44,45,No,30-39,32,No,With Traffic,O: No Injury,Travel Lane,Black,Male,Charlotte,Mecklenburg,No,01-01-05,2007-01-19,Loss of Control / Turning Error,11,Intersection-Related,,0001-01-01T06:41:58-04:56,Bicyclist Turning Error - Right Turn,211115,2007,O: No Injury,Residential,40-49,44,No,0-5 mph,O: No Injury,White,Male,Passenger Car,No,No,Daylight,Urban (>70% Developed),2 lanes,2,Straight - Level,Local Street,Dry,"Two-Way, Not Divided",None,No Special Feature,Smooth Asphalt,Piedmont,Urban,20 - 25  MPH,Stop Sign,Clear,No,"35.211964, -80.855385"
64,65,No,15-Nov,13,No,With Traffic,Injury,Sidewalk / Crosswalk / Driveway Crossing,/Missing,Male,Havelock,Craven,No,01-01-03,2007-02-07,Motorist Right Turn / Merge,7,Non-Intersection,01-02-01,0001-01-01T02:39:58-04:56,Motorist Right Turn - Same Direction,331213,2007,O: No Injury,Commercial,0-19,17,No,6-10 mph,O: No Injury,White,Female,Pickup,No,No,Daylight,Urban (>70% Developed),4 lanes,2,Straight - Level,Public Vehicular Area,Dry,"Two-Way, Not Divided",None,"Driveway, Public",Smooth Asphalt,Coastal,Urban,30 - 35  MPH,No Control Present,Clear,No,"34.882698, -76.91064"
68,69,Yes,20-24,20,Yes,,B: Evident Injury,Travel Lane,Hispanic,Male,Monroe,Union,Yes,,2007-02-12,Bicyclist Failed to Yield - Sign-Controlled Intersection,19,Intersection,01-02-01,0001-01-01T14:47:58-04:56,Bicyclist Ride Out - Sign-Controlled Intersection,119142,2007,B: Evident Injury,Commercial,30-39,32,No,31-35 mph,O: No Injury,White,Female,Passenger Car,No,No,Dark - Roadway Not Lighted,Urban (>70% Developed),2 lanes,2,Straight - Level,NC Route,Dry,"Two-Way, Not Divided",None,Four-Way Intersection,Coarse Asphalt,Piedmont,Urban,30 - 35  MPH,Stop Sign,Clear,No,"34.974567, -80.55748"
70,71,Yes,15-Nov,11,No,With Traffic,C: Possible Injury,,White,Female,Cary,Wake,No,01-01-07,2007-04-22,Crossing Paths - Other Circumstances,16,Intersection,01-04-01,0001-01-01T11:43:58-04:56,Crossing Paths - Intersection - Other /,191180,2007,C: Possible Injury,Residential,20-24,20,No,46-50 mph,O: No Injury,White,Male,Passenger Car,No,No,Daylight,Urban (>70% Developed),4 lanes,2,Curve - Grade,State Secondary Route,Dry,"Two-Way, Divided, Unprotected Median",None,No Special Feature,Smooth Asphalt,Piedmont,Urban,30 - 35  MPH,No Control Present,Clear,No,"35.767086, -78.767784"
505,506,No,10-Jun,8,No,Facing Traffic,B: Evident Injury,Travel Lane,White,Female,Emerald Isle,Carteret,No,01-01-03,2007-07-04,Parallel Paths - Other Circumstances,16,Non-Intersection,01-07-01,0001-01-01T11:53:58-04:56,Parallel Paths - Other /,312280,2007,B: Evident Injury,Residential,50-59,59,No,0-5 mph,O: No Injury,White,Female,Passenger Car,No,No,Daylight,Urban (>70% Developed),2 lanes,2,Straight - Hillcrest,Local Street,Dry,"Two-Way, Not Divided",None,"Driveway, Public",Coarse Asphalt,Coastal,Rural,20 - 25  MPH,No Control Present,Clear,No,"34.670452, -76.99141"
509,510,No,16-19,16,No,Facing Traffic,C: Possible Injury,Sidewalk / Crosswalk / Driveway Crossing,White,Male,Oak Island,Brunswick,No,01-01-05,2007-07-06,Motorist Failed to Yield - Sign-Controlled Intersection,18,Intersection,01-07-01,0001-01-01T13:17:58-04:56,Motorist Drive Out - Sign-Controlled Intersection,132141,2007,C: Possible Injury,Residential,60-69,63,No,0-5 mph,O: No Injury,White,Male,Sport Utility,No,No,Daylight,Urban (>70% Developed),2 lanes,2,Straight - Level,Local Street,Dry,"Two-Way, Not Divided",None,Four-Way Intersection,Smooth Asphalt,Coastal,Urban,20 - 25  MPH,Stop Sign,Clear,No,"33.909832, -78.095474"
513,514,Yes,40-49,49,Yes,Facing Traffic,C: Possible Injury,Sidewalk / Crosswalk / Driveway Crossing,Black,Male,Lumberton,Robeson,Yes,01-01-06,2007-07-07,Motorist Right Turn / Merge,16,Non-Intersection,01-07-01,0001-01-01T11:35:58-04:56,Motorist Right Turn - Opposite Direction,332214,2007,C: Possible Injury,Commercial,70,,No,31-35 mph,O: No Injury,Black,Male,Passenger Car,No,No,Dusk,Urban (>70% Developed),4 lanes,2,Straight - Level,Public Vehicular Area,Wet,"Two-Way, Not Divided",None,"Driveway, Public",Smooth Asphalt,Coastal,Urban,30 - 35  MPH,No Control Present,Cloudy,No,"34.61778, -79.01531"
519,520,Yes,30-39,33,No,With Traffic,B: Evident Injury,Travel Lane,White,Male,Hickory,Catawba,No,01-01-02,2007-07-10,Motorist Left Turn / Merge,12,Intersection,01-07-01,0001-01-01T07:17:58-04:56,Motorist Left Turn - Opposite Direction,111212,2007,B: Evident Injury,Commercial,70,,No,0-5 mph,O: No Injury,White,Female,Passenger Car,No,No,Daylight,Urban (>70% Developed),3 lanes,2,Straight - Level,Local Street,Dry,"Two-Way, Not Divided",None,Four-Way Intersection,Coarse Asphalt,Piedmont,Urban,30 - 35  MPH,Stop And Go Signal,Cloudy,No,"35.73852, -81.33565"