FID,OBJECTID,AmbulanceR,BikeAge_Gr,Bike_Age,Bike_Alc_D,Bike_Dir,Bike_Injur,Bike_Pos,Bike_Race,Bike_Sex,City,County,CrashAlcoh,CrashDay,Crash_Date,Crash_Grp,Crash_Hour,Crash_Loc,Crash_Mont,Crash_Time,Crash_Type,Crash_Ty_1,Crash_Year,Crsh_Sevri,Developmen,DrvrAge_Gr,Drvr_Age,Drvr_Alc_D,Drvr_EstSp,Drvr_Injur,Drvr_Race,Drvr_Sex,Drvr_VehTy,ExcsSpdInd,Hit_Run,Light_Cond,Locality,Num_Lanes,Num_Units,Rd_Charact,Rd_Class,Rd_Conditi,Rd_Config,Rd_Defects,Rd_Feature,Rd_Surface,Region,Rural_Urba,Speed_Limi,Traff_Cntr,Weather,Workzone_I,Location
440,441,No,25-29,27,No,Facing Traffic,C: Possible Injury,Sidewalk / Crosswalk / Driveway Crossing,White,Female,Fayetteville,Cumberland,No,01-01-02,2007-09-25,Motorist Failed to Yield - Sign-Controlled Intersection,14,Intersection,01-09-01,0001-01-01T09:11:58-04:56,Motorist Drive Out - Sign-Controlled Intersection,132141,2007,C: Possible Injury,Residential,50-59,59,No,,O: No Injury,Black,Male,Passenger Car,No,No,Daylight,Urban (>70% Developed),2 lanes,2,Straight - Level,Local Street,Dry,"Two-Way, Not Divided",None,T-Intersection,Coarse Asphalt,Coastal,Urban,,Stop Sign,Clear,No,"35.07221, -78.8836"
444,445,Yes,15-Nov,14,No,Not Applicable,B: Evident Injury,Driveway / Alley,White,Male,None - Rural Crash,Burke,No,01-01-04,2007-06-21,Bicyclist Failed to Yield - Midblock,16,Non-Intersection,01-06-01,0001-01-01T11:40:58-04:56,Bicyclist Ride Out - Residential Driveway,353311,2007,B: Evident Injury,Residential,20-24,21,No,36-40 mph,O: No Injury,White,Male,Pickup,No,No,Daylight,Mixed (30% To 70% Developed),2 lanes,3,Straight - Grade,State Secondary Route,Dry,"Two-Way, Not Divided",None,"Driveway, Private",Smooth Asphalt,Mountains,Rural,40 - 45  MPH,"Double Yellow Line, No Passing Zone",Clear,No,"35.6758, -81.79727"
445,446,Yes,16-19,17,No,Not Applicable,C: Possible Injury,Non-Roadway,Black,Male,Farmville,Pitt,No,01-01-04,2007-06-21,Crossing Paths - Other Circumstances,15,Intersection-Related,01-06-01,0001-01-01T10:56:58-04:56,Crossing Paths - Intersection - Other /,263180,2007,C: Possible Injury,Residential,60-69,63,No,31-35 mph,O: No Injury,Black,Male,Passenger Car,No,No,Daylight,Mixed (30% To 70% Developed),2 lanes,2,Straight - Level,Local Street,Dry,"Two-Way, Not Divided",None,No Special Feature,Smooth Asphalt,Coastal,Rural,30 - 35  MPH,No Control Present,Clear,No,"35.58893, -77.59163"
450,451,Yes,15-Nov,11,No,Not Applicable,B: Evident Injury,Multi-use Path,White,Male,None - Rural Crash,Currituck,No,01-01-06,2007-06-23,Bicyclist Failed to Yield - Midblock,14,Non-Intersection,01-06-01,0001-01-01T09:11:58-04:56,Bicyclist Ride Out - Other Midblock,343318,2007,B: Evident Injury,Residential,40-49,46,No,6-10 mph,O: No Injury,White,Female,Sport Utility,No,No,Daylight,Mixed (30% To 70% Developed),2 lanes,2,Straight - Level,Public Vehicular Area,Dry,"Two-Way, Not Divided",None,No Special Feature,Coarse Asphalt,Coastal,Rural,20 - 25  MPH,No Control Present,Clear,No,"36.25345, -75.78425"
453,454,Yes,15-Nov,14,No,With Traffic,B: Evident Injury,Travel Lane,White,Male,Southern Shores,Dare,No,01-01-07,2007-06-24,Motorist Left Turn / Merge,21,Intersection,01-06-01,0001-01-01T16:53:58-04:56,Motorist Left Turn - Opposite Direction,111212,2007,B: Evident Injury,Residential,,,Missing,0-5 mph,Injury,/Missing,,,No,Yes,Dark - Roadway Not Lighted,Urban (>70% Developed),2 lanes,2,Straight - Level,Local Street,Dry,"Two-Way, Not Divided",None,T-Intersection,Grooved Concrete,Coastal,Rural,20 - 25  MPH,Stop Sign,Clear,No,"36.12929, -75.74027"
455,456,Yes,50-59,53,No,Facing Traffic,A: Disabling Injury,Bike Lane / Paved Shoulder,White,Female,None - Rural Crash,Dare,No,,2007-06-25,Motorist Left Turn / Merge,16,Intersection,01-06-01,0001-01-01T11:53:58-04:56,Motorist Left Turn - Same Direction,122211,2007,A: Disabling Injury,Commercial,20-24,23,No,26-30 mph,O: No Injury,Hispanic,Female,"Light Truck (Mini-Van, Panel)",No,No,Daylight,Urban (>70% Developed),2 lanes,2,Straight - Level,NC Route,Dry,"Two-Way, Not Divided",None,T-Intersection,Smooth Asphalt,Coastal,Rural,30 - 35  MPH,"Double Yellow Line, No Passing Zone",Clear,No,"35.351765, -75.503296"
457,458,Yes,60-69,60,No,With Traffic,A: Disabling Injury,Travel Lane,White,Male,Morehead City,Carteret,No,,2007-06-25,Motorist Failed to Yield - Midblock,10,Non-Intersection,01-06-01,0001-01-01T05:58:58-04:56,Motorist Drive Out - Commercial Driveway / Alley,311322,2007,A: Disabling Injury,Commercial,70,,No,0-5 mph,O: No Injury,White,Female,Passenger Car,No,No,Daylight,Urban (>70% Developed),4 lanes,2,Straight - Level,US Route,Dry,"Two-Way, Divided, Unprotected Median",None,No Special Feature,Smooth Asphalt,Coastal,Urban,40 - 45  MPH,No Control Present,Clear,No,"34.736496, -76.80008"
464,465,Yes,25-29,25,No,With Traffic,B: Evident Injury,Travel Lane,White,Male,None - Rural Crash,Orange,No,01-01-06,2007-06-16,Motorist Left Turn / Merge,19,Non-Intersection,01-06-01,0001-01-01T14:04:58-04:56,Motorist Left Turn - Opposite Direction,311212,2007,B: Evident Injury,"Farms, Woods, Pastures",,,No,11-15 mph,Injury,/Missing,,Pickup,No,Yes,Daylight,Rural (<30% Developed),2 lanes,2,Curve - Hillcrest,State Secondary Route,Dry,"Two-Way, Not Divided",None,No Special Feature,Smooth Asphalt,Piedmont,Rural,40 - 45  MPH,"Double Yellow Line, No Passing Zone",Clear,No,"36.03295, -79.05684"
469,470,Yes,20-24,22,No,,B: Evident Injury,Travel Lane,White,Male,Hickory,Catawba,No,01-01-02,2007-06-26,Bicyclist Failed to Yield - Sign-Controlled Intersection,21,Intersection,01-06-01,0001-01-01T16:22:58-04:56,Bicyclist Ride Through - Sign-Controlled Intersection,119144,2007,B: Evident Injury,Residential,20-24,21,No,6-10 mph,O: No Injury,White,Female,Passenger Car,No,No,Dark - Lighted Roadway,Urban (>70% Developed),2 lanes,2,Straight - Bottom,Local Street,Dry,"Two-Way, Not Divided",None,T-Intersection,Smooth Asphalt,Piedmont,Urban,30 - 35  MPH,Stop Sign,Clear,No,"35.745693, -81.29968"
480,481,Yes,50-59,51,No,With Traffic,B: Evident Injury,Travel Lane,White,Male,None - Rural Crash,Beaufort,No,01-01-06,2007-06-30,Motorist Overtaking Bicyclist,11,Non-Intersection,01-06-01,0001-01-01T06:27:58-04:56,Motorist Overtaking - Other /,311239,2007,B: Evident Injury,Residential,70,,No,31-35 mph,O: No Injury,White,Male,Passenger Car,No,No,Daylight,Rural (<30% Developed),2 lanes,2,Straight - Level,State Secondary Route,Dry,"Two-Way, Not Divided",None,No Special Feature,Smooth Asphalt,Coastal,Rural,50 - 55  MPH,"Double Yellow Line, No Passing Zone",Clear,No,"35.56556, -76.98483"
482,483,Yes,15-Nov,12,No,,B: Evident Injury,Travel Lane,Black,Male,Rocky Mount,Nash,No,01-01-06,2007-06-30,Loss of Control / Turning Error,21,Intersection,01-06-01,0001-01-01T16:33:58-04:56,Bicyclist Lost Control - Mechanical Problems,119121,2007,B: Evident Injury,Residential,30-39,39,No,31-35 mph,O: No Injury,Black,Male,Sport Utility,No,No,Dark - Lighted Roadway,Urban (>70% Developed),2 lanes,2,Straight - Level,Local Street,Dry,"One-Way, Not Divided",None,Four-Way Intersection,Coarse Asphalt,Coastal,Urban,30 - 35  MPH,Stop Sign,Cloudy,No,"35.94466, -77.804115"
487,488,Yes,40-49,42,Yes,With Traffic,B: Evident Injury,Travel Lane,Black,Male,Charlotte,Mecklenburg,Yes,01-01-06,2007-10-06,Bicyclist Failed to Yield - Signalized Intersection,2,Intersection,01-10-01,0000-12-31T21:05:58-04:56,Bicyclist Ride Through - Signalized Intersection,111155,2007,B: Evident Injury,Commercial,,,Missing,,Injury,/Missing,,Passenger Car,No,Yes,Dark - Lighted Roadway,Urban (>70% Developed),4 lanes,2,Straight - Level,Local Street,Dry,"Two-Way, Not Divided",None,No Special Feature,Concrete,Piedmont,Urban,,Stop And Go Signal,Clear,No,"35.22564, -80.845406"
497,498,Yes,16-19,17,No,With Traffic,C: Possible Injury,Travel Lane,Black,Male,Rocky Mount,Edgecombe,No,,2007-07-02,Bicyclist Failed to Yield - Sign-Controlled Intersection,11,Intersection,01-07-01,0001-01-01T06:07:58-04:56,Bicyclist Ride Through - Sign-Controlled Intersection,111144,2007,C: Possible Injury,Residential,70,,No,16-20 mph,O: No Injury,White,Female,Passenger Car,No,No,Daylight,Urban (>70% Developed),2 lanes,2,Straight - Level,Local Street,Dry,"Two-Way, Not Divided",None,Four-Way Intersection,Smooth Asphalt,Coastal,Urban,30 - 35  MPH,Stop Sign,Clear,No,"35.93797, -77.784065"
6,7,Yes,70,,Yes,With Traffic,B: Evident Injury,Travel Lane,White,Male,Durham,Durham,Yes,01-01-03,2008-02-06,Bicyclist Failed to Yield - Sign-Controlled Intersection,13,Intersection,01-02-01,0001-01-01T08:28:58-04:56,Bicyclist Ride Through - Sign-Controlled Intersection,111144,2008,B: Evident Injury,Residential,70,,No,21-25 mph,O: No Injury,White,Female,Passenger Car,No,No,Daylight,Urban (>70% Developed),2 lanes,2,Straight - Level,Local Street,Dry,"Two-Way, Not Divided",None,Four-Way Intersection,Smooth Asphalt,Piedmont,Urban,30 - 35  MPH,Stop Sign,Cloudy,No,"0.0, 0.0"
21,22,Yes,10-Jun,9,No,Not Applicable,B: Evident Injury,Non-Roadway,Black,Male,Charlotte,Mecklenburg,No,01-01-07,2008-03-16,Bicyclist Failed to Yield - Sign-Controlled Intersection,16,Intersection,01-03-01,0001-01-01T11:57:58-04:56,Bicyclist Ride Through - Sign-Controlled Intersection,163144,2008,B: Evident Injury,Residential,20-24,20,No,31-35 mph,O: No Injury,Other,Male,Passenger Car,No,No,Daylight,Mixed (30% To 70% Developed),2 lanes,2,Straight - Grade,Local Street,Dry,"Two-Way, Not Divided",None,T-Intersection,Smooth Asphalt,Piedmont,Urban,30 - 35  MPH,Stop Sign,Clear,No,"0.0, 0.0"
22,23,Yes,30-39,38,No,With Traffic,B: Evident Injury,Travel Lane,Black,Male,Durham,Durham,No,01-01-02,2008-03-18,Motorist Right Turn / Merge,7,Intersection,01-03-01,0001-01-01T02:05:58-04:56,Motorist Right Turn - Same Direction,111213,2008,B: Evident Injury,Residential,20-24,21,No,11-15 mph,O: No Injury,Black,Female,Passenger Car,No,No,Daylight,Urban (>70% Developed),2 lanes,2,Straight - Grade,Local Street,Dry,"Two-Way, Not Divided",None,T-Intersection,Coarse Asphalt,Piedmont,Urban,40 - 45  MPH,No Control Present,Clear,No,"0.0, 0.0"
24,25,No,15-Nov,14,No,Facing Traffic,O: No Injury,,Black,Male,Cary,Wake,No,01-01-05,2008-03-28,Motorist Failed to Yield - Sign-Controlled Intersection,14,Intersection,01-03-01,0001-01-01T09:53:58-04:56,Motorist Drive Out - Sign-Controlled Intersection,192141,2008,O: No Injury,Residential,40-49,40,No,0-5 mph,O: No Injury,Black,Female,Van,No,No,Daylight,Urban (>70% Developed),2 lanes,2,Straight - Level,State Secondary Route,Dry,"Two-Way, Not Divided",None,Related To Intersection,Smooth Asphalt,Piedmont,Urban,20 - 25  MPH,Stop Sign,Clear,No,"0.0, 0.0"
34,35,Yes,15-Nov,14,No,With Traffic,B: Evident Injury,Travel Lane,White,Male,None - Rural Crash,Pasquotank,No,01-01-03,2008-04-02,Head-On,16,Non-Intersection,01-04-01,0001-01-01T11:52:58-04:56,Head-On - Bicyclist,311250,2008,B: Evident Injury,Residential,0-19,18,No,16-20 mph,O: No Injury,White,Female,Passenger Car,No,No,Daylight,Mixed (30% To 70% Developed),1 lane,2,Straight - Level,State Secondary Route,Dry,"Two-Way, Not Divided",None,No Special Feature,Coarse Asphalt,Coastal,Rural,20 - 25  MPH,No Control Present,Clear,No,"0.0, 0.0"
36,37,Yes,50-59,51,No,With Traffic,C: Possible Injury,Travel Lane,White,Male,Statesville,Iredell,No,01-01-03,2008-01-09,Motorist Failed to Yield - Sign-Controlled Intersection,15,Intersection,,0001-01-01T10:08:58-04:56,Motorist Drive Through - Sign-Controlled Intersection,111143,2008,C: Possible Injury,Commercial,50-59,59,No,0-5 mph,O: No Injury,White,Female,Passenger Car,No,No,Daylight,Urban (>70% Developed),2 lanes,2,Straight - Level,Local Street,Dry,"Two-Way, Not Divided",None,T-Intersection,Smooth Asphalt,Piedmont,Urban,30 - 35  MPH,Stop Sign,Clear,No,"0.0, 0.0"
39,40,Yes,40-49,42,No,With Traffic,C: Possible Injury,Travel Lane,Black,Male,None - Rural Crash,Granville,No,01-01-04,2008-01-10,Motorist Overtaking Bicyclist,22,Non-Intersection,,0001-01-01T17:03:58-04:56,Motorist Overtaking - Undetected Bicyclist,311231,2008,C: Possible Injury,"Farms, Woods, Pastures",40-49,43,No,51-55 mph,O: No Injury,White,Male,Pickup,No,No,Dark - Roadway Not Lighted,Rural (<30% Developed),2 lanes,2,Straight - Level,US Route,Dry,"Two-Way, Not Divided",None,No Special Feature,Smooth Asphalt,Piedmont,Rural,50 - 55  MPH,"Double Yellow Line, No Passing Zone",Cloudy,No,"0.0, 0.0"
41,42,Yes,25-29,27,Yes,With Traffic,C: Possible Injury,Travel Lane,White,Male,Greensboro,Guilford,Yes,01-01-04,2008-01-10,Parallel Paths - Other Circumstances,23,Intersection,,0001-01-01T18:15:58-04:56,Motorist Turn / Merge - Other /,111219,2008,C: Possible Injury,Residential,,,Missing,21-25 mph,Injury,/Missing,,,No,Yes,Dark - Lighted Roadway,Urban (>70% Developed),2 lanes,2,Straight - Level,Local Street,Wet,"Two-Way, Divided, Unprotected Median",None,T-Intersection,Smooth Asphalt,Piedmont,Urban,30 - 35  MPH,Missing,Cloudy,No,"0.0, 0.0"
43,44,Yes,20-24,21,Yes,With Traffic,A: Disabling Injury,Travel Lane,White,Male,None - Rural Crash,Rockingham,Yes,01-01-05,2008-04-04,Bicyclist Left Turn / Merge,20,Intersection,01-04-01,0001-01-01T15:41:58-04:56,Bicyclist Left Turn - Same Direction,111221,2008,A: Disabling Injury,"Farms, Woods, Pastures",30-39,38,No,26-30 mph,O: No Injury,White,Female,Passenger Car,No,No,Dark - Roadway Not Lighted,Urban (>70% Developed),2 lanes,2,Curve - Level,NC Route,Wet,"Two-Way, Not Divided",None,No Special Feature,Coarse Asphalt,Piedmont,Rural,50 - 55  MPH,"Double Yellow Line, No Passing Zone",Rain,No,"0.0, 0.0"
48,49,Yes,40-49,40,No,With Traffic,B: Evident Injury,,White,Male,Wilmington,New Hanover,No,,2008-01-14,Motorist Left Turn / Merge,7,Intersection,,0001-01-01T02:43:58-04:56,Motorist Left Turn - Opposite Direction,191212,2008,B: Evident Injury,Commercial,50-59,59,No,11-15 mph,O: No Injury,Black,Female,Passenger Car,No,No,Daylight,Urban (>70% Developed),5 lanes,2,Straight - Level,Local Street,Dry,"Two-Way, Not Divided",None,Four-Way Intersection,Smooth Asphalt,Coastal,Urban,40 - 45  MPH,Stop And Go Signal,Clear,No,"0.0, 0.0"
53,54,Yes,16-19,16,No,With Traffic,C: Possible Injury,Sidewalk / Crosswalk / Driveway Crossing,Black,Male,Greensboro,Guilford,No,01-01-07,2008-01-20,Bicyclist Failed to Yield - Signalized Intersection,12,Intersection,,0001-01-01T07:33:58-04:56,Bicyclist Failed to Clear - Trapped,131156,2008,C: Possible Injury,Institutional,,,Missing,,Injury,/Missing,,,No,Yes,Daylight,Urban (>70% Developed),5 lanes,2,Straight - Grade,Local Street,Dry,"Two-Way, Divided, Unprotected Median",None,Related To Intersection,Smooth Asphalt,Piedmont,Urban,,Stop And Go Signal,Clear,No,"0.0, 0.0"
58,59,No,60-69,67,No,With Traffic,B: Evident Injury,Travel Lane,White,Male,Pleasant Garden,Guilford,No,01-01-02,2008-01-22,Motorist Overtaking Bicyclist,18,Non-Intersection,,0001-01-01T13:22:58-04:56,Motorist Overtaking - Undetected Bicyclist,311231,2008,B: Evident Injury,Commercial,50-59,51,No,21-25 mph,O: No Injury,White,Male,Passenger Car,No,No,Dark - Roadway Not Lighted,Mixed (30% To 70% Developed),2 lanes,2,Straight - Level,State Secondary Route,Wet,"Two-Way, Not Divided",None,No Special Feature,Coarse Asphalt,Piedmont,Urban,30 - 35  MPH,"Double Yellow Line, No Passing Zone",Rain,No,"0.0, 0.0"
67,68,Yes,40-49,46,No,With Traffic,K: Killed,Travel Lane,White,Male,Wesley Chapel,Union,No,01-01-07,2008-01-27,Head-On,15,Non-Intersection,,0001-01-01T10:33:58-04:56,Head-On - Motorist,311255,2008,K: Killed,Residential,40-49,46,No,36-40 mph,B: Evident Injury,White,Female,Van,No,No,Daylight,Rural (<30% Developed),2 lanes,2,Straight - Level,State Secondary Route,Dry,"Two-Way, Not Divided",None,No Special Feature,Smooth Asphalt,Piedmont,Rural,30 - 35  MPH,"Double Yellow Line, No Passing Zone",Clear,No,"0.0, 0.0"
68,69,Yes,30-39,35,No,Facing Traffic,C: Possible Injury,Travel Lane,White,Male,Greensboro,Guilford,No,,2008-01-28,Motorist Failed to Yield - Signalized Intersection,12,Intersection,,0001-01-01T07:45:58-04:56,Motorist Drive Out - Right Turn on Red,112151,2008,C: Possible Injury,Commercial,30-39,32,No,0-5 mph,O: No Injury,White,Female,Passenger Car,No,No,Daylight,Urban (>70% Developed),4 lanes,2,Straight - Level,Local Street,Dry,"Two-Way, Not Divided",None,T-Intersection,Smooth Asphalt,Piedmont,Urban,30 - 35  MPH,Stop And Go Signal,Clear,No,"0.0, 0.0"
71,72,Yes,30-39,39,No,With Traffic,A: Disabling Injury,Travel Lane,White,Male,Wilmington,New Hanover,No,01-01-02,2008-01-29,Motorist Overtaking Bicyclist,13,Non-Intersection,,0001-01-01T08:16:58-04:56,Motorist Overtaking - Misjudged Space,311232,2008,A: Disabling Injury,Commercial,40-49,46,No,41-45 mph,O: No Injury,Black,Male,"Single Unit Truck (2-Axle, 6-Tire)",No,No,Daylight,Urban (>70% Developed),5 lanes,2,Straight - Level,Local Street,Dry,"Two-Way, Not Divided",None,No Special Feature,Coarse Asphalt,Coastal,Urban,40 - 45  MPH,Missing,Clear,No,"0.0, 0.0"
73,74,Yes,16-19,17,No,With Traffic,C: Possible Injury,Bike Lane / Paved Shoulder,White,Male,None - Rural Crash,Wake,No,01-01-03,2008-01-30,Motorist Overtaking Bicyclist,7,Non-Intersection,,0001-01-01T02:35:58-04:56,Motorist Overtaking - Other /,321239,2008,C: Possible Injury,"Farms, Woods, Pastures",70,,No,21-25 mph,O: No Injury,White,Male,Pickup,No,No,Daylight,Rural (<30% Developed),2 lanes,2,Straight - Grade,State Secondary Route,Dry,"Two-Way, Not Divided",None,No Special Feature,Smooth Asphalt,Piedmont,Rural,40 - 45  MPH,"Double Yellow Line, No Passing Zone",Cloudy,No,"0.0, 0.0"
75,76,Yes,40-49,42,No,With Traffic,B: Evident Injury,,Black,Female,Raleigh,Wake,No,01-01-07,2008-01-20,Motorist Right Turn / Merge,14,Non-Intersection,,0001-01-01T09:14:58-04:56,Motorist Right Turn - Same Direction,391213,2008,B: Evident Injury,Institutional,20-24,22,No,0-5 mph,O: No Injury,White,Female,Passenger Car,No,No,Daylight,Urban (>70% Developed),3 lanes,2,Straight - Bottom,Local Street,Dry,"Two-Way, Not Divided",None,"Driveway, Public",Coarse Asphalt,Piedmont,Urban,30 - 35  MPH,Stop And Go Signal,Clear,No,"0.0, 0.0"
76,77,Yes,25-29,29,No,With Traffic,C: Possible Injury,Travel Lane,White,Male,Morganton,Burke,No,01-01-04,2008-01-31,Motorist Failed to Yield - Midblock,20,Non-Intersection,,0001-01-01T15:47:58-04:56,Motorist Drive Out - Midblock -,311329,2008,C: Possible Injury,Residential,30-39,37,No,6-10 mph,O: No Injury,Black,Male,Passenger Car,No,No,Dark - Lighted Roadway,Urban (>70% Developed),2 lanes,2,Straight - Grade,Local Street,Wet,"Two-Way, Not Divided",None,No Special Feature,Smooth Asphalt,Mountains,Urban,30 - 35  MPH,No Control Present,Rain,No,"0.0, 0.0"
85,86,Yes,50-59,56,Yes,With Traffic,C: Possible Injury,Bike Lane / Paved Shoulder,Black,Male,Morehead City,Carteret,Yes,01-01-07,2008-02-03,Bicyclist Left Turn / Merge,18,Non-Intersection,01-02-01,0001-01-01T13:49:58-04:56,Bicyclist Left Turn - Same Direction,321221,2008,C: Possible Injury,Commercial,60-69,67,No,36-40 mph,O: No Injury,White,Male,Pickup,No,No,Dark - Lighted Roadway,Urban (>70% Developed),4 lanes,2,Straight - Level,US Route,Dry,"Two-Way, Divided, Unprotected Median",None,No Special Feature,Smooth Asphalt,Coastal,Urban,40 - 45  MPH,No Control Present,Clear,No,"0.0, 0.0"
95,96,No,16-19,16,No,Facing Traffic,A: Disabling Injury,Sidewalk / Crosswalk / Driveway Crossing,Black,Male,Winston-Salem,Forsyth,No,01-01-03,2008-02-06,Bicyclist Failed to Yield - Sign-Controlled Intersection,19,Intersection,01-02-01,0001-01-01T14:15:58-04:56,Bicyclist Ride Out - Sign-Controlled Intersection,132142,2008,A: Disabling Injury,Residential,40-49,43,No,26-30 mph,O: No Injury,White,Female,Passenger Car,No,No,Dark - Lighted Roadway,Urban (>70% Developed),2 lanes,2,Straight - Grade,Local Street,"Water (Standing, Moving)","One-Way, Not Divided",Road Surface Condition,No Special Feature,Smooth Asphalt,Piedmont,Urban,30 - 35  MPH,Stop Sign,Rain,No,"0.0, 0.0"
98,99,Yes,20-24,24,No,With Traffic,B: Evident Injury,Travel Lane,White,Male,None - Rural Crash,Caldwell,No,01-01-04,2008-02-07,Motorist Overtaking Bicyclist,15,Non-Intersection,01-02-01,0001-01-01T10:18:58-04:56,Motorist Overtaking - Other /,311239,2008,B: Evident Injury,"Farms, Woods, Pastures",,,Missing,31-35 mph,Injury,/Missing,,,No,Yes,Daylight,Rural (<30% Developed),2 lanes,2,Curve - Grade,State Secondary Route,Dry,"Two-Way, Not Divided",None,No Special Feature,Smooth Asphalt,Mountains,Rural,30 - 35  MPH,"Double Yellow Line, No Passing Zone",Clear,No,"0.0, 0.0"
101,102,No,50-59,52,No,Facing Traffic,B: Evident Injury,Sidewalk / Crosswalk / Driveway Crossing,White,Male,High Point,Guilford,No,01-01-06,2008-02-09,Motorist Failed to Yield - Midblock,13,Non-Intersection,01-02-01,0001-01-01T08:47:58-04:56,Motorist Drive Out - Commercial Driveway / Alley,332322,2008,B: Evident Injury,Commercial,30-39,38,No,0-5 mph,O: No Injury,White,Male,Passenger Car,No,No,Daylight,Urban (>70% Developed),2 lanes,2,Straight - Level,"Private Road, Driveway",Dry,"Two-Way, Not Divided",None,"Driveway, Public",Concrete,Piedmont,Urban,5 - 15 MPH,No Control Present,Clear,No,"0.0, 0.0"
105,106,Yes,16-19,16,No,Facing Traffic,C: Possible Injury,Travel Lane,Black,Male,High Point,Guilford,No,01-01-07,2008-02-10,Motorist Failed to Yield - Sign-Controlled Intersection,17,Intersection,01-02-01,0001-01-01T13:00:58-04:56,Motorist Drive Out - Sign-Controlled Intersection,112141,2008,C: Possible Injury,Residential,20-24,24,No,0-5 mph,O: No Injury,White,Male,Sport Utility,No,No,Daylight,Urban (>70% Developed),4 lanes,2,Straight - Level,Local Street,Dry,"Two-Way, Not Divided",None,Related To Intersection,Coarse Asphalt,Piedmont,Urban,30 - 35  MPH,Stop Sign,Clear,No,"0.0, 0.0"
108,109,No,40-49,47,No,With Traffic,O: No Injury,Travel Lane,White,Female,None - Rural Crash,Orange,No,01-01-05,2008-02-15,Motorist Overtaking Bicyclist,13,Non-Intersection,01-02-01,0001-01-01T08:48:58-04:56,Motorist Overtaking - Misjudged Space,311232,2008,O: No Injury,Residential,,,Missing,41-45 mph,Injury,/Missing,,,No,Yes,Daylight,Mixed (30% To 70% Developed),2 lanes,2,Straight - Level,State Secondary Route,Dry,"Two-Way, Not Divided",None,No Special Feature,Smooth Asphalt,Piedmont,Rural,40 - 45  MPH,Missing,Clear,No,"0.0, 0.0"
111,112,No,40-49,48,No,Facing Traffic,C: Possible Injury,Travel Lane,Black,Male,Fayetteville,Cumberland,No,01-01-06,2008-02-16,Head-On,10,Intersection,01-02-01,0001-01-01T05:25:58-04:56,Head-On - Bicyclist,112250,2008,C: Possible Injury,Commercial,30-39,35,No,6-10 mph,O: No Injury,Black,Female,Sport Utility,No,No,Daylight,Urban (>70% Developed),5 lanes,2,Straight - Level,Local Street,Dry,"Two-Way, Not Divided",None,No Special Feature,Coarse Asphalt,Coastal,Urban,40 - 45  MPH,Stop And Go Signal,Clear,No,"0.0, 0.0"
121,122,Yes,30-39,30,No,With Traffic,B: Evident Injury,Travel Lane,Black,Male,None - Rural Crash,Craven,No,01-01-05,2008-02-22,Bicyclist Left Turn / Merge,16,Non-Intersection,01-02-01,0001-01-01T11:36:58-04:56,Bicyclist Left Turn - Same Direction,311221,2008,B: Evident Injury,Residential,70,,No,36-40 mph,O: No Injury,Black,Female,Passenger Car,No,No,Daylight,Rural (<30% Developed),2 lanes,2,Straight - Level,State Secondary Route,Dry,"Two-Way, Not Divided",None,No Special Feature,Smooth Asphalt,Coastal,Rural,40 - 45  MPH,Missing,Cloudy,No,"0.0, 0.0"
132,133,Yes,30-39,30,No,Facing Traffic,B: Evident Injury,Travel Lane,Hispanic,Female,Charlotte,Mecklenburg,No,01-01-04,2008-05-01,Head-On,15,Intersection,01-05-01,0001-01-01T10:58:58-04:56,Head-On - Bicyclist,112250,2008,B: Evident Injury,Institutional,30-39,36,No,11-15 mph,O: No Injury,Other,Female,Passenger Car,No,No,Daylight,Mixed (30% To 70% Developed),2 lanes,2,,Local Street,Dry,,None,No Special Feature,,Piedmont,Urban,40 - 45  MPH,No Control Present,Clear,No,"0.0, 0.0"
144,145,Yes,10-Jun,8,No,Not Applicable,C: Possible Injury,Non-Roadway,White,Female,Greensboro,Guilford,No,,2008-03-03,Non-Roadway,18,Non-Roadway,01-03-01,0001-01-01T14:00:58-04:56,Non-Roadway,460910,2008,C: Possible Injury,Residential,,,No,,Injury,/Missing,,,No,Yes,Dusk,Urban (>70% Developed),,2,Curve - Hillcrest,Public Vehicular Area,Dry,"Two-Way, Not Divided",None,"Driveway, Public",Coarse Asphalt,Piedmont,Urban,,Missing,Clear,No,"0.0, 0.0"
152,153,Yes,40-49,43,Yes,With Traffic,A: Disabling Injury,Travel Lane,Black,Male,Rocky Mount,Nash,Yes,01-01-05,2008-03-07,Motorist Overtaking Bicyclist,20,Intersection,01-03-01,0001-01-01T15:10:58-04:56,Motorist Overtaking - Other /,111239,2008,A: Disabling Injury,Commercial,,,Missing,41-45 mph,Injury,/Missing,,,No,Yes,Dark - Lighted Roadway,Urban (>70% Developed),4 lanes,2,Straight - Level,Local Street,Wet,"Two-Way, Divided, Unprotected Median",None,T-Intersection,Smooth Asphalt,Coastal,Urban,40 - 45  MPH,Stop Sign,Rain,No,"0.0, 0.0"