FID,OBJECTID,AmbulanceR,BikeAge_Gr,Bike_Age,Bike_Alc_D,Bike_Dir,Bike_Injur,Bike_Pos,Bike_Race,Bike_Sex,City,County,CrashAlcoh,CrashDay,Crash_Date,Crash_Grp,Crash_Hour,Crash_Loc,Crash_Mont,Crash_Time,Crash_Type,Crash_Ty_1,Crash_Year,Crsh_Sevri,Developmen,DrvrAge_Gr,Drvr_Age,Drvr_Alc_D,Drvr_EstSp,Drvr_Injur,Drvr_Race,Drvr_Sex,Drvr_VehTy,ExcsSpdInd,Hit_Run,Light_Cond,Locality,Num_Lanes,Num_Units,Rd_Charact,Rd_Class,Rd_Conditi,Rd_Config,Rd_Defects,Rd_Feature,Rd_Surface,Region,Rural_Urba,Speed_Limi,Traff_Cntr,Weather,Workzone_I,Location
670,671,No,70,,No,With Traffic,B: Evident Injury,Sidewalk / Crosswalk / Driveway Crossing,White,Male,Fayetteville,Cumberland,No,01-01-05,2011-09-23,Motorist Left Turn / Merge,21,Non-Intersection,01-09-01,0001-01-01T16:20:58-04:56,Motorist Left Turn - Opposite Direction,331212,2011,B: Evident Injury,Commercial,,,Missing,,Injury,/Missing,,,No,Yes,Dark - Lighted Roadway,Urban (>70% Developed),7 lanes,2,Straight - Level,Local Street,Dry,"Two-Way, Not Divided",None,"Driveway, Public",Coarse Asphalt,Coastal,Urban,,No Control Present,Clear,No,"35.04407, -78.9428"
675,676,Yes,20-24,21,No,With Traffic,C: Possible Injury,Travel Lane,White,Male,None - Rural Crash,Wake,No,01-01-07,2011-10-02,Motorist Overtaking Bicyclist,19,Non-Intersection,01-10-01,0001-01-01T14:59:58-04:56,Motorist Overtaking - Misjudged Space,311232,2011,C: Possible Injury,"Farms, Woods, Pastures",,,No,41-45 mph,Injury,/Missing,,Pickup,No,Yes,Dark - Roadway Not Lighted,Rural (<30% Developed),2 lanes,2,Straight - Grade,State Secondary Route,Dry,"Two-Way, Not Divided",None,No Special Feature,Smooth Asphalt,Piedmont,Rural,40 - 45  MPH,"Double Yellow Line, No Passing Zone",Clear,No,"35.76887, -78.6492"
676,677,No,16-19,18,No,With Traffic,C: Possible Injury,Sidewalk / Crosswalk / Driveway Crossing,Black,Male,Rocky Mount,Nash,No,01-01-03,2011-08-10,Motorist Failed to Yield - Midblock,14,Non-Intersection,01-08-01,0001-01-01T09:25:58-04:56,Motorist Drive Out - Commercial Driveway / Alley,331322,2011,C: Possible Injury,Commercial,30-39,30,No,0-5 mph,O: No Injury,White,Female,Passenger Car,No,No,Daylight,Urban (>70% Developed),2 lanes,2,Straight - Level,Public Vehicular Area,Dry,"Two-Way, Not Divided",None,"Driveway, Private",Smooth Asphalt,Coastal,Urban,30 - 35  MPH,No Control Present,Clear,No,"35.94423, -77.7965"
677,678,No,50-59,50,No,Facing Traffic,B: Evident Injury,Sidewalk / Crosswalk / Driveway Crossing,White,Male,Raleigh,Wake,No,01-01-02,2011-09-27,Motorist Failed to Yield - Midblock,12,Non-Intersection,01-09-01,0001-01-01T07:25:58-04:56,Motorist Drive Out - Commercial Driveway / Alley,332322,2011,B: Evident Injury,Commercial,25-29,29,No,0-5 mph,O: No Injury,White,Female,Passenger Car,No,No,Daylight,Urban (>70% Developed),,2,Straight - Level,Public Vehicular Area,Dry,"Two-Way, Not Divided",None,"Driveway, Public",Concrete,Piedmont,Urban,5 - 15 MPH,No Control Present,Clear,No,"35.78458, -78.6942"
679,680,Yes,50-59,52,No,With Traffic,B: Evident Injury,Travel Lane,White,Male,None - Rural Crash,Martin,No,,2011-09-12,Bicyclist Left Turn / Merge,7,Non-Intersection,01-09-01,0001-01-01T02:45:58-04:56,Bicyclist Left Turn - Same Direction,311221,2011,B: Evident Injury,"Farms, Woods, Pastures",0-19,16,No,51-55 mph,O: No Injury,White,Male,Passenger Car,No,No,Daylight,Rural (<30% Developed),2 lanes,2,Straight - Level,State Secondary Route,Dry,"Two-Way, Not Divided",None,No Special Feature,Coarse Asphalt,Coastal,Rural,50 - 55  MPH,"Double Yellow Line, No Passing Zone",Clear,No,"35.76044, -77.1542"
680,681,No,60-69,64,No,With Traffic,C: Possible Injury,Travel Lane,White,Male,Charlotte,Mecklenburg,No,01-01-02,2011-09-27,Motorist Failed to Yield - Sign-Controlled Intersection,22,Intersection,01-09-01,0001-01-01T18:02:58-04:56,Motorist Drive Out - Sign-Controlled Intersection,111141,2011,C: Possible Injury,Commercial,40-49,41,No,0-5 mph,O: No Injury,White,Female,Passenger Car,No,No,Dark - Lighted Roadway,Mixed (30% To 70% Developed),2 lanes,2,Straight - Level,Local Street,Wet,"Two-Way, Not Divided",None,T-Intersection,Smooth Asphalt,Piedmont,Urban,40 - 45  MPH,Stop Sign,Rain,No,"35.17949, -81.02"
689,690,Yes,20-24,20,No,With Traffic,C: Possible Injury,Travel Lane,Black,Male,Wilmington,New Hanover,No,01-01-04,2011-09-29,Motorist Failed to Yield - Sign-Controlled Intersection,13,Intersection,01-09-01,0001-01-01T08:25:58-04:56,Motorist Drive Out - Sign-Controlled Intersection,111141,2011,C: Possible Injury,Residential,,,Missing,,Injury,/Missing,,Passenger Car,No,Yes,Daylight,Urban (>70% Developed),2 lanes,2,Straight - Level,Local Street,Dry,"Two-Way, Not Divided",None,No Special Feature,Smooth Asphalt,Coastal,Urban,30 - 35  MPH,Stop Sign,Clear,No,"34.2278, -77.9317"
693,694,No,40-49,42,No,With Traffic,O: No Injury,Travel Lane,Black,Male,Charlotte,Mecklenburg,No,01-01-03,2011-09-28,Bicyclist Left Turn / Merge,8,Intersection,01-09-01,0001-01-01T03:06:58-04:56,Bicyclist Left Turn - Same Direction,111221,2011,O: No Injury,Residential,25-29,29,No,26-30 mph,O: No Injury,White,Male,Passenger Car,No,No,Daylight,Urban (>70% Developed),2 lanes,2,Straight - Level,Local Street,Dry,"Two-Way, Not Divided",None,No Special Feature,Smooth Asphalt,Piedmont,Urban,30 - 35  MPH,No Control Present,Clear,No,"35.20021, -80.8892"
708,709,Yes,20-24,23,No,Facing Traffic,C: Possible Injury,Travel Lane,Black,Male,Statesville,Iredell,No,01-01-04,2011-10-06,Bicyclist Failed to Yield - Signalized Intersection,14,Intersection,01-10-01,0001-01-01T09:13:58-04:56,Bicyclist Ride Out - Signalized  Intersection,112153,2011,C: Possible Injury,Commercial,50-59,57,No,,O: No Injury,White,Female,Passenger Car,No,No,Daylight,Urban (>70% Developed),4 lanes,2,Straight - Level,Local Street,Dry,"Two-Way, Divided, Positive Median Barrier",None,Four-Way Intersection,Smooth Asphalt,Piedmont,Urban,30 - 35  MPH,Stop And Go Signal,Clear,No,"35.79114, -80.861"
714,715,Yes,20-24,23,No,With Traffic,B: Evident Injury,Bike Lane / Paved Shoulder,White,Female,Chapel Hill,Orange,No,01-01-07,2011-10-09,Motorist Right Turn / Merge,20,Intersection,01-10-01,0001-01-01T15:09:58-04:56,Motorist Right Turn - Same Direction,121213,2011,B: Evident Injury,Residential,20-24,21,No,0-5 mph,O: No Injury,White,Female,Passenger Car,No,No,Dark - Lighted Roadway,Urban (>70% Developed),2 lanes,2,Straight - Level,Local Street,Dry,"Two-Way, Not Divided",None,T-Intersection,Smooth Asphalt,Piedmont,Urban,30 - 35  MPH,No Control Present,Clear,No,"35.90886, -79.0593"
730,731,Yes,16-19,17,No,Facing Traffic,B: Evident Injury,Travel Lane,Black,Male,Rocky Mount,Nash,No,01-01-05,2011-10-14,Motorist Failed to Yield - Sign-Controlled Intersection,19,Intersection,01-10-01,0001-01-01T14:15:58-04:56,Motorist Drive Out - Sign-Controlled Intersection,112141,2011,B: Evident Injury,Commercial,30-39,34,No,0-5 mph,O: No Injury,Black,Female,Passenger Car,No,No,Dark - Lighted Roadway,Urban (>70% Developed),2 lanes,2,Straight - Level,Local Street,Dry,"Two-Way, Not Divided",None,No Special Feature,Coarse Asphalt,Coastal,Urban,30 - 35  MPH,Stop Sign,Clear,No,"35.93121, -77.8129"
731,732,No,,,Missing,Not Applicable,Injury,Non-Roadway,/Missing,,Rocky Mount,Nash,No,01-01-07,2011-07-31,Non-Roadway,2,Non-Roadway,01-07-01,0000-12-31T22:00:58-04:56,Non-Roadway,460910,2011,O: No Injury,Commercial,20-24,22,No,0-5 mph,O: No Injury,White,Male,Passenger Car,No,No,Dark - Lighted Roadway,Urban (>70% Developed),,2,Straight - Level,Public Vehicular Area,Dry,"Two-Way, Not Divided",None,No Special Feature,Coarse Asphalt,Coastal,Urban,5 - 15 MPH,No Control Present,Clear,No,"35.97766, -77.8035"
738,739,Yes,40-49,46,Yes,With Traffic,B: Evident Injury,Travel Lane,White,Male,None - Rural Crash,Onslow,Yes,01-01-07,2011-10-23,Motorist Overtaking Bicyclist,18,Non-Intersection,01-10-01,0001-01-01T13:55:58-04:56,Motorist Overtaking - Misjudged Space,311232,2011,B: Evident Injury,"Farms, Woods, Pastures",50-59,59,No,41-45 mph,O: No Injury,White,Male,Passenger Car,No,No,Dark - Roadway Not Lighted,Mixed (30% To 70% Developed),2 lanes,2,Straight - Level,State Secondary Route,Dry,"Two-Way, Not Divided",None,No Special Feature,Smooth Asphalt,Coastal,Rural,40 - 45  MPH,No Control Present,Clear,No,"34.73552, -77.162"
740,741,Yes,25-29,25,No,With Traffic,A: Disabling Injury,Travel Lane,Black,Male,None - Rural Crash,Wayne,No,01-01-02,2011-10-25,Bicyclist Left Turn / Merge,16,Non-Intersection,01-10-01,0001-01-01T11:38:58-04:56,Bicyclist Left Turn - Same Direction,311221,2011,A: Disabling Injury,"Farms, Woods, Pastures",0-19,19,No,41-45 mph,O: No Injury,White,Female,Passenger Car,No,No,Daylight,Rural (<30% Developed),2 lanes,2,Straight - Level,State Secondary Route,Dry,"Two-Way, Not Divided",None,No Special Feature,Coarse Asphalt,Coastal,Rural,40 - 45  MPH,"Double Yellow Line, No Passing Zone",Clear,No,"35.31115, -78.0166"
746,747,Yes,25-29,28,No,With Traffic,C: Possible Injury,Travel Lane,White,Female,Durham,Durham,No,01-01-04,2011-10-27,Bicyclist Left Turn / Merge,10,Intersection,01-10-01,0001-01-01T05:05:58-04:56,Bicyclist Left Turn - Same Direction,111221,2011,C: Possible Injury,Commercial,60-69,68,No,11-15 mph,O: No Injury,White,Male,Passenger Car,No,No,Daylight,Urban (>70% Developed),2 lanes,2,Straight - Level,Local Street,Dry,"Two-Way, Not Divided",None,No Special Feature,Smooth Asphalt,Piedmont,Urban,20 - 25  MPH,Stop Sign,Clear,No,"36.00767, -78.9222"
749,750,Yes,40-49,47,No,Not Applicable,C: Possible Injury,Travel Lane,White,Male,Monroe,Union,No,01-01-05,2011-10-14,Bicyclist Failed to Yield - Midblock,14,Non-Intersection,01-10-01,0001-01-01T09:08:58-04:56,Bicyclist Ride Out - Other Midblock,313318,2011,C: Possible Injury,Commercial,40-49,41,No,31-35 mph,O: No Injury,White,Female,Passenger Car,No,No,Daylight,Mixed (30% To 70% Developed),3 lanes,2,Straight - Level,US Route,Dry,"Two-Way, Divided, Unprotected Median",None,No Special Feature,Coarse Asphalt,Piedmont,Urban,40 - 45  MPH,No Control Present,Clear,No,"34.98933, -80.532"
761,762,Yes,25-29,27,No,Facing Traffic,C: Possible Injury,Sidewalk / Crosswalk / Driveway Crossing,Black,Male,Charlotte,Mecklenburg,No,01-01-05,2011-09-16,Motorist Failed to Yield - Midblock,7,Non-Intersection,01-09-01,0001-01-01T02:50:58-04:56,Motorist Drive Out - Commercial Driveway / Alley,332322,2011,C: Possible Injury,Commercial,40-49,41,No,0-5 mph,O: No Injury,Black,Female,Passenger Car,No,No,Daylight,Urban (>70% Developed),,2,Straight - Hillcrest,Public Vehicular Area,Dry,"Two-Way, Not Divided",Other,"Driveway, Public",Smooth Asphalt,Piedmont,Urban,5 - 15 MPH,No Control Present,Clear,No,"35.25868, -80.7851"
766,767,Yes,60-69,64,No,With Traffic,B: Evident Injury,Travel Lane,Black,Male,Winston-Salem,Forsyth,No,,2011-10-17,Motorist Failed to Yield - Sign-Controlled Intersection,7,Intersection,01-10-01,0001-01-01T02:10:58-04:56,Motorist Drive Out - Sign-Controlled Intersection,111141,2011,B: Evident Injury,Commercial,50-59,52,No,6-10 mph,O: No Injury,White,Female,Passenger Car,No,No,Dark - Roadway Not Lighted,Urban (>70% Developed),4 lanes,2,Straight - Grade,Local Street,Dry,"Two-Way, Divided, Unprotected Median",None,Related To Intersection,Coarse Asphalt,Piedmont,Urban,30 - 35  MPH,Stop Sign,Clear,No,"36.10523, -80.235"
767,768,Yes,40-49,48,No,With Traffic,A: Disabling Injury,Travel Lane,White,Female,None - Rural Crash,Forsyth,No,01-01-04,2011-11-03,Bicyclist Left Turn / Merge,13,Non-Intersection,01-11-01,0001-01-01T08:43:58-04:56,Bicyclist Left Turn - Same Direction,311221,2011,A: Disabling Injury,Residential,60-69,67,No,41-45 mph,O: No Injury,White,Male,Sport Utility,No,No,Daylight,Mixed (30% To 70% Developed),2 lanes,2,Straight - Level,State Secondary Route,Dry,"Two-Way, Not Divided",None,No Special Feature,Smooth Asphalt,Piedmont,Rural,50 - 55  MPH,No Control Present,Clear,No,"36.21164, -80.2832"
773,774,No,70,,No,With Traffic,B: Evident Injury,Travel Lane,White,Male,Fayetteville,Cumberland,No,01-01-02,2011-10-25,Motorist Overtaking Bicyclist,17,Non-Intersection,01-10-01,0001-01-01T12:15:58-04:56,Motorist Overtaking - Bicyclist Swerved,311235,2011,B: Evident Injury,Commercial,50-59,50,No,0-5 mph,O: No Injury,White,Male,Pickup,No,No,Daylight,Urban (>70% Developed),7 lanes,2,Straight - Grade,Local Street,Dry,"Two-Way, Not Divided",None,No Special Feature,Coarse Asphalt,Coastal,Urban,40 - 45  MPH,No Control Present,Clear,No,"35.04343, -78.952"
774,775,No,40-49,42,No,With Traffic,C: Possible Injury,Bike Lane / Paved Shoulder,White,Male,Charlotte,Mecklenburg,No,01-01-02,2011-10-25,Motorist Left Turn / Merge,18,Intersection,01-10-01,0001-01-01T13:30:58-04:56,Motorist Left Turn - Opposite Direction,121212,2011,C: Possible Injury,Residential,70,,No,36-40 mph,O: No Injury,White,Male,Passenger Car,No,No,Dusk,Urban (>70% Developed),1 lane,2,Straight - Level,Local Street,Dry,"Two-Way, Divided, Positive Median Barrier",None,No Special Feature,Smooth Asphalt,Piedmont,Urban,40 - 45  MPH,No Control Present,Clear,No,"35.11932, -80.8078"
776,777,Yes,40-49,47,No,Facing Traffic,C: Possible Injury,Sidewalk / Crosswalk / Driveway Crossing,Black,Male,Fayetteville,Cumberland,No,01-01-04,2011-10-27,Motorist Failed to Yield - Sign-Controlled Intersection,16,Intersection,01-10-01,0001-01-01T11:10:58-04:56,Motorist Drive Out - Sign-Controlled Intersection,132141,2011,C: Possible Injury,Commercial,50-59,50,No,,O: No Injury,Native American,Female,Sport Utility,No,No,Daylight,Urban (>70% Developed),2 lanes,2,Straight - Level,Local Street,Dry,"Two-Way, Not Divided",None,No Special Feature,Coarse Asphalt,Coastal,Urban,30 - 35  MPH,Stop Sign,Clear,No,"35.05684, -78.881"
778,779,No,20-24,21,No,Facing Traffic,C: Possible Injury,Bike Lane / Paved Shoulder,Black,Male,Asheboro,Randolph,No,,2011-10-17,Head-On,13,Non-Intersection,01-10-01,0001-01-01T08:57:58-04:56,Head-On - Bicyclist,322250,2011,C: Possible Injury,Commercial,60-69,69,No,6-10 mph,O: No Injury,White,Male,Pickup,No,No,Daylight,Urban (>70% Developed),3 lanes,2,Straight - Grade,NC Route,Dry,"Two-Way, Not Divided",None,No Special Feature,Smooth Asphalt,Piedmont,Urban,30 - 35  MPH,No Control Present,Clear,No,"35.70798, -79.815"
779,780,No,25-29,28,No,With Traffic,C: Possible Injury,Travel Lane,White,Male,Raleigh,Wake,No,01-01-04,2011-10-27,Bicyclist Overtaking Motorist,8,Intersection-Related,01-10-01,0001-01-01T03:18:58-04:56,Bicyclist Overtaking - Passing on Right,211241,2011,C: Possible Injury,Institutional,,,Missing,,Injury,/Missing,,,No,Yes,Daylight,Urban (>70% Developed),2 lanes,2,Straight - Level,Local Street,Dry,"Two-Way, Not Divided",None,No Special Feature,Smooth Asphalt,Piedmont,Urban,20 - 25  MPH,No Control Present,Clear,No,"35.78515, -78.6756"
780,781,Yes,15-Nov,15,No,Facing Traffic,C: Possible Injury,Travel Lane,White,Female,Beaufort,Carteret,No,,2011-10-31,Bicyclist Right Turn / Merge,18,Non-Intersection,01-10-01,0001-01-01T13:03:58-04:56,Bicyclist Right Turn - Same Direction,312223,2011,C: Possible Injury,Residential,20-24,20,No,31-35 mph,O: No Injury,White,Male,Sport Utility,No,No,Dawn,Urban (>70% Developed),2 lanes,2,Straight - Level,Local Street,Dry,"Two-Way, Not Divided",None,No Special Feature,Smooth Asphalt,Coastal,Rural,30 - 35  MPH,No Control Present,Clear,No,"34.71263, -76.6533"
794,795,Yes,50-59,52,No,With Traffic,B: Evident Injury,Travel Lane,Native American,Male,None - Rural Crash,Robeson,No,01-01-02,2011-11-15,Motorist Overtaking Bicyclist,11,Non-Intersection,01-11-01,0001-01-01T06:59:58-04:56,Motorist Overtaking - Misjudged Space,311232,2011,B: Evident Injury,"Farms, Woods, Pastures",30-39,38,No,51-55 mph,O: No Injury,Native American,Female,Passenger Car,No,Yes,Daylight,Rural (<30% Developed),2 lanes,2,Straight - Level,State Secondary Route,Dry,"Two-Way, Not Divided",None,No Special Feature,Coarse Asphalt,Coastal,Rural,50 - 55  MPH,"Double Yellow Line, No Passing Zone",Clear,No,"34.8119, -79.1444"
801,802,No,16-19,18,No,Not Applicable,B: Evident Injury,Non-Roadway,White,Female,Wilmington,New Hanover,No,01-01-05,2011-10-28,Non-Roadway,9,Non-Roadway,01-10-01,0001-01-01T04:13:58-04:56,Non-Roadway,460910,2011,B: Evident Injury,Institutional,40-49,45,No,0-5 mph,O: No Injury,White,Female,Passenger Car,No,No,Daylight,Urban (>70% Developed),2 lanes,2,Straight - Level,Public Vehicular Area,Dry,"Two-Way, Not Divided",None,No Special Feature,Smooth Asphalt,Coastal,Urban,5 - 15 MPH,No Control Present,Cloudy,No,"34.21939, -77.8717"
803,804,Yes,50-59,55,No,With Traffic,B: Evident Injury,Travel Lane,White,Male,Knightdale,Wake,No,01-01-04,2011-11-17,Motorist Failed to Yield - Sign-Controlled Intersection,8,Intersection,01-11-01,0001-01-01T03:09:58-04:56,Motorist Drive Out - Sign-Controlled Intersection,111141,2011,B: Evident Injury,Commercial,0-19,17,No,0-5 mph,O: No Injury,Black,Female,Passenger Car,No,No,Daylight,Mixed (30% To 70% Developed),2 lanes,2,Straight - Level,Local Street,Wet,"Two-Way, Not Divided",None,Four-Way Intersection,Coarse Asphalt,Piedmont,Urban,40 - 45  MPH,Stop Sign,Rain,No,"35.79896, -78.4748"
804,805,Yes,40-49,49,No,With Traffic,B: Evident Injury,Travel Lane,White,Female,Cary,Wake,No,01-01-02,2011-11-01,Motorist Left Turn / Merge,13,Intersection,01-11-01,0001-01-01T08:07:58-04:56,Motorist Left Turn - Opposite Direction,111212,2011,B: Evident Injury,Residential,40-49,42,No,11-15 mph,O: No Injury,White,Male,Passenger Car,No,No,Daylight,Urban (>70% Developed),5 lanes,2,Curve - Bottom,State Secondary Route,Dry,"Two-Way, Not Divided",None,T-Intersection,Smooth Asphalt,Piedmont,Urban,40 - 45  MPH,Stop Sign,Clear,No,"35.72574, -78.7926"
811,812,No,50-59,50,No,Facing Traffic,O: No Injury,Sidewalk / Crosswalk / Driveway Crossing,Black,Male,Smithfield,Johnston,No,01-01-04,2011-11-03,Crossing Paths - Other Circumstances,18,Intersection,01-11-01,0001-01-01T13:18:58-04:56,Signalized Intersection - Other /,132158,2011,O: No Injury,Commercial,60-69,61,No,,O: No Injury,White,Male,Sport Utility,No,No,Daylight,Urban (>70% Developed),3 lanes,2,Straight - Level,Local Street,Dry,"Two-Way, Not Divided",None,Four-Way Intersection,Coarse Asphalt,Coastal,Urban,30 - 35  MPH,Stop And Go Signal,Clear,No,"35.51413, -78.3308"
812,813,No,15-Nov,15,No,With Traffic,B: Evident Injury,Travel Lane,White,Male,None - Rural Crash,Scotland,No,,2011-11-14,Bicyclist Left Turn / Merge,17,Non-Intersection,01-11-01,0001-01-01T12:26:58-04:56,Bicyclist Left Turn - Same Direction,311221,2011,B: Evident Injury,Residential,30-39,34,No,26-30 mph,O: No Injury,Native American,Male,Pickup,No,No,Daylight,Mixed (30% To 70% Developed),2 lanes,2,Straight - Level,State Secondary Route,Dry,"Two-Way, Not Divided",None,No Special Feature,Smooth Asphalt,Coastal,Rural,50 - 55  MPH,No Control Present,Clear,No,"34.86715, -79.5478"
813,814,Yes,10-Jun,9,No,Not Applicable,B: Evident Injury,Non-Roadway,Black,Male,Charlotte,Mecklenburg,Yes,01-01-03,2011-11-23,Bicyclist Failed to Yield - Midblock,15,Non-Intersection,01-11-01,0001-01-01T10:33:58-04:56,Bicyclist Ride Out - Other Midblock,363318,2011,B: Evident Injury,Residential,40-49,46,Yes,11-15 mph,O: No Injury,Black,Male,Pickup,No,No,Daylight,Urban (>70% Developed),1 lane,2,Straight - Bottom,Local Street,Dry,"Two-Way, Not Divided",None,No Special Feature,Smooth Asphalt,Piedmont,Urban,20 - 25  MPH,No Control Present,Clear,No,"35.2601, -80.8351"
818,819,Yes,16-19,17,No,Facing Traffic,C: Possible Injury,Travel Lane,White,Male,Greensboro,Guilford,No,01-01-04,2011-11-10,Motorist Failed to Yield - Sign-Controlled Intersection,10,Intersection,01-11-01,0001-01-01T06:01:58-04:56,Motorist Drive Out - Sign-Controlled Intersection,112141,2011,C: Possible Injury,Residential,50-59,59,No,0-5 mph,O: No Injury,White,Female,Passenger Car,No,No,Dusk,Urban (>70% Developed),4 lanes,2,Straight - Grade,Local Street,Wet,"Two-Way, Divided, Unprotected Median",None,Four-Way Intersection,Coarse Asphalt,Piedmont,Urban,30 - 35  MPH,Stop Sign,Cloudy,No,"36.09238, -79.7709"
825,826,Yes,,,Missing,.,Injury,.,/Missing,,Roxboro,Person,No,01-01-05,2011-10-07,.,19,.,01-10-01,0001-01-01T14:33:58-04:56,.,0,2011,C: Possible Injury,Residential,30-39,39,No,11-15 mph,O: No Injury,White,Female,Passenger Car,No,No,Dark - Lighted Roadway,Rural (<30% Developed),4 lanes,2,Straight - Level,Local Street,Dry,"Two-Way, Not Divided",None,No Special Feature,Smooth Asphalt,Piedmont,Urban,30 - 35  MPH,Stop Sign,Clear,No,"36.38257, -78.9878"
847,848,Yes,50-59,55,Yes,With Traffic,A: Disabling Injury,Travel Lane,Black,Male,None - Rural Crash,Bertie,Yes,01-01-03,2011-11-30,Motorist Overtaking Bicyclist,19,Non-Intersection,01-11-01,0001-01-01T14:12:58-04:56,Motorist Overtaking - Other /,311239,2011,A: Disabling Injury,"Farms, Woods, Pastures",25-29,27,No,51-55 mph,O: No Injury,Black,Female,Passenger Car,No,No,Dark - Roadway Not Lighted,Rural (<30% Developed),2 lanes,2,Straight - Level,NC Route,Dry,"Two-Way, Not Divided",None,No Special Feature,Coarse Asphalt,Coastal,Rural,50 - 55  MPH,No Control Present,Clear,No,"36.23973, -76.7679"
849,850,Yes,60-69,62,No,With Traffic,B: Evident Injury,Travel Lane,White,Male,Emerald Isle,Carteret,No,01-01-06,2011-11-26,Motorist Right Turn / Merge,11,Intersection,01-11-01,0001-01-01T06:36:58-04:56,Motorist Right Turn - Same Direction,111213,2011,B: Evident Injury,Commercial,70,,No,0-5 mph,O: No Injury,White,Female,Sport Utility,No,No,Daylight,Urban (>70% Developed),8 lanes,2,Straight - Grade,NC Route,Dry,"Two-Way, Not Divided",None,Four-Way Intersection,Coarse Asphalt,Coastal,Rural,40 - 45  MPH,Stop And Go Signal,Clear,No,"34.66325, -77.0421"
860,861,Yes,70,,No,With Traffic,B: Evident Injury,Travel Lane,White,Male,None - Rural Crash,Pender,No,01-01-03,2011-11-16,Bicyclist Left Turn / Merge,9,Intersection,01-11-01,0001-01-01T04:59:58-04:56,Bicyclist Left Turn - Same Direction,111221,2011,B: Evident Injury,Residential,70,,No,21-25 mph,O: No Injury,White,Male,Passenger Car,No,No,Daylight,Mixed (30% To 70% Developed),2 lanes,2,Straight - Level,State Secondary Route,Dry,"Two-Way, Not Divided",None,T-Intersection,Smooth Asphalt,Coastal,Rural,20 - 25  MPH,No Control Present,Clear,No,"34.39736, -77.6493"
861,862,Yes,50-59,51,No,With Traffic,B: Evident Injury,Travel Lane,White,Male,Fayetteville,Cumberland,No,01-01-04,2011-12-01,Motorist Left Turn / Merge,21,Intersection,01-12-01,0001-01-01T16:15:58-04:56,Motorist Left Turn - Opposite Direction,111212,2011,B: Evident Injury,Commercial,40-49,42,No,6-10 mph,O: No Injury,White,Male,Passenger Car,No,No,Dark - Lighted Roadway,Urban (>70% Developed),6 lanes,2,Straight - Level,Local Street,Dry,"Two-Way, Not Divided",None,No Special Feature,Coarse Asphalt,Coastal,Urban,30 - 35  MPH,Stop And Go Signal,Clear,No,"35.05546, -78.8869"
862,863,No,50-59,54,No,With Traffic,A: Disabling Injury,Travel Lane,White,Male,Charlotte,Mecklenburg,No,01-01-03,2011-12-21,Motorist Left Turn / Merge,9,Intersection,01-12-01,0001-01-01T04:24:58-04:56,Motorist Left Turn - Opposite Direction,111212,2011,A: Disabling Injury,Industrial,30-39,36,No,6-10 mph,O: No Injury,White,Male,Pickup,No,No,Daylight,Urban (>70% Developed),2 lanes,2,Straight - Level,Local Street,Wet,"Two-Way, Not Divided",None,Four-Way Intersection,Smooth Asphalt,Piedmont,Urban,30 - 35  MPH,Stop And Go Signal,Rain,No,"35.27811, -80.9374"
872,873,Yes,20-24,21,No,Facing Traffic,C: Possible Injury,Sidewalk / Crosswalk / Driveway Crossing,Black,Male,High Point,Guilford,No,,2011-12-12,Motorist Right Turn / Merge,17,Intersection,01-12-01,0001-01-01T12:24:58-04:56,Motorist Right Turn - Opposite Direction,132214,2011,C: Possible Injury,Commercial,70,,No,6-10 mph,O: No Injury,Black,Male,Passenger Car,No,No,Daylight,Urban (>70% Developed),5 lanes,2,Straight - Bottom,State Secondary Route,Dry,"Two-Way, Not Divided",None,No Special Feature,Smooth Asphalt,Piedmont,Urban,30 - 35  MPH,Stop Sign,Clear,No,"35.97308, -80.0018"
877,878,Yes,40-49,45,No,With Traffic,B: Evident Injury,Travel Lane,Black,Male,Gastonia,Gaston,No,,2011-12-12,Bicyclist Right Turn / Merge,18,Non-Intersection,01-12-01,0001-01-01T13:33:58-04:56,Bicyclist Right Turn - Same Direction,311223,2011,B: Evident Injury,Commercial,50-59,53,No,41-45 mph,O: No Injury,White,Male,Pickup,No,No,Dark - Lighted Roadway,Urban (>70% Developed),4 lanes,2,Straight - Level,State Secondary Route,Dry,"Two-Way, Divided, Unprotected Median",None,No Special Feature,Coarse Asphalt,Piedmont,Urban,40 - 45  MPH,No Control Present,Clear,No,"35.25385, -81.1832"
880,881,Yes,50-59,55,No,With Traffic,B: Evident Injury,Travel Lane,Black,Male,Wilmington,New Hanover,No,01-01-05,2011-12-02,Motorist Left Turn / Merge,11,Intersection,01-12-01,0001-01-01T06:34:58-04:56,Motorist Left Turn - Opposite Direction,111212,2011,B: Evident Injury,Commercial,20-24,22,No,6-10 mph,O: No Injury,White,Female,Passenger Car,No,No,Daylight,Urban (>70% Developed),5 lanes,2,Straight - Level,Local Street,Dry,"Two-Way, Not Divided",None,Four-Way Intersection,Grooved Concrete,Coastal,Urban,30 - 35  MPH,Stop Sign,Clear,No,"34.21533, -77.8872"
881,882,No,,,No,Facing Traffic,Injury,Sidewalk / Crosswalk / Driveway Crossing,/Missing,,Wilmington,New Hanover,No,01-01-02,2011-12-13,Motorist Failed to Yield - Midblock,11,Non-Intersection,01-12-01,0001-01-01T06:50:58-04:56,Motorist Drive Out - Commercial Driveway / Alley,332322,2011,O: No Injury,Commercial,40-49,47,No,6-10 mph,O: No Injury,White,Male,Van,No,No,Daylight,Urban (>70% Developed),3 lanes,2,Straight - Level,Local Street,Dry,"One-Way, Not Divided",None,No Special Feature,Coarse Asphalt,Coastal,Urban,30 - 35  MPH,No Control Present,Clear,No,"34.22666, -77.925"