FID,OBJECTID,AmbulanceR,BikeAge_Gr,Bike_Age,Bike_Alc_D,Bike_Dir,Bike_Injur,Bike_Pos,Bike_Race,Bike_Sex,City,County,CrashAlcoh,CrashDay,Crash_Date,Crash_Grp,Crash_Hour,Crash_Loc,Crash_Mont,Crash_Time,Crash_Type,Crash_Ty_1,Crash_Year,Crsh_Sevri,Developmen,DrvrAge_Gr,Drvr_Age,Drvr_Alc_D,Drvr_EstSp,Drvr_Injur,Drvr_Race,Drvr_Sex,Drvr_VehTy,ExcsSpdInd,Hit_Run,Light_Cond,Locality,Num_Lanes,Num_Units,Rd_Charact,Rd_Class,Rd_Conditi,Rd_Config,Rd_Defects,Rd_Feature,Rd_Surface,Region,Rural_Urba,Speed_Limi,Traff_Cntr,Weather,Workzone_I,Location
430,431,Yes,40-49,41,No,With Traffic,O: No Injury,Travel Lane,White,Male,Charlotte,Mecklenburg,No,01-01-05,2007-09-14,Motorist Right Turn / Merge,14,Intersection,01-09-01,0001-01-01T09:53:58-04:56,Motorist Right Turn - Same Direction,111213,2007,O: No Injury,Residential,40-49,45,No,11-15 mph,O: No Injury,White,Female,Sport Utility,No,No,Daylight,Urban (>70% Developed),4 lanes,2,Straight - Level,Local Street,Wet,"Two-Way, Divided, Positive Median Barrier",None,Four-Way Intersection,Smooth Asphalt,Piedmont,Urban,30 - 35  MPH,Stop And Go Signal,Rain,No,"35.189297, -80.8304"
432,433,No,15-Nov,15,No,Facing Traffic,Injury,,/Missing,,Raleigh,Wake,No,01-01-07,2007-06-17,Motorist Failed to Yield - Signalized Intersection,16,Intersection,01-06-01,0001-01-01T11:50:58-04:56,Motorist Drive Out - Right Turn on Red,192151,2007,O: No Injury,Commercial,50-59,54,No,,O: No Injury,White,Female,"Light Truck (Mini-Van, Panel)",No,No,Daylight,Urban (>70% Developed),1 lane,2,Straight - Hillcrest,Local Street,Dry,"One-Way, Not Divided",None,On or Off Ramp,Smooth Asphalt,Piedmont,Urban,40 - 45  MPH,Stop And Go Signal,Clear,No,"35.75647, -78.61254"
434,435,Yes,15-Nov,13,No,With Traffic,B: Evident Injury,Travel Lane,White,Male,Durham,Durham,No,01-01-04,2007-09-20,Bicyclist Failed to Yield - Sign-Controlled Intersection,12,Intersection,01-09-01,0001-01-01T07:14:58-04:56,Bicyclist Ride Through - Sign-Controlled Intersection,111144,2007,B: Evident Injury,Residential,20-24,21,No,41-45 mph,O: No Injury,Black,Female,Van,No,No,Daylight,Mixed (30% To 70% Developed),2 lanes,2,Straight - Grade,Local Street,Dry,"Two-Way, Not Divided",None,Four-Way Intersection,Smooth Asphalt,Piedmont,Urban,40 - 45  MPH,Stop Sign,Clear,No,"36.082405, -78.891525"
437,438,No,20-24,22,No,With Traffic,B: Evident Injury,Travel Lane,White,Female,Jamestown,Guilford,No,01-01-04,2007-06-21,Bicyclist Left Turn / Merge,18,Non-Intersection,01-06-01,0001-01-01T13:51:58-04:56,Bicyclist Left Turn - Same Direction,311221,2007,B: Evident Injury,"Farms, Woods, Pastures",30-39,39,No,36-40 mph,O: No Injury,White,Female,Passenger Car,No,No,Daylight,Rural (<30% Developed),2 lanes,2,Straight - Grade,State Secondary Route,Dry,"Two-Way, Not Divided",None,Shared-Use Paths Or Trails,Smooth Asphalt,Piedmont,Rural,40 - 45  MPH,"Double Yellow Line, No Passing Zone",Clear,No,"36.012764, -79.94786"
454,455,No,20-24,23,No,With Traffic,B: Evident Injury,Travel Lane,White,Male,Wilson,Wilson,No,01-01-07,2007-06-24,Motorist Failed to Yield - Signalized Intersection,12,Intersection,01-06-01,0001-01-01T07:29:58-04:56,Motorist Drive Out - Signalized Intersection,111152,2007,B: Evident Injury,Commercial,,,Missing,0-5 mph,Injury,/Missing,,,No,Yes,Daylight,Urban (>70% Developed),5 lanes,3,Straight - Level,Local Street,Dry,"Two-Way, Not Divided",None,Four-Way Intersection,Smooth Asphalt,Coastal,Urban,40 - 45  MPH,Stop And Go Signal,Clear,No,"35.721245, -77.91585"
459,460,No,20-24,22,No,With Traffic,B: Evident Injury,Travel Lane,White,Male,Boone,Watauga,No,,2007-06-25,Bicyclist Failed to Yield - Signalized Intersection,19,Intersection,01-06-01,0001-01-01T14:58:58-04:56,Bicyclist Ride Through - Signalized Intersection,111155,2007,B: Evident Injury,Commercial,70,,No,6-10 mph,O: No Injury,White,Female,Sport Utility,No,No,Daylight,Urban (>70% Developed),2 lanes,2,Straight - Grade,Local Street,Dry,"Two-Way, Not Divided",None,Four-Way Intersection,Smooth Asphalt,Mountains,Urban,30 - 35  MPH,Stop And Go Signal,Clear,No,"36.216473, -81.674736"
460,461,Yes,20-24,24,No,Facing Traffic,O: No Injury,Travel Lane,White,Male,Hickory,Catawba,No,,2007-06-25,Motorist Failed to Yield - Sign-Controlled Intersection,19,Intersection,01-06-01,0001-01-01T14:15:58-04:56,Motorist Drive Out - Sign-Controlled Intersection,112141,2007,O: No Injury,Commercial,40-49,43,No,0-5 mph,O: No Injury,White,Female,Passenger Car,No,No,Daylight,Urban (>70% Developed),6 lanes,2,Straight - Grade,Local Street,Dry,"Two-Way, Divided, Positive Median Barrier",None,No Special Feature,Smooth Asphalt,Piedmont,Urban,40 - 45  MPH,Stop Sign,Cloudy,No,"35.7105, -81.29479"
463,464,Yes,50-59,53,No,With Traffic,B: Evident Injury,Travel Lane,White,Male,Charlotte,Mecklenburg,No,01-01-06,2007-09-29,Motorist Failed to Yield - Sign-Controlled Intersection,11,Intersection,01-09-01,0001-01-01T06:36:58-04:56,Motorist Drive Out - Sign-Controlled Intersection,111141,2007,B: Evident Injury,Residential,70,,No,0-5 mph,O: No Injury,White,Female,Passenger Car,No,No,Daylight,Urban (>70% Developed),4 lanes,2,Straight - Level,Local Street,Dry,"Two-Way, Divided, Unprotected Median",None,Four-Way Intersection,Coarse Asphalt,Piedmont,Urban,30 - 35  MPH,Stop Sign,Clear,No,"35.18354, -80.83979"
468,469,Yes,30-39,38,No,With Traffic,B: Evident Injury,Bike Lane / Paved Shoulder,White,Male,None - Rural Crash,Currituck,No,,2007-06-18,Motorist Overtaking Bicyclist,11,Non-Intersection,01-06-01,0001-01-01T06:03:58-04:56,Motorist Overtaking - Bicyclist Swerved,321235,2007,B: Evident Injury,Residential,60-69,68,No,36-40 mph,O: No Injury,Asian,Male,Sport Utility,No,No,Daylight,Mixed (30% To 70% Developed),2 lanes,2,Straight - Level,NC Route,Dry,"Two-Way, Not Divided",None,No Special Feature,Smooth Asphalt,Coastal,Rural,40 - 45  MPH,No Control Present,Clear,No,"36.323803, -75.8167"
470,471,Yes,20-24,22,No,Facing Traffic,B: Evident Injury,Travel Lane,White,Male,Southern Pines,Moore,No,01-01-03,2007-06-27,Motorist Right Turn / Merge,17,Intersection,01-06-01,0001-01-01T12:43:58-04:56,Motorist Right Turn - Opposite Direction,112214,2007,B: Evident Injury,Commercial,25-29,25,No,6-10 mph,O: No Injury,White,Female,Passenger Car,No,No,Daylight,Urban (>70% Developed),2 lanes,2,Straight - Hillcrest,Local Street,Dry,"Two-Way, Not Divided",None,Four-Way Intersection,Coarse Asphalt,Piedmont,Urban,40 - 45  MPH,Stop Sign,Clear,No,"35.160316, -79.4112"
471,472,Yes,,,No,Facing Traffic,Injury,Travel Lane,/Missing,,Charlotte,Mecklenburg,No,01-01-02,2007-10-02,Motorist Failed to Yield - Sign-Controlled Intersection,18,Intersection,01-10-01,0001-01-01T13:16:58-04:56,Motorist Drive Out - Sign-Controlled Intersection,112141,2007,O: No Injury,Residential,40-49,49,No,0-5 mph,O: No Injury,Black,Female,Sport Utility,No,No,Daylight,Urban (>70% Developed),2 lanes,2,Straight - Level,Local Street,Dry,"Two-Way, Divided, Unprotected Median",None,No Special Feature,Smooth Asphalt,Piedmont,Urban,30 - 35  MPH,Stop Sign,Clear,No,"35.341797, -80.75442"
483,484,Yes,15-Nov,13,No,Facing Traffic,B: Evident Injury,Travel Lane,Black,Female,Fayetteville,Cumberland,No,01-01-06,2007-06-30,Motorist Failed to Yield - Midblock,17,Non-Intersection,01-06-01,0001-01-01T12:04:58-04:56,Motorist Drive Out - Commercial Driveway / Alley,312322,2007,B: Evident Injury,Commercial,25-29,26,No,0-5 mph,O: No Injury,Black,Female,Passenger Car,No,No,Daylight,Urban (>70% Developed),2 lanes,2,Straight - Level,Local Street,Wet,"Two-Way, Not Divided",None,No Special Feature,Coarse Asphalt,Coastal,Urban,30 - 35  MPH,Stop Sign,Cloudy,No,"35.04646, -78.92196"
484,485,No,40-49,48,No,With Traffic,B: Evident Injury,Travel Lane,White,Male,Salisbury,Rowan,No,01-01-04,2007-10-04,Bicyclist Failed to Yield - Sign-Controlled Intersection,17,Intersection,01-10-01,0001-01-01T12:33:58-04:56,Bicyclist Ride Through - Sign-Controlled Intersection,111144,2007,B: Evident Injury,Residential,30-39,32,No,11-15 mph,O: No Injury,White,Female,Passenger Car,No,No,Daylight,Urban (>70% Developed),2 lanes,2,Straight - Level,Local Street,Dry,"Two-Way, Not Divided",None,T-Intersection,Smooth Asphalt,Piedmont,Urban,30 - 35  MPH,Stop Sign,Cloudy,No,"35.66177, -80.47948"
486,487,Yes,15-Nov,13,No,With Traffic,C: Possible Injury,Bike Lane / Paved Shoulder,Black,Male,Durham,Durham,No,01-01-04,2007-10-04,Motorist Overtaking Bicyclist,7,Non-Intersection,01-10-01,0001-01-01T02:19:58-04:56,Motorist Overtaking - Other /,321239,2007,C: Possible Injury,Commercial,60-69,64,No,41-45 mph,O: No Injury,Black,Male,"Light Truck (Mini-Van, Panel)",No,No,Dawn,Mixed (30% To 70% Developed),4 lanes,2,Straight - Level,NC Route,Dry,"Two-Way, Divided, Positive Median Barrier",None,No Special Feature,Smooth Asphalt,Piedmont,Urban,40 - 45  MPH,No Control Present,Clear,No,"35.95124, -78.88977"
494,495,Yes,10-Jun,7,No,With Traffic,C: Possible Injury,Travel Lane,Hispanic,Male,Gastonia,Gaston,No,,2007-07-02,Bicyclist Left Turn / Merge,19,Non-Intersection,01-07-01,0001-01-01T14:47:58-04:56,Bicyclist Left Turn - Same Direction,311221,2007,C: Possible Injury,Residential,20-24,20,No,26-30 mph,O: No Injury,White,Female,Passenger Car,No,No,Daylight,Urban (>70% Developed),2 lanes,2,Straight - Level,Local Street,Dry,"Two-Way, Not Divided",None,No Special Feature,Smooth Asphalt,Piedmont,Urban,30 - 35  MPH,No Control Present,Clear,No,"35.269833, -81.21446"
328,329,No,0-5,3,No,Not Applicable,O: No Injury,Non-Roadway,Black,Male,Kinston,Lenoir,No,01-01-05,2012-05-25,Non-Roadway,18,Non-Roadway,01-05-01,0001-01-01T13:23:58-04:56,Non-Roadway,,2012,O: No Injury,Residential,30-39,34,No,6-10 mph,O: No Injury,Black,Male,Passenger Car,No,No,Daylight,Urban (>70% Developed),,2,Straight - Level,Public Vehicular Area,Dry,"Two-Way, Not Divided",None,No Special Feature,Smooth Asphalt,Coastal,Urban,5 - 15 MPH,No Control Present,Clear,No,"35.27932, -77.5663"
338,339,Yes,50-59,54,No,With Traffic,C: Possible Injury,Travel Lane,White,Female,None - Rural Crash,Iredell,No,,2012-06-04,Bicyclist Left Turn / Merge,18,Intersection,01-06-01,0001-01-01T13:32:58-04:56,Bicyclist Left Turn - Same Direction,,2012,C: Possible Injury,Residential,25-29,28,No,26-30 mph,O: No Injury,White,Female,Passenger Car,No,No,Daylight,Rural (<30% Developed),2 lanes,2,Straight - Level,State Secondary Route,Dry,"Two-Way, Not Divided",None,T-Intersection,Smooth Asphalt,Piedmont,Rural,40 - 45  MPH,"Double Yellow Line, No Passing Zone",Cloudy,No,"35.5697, -80.9342"
339,340,Yes,16-19,19,No,With Traffic,B: Evident Injury,Travel Lane,White,Male,Wilmington,New Hanover,No,01-01-05,2012-05-25,Bicyclist Failed to Yield - Signalized Intersection,14,Intersection,01-05-01,0001-01-01T09:47:58-04:56,Bicyclist Ride Through - Signalized Intersection,,2012,B: Evident Injury,Residential,30-39,34,No,21-25 mph,O: No Injury,Black,Male,Pickup,No,No,Daylight,Urban (>70% Developed),6 lanes,2,Straight - Level,US Route,Wet,"Two-Way, Not Divided",None,Four-Way Intersection,Coarse Asphalt,Coastal,Urban,20 - 25  MPH,Stop And Go Signal,Rain,No,"34.22485, -77.9354"
341,342,Yes,40-49,43,No,With Traffic,B: Evident Injury,Travel Lane,White,Male,None - Rural Crash,Guilford,No,01-01-07,2012-06-03,Motorist Overtaking Bicyclist,18,Non-Intersection,01-06-01,0001-01-01T13:29:58-04:56,Motorist Overtaking - Other /,,2012,B: Evident Injury,"Farms, Woods, Pastures",40-49,41,No,,O: No Injury,White,Female,Passenger Car,No,No,Daylight,Rural (<30% Developed),2 lanes,2,Curve - Grade,State Secondary Route,Dry,"Two-Way, Not Divided",None,No Special Feature,Smooth Asphalt,Piedmont,Rural,,"Double Yellow Line, No Passing Zone",Clear,No,"36.21822, -79.846"
359,360,No,30-39,31,No,With Traffic,B: Evident Injury,Travel Lane,White,Female,Charlotte,Mecklenburg,No,01-01-05,2012-06-08,Motorist Overtaking Bicyclist,17,Non-Intersection,01-06-01,0001-01-01T12:54:58-04:56,Motorist Overtaking - Other /,,2012,B: Evident Injury,Commercial,,,Missing,11-15 mph,Injury,/Missing,,,No,Yes,Daylight,Urban (>70% Developed),2 lanes,2,Straight - Level,Local Street,Dry,"Two-Way, Not Divided",None,No Special Feature,Concrete,Piedmont,Urban,30 - 35  MPH,No Control Present,Clear,No,"35.23297, -80.85"
367,368,Yes,25-29,27,No,Facing Traffic,C: Possible Injury,Sidewalk / Crosswalk / Driveway Crossing,White,Female,Durham,Durham,No,01-01-02,2012-06-12,Crossing Paths - Other Circumstances,15,Intersection,01-06-01,0001-01-01T10:24:58-04:56,Signalized Intersection - Other /,,2012,C: Possible Injury,Commercial,50-59,59,No,0-5 mph,O: No Injury,Black,Male,Passenger Car,No,No,Daylight,Urban (>70% Developed),4 lanes,2,Straight - Level,Local Street,Dry,"Two-Way, Not Divided",None,No Special Feature,Coarse Asphalt,Piedmont,Urban,30 - 35  MPH,Stop And Go Signal,Cloudy,No,"36.00242, -78.9129"
373,374,Yes,20-24,21,No,With Traffic,B: Evident Injury,Travel Lane,White,Male,None - Rural Crash,Watauga,No,01-01-05,2012-06-15,Motorist Overtaking Bicyclist,7,Non-Intersection,01-06-01,0001-01-01T02:33:58-04:56,Motorist Overtaking - Misjudged Space,,2012,B: Evident Injury,"Farms, Woods, Pastures",,,Missing,16-20 mph,Injury,/Missing,,Passenger Car,No,Yes,Daylight,Rural (<30% Developed),2 lanes,2,Straight - Grade,State Secondary Route,Dry,"Two-Way, Not Divided",None,No Special Feature,Coarse Asphalt,Mountains,Rural,50 - 55  MPH,"Double Yellow Line, No Passing Zone",Cloudy,No,"36.20561, -81.6142"
374,375,No,15-Nov,13,No,With Traffic,O: No Injury,Travel Lane,White,Male,Granite Quarry,Rowan,No,01-01-03,2012-06-06,Bicyclist Failed to Yield - Sign-Controlled Intersection,18,Intersection,01-06-01,0001-01-01T13:10:58-04:56,Bicyclist Ride Through - Sign-Controlled Intersection,,2012,O: No Injury,Residential,50-59,56,No,31-35 mph,O: No Injury,White,Female,Sport Utility,No,No,Daylight,Urban (>70% Developed),2 lanes,2,Straight - Level,Local Street,Dry,"Two-Way, Not Divided",None,Four-Way Intersection,Smooth Asphalt,Piedmont,Rural,30 - 35  MPH,Stop Sign,Clear,No,"35.61316, -80.4465"
375,376,Yes,60-69,60,No,With Traffic,K: Killed,Travel Lane,White,Male,None - Rural Crash,Onslow,No,01-01-07,2012-06-10,Motorist Left Turn / Merge,10,Intersection,01-06-01,0001-01-01T05:50:58-04:56,Motorist Left Turn - Opposite Direction,,2012,K: Killed,Residential,60-69,65,No,11-15 mph,O: No Injury,White,Male,Passenger Car,No,No,Daylight,Mixed (30% To 70% Developed),2 lanes,2,Straight - Level,Public Vehicular Area,Dry,"Two-Way, Not Divided",None,"Driveway, Public",Coarse Asphalt,Coastal,Rural,40 - 45  MPH,No Control Present,Clear,No,"34.50988, -77.4338"
382,383,Yes,30-39,34,No,With Traffic,C: Possible Injury,Travel Lane,White,Male,Asheville,Buncombe,No,01-01-04,2012-06-07,Motorist Overtaking Bicyclist,20,Intersection,01-06-01,0001-01-01T15:25:58-04:56,Motorist Overtaking - Misjudged Space,,2012,C: Possible Injury,Commercial,,,Missing,36-40 mph,Injury,/Missing,,,No,Yes,Daylight,Urban (>70% Developed),5 lanes,2,Straight - Level,Local Street,Dry,"Two-Way, Divided, Unprotected Median",None,No Special Feature,Coarse Asphalt,Mountains,Urban,40 - 45  MPH,Stop Sign,Clear,No,"35.58956, -82.5502"
383,384,No,15-Nov,14,No,Not Applicable,B: Evident Injury,Driveway / Alley,Hispanic,Male,Siler City,Chatham,No,01-01-06,2012-05-26,Bicyclist Failed to Yield - Midblock,18,Non-Intersection,01-05-01,0001-01-01T13:42:58-04:56,Bicyclist Ride Out - Residential Driveway,,2012,B: Evident Injury,Residential,70,70,No,16-20 mph,O: No Injury,Black,Female,Passenger Car,No,No,Daylight,Urban (>70% Developed),2 lanes,2,Straight - Level,Local Street,Dry,"Two-Way, Not Divided",None,No Special Feature,Coarse Asphalt,Piedmont,Urban,5 - 15 MPH,No Control Present,Clear,No,"35.73079, -79.4416"
387,388,Yes,50-59,59,Yes,With Traffic,B: Evident Injury,Travel Lane,Black,Male,Plymouth,Washington,Yes,01-01-02,2012-05-29,Bicyclist Right Turn / Merge,22,Intersection-Related,01-05-01,0001-01-01T17:10:58-04:56,Bicyclist Right Turn - Same Direction,,2012,B: Evident Injury,Commercial,40-49,41,No,41-45 mph,O: No Injury,Black,Female,Passenger Car,No,No,Dark - Lighted Roadway,Urban (>70% Developed),5 lanes,2,Straight - Level,US Route,Dry,"Two-Way, Divided, Unprotected Median",None,No Special Feature,Coarse Asphalt,Coastal,Rural,40 - 45  MPH,No Control Present,Clear,No,"35.85689, -76.7484"
396,397,Yes,15-Nov,15,No,Not Applicable,B: Evident Injury,,Black,Male,Oak Island,Brunswick,No,01-01-05,2012-06-08,Bicyclist Failed to Yield - Midblock,14,Non-Intersection,01-06-01,0001-01-01T09:03:58-04:56,Bicyclist Ride Out - Other Midblock,,2012,B: Evident Injury,Residential,0-19,17,No,31-35 mph,O: No Injury,White,Male,Passenger Car,No,No,Daylight,Urban (>70% Developed),2 lanes,2,Straight - Level,Local Street,Dry,"Two-Way, Not Divided",None,No Special Feature,Smooth Asphalt,Coastal,Urban,30 - 35  MPH,No Control Present,Clear,No,"33.91029, -78.117"
409,410,Yes,15-Nov,12,No,,B: Evident Injury,,Black,Male,Wilmington,New Hanover,No,01-01-06,2012-06-16,Bicyclist Failed to Yield - Midblock,12,Non-Intersection,01-06-01,0001-01-01T07:27:58-04:56,Bicyclist Ride Out - Midblock -,,2012,B: Evident Injury,Residential,,,Missing,,Injury,/Missing,,,No,Yes,Daylight,Urban (>70% Developed),2 lanes,2,Straight - Level,Local Street,Dry,"Two-Way, Not Divided",None,No Special Feature,Smooth Asphalt,Coastal,Urban,,No Control Present,Clear,No,"34.22733, -77.9304"
418,419,No,50-59,57,No,Not Applicable,C: Possible Injury,Non-Roadway,White,Male,Asheboro,Randolph,No,01-01-03,2012-06-20,Non-Roadway,17,Non-Roadway,01-06-01,0001-01-01T12:27:58-04:56,Non-Roadway,,2012,C: Possible Injury,Commercial,60-69,65,No,,O: No Injury,White,Male,Sport Utility,No,No,Daylight,Urban (>70% Developed),,2,Straight - Level,Public Vehicular Area,Dry,"One-Way, Not Divided",None,"Driveway, Public",Smooth Asphalt,Piedmont,Urban,,No Control Present,Clear,No,"35.70556, -79.8155"
439,440,No,30-39,34,No,With Traffic,B: Evident Injury,Travel Lane,White,Male,None - Rural Crash,Cabarrus,No,,2012-07-09,Motorist Overtaking Bicyclist,15,Non-Intersection,01-07-01,0001-01-01T10:19:58-04:56,Motorist Overtaking - Other /,,2012,B: Evident Injury,Residential,60-69,61,No,36-40 mph,O: No Injury,White,Male,Van,No,No,Daylight,Rural (<30% Developed),4 lanes,2,Straight - Hillcrest,NC Route,Dry,"Two-Way, Divided, Unprotected Median",None,No Special Feature,Smooth Asphalt,Piedmont,Rural,50 - 55  MPH,No Control Present,Clear,No,"35.24914, -80.5694"
445,446,Yes,60-69,67,No,With Traffic,B: Evident Injury,Other,Black,Male,Goldsboro,Wayne,No,01-01-05,2012-06-29,Bicyclist Left Turn / Merge,9,Intersection-Related,01-06-01,0001-01-01T04:31:58-04:56,Bicyclist Left Turn - Same Direction,,2012,B: Evident Injury,Commercial,25-29,26,No,21-25 mph,O: No Injury,Black,Female,Passenger Car,No,No,Daylight,Urban (>70% Developed),5 lanes,2,Curve - Level,Local Street,Dry,"Two-Way, Not Divided",None,No Special Feature,Coarse Asphalt,Coastal,Urban,30 - 35  MPH,No Control Present,Clear,No,"35.39027, -77.9461"
450,451,Yes,50-59,56,No,With Traffic,B: Evident Injury,Travel Lane,White,Male,Morrisville,Wake,No,01-01-02,2012-07-10,Motorist Overtaking Bicyclist,13,Non-Intersection,01-07-01,0001-01-01T08:58:58-04:56,Motorist Overtaking - Other /,,2012,B: Evident Injury,Residential,60-69,65,No,26-30 mph,O: No Injury,White,Male,Activity Bus,No,No,Daylight,Urban (>70% Developed),4 lanes,2,Straight - Level,Local Street,Wet,"Two-Way, Divided, Unprotected Median",None,No Special Feature,Smooth Asphalt,Piedmont,Urban,30 - 35  MPH,No Control Present,Rain,No,"35.82196, -78.8287"
457,458,Yes,50-59,51,No,With Traffic,C: Possible Injury,Travel Lane,White,Male,Indian Trail,Union,No,,2012-07-09,Motorist Left Turn / Merge,21,Intersection,01-07-01,0001-01-01T16:03:58-04:56,Motorist Left Turn - Opposite Direction,,2012,C: Possible Injury,Commercial,60-69,60,No,0-5 mph,O: No Injury,White,Male,Pickup,No,No,Dark - Lighted Roadway,Urban (>70% Developed),2 lanes,2,Straight - Level,State Secondary Route,Dry,"Two-Way, Not Divided",None,Four-Way Intersection,Smooth Asphalt,Piedmont,Urban,40 - 45  MPH,Stop And Go Signal,Clear,No,"35.06807, -80.6788"
470,471,Yes,20-24,20,No,With Traffic,C: Possible Injury,Travel Lane,Black,Male,None - Rural Crash,Greene,No,01-01-02,2012-07-17,Motorist Overtaking Bicyclist,17,Non-Intersection,01-07-01,0001-01-01T12:27:58-04:56,Motorist Overtaking - Bicyclist Swerved,,2012,C: Possible Injury,Residential,25-29,28,No,36-40 mph,O: No Injury,White,Male,Passenger Car,No,No,Daylight,Mixed (30% To 70% Developed),2 lanes,2,Straight - Level,NC Route,Dry,"Two-Way, Not Divided",None,No Special Feature,Coarse Asphalt,Coastal,Rural,40 - 45  MPH,No Control Present,Clear,No,"35.43974, -77.657"
475,476,Yes,30-39,32,No,With Traffic,A: Disabling Injury,Travel Lane,Black,Male,Asheville,Buncombe,No,01-01-04,2012-06-28,Motorist Overtaking Bicyclist,21,Non-Intersection,01-06-01,0001-01-01T16:53:58-04:56,Motorist Overtaking - Other /,,2012,A: Disabling Injury,Commercial,0-19,18,No,41-45 mph,O: No Injury,White,Male,Passenger Car,No,No,Dark - Roadway Not Lighted,Urban (>70% Developed),,2,Straight - Grade,NC Route,Dry,"Two-Way, Not Divided",None,No Special Feature,Smooth Asphalt,Mountains,Urban,40 - 45  MPH,No Control Present,Clear,No,"35.44607, -82.5329"
484,485,Yes,30-39,35,No,With Traffic,C: Possible Injury,Travel Lane,Black,Male,Gastonia,Gaston,No,01-01-04,2012-07-12,Crossing Paths - Other Circumstances,17,Intersection,01-07-01,0001-01-01T12:21:58-04:56,Signalized Intersection - Other /,,2012,C: Possible Injury,Commercial,50-59,55,No,6-10 mph,O: No Injury,White,Female,Sport Utility,No,No,Daylight,Urban (>70% Developed),6 lanes,2,Straight - Level,US Route,Dry,"Two-Way, Divided, Unprotected Median",None,Four-Way Intersection,Smooth Asphalt,Piedmont,Urban,30 - 35  MPH,Stop And Go Signal,Clear,No,"35.26056, -81.2085"
489,490,Yes,25-29,25,No,Facing Traffic,B: Evident Injury,Travel Lane,Hispanic,Male,Mooresville,Iredell,No,01-01-02,2012-07-10,Motorist Failed to Yield - Midblock,17,Non-Intersection,01-07-01,0001-01-01T12:45:58-04:56,Motorist Drive Out - Commercial Driveway / Alley,,2012,B: Evident Injury,Commercial,40-49,47,No,6-10 mph,O: No Injury,White,Male,Pickup,No,No,Daylight,Urban (>70% Developed),5 lanes,2,Straight - Level,NC Route,Dry,"Two-Way, Not Divided",None,"Driveway, Public",Smooth Asphalt,Piedmont,Urban,40 - 45  MPH,Stop Sign,Clear,No,"35.58866, -80.8269"
490,491,No,20-24,20,No,Facing Traffic,B: Evident Injury,Travel Lane,White,Female,Nags Head,Dare,No,01-01-05,2012-06-29,Motorist Failed to Yield - Signalized Intersection,12,Intersection,01-06-01,0001-01-01T07:04:58-04:56,Motorist Drive Out - Right Turn on Red,,2012,B: Evident Injury,Residential,50-59,57,No,0-5 mph,O: No Injury,White,Male,Passenger Car,No,No,Daylight,Urban (>70% Developed),5 lanes,2,Straight - Level,US Route,Dry,"Two-Way, Divided, Unprotected Median",None,Four-Way Intersection,Smooth Asphalt,Coastal,Rural,50 - 55  MPH,Stop And Go Signal,Clear,No,"35.92932, -75.6106"
493,494,Yes,60-69,63,No,With Traffic,B: Evident Injury,Travel Lane,White,Male,Wilmington,New Hanover,No,01-01-07,2012-07-08,Motorist Failed to Yield - Sign-Controlled Intersection,6,Intersection,01-07-01,0001-01-01T01:27:58-04:56,Motorist Drive Out - Sign-Controlled Intersection,,2012,B: Evident Injury,Residential,40-49,49,No,,O: No Injury,Black,Female,Passenger Car,No,No,Daylight,Urban (>70% Developed),2 lanes,2,Straight - Level,Local Street,Dry,"Two-Way, Divided, Unprotected Median",None,Four-Way Intersection,Coarse Asphalt,Coastal,Urban,30 - 35  MPH,Stop Sign,Clear,No,"34.24334, -77.8968"
498,499,No,20-24,22,No,Facing Traffic,B: Evident Injury,Travel Lane,Hispanic,Male,Durham,Durham,No,01-01-03,2012-07-25,Crossing Paths - Other Circumstances,18,Intersection,01-07-01,0001-01-01T13:06:58-04:56,Signalized Intersection - Other /,,2012,B: Evident Injury,Commercial,30-39,37,No,0-5 mph,O: No Injury,White,Male,Passenger Car,No,No,Daylight,Urban (>70% Developed),3 lanes,2,Straight - Level,Local Street,Dry,"Two-Way, Not Divided",None,No Special Feature,Smooth Asphalt,Piedmont,Urban,30 - 35  MPH,Stop And Go Signal,Clear,No,"36.04616, -78.9026"
503,504,No,20-24,22,No,With Traffic,B: Evident Injury,Travel Lane,White,Male,Chapel Hill,Orange,No,01-01-02,2012-07-17,Motorist Left Turn / Merge,17,Intersection,01-07-01,0001-01-01T12:27:58-04:56,Motorist Left Turn - Opposite Direction,,2012,B: Evident Injury,Residential,0-19,16,No,21-25 mph,O: No Injury,White,Male,Pickup,No,No,Daylight,Urban (>70% Developed),2 lanes,2,Straight - Level,Local Street,Dry,"Two-Way, Not Divided",None,T-Intersection,Coarse Asphalt,Piedmont,Urban,20 - 25  MPH,No Control Present,Clear,No,"35.90884, -79.0593"
509,510,Yes,20-24,20,No,Facing Traffic,C: Possible Injury,Travel Lane,White,Female,Mooresville,Iredell,No,01-01-05,2012-07-13,Motorist Failed to Yield - Signalized Intersection,7,Intersection,01-07-01,0001-01-01T02:52:58-04:56,Motorist Drive Out - Signalized Intersection,,2012,C: Possible Injury,Residential,25-29,27,No,6-10 mph,O: No Injury,White,Male,Passenger Car,No,No,Daylight,Urban (>70% Developed),5 lanes,2,Straight - Hillcrest,NC Route,Dry,"Two-Way, Not Divided",None,Four-Way Intersection,Coarse Asphalt,Piedmont,Urban,30 - 35  MPH,Stop And Go Signal,Cloudy,No,"35.59142, -80.848"