FID,OBJECTID,AmbulanceR,BikeAge_Gr,Bike_Age,Bike_Alc_D,Bike_Dir,Bike_Injur,Bike_Pos,Bike_Race,Bike_Sex,City,County,CrashAlcoh,CrashDay,Crash_Date,Crash_Grp,Crash_Hour,Crash_Loc,Crash_Mont,Crash_Time,Crash_Type,Crash_Ty_1,Crash_Year,Crsh_Sevri,Developmen,DrvrAge_Gr,Drvr_Age,Drvr_Alc_D,Drvr_EstSp,Drvr_Injur,Drvr_Race,Drvr_Sex,Drvr_VehTy,ExcsSpdInd,Hit_Run,Light_Cond,Locality,Num_Lanes,Num_Units,Rd_Charact,Rd_Class,Rd_Conditi,Rd_Config,Rd_Defects,Rd_Feature,Rd_Surface,Region,Rural_Urba,Speed_Limi,Traff_Cntr,Weather,Workzone_I,Location
510,511,Yes,25-29,25,No,Facing Traffic,B: Evident Injury,Sidewalk / Crosswalk / Driveway Crossing,Black,Male,Charlotte,Mecklenburg,No,01-01-05,2008-08-08,Bicyclist Failed to Yield - Signalized Intersection,12,Intersection,01-08-01,0001-01-01T07:25:58-04:56,Bicyclist Ride Through - Signalized Intersection,132155,2008,B: Evident Injury,Commercial,20-24,23,No,0-5 mph,O: No Injury,White,Male,Sport Utility,No,No,Daylight,Urban (>70% Developed),4 lanes,2,Straight - Grade,Local Street,Dry,"Two-Way, Divided, Unprotected Median",None,No Special Feature,Smooth Asphalt,Piedmont,Urban,40 - 45  MPH,Missing,Clear,No,"0.0, 0.0"
513,514,Yes,15-Nov,14,No,With Traffic,A: Disabling Injury,Travel Lane,White,Female,None - Rural Crash,Pender,No,01-01-07,2008-08-10,Bicyclist Left Turn / Merge,0,Non-Intersection,01-08-01,0000-12-31T19:28:58-04:56,Bicyclist Left Turn - Same Direction,311221,2008,A: Disabling Injury,"Farms, Woods, Pastures",20-24,24,No,51-55 mph,O: No Injury,Black,Female,Passenger Car,No,No,Dark - Roadway Not Lighted,Rural (<30% Developed),2 lanes,2,Straight - Level,State Secondary Route,Dry,"Two-Way, Not Divided",None,No Special Feature,Coarse Asphalt,Coastal,Rural,50 - 55  MPH,No Control Present,Clear,No,"0.0, 0.0"
519,520,Yes,16-19,19,No,Facing Traffic,C: Possible Injury,Travel Lane,White,Female,Kill Devil Hills,Dare,No,,2008-07-14,Bicyclist Failed to Yield - Signalized Intersection,7,Intersection,01-07-01,0001-01-01T02:53:58-04:56,Bicyclist Ride Out - Signalized  Intersection,112153,2008,C: Possible Injury,Commercial,50-59,50,No,0-5 mph,O: No Injury,White,Female,Passenger Car,No,No,Daylight,Mixed (30% To 70% Developed),4 lanes,2,Straight - Level,Local Street,Dry,"Two-Way, Divided, Positive Median Barrier",None,Four-Way Intersection,Concrete,Coastal,Urban,30 - 35  MPH,Stop And Go Signal,Clear,No,"0.0, 0.0"
538,539,Yes,15-Nov,13,No,With Traffic,B: Evident Injury,Travel Lane,White,Male,None - Rural Crash,Franklin,No,01-01-07,2008-07-20,Bicyclist Left Turn / Merge,19,Non-Intersection,01-07-01,0001-01-01T14:52:58-04:56,Bicyclist Left Turn - Same Direction,311221,2008,B: Evident Injury,"Farms, Woods, Pastures",0-19,18,No,46-50 mph,O: No Injury,White,Male,Pickup,No,No,Dusk,Rural (<30% Developed),2 lanes,2,Straight - Grade,State Secondary Route,Dry,"Two-Way, Not Divided",None,No Special Feature,Coarse Asphalt,Piedmont,Rural,50 - 55  MPH,"Double Yellow Line, No Passing Zone",Clear,No,"0.0, 0.0"
640,641,No,50-59,50,No,With Traffic,B: Evident Injury,Travel Lane,White,Male,None - Rural Crash,Onslow,No,01-01-03,2008-08-20,Motorist Overtaking Bicyclist,15,Non-Intersection,01-08-01,0001-01-01T10:23:58-04:56,Motorist Overtaking - Other /,311239,2008,B: Evident Injury,Residential,40-49,46,No,36-40 mph,O: No Injury,White,Female,Van,No,No,Daylight,Mixed (30% To 70% Developed),2 lanes,2,Straight - Level,State Secondary Route,Dry,"Two-Way, Not Divided",None,No Special Feature,Smooth Asphalt,Coastal,Rural,40 - 45  MPH,Missing,Clear,No,"0.0, 0.0"
544,545,No,30-39,36,No,Not Applicable,B: Evident Injury,Travel Lane,White,Male,Whitsett,Guilford,No,01-01-05,2008-07-25,Non-Roadway,16,Non-Roadway,01-07-01,0001-01-01T11:53:58-04:56,Non-Roadway,410910,2008,B: Evident Injury,Residential,30-39,39,No,41-45 mph,O: No Injury,Black,Female,Sport Utility,No,No,Daylight,Urban (>70% Developed),1 lane,2,Straight - Level,Public Vehicular Area,Dry,"One-Way, Not Divided",None,Traffic Circle/Roundabout,Coarse Asphalt,Piedmont,Rural,5 - 15 MPH,Yield Sign,Clear,No,"0.0, 0.0"
546,547,Yes,25-29,27,No,Facing Traffic,B: Evident Injury,Travel Lane,Black,Male,Lumberton,Robeson,No,01-01-06,2008-07-26,Motorist Failed to Yield - Midblock,12,Non-Intersection,01-07-01,0001-01-01T07:53:58-04:56,Motorist Drive Out - Commercial Driveway / Alley,312322,2008,B: Evident Injury,Commercial,,,Missing,16-20 mph,Injury,/Missing,,,No,Yes,Daylight,Urban (>70% Developed),5 lanes,2,Straight - Level,NC Route,Wet,"Two-Way, Not Divided",None,No Special Feature,Smooth Asphalt,Coastal,Urban,40 - 45  MPH,Missing,Cloudy,No,"0.0, 0.0"
555,556,Yes,20-24,22,No,With Traffic,C: Possible Injury,Travel Lane,White,Male,Gastonia,Gaston,No,01-01-02,2008-07-29,Parallel Paths - Other Circumstances,11,Non-Intersection,01-07-01,0001-01-01T06:41:58-04:56,Parallel Paths - Other /,311280,2008,C: Possible Injury,Commercial,,,Missing,26-30 mph,Injury,/Missing,,,No,Yes,Daylight,Urban (>70% Developed),5 lanes,2,Straight - Grade,Local Street,Dry,"Two-Way, Not Divided",None,No Special Feature,Smooth Asphalt,Piedmont,Urban,40 - 45  MPH,No Control Present,Clear,No,"0.0, 0.0"
568,569,Yes,20-24,22,No,With Traffic,B: Evident Injury,Bike Lane / Paved Shoulder,White,Male,Hudson,Caldwell,No,01-01-07,2008-07-27,Motorist Overtaking Bicyclist,21,Non-Intersection,01-07-01,0001-01-01T16:47:58-04:56,Motorist Overtaking - Other /,321239,2008,B: Evident Injury,Commercial,,,Missing,,Injury,/Missing,,,No,Yes,Dark - Lighted Roadway,Urban (>70% Developed),4 lanes,2,Straight - Level,Local Street,Dry,"Two-Way, Divided, Unprotected Median",None,No Special Feature,Smooth Asphalt,Mountains,Rural,50 - 55  MPH,Missing,Clear,No,"0.0, 0.0"
576,577,Yes,10-Jun,9,No,With Traffic,C: Possible Injury,Travel Lane,White,Female,Troutman,Iredell,No,01-01-04,2008-07-31,Loss of Control / Turning Error,17,Intersection,01-07-01,0001-01-01T12:18:58-04:56,Bicyclist Lost Control - Mechanical Problems,111121,2008,C: Possible Injury,Institutional,40-49,49,No,21-25 mph,O: No Injury,White,Male,Pickup,No,No,Daylight,Mixed (30% To 70% Developed),2 lanes,2,Straight - Level,Local Street,Wet,"Two-Way, Not Divided",None,T-Intersection,Smooth Asphalt,Piedmont,Rural,40 - 45  MPH,No Control Present,Cloudy,No,"0.0, 0.0"
582,583,Yes,40-49,49,Yes,With Traffic,C: Possible Injury,Travel Lane,Black,Male,None - Rural Crash,Pitt,Yes,01-01-06,2008-07-26,Motorist Overtaking Bicyclist,20,Non-Intersection,01-07-01,0001-01-01T15:45:58-04:56,Motorist Overtaking - Bicyclist Swerved,311235,2008,C: Possible Injury,"Farms, Woods, Pastures",40-49,48,No,46-50 mph,O: No Injury,White,Female,Sport Utility,No,No,Dusk,Rural (<30% Developed),2 lanes,2,Straight - Level,State Secondary Route,Dry,"Two-Way, Not Divided",None,"Driveway, Private",Coarse Asphalt,Coastal,Rural,50 - 55  MPH,No Control Present,Clear,No,"0.0, 0.0"
585,586,No,25-29,25,Yes,With Traffic,C: Possible Injury,Travel Lane,White,Male,Beaufort,Carteret,Yes,,2008-08-18,Motorist Overtaking Bicyclist,18,Intersection,01-08-01,0001-01-01T13:53:58-04:56,Motorist Overtaking - Misjudged Space,111232,2008,C: Possible Injury,Residential,,,Missing,31-35 mph,Injury,/Missing,,Pickup,No,Yes,Daylight,Mixed (30% To 70% Developed),2 lanes,2,Straight - Level,NC Route,Dry,"Two-Way, Divided, Unprotected Median",None,No Special Feature,Smooth Asphalt,Coastal,Rural,30 - 35  MPH,No Control Present,Clear,No,"0.0, 0.0"
588,589,Yes,30-39,36,No,Facing Traffic,O: No Injury,Travel Lane,White,Female,Havelock,Craven,No,01-01-03,2008-07-02,Motorist Failed to Yield - Sign-Controlled Intersection,10,Intersection,01-07-01,0001-01-01T05:16:58-04:56,Motorist Drive Out - Sign-Controlled Intersection,112141,2008,B: Evident Injury,Commercial,0-19,16,No,,B: Evident Injury,Black,Female,Pedalcycle,No,No,Daylight,Urban (>70% Developed),2 lanes,2,Straight - Level,Local Street,Dry,"Two-Way, Not Divided",Other,No Special Feature,Smooth Asphalt,Coastal,Urban,,Stop Sign,Clear,No,"0.0, 0.0"
599,600,Yes,50-59,55,No,With Traffic,B: Evident Injury,Travel Lane,Black,Male,None - Rural Crash,Columbus,No,01-01-04,2008-08-07,Motorist Overtaking Bicyclist,21,Non-Intersection,01-08-01,0001-01-01T16:30:58-04:56,Motorist Overtaking - Bicyclist Swerved,311235,2008,B: Evident Injury,Commercial,60-69,63,No,36-40 mph,O: No Injury,White,Male,Pickup,No,No,Dark - Roadway Not Lighted,Mixed (30% To 70% Developed),2 lanes,2,Straight - Level,State Secondary Route,Wet,"Two-Way, Not Divided",None,No Special Feature,Coarse Asphalt,Coastal,Rural,50 - 55  MPH,No Control Present,Rain,No,"0.0, 0.0"
608,609,Yes,15-Nov,13,No,With Traffic,B: Evident Injury,Travel Lane,White,Male,None - Rural Crash,Lenoir,No,01-01-07,2008-08-10,Bicyclist Failed to Yield - Sign-Controlled Intersection,18,Intersection,01-08-01,0001-01-01T13:33:58-04:56,Bicyclist Ride Through - Sign-Controlled Intersection,111144,2008,B: Evident Injury,Residential,0-19,18,No,31-35 mph,O: No Injury,White,Female,Passenger Car,No,No,Daylight,Mixed (30% To 70% Developed),2 lanes,2,Straight - Level,State Secondary Route,Dry,"Two-Way, Not Divided",None,Four-Way Intersection,Coarse Asphalt,Coastal,Rural,30 - 35  MPH,Stop Sign,Clear,No,"0.0, 0.0"
611,612,Yes,60-69,64,No,With Traffic,B: Evident Injury,Travel Lane,White,Male,None - Rural Crash,Polk,No,,2008-08-11,Bicyclist Left Turn / Merge,16,Intersection-Related,01-08-01,0001-01-01T11:40:58-04:56,Bicyclist Left Turn - Same Direction,211221,2008,B: Evident Injury,Residential,25-29,27,No,51-55 mph,O: No Injury,White,Female,Passenger Car,No,No,Daylight,Mixed (30% To 70% Developed),2 lanes,2,Straight - Level,NC Route,Dry,"Two-Way, Not Divided",None,T-Intersection,Smooth Asphalt,Mountains,Rural,50 - 55  MPH,"Double Yellow Line, No Passing Zone",Clear,No,"0.0, 0.0"
612,613,Yes,40-49,48,No,With Traffic,B: Evident Injury,Travel Lane,White,Female,None - Rural Crash,Chatham,No,01-01-06,2008-08-30,Motorist Failed to Yield - Sign-Controlled Intersection,8,Intersection,01-08-01,0001-01-01T03:48:58-04:56,Motorist Drive Out - Sign-Controlled Intersection,111141,2008,B: Evident Injury,"Farms, Woods, Pastures",70,,No,6-10 mph,O: No Injury,White,Female,Passenger Car,No,No,Daylight,Rural (<30% Developed),2 lanes,2,Straight - Level,State Secondary Route,Dry,"Two-Way, Not Divided",None,Four-Way Intersection,Smooth Asphalt,Piedmont,Rural,40 - 45  MPH,Stop Sign,Clear,No,"0.0, 0.0"
613,614,Yes,40-49,47,No,Facing Traffic,B: Evident Injury,Sidewalk / Crosswalk / Driveway Crossing,Black,Female,Charlotte,Mecklenburg,No,,2008-09-01,Motorist Failed to Yield - Sign-Controlled Intersection,17,Intersection,01-09-01,0001-01-01T12:33:58-04:56,Motorist Drive Out - Sign-Controlled Intersection,132141,2008,B: Evident Injury,Commercial,20-24,24,Missing,0-5 mph,O: No Injury,White,Female,Passenger Car,No,No,Daylight,Urban (>70% Developed),3 lanes,2,Straight - Level,Public Vehicular Area,Dry,"Two-Way, Not Divided",None,No Special Feature,Smooth Asphalt,Piedmont,Urban,30 - 35  MPH,Stop Sign,Clear,No,"0.0, 0.0"
622,623,Yes,16-19,18,No,Facing Traffic,Injury,Travel Lane,Black,Male,Sanford,Lee,No,01-01-04,2008-08-14,Crossing Paths - Other Circumstances,23,Intersection,01-08-01,0001-01-01T18:50:58-04:56,Sign-Controlled Intersection - Other /,112148,2008,O: No Injury,Commercial,0-19,18,No,,O: No Injury,White,Male,Pedalcycle,No,No,Dark - Lighted Roadway,Mixed (30% To 70% Developed),6 lanes,3,Straight - Level,Local Street,Dry,"Two-Way, Not Divided",None,Y-Intersection,Smooth Asphalt,Piedmont,Urban,,Stop Sign,Clear,No,"0.0, 0.0"
629,630,No,16-19,18,No,With Traffic,B: Evident Injury,Travel Lane,Hispanic,Male,None - Rural Crash,Washington,No,01-01-05,2008-08-15,Motorist Overtaking Bicyclist,19,Non-Intersection,01-08-01,0001-01-01T14:53:58-04:56,Motorist Overtaking - Other /,311239,2008,B: Evident Injury,"Farms, Woods, Pastures",25-29,27,No,51-55 mph,O: No Injury,White,Female,Passenger Car,No,No,Dusk,Rural (<30% Developed),2 lanes,2,Straight - Level,NC Route,Dry,"Two-Way, Not Divided",None,No Special Feature,Smooth Asphalt,Coastal,Rural,50 - 55  MPH,"Double Yellow Line, No Passing Zone",Clear,No,"0.0, 0.0"
631,632,Yes,15-Nov,15,No,With Traffic,A: Disabling Injury,Travel Lane,White,Male,None - Rural Crash,Pender,No,,2008-08-11,Bicyclist Failed to Yield - Sign-Controlled Intersection,12,Intersection,01-08-01,0001-01-01T07:16:58-04:56,Bicyclist Ride Out - Sign-Controlled Intersection,111142,2008,A: Disabling Injury,Commercial,60-69,62,No,46-50 mph,O: No Injury,White,Female,Van,No,No,Dusk,Mixed (30% To 70% Developed),4 lanes,2,Straight - Level,US Route,Dry,"Two-Way, Divided, Unprotected Median",None,Four-Way Intersection,Coarse Asphalt,Coastal,Rural,50 - 55  MPH,Stop Sign,Clear,No,"0.0, 0.0"
632,633,Yes,30-39,37,No,Facing Traffic,C: Possible Injury,Multi-use Path,White,Male,Duck,Dare,No,01-01-06,2008-08-16,Motorist Failed to Yield - Midblock,17,Non-Intersection,01-08-01,0001-01-01T12:32:58-04:56,Motorist Drive Out - Commercial Driveway / Alley,342322,2008,B: Evident Injury,Commercial,25-29,25,No,0-5 mph,O: No Injury,White,Male,Sport Utility,No,No,Daylight,Urban (>70% Developed),1 lane,2,Curve - Level,NC Route,Dry,"Two-Way, Not Divided",None,Shared-Use Paths Or Trails,Smooth Asphalt,Coastal,Rural,20 - 25  MPH,Missing,Clear,No,"0.0, 0.0"
636,637,No,15-Nov,13,No,With Traffic,O: No Injury,Travel Lane,/Missing,,Fayetteville,Cumberland,No,01-01-07,2008-08-17,Crossing Paths - Other Circumstances,17,Intersection,01-08-01,0001-01-01T12:09:58-04:56,Sign-Controlled Intersection - Other /,111148,2008,O: No Injury,Residential,20-24,21,No,16-20 mph,O: No Injury,Black,Female,Passenger Car,No,No,Dusk,Urban (>70% Developed),2 lanes,2,Curve - Grade,Local Street,Dry,"Two-Way, Not Divided",None,T-Intersection,Coarse Asphalt,Coastal,Urban,20 - 25  MPH,Stop Sign,Clear,No,"0.0, 0.0"
637,638,No,30-39,34,No,With Traffic,C: Possible Injury,Travel Lane,White,Male,Asheville,Buncombe,No,01-01-07,2008-08-17,Bicyclist Failed to Yield - Signalized Intersection,19,Intersection,01-08-01,0001-01-01T14:29:58-04:56,Bicyclist Ride Through - Signalized Intersection,111155,2008,C: Possible Injury,Commercial,20-24,24,No,11-15 mph,O: No Injury,Black,Female,Passenger Car,No,No,Daylight,Urban (>70% Developed),4 lanes,2,Straight - Level,Local Street,Dry,"Two-Way, Not Divided",None,Bridge,Smooth Asphalt,Mountains,Urban,30 - 35  MPH,Stop And Go Signal,Clear,No,"0.0, 0.0"
639,640,Yes,15-Nov,13,No,With Traffic,C: Possible Injury,Travel Lane,Black,Male,None - Rural Crash,Edgecombe,No,,2008-08-18,Bicyclist Failed to Yield - Sign-Controlled Intersection,20,Intersection,01-08-01,0001-01-01T15:25:58-04:56,Bicyclist Ride Through - Sign-Controlled Intersection,111144,2008,C: Possible Injury,"Farms, Woods, Pastures",70,,No,51-55 mph,O: No Injury,Black,Female,Passenger Car,No,No,Dark - Roadway Not Lighted,Rural (<30% Developed),2 lanes,2,Straight - Level,US Route,Dry,"Two-Way, Not Divided",None,"Driveway, Private",Coarse Asphalt,Coastal,Rural,50 - 55  MPH,Stop Sign,Clear,No,"0.0, 0.0"
654,655,No,15-Nov,11,No,Not Applicable,C: Possible Injury,,White,Male,Dunn,Harnett,No,01-01-06,2008-08-23,Crossing Paths - Other Circumstances,19,Non-Intersection,01-08-01,0001-01-01T14:49:58-04:56,Crossing Paths - Midblock - Other /,393380,2008,C: Possible Injury,Residential,25-29,27,No,31-35 mph,O: No Injury,Black,Male,Passenger Car,No,No,Daylight,Urban (>70% Developed),2 lanes,2,Straight - Level,Local Street,Dry,"Two-Way, Not Divided",None,No Special Feature,Coarse Asphalt,Coastal,Urban,30 - 35  MPH,No Control Present,Clear,No,"0.0, 0.0"
660,661,Yes,30-39,31,No,With Traffic,K: Killed,Travel Lane,White,Male,Tobaccoville,Forsyth,No,01-01-03,2008-08-20,Motorist Overtaking Bicyclist,12,Non-Intersection,01-08-01,0001-01-01T07:35:58-04:56,Motorist Overtaking - Other /,311239,2008,K: Killed,Residential,30-39,39,No,36-40 mph,O: No Injury,White,Male,Sport Utility,No,No,Daylight,Mixed (30% To 70% Developed),2 lanes,2,Curve - Level,State Secondary Route,Dry,"Two-Way, Not Divided",None,"Driveway, Private",Coarse Asphalt,Piedmont,Rural,40 - 45  MPH,"Double Yellow Line, No Passing Zone",Clear,No,"0.0, 0.0"
663,664,Yes,10-Jun,10,No,Facing Traffic,B: Evident Injury,Travel Lane,White,Male,None - Rural Crash,Hyde,No,01-01-07,2008-07-20,Bicyclist Failed to Yield - Sign-Controlled Intersection,17,Intersection,01-07-01,0001-01-01T12:23:58-04:56,Bicyclist Ride Out - Sign-Controlled Intersection,112142,2008,B: Evident Injury,Residential,0-19,16,No,11-15 mph,O: No Injury,White,Male,Sport Utility,No,No,Daylight,Urban (>70% Developed),2 lanes,2,Straight - Level,Local Street,Dry,"Two-Way, Not Divided",None,Four-Way Intersection,Smooth Asphalt,Coastal,Rural,20 - 25  MPH,Stop Sign,Clear,No,"0.0, 0.0"
664,665,Yes,30-39,38,No,Facing Traffic,B: Evident Injury,Travel Lane,White,Male,Sylva,Jackson,No,01-01-03,2008-08-20,Head-On,14,Non-Intersection,01-08-01,0001-01-01T09:40:58-04:56,Head-On - Bicyclist,312250,2008,B: Evident Injury,Residential,20-24,23,No,21-25 mph,O: No Injury,White,Female,Pickup,No,No,Daylight,Mixed (30% To 70% Developed),2 lanes,3,Curve - Grade,Local Street,Dry,"Two-Way, Not Divided",None,No Special Feature,Smooth Asphalt,Mountains,Rural,20 - 25  MPH,No Control Present,Cloudy,No,"0.0, 0.0"
667,668,Yes,20-24,22,No,With Traffic,C: Possible Injury,Sidewalk / Crosswalk / Driveway Crossing,Black,Female,Goldsboro,Wayne,No,,2008-08-25,Motorist Left Turn / Merge,21,Non-Intersection,01-08-01,0001-01-01T16:16:58-04:56,Motorist Left Turn - Opposite Direction,331212,2008,C: Possible Injury,Residential,0-19,19,No,31-35 mph,O: No Injury,Black,Female,Passenger Car,No,No,Dark - Lighted Roadway,Urban (>70% Developed),2 lanes,2,Straight - Level,Local Street,Wet,"Two-Way, Not Divided",None,No Special Feature,Coarse Asphalt,Coastal,Urban,20 - 25  MPH,No Control Present,Rain,No,"0.0, 0.0"
915,916,Yes,50-59,53,No,Facing Traffic,C: Possible Injury,Travel Lane,Black,Male,High Point,Guilford,No,01-01-04,2007-11-08,Motorist Failed to Yield - Midblock,11,Non-Intersection,01-11-01,0001-01-01T06:04:58-04:56,Motorist Drive Out - Commercial Driveway / Alley,312322,2007,C: Possible Injury,Commercial,30-39,35,No,0-5 mph,O: No Injury,Other,Male,Passenger Car,No,No,Daylight,Urban (>70% Developed),5 lanes,2,Straight - Level,Public Vehicular Area,Dry,"Two-Way, Not Divided",None,"Driveway, Public",Coarse Asphalt,Piedmont,Urban,30 - 35  MPH,No Control Present,Clear,No,"35.943962, -80.00275"
917,918,Yes,15-Nov,12,No,With Traffic,C: Possible Injury,Travel Lane,Black,Male,Albemarle,Stanly,No,01-01-05,2007-11-09,Bicyclist Failed to Yield - Sign-Controlled Intersection,16,Intersection,01-11-01,0001-01-01T11:06:58-04:56,Bicyclist Ride Through - Sign-Controlled Intersection,111144,2007,C: Possible Injury,Residential,0-19,18,No,26-30 mph,O: No Injury,White,Male,Pickup,No,No,Daylight,Urban (>70% Developed),2 lanes,2,Straight - Level,Local Street,Dry,"Two-Way, Not Divided",None,Four-Way Intersection,Coarse Asphalt,Piedmont,Urban,30 - 35  MPH,Stop Sign,Clear,No,"35.36504, -80.20365"
919,920,Yes,20-24,22,No,With Traffic,B: Evident Injury,Travel Lane,White,Male,None - Rural Crash,New Hanover,No,01-01-06,2007-11-10,Motorist Overtaking Bicyclist,21,Non-Intersection,01-11-01,0001-01-01T16:43:58-04:56,Motorist Overtaking - Misjudged Space,311232,2007,B: Evident Injury,Residential,,,Missing,41-45 mph,Injury,/Missing,,,No,Yes,Dark - Roadway Not Lighted,Mixed (30% To 70% Developed),2 lanes,2,Straight - Level,State Secondary Route,Dry,"Two-Way, Not Divided",None,No Special Feature,Smooth Asphalt,Coastal,Rural,40 - 45  MPH,"Double Yellow Line, No Passing Zone",Clear,No,"34.12596, -77.87861"
324,325,Yes,25-29,28,No,Facing Traffic,C: Possible Injury,Sidewalk / Crosswalk / Driveway Crossing,Black,Male,Charlotte,Mecklenburg,No,01-01-02,2012-05-29,Motorist Failed to Yield - Midblock,14,Non-Intersection,01-05-01,0001-01-01T09:03:58-04:56,Motorist Drive Out - Commercial Driveway / Alley,,2012,C: Possible Injury,Commercial,70,70,No,16-20 mph,O: No Injury,White,Female,Passenger Car,No,Yes,Daylight,Urban (>70% Developed),2 lanes,2,Straight - Level,Local Street,Dry,"Two-Way, Not Divided",None,No Special Feature,Smooth Asphalt,Piedmont,Urban,40 - 45  MPH,Stop Sign,Clear,No,"35.13813, -80.7388"
333,334,No,25-29,25,No,With Traffic,B: Evident Injury,Travel Lane,White,Male,Raleigh,Wake,No,01-01-04,2012-05-24,Motorist Overtaking Bicyclist,13,Intersection-Related,01-05-01,0001-01-01T08:45:58-04:56,Motorist Overtaking - Other /,,2012,B: Evident Injury,Residential,0-19,18,No,21-25 mph,O: No Injury,White,Female,Passenger Car,No,No,Daylight,Urban (>70% Developed),2 lanes,2,Straight - Level,Local Street,Dry,"Two-Way, Not Divided",None,No Special Feature,Coarse Asphalt,Piedmont,Urban,30 - 35  MPH,No Control Present,Clear,No,"35.77707, -78.6829"
340,341,Yes,25-29,29,No,With Traffic,C: Possible Injury,Travel Lane,White,Male,Raleigh,Wake,No,01-01-03,2012-05-30,Bicyclist Overtaking Motorist,15,Non-Intersection,01-05-01,0001-01-01T10:54:58-04:56,Bicyclist Overtaking - Extended Door,,2012,C: Possible Injury,Industrial,30-39,39,Missing,0-5 mph,O: No Injury,White,Male,Police,No,No,Daylight,Urban (>70% Developed),2 lanes,2,Straight - Level,Local Street,Dry,"One-Way, Not Divided",None,No Special Feature,Smooth Asphalt,Piedmont,Urban,30 - 35  MPH,Stop And Go Signal,Clear,Yes,"35.77608, -78.6404"
345,346,Yes,40-49,49,No,With Traffic,B: Evident Injury,Travel Lane,White,Male,Huntersville,Mecklenburg,No,01-01-05,2012-05-25,Motorist Overtaking Bicyclist,22,Intersection-Related,01-05-01,0001-01-01T17:34:58-04:56,Motorist Overtaking - Undetected Bicyclist,,2012,B: Evident Injury,Commercial,30-39,30,No,41-45 mph,O: No Injury,White,Male,Passenger Car,No,No,Dark - Lighted Roadway,Urban (>70% Developed),2 lanes,2,Straight - Grade,NC Route,Dry,"Two-Way, Not Divided",None,No Special Feature,Smooth Asphalt,Piedmont,Urban,40 - 45  MPH,"Double Yellow Line, No Passing Zone",Clear,No,"35.41599, -80.8568"
347,348,No,25-29,25,No,With Traffic,C: Possible Injury,Travel Lane,Black,Male,Winston-Salem,Forsyth,No,01-01-06,2012-06-02,Motorist Overtaking Bicyclist,23,Non-Intersection,01-06-01,0001-01-01T18:08:58-04:56,Motorist Overtaking - Other /,,2012,C: Possible Injury,Commercial,,,No,6-10 mph,Injury,/Missing,,,No,Yes,Daylight,Urban (>70% Developed),2 lanes,2,Straight - Level,Local Street,Dry,"Two-Way, Divided, Unprotected Median",None,No Special Feature,Smooth Asphalt,Piedmont,Urban,30 - 35  MPH,No Control Present,Clear,No,"36.10796, -80.2477"
352,353,Yes,50-59,51,No,With Traffic,B: Evident Injury,Travel Lane,White,Female,Salter Path,Carteret,No,01-01-02,2012-05-29,Motorist Overtaking Bicyclist,18,Non-Intersection,01-05-01,0001-01-01T13:48:58-04:56,Motorist Overtaking - Misjudged Space,,2012,B: Evident Injury,Commercial,40-49,43,No,0-5 mph,O: No Injury,White,Male,Single Unit Truck (3 Or More Axles),No,No,Daylight,Mixed (30% To 70% Developed),3 lanes,2,Straight - Level,NC Route,Dry,"Two-Way, Not Divided",None,"Driveway, Public",Smooth Asphalt,Coastal,Rural,30 - 35  MPH,No Control Present,Clear,No,"34.68877, -76.8817"
355,356,No,50-59,53,No,Facing Traffic,B: Evident Injury,Bike Lane / Paved Shoulder,White,Male,None - Rural Crash,Caldwell,No,01-01-05,2012-06-01,Motorist Failed to Yield - Sign-Controlled Intersection,15,Intersection,01-06-01,0001-01-01T10:23:58-04:56,Motorist Drive Out - Sign-Controlled Intersection,,2012,B: Evident Injury,Commercial,50-59,56,No,6-10 mph,O: No Injury,White,Female,Sport Utility,No,No,Daylight,Mixed (30% To 70% Developed),2 lanes,2,Straight - Grade,US Route,Dry,"Two-Way, Not Divided",None,Four-Way Intersection,Smooth Asphalt,Mountains,Rural,50 - 55  MPH,Stop Sign,Clear,No,"35.85556, -81.608"
363,364,Yes,50-59,50,No,Facing Traffic,C: Possible Injury,Sidewalk / Crosswalk / Driveway Crossing,Black,Male,Charlotte,Mecklenburg,No,01-01-02,2012-06-12,Bicyclist Failed to Yield - Signalized Intersection,22,Intersection,01-06-01,0001-01-01T17:31:58-04:56,Bicyclist Ride Through - Signalized Intersection,,2012,C: Possible Injury,Residential,40-49,44,No,0-5 mph,O: No Injury,Black,Female,Sport Utility,No,No,Dark - Lighted Roadway,Rural (<30% Developed),4 lanes,2,Straight - Level,Local Street,Wet,"Two-Way, Not Divided",None,Four-Way Intersection,Smooth Asphalt,Piedmont,Urban,30 - 35  MPH,Stop And Go Signal,Rain,No,"35.26307, -80.8546"
364,365,No,40-49,45,No,With Traffic,B: Evident Injury,Travel Lane,White,Male,Harrisburg,Cabarrus,No,01-01-06,2012-05-26,Motorist Overtaking Bicyclist,11,Non-Intersection,01-05-01,0001-01-01T07:00:58-04:56,Motorist Overtaking - Misjudged Space,,2012,B: Evident Injury,Residential,40-49,46,No,36-40 mph,O: No Injury,White,Female,Passenger Car,No,No,Daylight,Rural (<30% Developed),2 lanes,2,Straight - Grade,Local Street,Dry,"Two-Way, Not Divided",None,No Special Feature,Smooth Asphalt,Piedmont,Urban,40 - 45  MPH,No Control Present,Clear,No,"35.33086, -80.6183"