FID,OBJECTID,AmbulanceR,BikeAge_Gr,Bike_Age,Bike_Alc_D,Bike_Dir,Bike_Injur,Bike_Pos,Bike_Race,Bike_Sex,City,County,CrashAlcoh,CrashDay,Crash_Date,Crash_Grp,Crash_Hour,Crash_Loc,Crash_Mont,Crash_Time,Crash_Type,Crash_Ty_1,Crash_Year,Crsh_Sevri,Developmen,DrvrAge_Gr,Drvr_Age,Drvr_Alc_D,Drvr_EstSp,Drvr_Injur,Drvr_Race,Drvr_Sex,Drvr_VehTy,ExcsSpdInd,Hit_Run,Light_Cond,Locality,Num_Lanes,Num_Units,Rd_Charact,Rd_Class,Rd_Conditi,Rd_Config,Rd_Defects,Rd_Feature,Rd_Surface,Region,Rural_Urba,Speed_Limi,Traff_Cntr,Weather,Workzone_I,Location
369,370,Yes,50-59,51,No,With Traffic,C: Possible Injury,Travel Lane,Black,Female,None - Rural Crash,Columbus,No,01-01-04,2012-06-07,Motorist Overtaking Bicyclist,6,Non-Intersection,01-06-01,0001-01-01T01:41:58-04:56,Motorist Overtaking - Other /,,2012,C: Possible Injury,Residential,,,Missing,36-40 mph,Injury,/Missing,,Passenger Car,No,Yes,Daylight,Mixed (30% To 70% Developed),2 lanes,2,Straight - Level,State Secondary Route,Dry,"Two-Way, Not Divided",None,No Special Feature,Coarse Asphalt,Coastal,Rural,50 - 55  MPH,No Control Present,Clear,No,"34.42376, -78.8066"
371,372,Yes,10-Jun,8,No,Not Applicable,C: Possible Injury,Driveway / Alley,Black,Female,Ramseur,Randolph,No,01-01-07,2012-06-10,Bicyclist Failed to Yield - Midblock,18,Non-Intersection,01-06-01,0001-01-01T13:03:58-04:56,Bicyclist Ride Out - Residential Driveway,,2012,C: Possible Injury,Residential,60-69,64,No,11-15 mph,O: No Injury,White,Male,Pickup,No,No,Daylight,Urban (>70% Developed),2 lanes,2,Straight - Grade,Local Street,Dry,"Two-Way, Not Divided",None,No Special Feature,Coarse Asphalt,Piedmont,Rural,30 - 35  MPH,No Control Present,Clear,No,"35.73743, -79.651"
372,373,No,20-24,24,No,Facing Traffic,C: Possible Injury,Sidewalk / Crosswalk / Driveway Crossing,Black,Male,Wilson,Wilson,No,01-01-02,2012-05-29,Motorist Failed to Yield - Midblock,15,Non-Intersection,01-05-01,0001-01-01T10:04:58-04:56,Motorist Drive Out - Commercial Driveway / Alley,,2012,C: Possible Injury,Commercial,0-19,19,No,0-5 mph,O: No Injury,White,Male,Passenger Car,No,No,Daylight,Urban (>70% Developed),5 lanes,2,Straight - Level,Local Street,Dry,"Two-Way, Not Divided",None,T-Intersection,Smooth Asphalt,Coastal,Urban,40 - 45  MPH,No Control Present,Clear,No,"35.75656, -77.9575"
379,380,Yes,50-59,50,No,Not Applicable,K: Killed,,White,Male,Havelock,Craven,No,01-01-05,2012-05-11,Crossing Paths - Other Circumstances,22,Non-Intersection,01-05-01,0001-01-01T17:31:58-04:56,Crossing Paths - Midblock - Other /,,2012,K: Killed,Commercial,40-49,49,No,46-50 mph,C: Possible Injury,Black,Male,Passenger Car,No,No,Dark - Roadway Not Lighted,Urban (>70% Developed),4 lanes,2,Straight - Grade,US Route,Dry,"Two-Way, Divided, Unprotected Median",None,No Special Feature,Smooth Asphalt,Coastal,Urban,50 - 55  MPH,No Control Present,Clear,No,"34.89253, -76.924"
388,389,No,16-19,16,No,With Traffic,B: Evident Injury,Travel Lane,White,Male,None - Rural Crash,Craven,No,01-01-04,2012-06-14,Bicyclist Left Turn / Merge,17,Non-Intersection,01-06-01,0001-01-01T12:13:58-04:56,Bicyclist Left Turn - Same Direction,,2012,B: Evident Injury,Residential,40-49,40,No,26-30 mph,O: No Injury,White,Male,Pickup,No,No,Daylight,Urban (>70% Developed),2 lanes,2,Straight - Level,State Secondary Route,Dry,"Two-Way, Not Divided",None,No Special Feature,Coarse Asphalt,Coastal,Rural,40 - 45  MPH,"Double Yellow Line, No Passing Zone",Clear,No,"34.90703, -76.9375"
389,390,Yes,40-49,48,No,,B: Evident Injury,Travel Lane,Hispanic,Male,Matthews,Mecklenburg,No,01-01-03,2012-06-13,Other /  - Insufficient Details,8,Non-Intersection,01-06-01,0001-01-01T03:33:58-04:56,Approach Paths,,2012,B: Evident Injury,Commercial,50-59,53,No,41-45 mph,O: No Injury,White,Male,Passenger Car,No,No,Daylight,Urban (>70% Developed),2 lanes,2,Straight - Level,US Route,Dry,"Two-Way, Divided, Unprotected Median",None,No Special Feature,Smooth Asphalt,Piedmont,Urban,40 - 45  MPH,No Control Present,Clear,No,"35.14024, -80.7181"
391,392,No,,0,No,,C: Possible Injury,Travel Lane,White,Male,Emerald Isle,Carteret,No,01-01-06,2012-06-09,Crossing Paths - Other Circumstances,18,Intersection-Related,01-06-01,0001-01-01T13:23:58-04:56,Crossing Paths - Uncontrolled Intersection,,2012,C: Possible Injury,Commercial,40-49,40,No,0-5 mph,O: No Injury,Black,Male,Van,No,No,Daylight,Urban (>70% Developed),2 lanes,2,Straight - Level,Local Street,Dry,"Two-Way, Not Divided",None,No Special Feature,Smooth Asphalt,Coastal,Rural,20 - 25  MPH,No Control Present,Clear,No,"34.66473, -77.0349"
392,393,No,16-19,17,No,Facing Traffic,C: Possible Injury,Travel Lane,White,Male,Salisbury,Rowan,No,01-01-03,2012-06-20,Motorist Failed to Yield - Sign-Controlled Intersection,11,Intersection,01-06-01,0001-01-01T06:40:58-04:56,Motorist Drive Out - Sign-Controlled Intersection,,2012,C: Possible Injury,Commercial,20-24,22,No,,O: No Injury,Hispanic,Male,Passenger Car,No,No,Daylight,Urban (>70% Developed),2 lanes,2,Straight - Level,Local Street,Dry,"Two-Way, Not Divided",None,T-Intersection,Smooth Asphalt,Piedmont,Urban,,Stop Sign,Clear,No,"35.64114, -80.5098"
404,405,Yes,15-Nov,15,No,Facing Traffic,B: Evident Injury,Travel Lane,Black,Male,Henderson,Vance,No,01-01-05,2012-06-15,Motorist Left Turn / Merge,16,Intersection,01-06-01,0001-01-01T11:05:58-04:56,Motorist Left Turn - Same Direction,,2012,B: Evident Injury,Residential,60-69,61,No,6-10 mph,O: No Injury,Black,Female,Passenger Car,No,No,Daylight,Urban (>70% Developed),2 lanes,2,Straight - Hillcrest,Local Street,Dry,"Two-Way, Not Divided",None,T-Intersection,Smooth Asphalt,Piedmont,Urban,30 - 35  MPH,Stop Sign,Clear,No,"36.33002, -78.4299"
406,407,Yes,15-Nov,15,No,With Traffic,B: Evident Injury,Travel Lane,Asian,Female,Huntersville,Mecklenburg,No,01-01-05,2012-06-15,Bicyclist Left Turn / Merge,12,Non-Intersection,01-06-01,0001-01-01T07:59:58-04:56,Bicyclist Left Turn - Same Direction,,2012,B: Evident Injury,Residential,50-59,52,No,41-45 mph,O: No Injury,White,Male,Pickup,No,No,Daylight,Mixed (30% To 70% Developed),2 lanes,2,Straight - Level,NC Route,Dry,"Two-Way, Not Divided",None,No Special Feature,Smooth Asphalt,Piedmont,Urban,40 - 45  MPH,"Double Yellow Line, No Passing Zone",Clear,No,"35.43469, -80.905"
410,411,Yes,15-Nov,15,No,With Traffic,C: Possible Injury,Travel Lane,Black,Male,Winston-Salem,Forsyth,No,01-01-06,2012-06-16,Motorist Overtaking Bicyclist,20,Non-Intersection,01-06-01,0001-01-01T15:35:58-04:56,Motorist Overtaking - Bicyclist Swerved,,2012,C: Possible Injury,Residential,,,Missing,31-35 mph,Injury,/Missing,,,No,Yes,Daylight,Urban (>70% Developed),2 lanes,2,Straight - Level,Local Street,Dry,"Two-Way, Not Divided",None,No Special Feature,Smooth Asphalt,Piedmont,Urban,30 - 35  MPH,No Control Present,Clear,No,"36.151, -80.2137"
414,415,Yes,50-59,51,No,,A: Disabling Injury,,Black,Male,Smithfield,Johnston,No,01-01-06,2012-06-16,Other /  - Insufficient Details,14,Intersection-Related,01-06-01,0001-01-01T09:49:58-04:56,Approach Paths,,2012,A: Disabling Injury,Commercial,30-39,35,No,31-35 mph,O: No Injury,Hispanic,Female,Passenger Car,No,No,Daylight,Urban (>70% Developed),5 lanes,2,Straight - Level,US Route,Dry,"Two-Way, Not Divided",None,No Special Feature,Coarse Asphalt,Coastal,Urban,30 - 35  MPH,No Control Present,Clear,No,"35.5134, -78.3326"
417,418,Yes,40-49,47,No,With Traffic,C: Possible Injury,Travel Lane,White,Female,Cary,Wake,No,01-01-04,2012-06-14,Motorist Failed to Yield - Midblock,13,Non-Intersection,01-06-01,0001-01-01T08:36:58-04:56,Motorist Drive Out - Commercial Driveway / Alley,,2012,C: Possible Injury,Commercial,25-29,29,No,6-10 mph,O: No Injury,Black,Female,Passenger Car,No,No,Daylight,Urban (>70% Developed),5 lanes,2,Straight - Grade,State Secondary Route,Dry,"Two-Way, Not Divided",None,No Special Feature,Coarse Asphalt,Piedmont,Urban,,No Control Present,Clear,No,"35.76376, -78.7444"
422,423,No,16-19,19,No,With Traffic,O: No Injury,Sidewalk / Crosswalk / Driveway Crossing,White,Male,Raleigh,Wake,No,01-01-07,2012-06-24,Motorist Failed to Yield - Midblock,16,Non-Intersection,01-06-01,0001-01-01T11:34:58-04:56,Motorist Drive Out - Midblock -,,2012,O: No Injury,Residential,,,Missing,0-5 mph,Injury,/Missing,,Passenger Car,No,Yes,Daylight,Mixed (30% To 70% Developed),2 lanes,2,Straight - Level,Local Street,Dry,"Two-Way, Not Divided",None,No Special Feature,Smooth Asphalt,Piedmont,Urban,20 - 25  MPH,No Control Present,Clear,No,"35.78393, -78.6606"
430,431,Yes,20-24,21,No,Facing Traffic,C: Possible Injury,Sidewalk / Crosswalk / Driveway Crossing,Black,Male,Raleigh,Wake,No,01-01-06,2012-06-23,Bicyclist Failed to Yield - Signalized Intersection,21,Intersection,01-06-01,0001-01-01T16:41:58-04:56,Bicyclist Failed to Clear - Trapped,,2012,C: Possible Injury,Commercial,40-49,48,No,11-15 mph,O: No Injury,Other,Male,Taxicab,No,Yes,Dark - Lighted Roadway,Mixed (30% To 70% Developed),4 lanes,2,Straight - Level,Local Street,Dry,"One-Way, Not Divided",None,Four-Way Intersection,Smooth Asphalt,Piedmont,Urban,30 - 35  MPH,Stop And Go Signal,Clear,No,"35.77983, -78.6222"
436,437,Yes,20-24,24,No,Facing Traffic,C: Possible Injury,Sidewalk / Crosswalk / Driveway Crossing,White,Male,Raleigh,Wake,No,01-01-03,2012-06-27,Motorist Failed to Yield - Signalized Intersection,18,Intersection,01-06-01,0001-01-01T13:52:58-04:56,Motorist Drive Out - Right Turn on Red,,2012,C: Possible Injury,Institutional,50-59,59,No,0-5 mph,O: No Injury,White,Male,Pickup,No,No,Daylight,Urban (>70% Developed),2 lanes,2,Straight - Level,Public Vehicular Area,Dry,"Two-Way, Not Divided",None,Four-Way Intersection,Smooth Asphalt,Piedmont,Urban,5 - 15 MPH,Stop And Go Signal,Clear,No,"35.77516, -78.6567"
449,450,Yes,40-49,43,Missing,Facing Traffic,C: Possible Injury,Sidewalk / Crosswalk / Driveway Crossing,Black,Male,Charlotte,Mecklenburg,No,01-01-03,2012-07-11,Motorist Failed to Yield - Sign-Controlled Intersection,12,Intersection,01-07-01,0001-01-01T07:06:58-04:56,Motorist Drive Out - Sign-Controlled Intersection,,2012,C: Possible Injury,Commercial,30-39,33,No,,O: No Injury,White,Male,Sport Utility,No,No,Daylight,Urban (>70% Developed),4 lanes,2,Curve - Grade,Local Street,Dry,"Two-Way, Not Divided",None,Four-Way Intersection,Smooth Asphalt,Piedmont,Urban,30 - 35  MPH,Stop Sign,Cloudy,No,"35.21629, -80.852"
453,454,Yes,,0,No,With Traffic,B: Evident Injury,Travel Lane,White,Male,Wrightsville Beach,New Hanover,No,01-01-05,2012-06-22,Bicyclist Overtaking Motorist,7,Non-Intersection,01-06-01,0001-01-01T02:51:58-04:56,Bicyclist Overtaking - Extended Door,,2012,B: Evident Injury,Residential,40-49,47,No,,O: No Injury,White,Male,Passenger Car,No,No,Daylight,Urban (>70% Developed),,2,,.,Dry,,None,No Special Feature,,Coastal,Rural,20 - 25  MPH,No Control Present,Clear,No,"34.18989, -77.8094"
459,460,Yes,40-49,43,No,With Traffic,B: Evident Injury,Travel Lane,White,Female,None - Rural Crash,Onslow,No,01-01-07,2012-07-08,Motorist Failed to Yield - Sign-Controlled Intersection,10,Intersection,01-07-01,0001-01-01T05:18:58-04:56,Motorist Drive Out - Sign-Controlled Intersection,,2012,B: Evident Injury,Commercial,50-59,58,No,0-5 mph,O: No Injury,White,Male,Sport Utility,No,No,Daylight,Mixed (30% To 70% Developed),2 lanes,2,Straight - Level,State Secondary Route,"Water (Standing, Moving)","Two-Way, Not Divided",None,T-Intersection,Smooth Asphalt,Coastal,Rural,40 - 45  MPH,Stop Sign,Clear,No,"34.7175, -77.3203"
463,464,Yes,15-Nov,12,No,With Traffic,C: Possible Injury,Travel Lane,Black,Female,Gastonia,Gaston,No,01-01-04,2012-06-21,Bicyclist Left Turn / Merge,16,Non-Intersection,01-06-01,0001-01-01T11:03:58-04:56,Bicyclist Left Turn - Same Direction,,2012,C: Possible Injury,Residential,,,Missing,31-35 mph,Injury,/Missing,,,No,Yes,Daylight,Urban (>70% Developed),5 lanes,2,Straight - Grade,NC Route,Dry,"Two-Way, Not Divided",None,No Special Feature,Smooth Asphalt,Piedmont,Urban,30 - 35  MPH,No Control Present,Clear,No,"35.25401, -81.1764"
464,465,No,10-Jun,6,No,With Traffic,O: No Injury,Travel Lane,Black,Male,Farmville,Pitt,No,01-01-02,2012-07-10,Bicyclist Failed to Yield - Sign-Controlled Intersection,16,Intersection,01-07-01,0001-01-01T11:38:58-04:56,Bicyclist Ride Through - Sign-Controlled Intersection,,2012,C: Possible Injury,Residential,70,70,No,26-30 mph,O: No Injury,Black,Female,Passenger Car,No,No,Daylight,Urban (>70% Developed),2 lanes,2,Straight - Level,Local Street,Dry,"Two-Way, Not Divided",None,No Special Feature,Smooth Asphalt,Coastal,Rural,30 - 35  MPH,Stop Sign,Clear,No,"35.58913, -77.5928"
476,477,No,50-59,58,No,With Traffic,O: No Injury,Travel Lane,Black,Male,Wilmington,New Hanover,No,,2012-07-02,Bicyclist Left Turn / Merge,9,Non-Intersection,01-07-01,0001-01-01T04:26:58-04:56,Bicyclist Left Turn - Opposite Direction,,2012,O: No Injury,Commercial,20-24,22,No,26-30 mph,O: No Injury,Black,Male,Passenger Car,No,No,Daylight,Urban (>70% Developed),2 lanes,2,Straight - Level,Local Street,Dry,"Two-Way, Not Divided",None,No Special Feature,Coarse Asphalt,Coastal,Urban,30 - 35  MPH,No Control Present,Clear,No,"34.24255, -77.892"
479,480,Yes,40-49,41,No,With Traffic,B: Evident Injury,Travel Lane,Black,Male,None - Rural Crash,Mecklenburg,No,01-01-05,2012-07-20,Motorist Overtaking Bicyclist,5,Intersection,01-07-01,0001-01-01T00:31:58-04:56,Motorist Overtaking - Other /,,2012,B: Evident Injury,Residential,60-69,63,No,26-30 mph,O: No Injury,White,Male,Passenger Car,No,No,Dark - Lighted Roadway,Urban (>70% Developed),4 lanes,2,Straight - Level,Local Street,Dry,"Two-Way, Not Divided",None,No Special Feature,Smooth Asphalt,Piedmont,Rural,30 - 35  MPH,No Control Present,Clear,No,"35.23639, -80.8306"
481,482,Yes,25-29,29,No,Facing Traffic,C: Possible Injury,Sidewalk / Crosswalk / Driveway Crossing,Other,Male,Kitty Hawk,Dare,No,01-01-04,2012-06-21,Motorist Failed to Yield - Midblock,11,Non-Intersection,01-06-01,0001-01-01T06:55:58-04:56,Motorist Drive Out - Commercial Driveway / Alley,,2012,C: Possible Injury,Commercial,20-24,21,No,0-5 mph,O: No Injury,White,Male,Pickup,No,No,Daylight,Urban (>70% Developed),5 lanes,2,Straight - Level,US Route,Dry,"Two-Way, Divided, Unprotected Median",None,No Special Feature,Smooth Asphalt,Coastal,Rural,50 - 55  MPH,No Control Present,Clear,No,"36.06598, -75.6933"
491,492,Yes,50-59,58,No,With Traffic,B: Evident Injury,Travel Lane,White,Male,Pine Knoll Shores,Carteret,No,01-01-02,2012-07-24,Motorist Left Turn / Merge,7,Intersection,01-07-01,0001-01-01T02:36:58-04:56,Motorist Left Turn - Opposite Direction,,2012,B: Evident Injury,Residential,60-69,61,No,11-15 mph,O: No Injury,White,Male,Pickup,No,No,Daylight,Urban (>70% Developed),2 lanes,2,Straight - Level,Local Street,Dry,"Two-Way, Not Divided",None,T-Intersection,Smooth Asphalt,Coastal,Rural,40 - 45  MPH,Stop And Go Signal,Clear,No,"34.69526, -76.8218"
507,508,Yes,60-69,60,No,Facing Traffic,C: Possible Injury,Travel Lane,Black,Male,Ayden,Pitt,No,01-01-07,2012-06-24,Backing Vehicle,21,Non-Intersection,01-06-01,0001-01-01T16:54:58-04:56,Backing Vehicle,,2012,C: Possible Injury,Residential,50-59,55,No,16-20 mph,O: No Injury,Black,Male,Passenger Car,No,No,Dark - Lighted Roadway,Urban (>70% Developed),2 lanes,2,Straight - Level,Local Street,Dry,"Two-Way, Not Divided",None,No Special Feature,Smooth Asphalt,Coastal,Rural,20 - 25  MPH,No Control Present,Clear,No,"35.46561, -77.4205"
514,515,Yes,15-Nov,14,No,With Traffic,C: Possible Injury,Travel Lane,Black,Male,None - Rural Crash,Forsyth,No,01-01-05,2012-07-27,Motorist Overtaking Bicyclist,0,Non-Intersection,01-07-01,0000-12-31T19:23:58-04:56,Motorist Overtaking - Misjudged Space,,2012,C: Possible Injury,"Farms, Woods, Pastures",,,Missing,51-55 mph,Injury,/Missing,,Passenger Car,No,Yes,Dark - Roadway Not Lighted,Rural (<30% Developed),2 lanes,2,Straight - Bottom,US Route,Dry,"Two-Way, Not Divided",None,Related To Intersection,Smooth Asphalt,Piedmont,Rural,50 - 55  MPH,"Double Yellow Line, No Passing Zone",Clear,No,"36.14221, -80.1602"
515,516,No,50-59,59,No,With Traffic,B: Evident Injury,Travel Lane,Black,Male,Wilmington,New Hanover,No,01-01-02,2012-07-17,Motorist Left Turn / Merge,7,Intersection,01-07-01,0001-01-01T02:13:58-04:56,Motorist Left Turn - Opposite Direction,,2012,B: Evident Injury,Commercial,40-49,41,No,11-15 mph,O: No Injury,White,Female,Passenger Car,No,No,Daylight,Urban (>70% Developed),5 lanes,2,Straight - Level,Local Street,Dry,"Two-Way, Not Divided",None,No Special Feature,Smooth Asphalt,Coastal,Urban,20 - 25  MPH,Stop And Go Signal,Clear,No,"34.19319, -77.9353"
519,520,No,15-Nov,15,No,With Traffic,O: No Injury,Travel Lane,White,Female,Mooresville,Iredell,No,01-01-05,2012-06-15,Bicyclist Overtaking Motorist,11,Intersection,01-06-01,0001-01-01T06:04:58-04:56,Bicyclist Overtaking - Other /,,2012,O: No Injury,Commercial,60-69,67,No,16-20 mph,O: No Injury,White,Male,Sport Utility,No,No,Daylight,Urban (>70% Developed),2 lanes,2,Straight - Grade,Local Street,Dry,"Two-Way, Not Divided",None,Four-Way Intersection,Coarse Asphalt,Piedmont,Urban,30 - 35  MPH,Stop And Go Signal,Clear,No,"35.58585, -80.8038"
522,523,Yes,50-59,54,No,Facing Traffic,C: Possible Injury,Travel Lane,White,Male,Cary,Wake,No,01-01-03,2012-07-18,Motorist Failed to Yield - Sign-Controlled Intersection,21,Intersection,01-07-01,0001-01-01T16:13:58-04:56,Motorist Drive Out - Sign-Controlled Intersection,,2012,C: Possible Injury,Commercial,50-59,54,No,0-5 mph,O: No Injury,Black,Male,Pickup,No,No,Dark - Lighted Roadway,Urban (>70% Developed),5 lanes,2,Straight - Level,State Secondary Route,Dry,"Two-Way, Not Divided",None,T-Intersection,Smooth Asphalt,Piedmont,Urban,30 - 35  MPH,Stop Sign,Clear,No,"35.74078, -78.7799"
524,525,Yes,15-Nov,12,No,,B: Evident Injury,,Black,Male,Alamance,Alamance,No,01-01-03,2012-07-25,Bicyclist Failed to Yield - Midblock,22,Non-Intersection,01-07-01,0001-01-01T17:36:58-04:56,Bicyclist Ride Out - Midblock -,,2012,B: Evident Injury,Commercial,70,70,No,31-35 mph,O: No Injury,White,Male,Passenger Car,No,No,Daylight,Urban (>70% Developed),3 lanes,2,Straight - Level,US Route,Dry,"One-Way, Not Divided",None,No Special Feature,Smooth Asphalt,Piedmont,Rural,30 - 35  MPH,Stop And Go Signal,Clear,No,"36.09849, -79.4344"
529,530,No,15-Nov,15,No,With Traffic,C: Possible Injury,Travel Lane,White,Male,None - Rural Crash,Mitchell,No,01-01-03,2012-08-01,Motorist Overtaking Bicyclist,20,Non-Intersection,01-08-01,0001-01-01T15:03:58-04:56,Motorist Overtaking - Other /,,2012,C: Possible Injury,"Farms, Woods, Pastures",50-59,54,No,41-45 mph,O: No Injury,White,Female,Passenger Car,No,Yes,Dusk,Rural (<30% Developed),2 lanes,2,Straight - Level,NC Route,Dry,"Two-Way, Not Divided",None,No Special Feature,Smooth Asphalt,Mountains,Rural,40 - 45  MPH,"Double Yellow Line, No Passing Zone",Clear,No,"36.10968, -82.196"
531,532,Yes,10-Jun,7,No,With Traffic,C: Possible Injury,Travel Lane,Black,Male,Durham,Durham,No,01-01-07,2012-08-05,Bicyclist Failed to Yield - Sign-Controlled Intersection,19,Intersection,01-08-01,0001-01-01T14:33:58-04:56,Bicyclist Ride Through - Sign-Controlled Intersection,,2012,C: Possible Injury,Residential,25-29,25,No,16-20 mph,O: No Injury,Asian,Female,Passenger Car,No,No,Daylight,Urban (>70% Developed),4 lanes,2,Straight - Level,Local Street,Dry,"Two-Way, Divided, Unprotected Median",None,No Special Feature,Coarse Asphalt,Piedmont,Urban,20 - 25  MPH,Stop Sign,Clear,No,"35.96253, -78.9654"
534,535,Yes,30-39,31,No,Facing Traffic,B: Evident Injury,Travel Lane,Black,Male,Rocky Mount,Nash,No,,2012-07-02,Crossing Paths - Other Circumstances,8,Intersection,01-07-01,0001-01-01T03:19:58-04:56,Signalized Intersection - Other /,,2012,B: Evident Injury,Commercial,,,Missing,31-35 mph,Injury,/Missing,,,No,Yes,Daylight,Urban (>70% Developed),4 lanes,2,Straight - Level,Local Street,Dry,"Two-Way, Not Divided",None,Four-Way Intersection,Coarse Asphalt,Coastal,Urban,30 - 35  MPH,Stop And Go Signal,Clear,No,"35.933, -77.8106"
536,537,No,20-24,22,No,Facing Traffic,B: Evident Injury,Travel Lane,White,Female,Kitty Hawk,Dare,No,01-01-05,2012-07-06,Head-On,22,Intersection-Related,01-07-01,0001-01-01T17:06:58-04:56,Head-On - Bicyclist,,2012,B: Evident Injury,Commercial,60-69,69,No,11-15 mph,O: No Injury,White,Male,Pickup,No,No,Dark - Roadway Not Lighted,Urban (>70% Developed),,2,Straight - Level,Public Vehicular Area,Dry,"Two-Way, Divided, Unprotected Median",None,"Driveway, Public",Coarse Asphalt,Coastal,Rural,5 - 15 MPH,Stop And Go Signal,Clear,No,"36.09871, -75.7202"
558,559,Yes,60-69,65,No,Facing Traffic,C: Possible Injury,Travel Lane,White,Male,Sanford,Lee,No,01-01-07,2012-07-29,Crossing Paths - Other Circumstances,18,Intersection,01-07-01,0001-01-01T13:16:58-04:56,Signalized Intersection - Other /,,2012,C: Possible Injury,Commercial,40-49,42,No,6-10 mph,O: No Injury,White,Male,Pickup,No,No,Daylight,Urban (>70% Developed),5 lanes,2,Straight - Hillcrest,Local Street,Dry,"Two-Way, Not Divided",None,Related To Intersection,Coarse Asphalt,Piedmont,Urban,30 - 35  MPH,Stop And Go Signal,Clear,No,"35.46613, -79.159"
560,561,Yes,50-59,51,Yes,With Traffic,C: Possible Injury,Travel Lane,Black,Male,None - Rural Crash,Cumberland,Yes,,2012-08-13,Motorist Overtaking Bicyclist,20,Non-Intersection,01-08-01,0001-01-01T15:24:58-04:56,Motorist Overtaking - Other /,,2012,C: Possible Injury,Residential,0-19,18,No,46-50 mph,O: No Injury,White,Male,Pickup,No,No,Dusk,Mixed (30% To 70% Developed),2 lanes,2,Straight - Level,NC Route,Dry,"Two-Way, Not Divided",None,No Special Feature,Coarse Asphalt,Coastal,Rural,50 - 55  MPH,"Double Yellow Line, No Passing Zone",Clear,No,"34.95009, -78.7521"
567,568,Yes,25-29,29,No,With Traffic,C: Possible Injury,Sidewalk / Crosswalk / Driveway Crossing,White,Male,Durham,Durham,No,01-01-04,2012-08-16,Motorist Left Turn / Merge,14,Intersection,01-08-01,0001-01-01T09:21:58-04:56,Motorist Left Turn - Opposite Direction,,2012,C: Possible Injury,Residential,40-49,48,No,6-10 mph,O: No Injury,White,Female,Passenger Car,No,No,Daylight,Urban (>70% Developed),3 lanes,2,Straight - Level,Local Street,Dry,"Two-Way, Not Divided",None,No Special Feature,Coarse Asphalt,Piedmont,Urban,30 - 35  MPH,Stop And Go Signal,Clear,No,"36.01718, -78.9216"
568,569,No,20-24,20,No,With Traffic,C: Possible Injury,Travel Lane,Black,Male,Charlotte,Mecklenburg,No,01-01-05,2012-08-17,Loss of Control / Turning Error,11,Intersection,01-08-01,0001-01-01T06:26:58-04:56,Bicyclist Lost Control - Mechanical Problems,,2012,C: Possible Injury,Commercial,60-69,64,No,0-5 mph,O: No Injury,Black,Male,Pickup,No,No,Daylight,Urban (>70% Developed),4 lanes,2,Straight - Level,Local Street,Dry,"Two-Way, Divided, Unprotected Median",None,No Special Feature,Smooth Asphalt,Piedmont,Urban,30 - 35  MPH,Stop Sign,Clear,No,"35.23598, -80.7737"
571,572,Yes,15-Nov,13,No,With Traffic,C: Possible Injury,Travel Lane,Black,Male,Greenville,Pitt,No,01-01-05,2012-08-17,Bicyclist Failed to Yield - Sign-Controlled Intersection,22,Intersection,01-08-01,0001-01-01T17:05:58-04:56,Bicyclist Ride Through - Sign-Controlled Intersection,,2012,C: Possible Injury,Residential,30-39,38,No,0-5 mph,O: No Injury,White,Male,Police,No,No,Dark - Lighted Roadway,Urban (>70% Developed),2 lanes,2,Straight - Level,Local Street,Dry,"Two-Way, Not Divided",None,Four-Way Intersection,Coarse Asphalt,Coastal,Urban,30 - 35  MPH,Stop Sign,Clear,No,"35.60951, -77.3907"
580,581,Yes,20-24,20,No,With Traffic,K: Killed,Travel Lane,White,Male,Kill Devil Hills,Dare,Yes,01-01-02,2012-08-07,Motorist Overtaking Bicyclist,1,Non-Intersection,01-08-01,0000-12-31T20:58:58-04:56,Motorist Overtaking - Other /,,2012,K: Killed,Commercial,20-24,23,Yes,41-45 mph,O: No Injury,White,Male,Sport Utility,No,No,Dark - Lighted Roadway,Urban (>70% Developed),3 lanes,2,Straight - Level,NC Route,Wet,"Two-Way, Not Divided",None,No Special Feature,Coarse Asphalt,Coastal,Urban,30 - 35  MPH,No Control Present,Cloudy,No,"35.99874, -75.6481"
586,587,No,40-49,49,No,With Traffic,O: No Injury,Sidewalk / Crosswalk / Driveway Crossing,White,Male,Durham,Durham,No,01-01-05,2012-08-03,Motorist Failed to Yield - Midblock,17,Non-Intersection,01-08-01,0001-01-01T12:59:58-04:56,Motorist Drive Out - Commercial Driveway / Alley,,2012,O: No Injury,Commercial,30-39,37,No,0-5 mph,O: No Injury,White,Male,Passenger Car,No,No,Daylight,Urban (>70% Developed),3 lanes,2,Straight - Level,Local Street,Dry,"One-Way, Not Divided",None,"Driveway, Public",Smooth Asphalt,Piedmont,Urban,20 - 25  MPH,No Control Present,Clear,No,"35.99466, -78.9009"
587,588,Yes,40-49,49,No,Facing Traffic,C: Possible Injury,Sidewalk / Crosswalk / Driveway Crossing,White,Male,Wilmington,New Hanover,No,01-01-06,2012-08-18,Motorist Failed to Yield - Signalized Intersection,13,Intersection,01-08-01,0001-01-01T08:30:58-04:56,Motorist Drive Out - Right Turn on Red,,2012,C: Possible Injury,Commercial,20-24,20,No,6-10 mph,O: No Injury,White,Male,Passenger Car,No,No,Daylight,Urban (>70% Developed),3 lanes,2,Straight - Level,Local Street,Dry,"Two-Way, Not Divided",None,T-Intersection,Smooth Asphalt,Coastal,Urban,30 - 35  MPH,Stop And Go Signal,Clear,No,"34.25615, -77.8259"