FID,OBJECTID,AmbulanceR,BikeAge_Gr,Bike_Age,Bike_Alc_D,Bike_Dir,Bike_Injur,Bike_Pos,Bike_Race,Bike_Sex,City,County,CrashAlcoh,CrashDay,Crash_Date,Crash_Grp,Crash_Hour,Crash_Loc,Crash_Mont,Crash_Time,Crash_Type,Crash_Ty_1,Crash_Year,Crsh_Sevri,Developmen,DrvrAge_Gr,Drvr_Age,Drvr_Alc_D,Drvr_EstSp,Drvr_Injur,Drvr_Race,Drvr_Sex,Drvr_VehTy,ExcsSpdInd,Hit_Run,Light_Cond,Locality,Num_Lanes,Num_Units,Rd_Charact,Rd_Class,Rd_Conditi,Rd_Config,Rd_Defects,Rd_Feature,Rd_Surface,Region,Rural_Urba,Speed_Limi,Traff_Cntr,Weather,Workzone_I,Location
596,597,No,30-39,35,No,Facing Traffic,O: No Injury,Sidewalk / Crosswalk / Driveway Crossing,Black,Male,Durham,Durham,No,01-01-05,2012-08-24,Motorist Failed to Yield - Midblock,11,Non-Intersection,01-08-01,0001-01-01T06:14:58-04:56,Motorist Drive Out - Commercial Driveway / Alley,,2012,O: No Injury,Residential,50-59,51,No,0-5 mph,O: No Injury,White,Female,Passenger Car,No,No,Daylight,Urban (>70% Developed),2 lanes,2,Straight - Level,Public Vehicular Area,Dry,"Two-Way, Not Divided",None,"Driveway, Public",Coarse Asphalt,Piedmont,Urban,5 - 15 MPH,No Control Present,Clear,No,"35.96548, -78.9568"
598,599,Yes,40-49,40,No,With Traffic,C: Possible Injury,Bike Lane / Paved Shoulder,Native American,Male,None - Rural Crash,Robeson,No,01-01-05,2012-08-24,Motorist Overtaking Bicyclist,17,Non-Intersection,01-08-01,0001-01-01T12:06:58-04:56,Motorist Overtaking - Other /,,2012,C: Possible Injury,"Farms, Woods, Pastures",,,No,51-55 mph,Injury,/Missing,,,No,Yes,Daylight,Rural (<30% Developed),2 lanes,2,Straight - Level,State Secondary Route,Wet,"Two-Way, Not Divided",None,No Special Feature,Coarse Asphalt,Coastal,Rural,50 - 55  MPH,No Control Present,Cloudy,No,"34.73176, -79.2363"
603,604,Yes,40-49,43,Yes,Not Applicable,A: Disabling Injury,Bike Lane / Paved Shoulder,Hispanic,Male,Raleigh,Wake,Yes,,2012-08-27,Bicyclist Failed to Yield - Midblock,19,Non-Intersection,01-08-01,0001-01-01T14:23:58-04:56,Bicyclist Ride Out - Other Midblock,,2012,A: Disabling Injury,Residential,25-29,28,No,31-35 mph,O: No Injury,Black,Male,Passenger Car,No,No,Daylight,Urban (>70% Developed),2 lanes,2,Straight - Level,Local Street,Dry,"Two-Way, Divided, Unprotected Median",None,No Special Feature,Smooth Asphalt,Piedmont,Urban,30 - 35  MPH,No Control Present,Clear,No,"35.78207, -78.6938"
608,609,Yes,25-29,26,No,Not Applicable,O: No Injury,Non-Roadway,Black,Male,Winterville,Pitt,No,01-01-02,2012-08-21,Non-Roadway,14,Non-Roadway,01-08-01,0001-01-01T10:00:58-04:56,Non-Roadway,,2012,O: No Injury,Commercial,70,70,No,0-5 mph,O: No Injury,White,Female,Passenger Car,No,No,Daylight,Urban (>70% Developed),,2,Straight - Level,Public Vehicular Area,Dry,"Two-Way, Not Divided",None,No Special Feature,Smooth Asphalt,Coastal,Urban,5 - 15 MPH,No Control Present,Cloudy,No,"35.5611, -77.4079"
612,613,Yes,70,0,No,With Traffic,B: Evident Injury,Bike Lane / Paved Shoulder,White,Male,Wilson,Wilson,No,01-01-04,2012-08-09,Motorist Failed to Yield - Sign-Controlled Intersection,19,Intersection,01-08-01,0001-01-01T14:44:58-04:56,Motorist Drive Out - Sign-Controlled Intersection,,2012,B: Evident Injury,Residential,0-19,17,No,11-15 mph,O: No Injury,White,Female,Passenger Car,No,No,Dusk,Urban (>70% Developed),2 lanes,2,Straight - Level,Local Street,Dry,"Two-Way, Divided, Unprotected Median",None,No Special Feature,Coarse Asphalt,Coastal,Urban,30 - 35  MPH,Stop Sign,Clear,No,"35.74398, -77.9434"
614,615,Yes,25-29,27,No,With Traffic,C: Possible Injury,Travel Lane,Black,Female,Wendell,Wake,No,01-01-03,2012-08-29,Backing Vehicle,11,Intersection-Related,01-08-01,0001-01-01T06:43:58-04:56,Backing Vehicle,,2012,C: Possible Injury,Residential,40-49,42,No,0-5 mph,O: No Injury,Hispanic,Male,Sport Utility,No,No,Daylight,Urban (>70% Developed),2 lanes,2,Straight - Level,Local Street,Dry,"Two-Way, Not Divided",None,No Special Feature,Coarse Asphalt,Piedmont,Urban,30 - 35  MPH,Stop Sign,Clear,No,"35.77011, -78.3644"
617,618,Yes,40-49,41,No,With Traffic,C: Possible Injury,Travel Lane,White,Male,Greensboro,Guilford,No,01-01-02,2012-04-24,Motorist Overtaking Bicyclist,16,Intersection-Related,01-04-01,0001-01-01T11:49:58-04:56,Motorist Overtaking - Misjudged Space,,2012,C: Possible Injury,Residential,,,No,16-20 mph,Injury,/Missing,,School Bus,No,No,Daylight,Urban (>70% Developed),2 lanes,2,Straight - Level,Local Street,Dry,"Two-Way, Not Divided",None,No Special Feature,Smooth Asphalt,Piedmont,Urban,30 - 35  MPH,No Control Present,Clear,No,"36.12518, -79.7601"
623,624,Yes,40-49,46,No,With Traffic,B: Evident Injury,Travel Lane,Black,Male,Raleigh,Wake,No,01-01-02,2012-08-14,Bicyclist Left Turn / Merge,23,Non-Intersection,01-08-01,0001-01-01T18:59:58-04:56,Bicyclist Left Turn - Same Direction,,2012,B: Evident Injury,Commercial,,,Missing,31-35 mph,Injury,/Missing,,Pickup,No,Yes,Dark - Lighted Roadway,Urban (>70% Developed),3 lanes,2,Straight - Grade,Local Street,Dry,"Two-Way, Not Divided",None,No Special Feature,Smooth Asphalt,Piedmont,Urban,30 - 35  MPH,No Control Present,Clear,No,"35.75605, -78.6313"
627,628,No,15-Nov,14,No,Facing Traffic,B: Evident Injury,Sidewalk / Crosswalk / Driveway Crossing,Black,Male,Madison,Rockingham,No,01-01-02,2012-07-10,Motorist Failed to Yield - Midblock,8,Non-Intersection,01-07-01,0001-01-01T03:47:58-04:56,Motorist Drive Out - Commercial Driveway / Alley,,2012,B: Evident Injury,Commercial,60-69,64,No,0-5 mph,O: No Injury,White,Male,"Single Unit Truck (2-Axle, 6-Tire)",No,No,Daylight,Urban (>70% Developed),2 lanes,2,Straight - Level,Local Street,Dry,"Two-Way, Not Divided",None,Other,Smooth Asphalt,Piedmont,Rural,30 - 35  MPH,Stop Sign,Cloudy,No,"36.39069, -79.9681"
641,642,Yes,15-Nov,14,No,With Traffic,B: Evident Injury,Travel Lane,Black,Male,Rocky Mount,Nash,No,01-01-03,2012-08-15,Bicyclist Failed to Yield - Sign-Controlled Intersection,19,Intersection-Related,01-08-01,0001-01-01T14:48:58-04:56,Bicyclist Ride Through - Sign-Controlled Intersection,,2012,B: Evident Injury,Residential,50-59,58,No,31-35 mph,O: No Injury,Black,Male,Truck/Trailer,No,No,Daylight,Urban (>70% Developed),2 lanes,2,Curve - Grade,Local Street,Dry,"One-Way, Not Divided",None,T-Intersection,Smooth Asphalt,Coastal,Urban,30 - 35  MPH,Stop Sign,Clear,No,"35.94899, -77.8178"
644,645,No,30-39,33,No,Not Applicable,O: No Injury,Non-Roadway,Black,Female,Rocky Mount,Edgecombe,No,01-01-05,2012-08-17,Bicyclist Failed to Yield - Sign-Controlled Intersection,17,Intersection,01-08-01,0001-01-01T12:50:58-04:56,Bicyclist Ride Through - Sign-Controlled Intersection,,2012,O: No Injury,Residential,20-24,20,No,31-35 mph,O: No Injury,Black,Female,Passenger Car,No,No,Daylight,Urban (>70% Developed),2 lanes,2,Straight - Level,Local Street,Dry,"Two-Way, Not Divided",None,Four-Way Intersection,Smooth Asphalt,Coastal,Urban,30 - 35  MPH,No Control Present,Clear,No,"35.9268, -77.7882"
654,655,Yes,30-39,33,No,Facing Traffic,C: Possible Injury,Sidewalk / Crosswalk / Driveway Crossing,Black,Male,Raleigh,Wake,No,01-01-05,2012-09-07,Motorist Failed to Yield - Sign-Controlled Intersection,12,Intersection,01-09-01,0001-01-01T07:27:58-04:56,Motorist Drive Out - Sign-Controlled Intersection,,2012,C: Possible Injury,Commercial,50-59,53,No,6-10 mph,O: No Injury,White,Female,Passenger Car,No,No,Daylight,Urban (>70% Developed),2 lanes,2,Straight - Level,Local Street,Dry,"Two-Way, Not Divided",None,T-Intersection,Smooth Asphalt,Piedmont,Urban,20 - 25  MPH,Stop Sign,Clear,No,"35.78083, -78.6937"
662,663,Yes,16-19,19,No,With Traffic,B: Evident Injury,Travel Lane,White,Male,Greenville,Pitt,No,01-01-02,2012-09-11,Motorist Overtaking Bicyclist,14,Intersection-Related,01-09-01,0001-01-01T09:12:58-04:56,Motorist Overtaking - Bicyclist Swerved,,2012,B: Evident Injury,Residential,30-39,34,No,36-40 mph,O: No Injury,White,Female,Sport Utility,No,No,Daylight,Urban (>70% Developed),5 lanes,2,Straight - Level,State Secondary Route,Dry,"Two-Way, Not Divided",None,No Special Feature,Coarse Asphalt,Coastal,Urban,40 - 45  MPH,No Control Present,Clear,No,"35.59369, -77.3776"
677,678,Yes,15-Nov,11,No,Not Applicable,C: Possible Injury,Non-Roadway,Black,Male,Greenville,Pitt,No,,2012-09-03,Non-Roadway,17,Non-Roadway,01-09-01,0001-01-01T12:23:58-04:56,Non-Roadway,,2012,C: Possible Injury,Residential,20-24,23,No,11-15 mph,O: No Injury,Black,Female,Passenger Car,No,No,Daylight,Urban (>70% Developed),2 lanes,2,Curve - Bottom,Public Vehicular Area,Dry,"Two-Way, Not Divided",None,No Special Feature,Coarse Asphalt,Coastal,Urban,20 - 25  MPH,No Control Present,Clear,No,"35.61875, -77.4191"
678,679,No,25-29,25,No,Not Applicable,C: Possible Injury,Travel Lane,White,Male,Fayetteville,Cumberland,No,01-01-05,2012-09-07,Bicyclist Failed to Yield - Sign-Controlled Intersection,16,Intersection,01-09-01,0001-01-01T11:48:58-04:56,Bicyclist Ride Through - Sign-Controlled Intersection,,2012,C: Possible Injury,Commercial,0-19,19,No,6-10 mph,O: No Injury,Black,Male,Passenger Car,No,No,Daylight,Urban (>70% Developed),2 lanes,2,Straight - Level,Local Street,Dry,"Two-Way, Not Divided",None,No Special Feature,Coarse Asphalt,Coastal,Urban,5 - 15 MPH,Stop Sign,Clear,No,"35.06414, -79.0139"
681,682,Yes,50-59,54,No,With Traffic,C: Possible Injury,Bike Lane / Paved Shoulder,Black,Male,Smithfield,Johnston,No,01-01-03,2012-09-12,Motorist Left Turn / Merge,11,Non-Intersection,01-09-01,0001-01-01T07:01:58-04:56,Motorist Left Turn - Same Direction,,2012,C: Possible Injury,Commercial,60-69,65,No,6-10 mph,O: No Injury,White,Male,Sport Utility,No,No,Daylight,Urban (>70% Developed),3 lanes,2,Straight - Level,US Route,Dry,"Two-Way, Not Divided",None,No Special Feature,Coarse Asphalt,Coastal,Urban,40 - 45  MPH,No Control Present,Clear,No,"35.49447, -78.3563"
693,694,Yes,25-29,28,No,With Traffic,C: Possible Injury,Travel Lane,White,Female,Durham,Durham,No,01-01-07,2012-09-23,Motorist Left Turn / Merge,9,Intersection,01-09-01,0001-01-01T04:46:58-04:56,Motorist Left Turn - Opposite Direction,,2012,C: Possible Injury,Commercial,40-49,49,No,6-10 mph,O: No Injury,Black,Female,Passenger Car,No,No,Daylight,Urban (>70% Developed),2 lanes,2,Curve - Grade,Local Street,Dry,"Two-Way, Not Divided",None,T-Intersection,Smooth Asphalt,Piedmont,Urban,30 - 35  MPH,Stop And Go Signal,Clear,No,"35.99152, -78.9406"
694,695,Yes,20-24,21,No,Facing Traffic,C: Possible Injury,Sidewalk / Crosswalk / Driveway Crossing,White,Male,Wilmington,New Hanover,No,01-01-05,2012-09-14,Head-On,15,Non-Intersection,01-09-01,0001-01-01T10:05:58-04:56,Head-On - Bicyclist,,2012,C: Possible Injury,Commercial,50-59,51,No,0-5 mph,O: No Injury,White,Female,Sport Utility,No,No,Daylight,Urban (>70% Developed),6 lanes,2,Straight - Grade,US Route,Dry,"Two-Way, Not Divided",None,No Special Feature,Smooth Asphalt,Coastal,Urban,40 - 45  MPH,No Control Present,Clear,No,"34.20792, -77.8873"
695,696,Yes,25-29,26,No,Facing Traffic,C: Possible Injury,Sidewalk / Crosswalk / Driveway Crossing,White,Male,Greenville,Pitt,No,01-01-05,2012-09-21,Crossing Paths - Other Circumstances,14,Intersection-Related,01-09-01,0001-01-01T09:41:58-04:56,Crossing Paths - Intersection - Other /,,2012,C: Possible Injury,Commercial,0-19,18,No,0-5 mph,O: No Injury,White,Female,Passenger Car,No,No,Daylight,Urban (>70% Developed),4 lanes,2,Straight - Level,Local Street,Dry,"Two-Way, Divided, Unprotected Median",None,Four-Way Intersection,Coarse Asphalt,Coastal,Urban,20 - 25  MPH,Stop And Go Signal,Clear,No,"35.61113, -77.3729"
699,700,Yes,25-29,29,No,Facing Traffic,B: Evident Injury,Travel Lane,White,Female,Raleigh,Wake,No,01-01-05,2012-09-21,Motorist Left Turn / Merge,6,Non-Intersection,01-09-01,0001-01-01T01:22:58-04:56,Motorist Left Turn - Opposite Direction,,2012,B: Evident Injury,Commercial,40-49,44,No,6-10 mph,O: No Injury,Other,Male,Taxicab,No,No,Dusk,Urban (>70% Developed),5 lanes,2,Straight - Grade,Local Street,Dry,"Two-Way, Not Divided",None,No Special Feature,Coarse Asphalt,Piedmont,Urban,30 - 35  MPH,No Control Present,Clear,No,"35.7883, -78.6418"
716,717,Yes,20-24,24,No,With Traffic,C: Possible Injury,Travel Lane,White,Female,Raleigh,Wake,No,01-01-05,2012-09-21,Motorist Left Turn / Merge,20,Intersection,01-09-01,0001-01-01T15:15:58-04:56,Motorist Left Turn - Opposite Direction,,2012,C: Possible Injury,Residential,20-24,22,No,0-5 mph,O: No Injury,Black,Male,Passenger Car,No,No,Dark - Lighted Roadway,Urban (>70% Developed),7 lanes,2,Straight - Level,Local Street,Dry,"Two-Way, Not Divided",None,T-Intersection,Smooth Asphalt,Piedmont,Urban,30 - 35  MPH,No Control Present,Clear,No,"35.79451, -78.6936"
718,719,Yes,50-59,58,Yes,Not Applicable,B: Evident Injury,Non-Roadway,Black,Male,Durham,Durham,Yes,01-01-07,2012-09-30,Non-Roadway,16,Non-Roadway,01-09-01,0001-01-01T11:08:58-04:56,Non-Roadway,,2012,B: Evident Injury,Commercial,,,Missing,0-5 mph,Injury,/Missing,,Passenger Car,No,Yes,Daylight,Urban (>70% Developed),2 lanes,2,Straight - Level,Public Vehicular Area,Dry,"Two-Way, Not Divided",None,No Special Feature,Coarse Asphalt,Piedmont,Urban,5 - 15 MPH,No Control Present,Clear,No,"35.99038, -78.928"
719,720,Yes,15-Nov,14,No,Facing Traffic,C: Possible Injury,Travel Lane,Black,Male,Wilson,Wilson,No,01-01-02,2012-09-11,Bicyclist Failed to Yield - Sign-Controlled Intersection,16,Intersection,01-09-01,0001-01-01T11:14:58-04:56,Bicyclist Ride Through - Sign-Controlled Intersection,,2012,C: Possible Injury,Residential,40-49,47,No,21-25 mph,O: No Injury,Black,Female,Passenger Car,No,No,Daylight,Urban (>70% Developed),2 lanes,2,Straight - Level,Local Street,Dry,"Two-Way, Not Divided",None,No Special Feature,Coarse Asphalt,Coastal,Urban,30 - 35  MPH,Stop Sign,Clear,No,"35.71983, -77.898"
732,733,Yes,16-19,18,No,With Traffic,C: Possible Injury,Travel Lane,White,Male,Gastonia,Gaston,No,01-01-06,2012-09-15,Bicyclist Failed to Yield - Sign-Controlled Intersection,13,Intersection,01-09-01,0001-01-01T08:05:58-04:56,Bicyclist Ride Through - Sign-Controlled Intersection,,2012,C: Possible Injury,Residential,25-29,29,No,31-35 mph,O: No Injury,Black,Male,Passenger Car,No,No,Daylight,Urban (>70% Developed),3 lanes,2,Straight - Level,Local Street,Dry,"Two-Way, Not Divided",None,T-Intersection,Smooth Asphalt,Piedmont,Urban,30 - 35  MPH,"Double Yellow Line, No Passing Zone",Clear,No,"35.25512, -81.2081"
735,736,Yes,20-24,24,No,With Traffic,B: Evident Injury,Bike Lane / Paved Shoulder,White,Male,None - Rural Crash,Rutherford,No,,2012-10-01,Motorist Overtaking Bicyclist,11,Non-Intersection,01-10-01,0001-01-01T06:50:58-04:56,Motorist Overtaking - Other /,,2012,B: Evident Injury,"Farms, Woods, Pastures",30-39,37,No,56-60 mph,O: No Injury,White,Male,Tractor/Semi-Trailer,No,No,Daylight,Rural (<30% Developed),4 lanes,2,Straight - Level,US Route,Wet,"Two-Way, Divided, Positive Median Barrier",None,No Special Feature,Coarse Asphalt,Mountains,Rural,60 - 75 MPH,No Control Present,Rain,No,"35.3095, -81.9457"
741,742,No,40-49,42,No,With Traffic,Injury,Travel Lane,White,Male,Asheville,Buncombe,No,01-01-04,2012-09-20,Motorist Left Turn / Merge,13,Intersection,01-09-01,0001-01-01T08:05:58-04:56,Motorist Left Turn - Opposite Direction,,2012,O: No Injury,Commercial,30-39,31,No,0-5 mph,O: No Injury,White,Male,Pickup,No,No,Daylight,Urban (>70% Developed),2 lanes,2,Straight - Level,Local Street,Dry,"Two-Way, Not Divided",None,"Driveway, Private",Smooth Asphalt,Mountains,Urban,30 - 35  MPH,No Control Present,Clear,No,"35.57001, -82.5456"
748,749,No,40-49,46,No,With Traffic,C: Possible Injury,Travel Lane,White,Male,Apex,Wake,No,01-01-07,2012-10-07,Motorist Overtaking Bicyclist,13,Non-Intersection,01-10-01,0001-01-01T08:18:58-04:56,Motorist Overtaking - Other /,,2012,C: Possible Injury,"Farms, Woods, Pastures",,,Missing,31-35 mph,Injury,/Missing,,Passenger Car,No,Yes,Daylight,Rural (<30% Developed),2 lanes,2,Straight - Level,Local Street,Wet,"Two-Way, Not Divided",None,No Special Feature,Coarse Asphalt,Piedmont,Urban,40 - 45  MPH,No Control Present,Cloudy,No,"35.75797, -78.8864"
750,751,Yes,16-19,19,No,Not Applicable,C: Possible Injury,Multi-use Path,White,Male,Raleigh,Wake,No,01-01-03,2012-09-26,Bicyclist Failed to Yield - Midblock,12,Non-Intersection,01-09-01,0001-01-01T07:28:58-04:56,Bicyclist Ride Out - Other Midblock,,2012,C: Possible Injury,Institutional,25-29,27,No,0-5 mph,O: No Injury,White,Female,Passenger Car,No,No,Daylight,Urban (>70% Developed),2 lanes,2,Straight - Grade,Local Street,Dry,"Two-Way, Not Divided",None,Other,Coarse Asphalt,Piedmont,Urban,20 - 25  MPH,No Control Present,Clear,No,"35.78771, -78.6746"
756,757,Yes,16-19,19,No,Not Applicable,C: Possible Injury,Sidewalk / Crosswalk / Driveway Crossing,Black,Male,Charlotte,Mecklenburg,No,01-01-03,2012-10-10,Non-Roadway,9,Non-Roadway,01-10-01,0001-01-01T04:03:58-04:56,Non-Roadway,,2012,C: Possible Injury,Commercial,40-49,44,No,0-5 mph,O: No Injury,White,Male,"Light Truck (Mini-Van, Panel)",No,No,Daylight,Urban (>70% Developed),2 lanes,2,Straight - Level,"Private Road, Driveway",Dry,"Two-Way, Not Divided",None,"Driveway, Private",Other,Piedmont,Urban,5 - 15 MPH,No Control Present,Clear,No,"35.22799, -80.8381"
762,763,No,15-Nov,12,No,With Traffic,C: Possible Injury,Travel Lane,Black,Male,Charlotte,Mecklenburg,No,01-01-06,2012-10-13,Motorist Overtaking Bicyclist,17,Non-Intersection,01-10-01,0001-01-01T12:18:58-04:56,Motorist Overtaking - Other /,,2012,C: Possible Injury,"Farms, Woods, Pastures",70,70,No,6-10 mph,O: No Injury,White,Male,Passenger Car,No,No,Daylight,Rural (<30% Developed),2 lanes,2,Straight - Level,Local Street,Dry,"Two-Way, Not Divided",None,No Special Feature,Smooth Asphalt,Piedmont,Urban,40 - 45  MPH,No Control Present,Clear,No,"35.254, -80.7077"
763,764,Yes,50-59,51,No,With Traffic,B: Evident Injury,Travel Lane,White,Male,None - Rural Crash,Moore,No,01-01-06,2012-10-13,Motorist Overtaking Bicyclist,17,Non-Intersection,01-10-01,0001-01-01T12:31:58-04:56,Motorist Overtaking - Other /,,2012,B: Evident Injury,Commercial,,,Missing,,Injury,/Missing,,Sport Utility,No,Yes,Daylight,Rural (<30% Developed),2 lanes,2,Straight - Grade,US Route,Dry,"Two-Way, Not Divided",None,No Special Feature,Smooth Asphalt,Piedmont,Rural,,"Double Yellow Line, No Passing Zone",Clear,No,"35.30195, -79.2515"
768,769,Yes,16-19,16,No,Facing Traffic,C: Possible Injury,Travel Lane,Black,Male,Fayetteville,Cumberland,No,01-01-05,2012-09-28,Head-On,18,Intersection-Related,01-09-01,0001-01-01T13:28:58-04:56,Head-On - Bicyclist,,2012,C: Possible Injury,Commercial,30-39,34,No,31-35 mph,O: No Injury,White,Male,Motorcycle,No,No,Daylight,Urban (>70% Developed),2 lanes,2,Straight - Level,Local Street,Dry,"Two-Way, Not Divided",None,No Special Feature,Coarse Asphalt,Coastal,Urban,40 - 45  MPH,No Control Present,Clear,No,"35.03582, -78.8402"
777,778,Yes,16-19,17,No,Facing Traffic,B: Evident Injury,Sidewalk / Crosswalk / Driveway Crossing,White,Male,Raleigh,Wake,No,01-01-06,2012-10-13,Motorist Failed to Yield - Signalized Intersection,12,Intersection,01-10-01,0001-01-01T07:36:58-04:56,Motorist Drive Out - Right Turn on Red,,2012,B: Evident Injury,Commercial,20-24,22,No,0-5 mph,O: No Injury,White,Female,Sport Utility,No,No,Daylight,Urban (>70% Developed),3 lanes,2,Straight - Level,Local Street,Dry,"Two-Way, Not Divided",None,T-Intersection,Smooth Asphalt,Piedmont,Urban,40 - 45  MPH,Stop And Go Signal,Clear,No,"35.87953, -78.6252"
779,780,Yes,30-39,35,Yes,With Traffic,C: Possible Injury,Travel Lane,White,Male,Goldsboro,Wayne,Yes,01-01-06,2012-10-06,Motorist Overtaking Bicyclist,1,Intersection,01-10-01,0000-12-31T20:18:58-04:56,Motorist Overtaking - Bicyclist Swerved,,2012,C: Possible Injury,Residential,40-49,47,No,31-35 mph,O: No Injury,Black,Male,Passenger Car,No,No,Dark - Lighted Roadway,Urban (>70% Developed),5 lanes,2,Straight - Level,Local Street,Dry,"Two-Way, Not Divided",None,T-Intersection,Coarse Asphalt,Coastal,Urban,40 - 45  MPH,No Control Present,Clear,No,"35.38438, -77.9266"
783,784,Yes,30-39,31,No,Not Applicable,B: Evident Injury,Sidewalk / Crosswalk / Driveway Crossing,White,Male,Jacksonville,Onslow,No,01-01-03,2012-09-26,Bicyclist Failed to Yield - Midblock,15,Non-Intersection,01-09-01,0001-01-01T10:27:58-04:56,Bicyclist Ride Out - Other Midblock,,2012,B: Evident Injury,Residential,40-49,48,No,31-35 mph,O: No Injury,Other,Female,Passenger Car,No,No,Daylight,Urban (>70% Developed),4 lanes,2,Straight - Level,Local Street,Dry,"Two-Way, Divided, Unprotected Median",None,No Special Feature,Smooth Asphalt,Coastal,Urban,30 - 35  MPH,Other,Clear,No,"34.76049, -77.4011"
785,786,Yes,16-19,19,No,With Traffic,B: Evident Injury,Travel Lane,White,Male,Rockwell,Rowan,No,01-01-05,2012-10-05,Motorist Overtaking Bicyclist,18,Non-Intersection,01-10-01,0001-01-01T13:08:58-04:56,Motorist Overtaking - Bicyclist Swerved,,2012,B: Evident Injury,Commercial,40-49,48,No,26-30 mph,B: Evident Injury,White,Male,Motorcycle,No,No,Daylight,Urban (>70% Developed),3 lanes,2,Curve - Level,US Route,Dry,"Two-Way, Not Divided",None,No Special Feature,Smooth Asphalt,Piedmont,Rural,30 - 35  MPH,No Control Present,Clear,No,"35.55568, -80.4136"
786,787,Yes,30-39,32,No,Not Applicable,B: Evident Injury,Non-Roadway,White,Male,Gastonia,Gaston,No,01-01-05,2012-09-28,Crossing Paths - Other Circumstances,21,Intersection-Related,01-09-01,0001-01-01T16:24:58-04:56,Crossing Paths - Uncontrolled Intersection,,2012,B: Evident Injury,Residential,,,Missing,6-10 mph,Injury,/Missing,,,No,Yes,Dark - Lighted Roadway,Urban (>70% Developed),2 lanes,2,Straight - Level,Local Street,Dry,"Two-Way, Not Divided",None,No Special Feature,Coarse Asphalt,Piedmont,Urban,30 - 35  MPH,No Control Present,Clear,No,"35.26307, -81.2055"
792,793,Yes,40-49,46,Yes,With Traffic,C: Possible Injury,Travel Lane,Black,Male,Kinston,Lenoir,Yes,01-01-02,2012-10-16,Motorist Failed to Yield - Sign-Controlled Intersection,21,Intersection,01-10-01,0001-01-01T16:52:58-04:56,Motorist Drive Out - Sign-Controlled Intersection,,2012,C: Possible Injury,Residential,40-49,40,No,0-5 mph,O: No Injury,Black,Male,Sport Utility,No,No,Dark - Lighted Roadway,Urban (>70% Developed),4 lanes,2,Straight - Level,Local Street,Dry,"Two-Way, Not Divided",None,Four-Way Intersection,Coarse Asphalt,Coastal,Urban,30 - 35  MPH,Stop Sign,Clear,No,"35.26508, -77.5666"
801,802,Yes,25-29,25,Yes,With Traffic,B: Evident Injury,Travel Lane,White,Female,Raleigh,Wake,Yes,01-01-05,2012-10-19,Head-On,18,Non-Intersection,01-10-01,0001-01-01T13:50:58-04:56,Head-On - Motorist,,2012,B: Evident Injury,Residential,,,Missing,21-25 mph,Injury,/Missing,,Passenger Car,No,Yes,Dusk,Urban (>70% Developed),2 lanes,2,Straight - Level,Local Street,Dry,"Two-Way, Not Divided",None,No Special Feature,Smooth Asphalt,Piedmont,Urban,20 - 25  MPH,No Control Present,Clear,No,"35.83068, -78.5941"
811,812,Yes,20-24,22,No,With Traffic,C: Possible Injury,Travel Lane,White,Female,Durham,Durham,No,01-01-06,2012-09-01,Motorist Left Turn / Merge,11,Non-Intersection,01-09-01,0001-01-01T06:04:58-04:56,Motorist Left Turn - Opposite Direction,,2012,C: Possible Injury,Commercial,30-39,31,No,11-15 mph,O: No Injury,Black,Male,Passenger Car,No,No,Daylight,Urban (>70% Developed),2 lanes,2,Straight - Level,Local Street,Dry,"Two-Way, Not Divided",None,No Special Feature,Smooth Asphalt,Piedmont,Urban,30 - 35  MPH,No Control Present,Clear,No,"35.99966, -78.9015"
814,815,No,25-29,25,No,Not Applicable,O: No Injury,Non-Roadway,White,Male,Raleigh,Wake,No,01-01-05,2012-10-19,Non-Roadway,15,Non-Roadway,01-10-01,0001-01-01T10:53:58-04:56,Non-Roadway,,2012,O: No Injury,Commercial,40-49,48,No,0-5 mph,O: No Injury,Black,Female,Passenger Car,No,No,Daylight,Urban (>70% Developed),,2,Straight - Grade,Public Vehicular Area,Dry,"Two-Way, Not Divided",None,"Driveway, Public",Coarse Asphalt,Piedmont,Urban,5 - 15 MPH,No Control Present,Clear,No,"35.83843, -78.6129"
828,829,No,25-29,27,No,With Traffic,C: Possible Injury,Travel Lane,White,Male,Durham,Durham,No,01-01-04,2012-10-18,Motorist Failed to Yield - Sign-Controlled Intersection,7,Intersection,01-10-01,0001-01-01T02:33:58-04:56,Motorist Drive Out - Sign-Controlled Intersection,,2012,C: Possible Injury,Residential,25-29,26,No,0-5 mph,O: No Injury,White,Female,Passenger Car,No,No,Daylight,Urban (>70% Developed),2 lanes,2,Straight - Level,Local Street,Dry,"Two-Way, Not Divided",None,No Special Feature,Smooth Asphalt,Piedmont,Urban,30 - 35  MPH,Stop Sign,Cloudy,No,"35.9968, -78.9143"
829,830,Yes,40-49,40,No,With Traffic,K: Killed,Travel Lane,Black,Male,None - Rural Crash,Bertie,No,01-01-02,2012-10-16,Motorist Overtaking Bicyclist,17,Non-Intersection,01-10-01,0001-01-01T12:30:58-04:56,Motorist Overtaking - Other /,,2012,K: Killed,"Farms, Woods, Pastures",25-29,28,No,61-65 mph,O: No Injury,White,Male,Pickup,No,No,Daylight,Rural (<30% Developed),4 lanes,2,Straight - Level,US Route,Dry,"Two-Way, Divided, Unprotected Median",None,No Special Feature,Coarse Asphalt,Coastal,Rural,50 - 55  MPH,No Control Present,Clear,No,"35.88306, -77.0256"