FID,OBJECTID,AmbulanceR,BikeAge_Gr,Bike_Age,Bike_Alc_D,Bike_Dir,Bike_Injur,Bike_Pos,Bike_Race,Bike_Sex,City,County,CrashAlcoh,CrashDay,Crash_Date,Crash_Grp,Crash_Hour,Crash_Loc,Crash_Mont,Crash_Time,Crash_Type,Crash_Ty_1,Crash_Year,Crsh_Sevri,Developmen,DrvrAge_Gr,Drvr_Age,Drvr_Alc_D,Drvr_EstSp,Drvr_Injur,Drvr_Race,Drvr_Sex,Drvr_VehTy,ExcsSpdInd,Hit_Run,Light_Cond,Locality,Num_Lanes,Num_Units,Rd_Charact,Rd_Class,Rd_Conditi,Rd_Config,Rd_Defects,Rd_Feature,Rd_Surface,Region,Rural_Urba,Speed_Limi,Traff_Cntr,Weather,Workzone_I,Location
727,728,Yes,50-59,55,No,Facing Traffic,C: Possible Injury,Travel Lane,Black,Male,Lumberton,Robeson,No,01-01-02,2008-09-16,Motorist Failed to Yield - Sign-Controlled Intersection,14,Intersection,01-09-01,0001-01-01T09:13:58-04:56,Motorist Drive Out - Sign-Controlled Intersection,112141,2008,C: Possible Injury,Residential,20-24,24,No,0-5 mph,O: No Injury,Hispanic,Male,Passenger Car,No,No,Daylight,Mixed (30% To 70% Developed),2 lanes,2,Straight - Level,Local Street,Dry,"Two-Way, Not Divided",None,T-Intersection,Coarse Asphalt,Coastal,Urban,30 - 35  MPH,Stop Sign,Cloudy,No,"0.0, 0.0"
729,730,Yes,16-19,17,No,Facing Traffic,B: Evident Injury,Travel Lane,Black,Male,Garner,Wake,No,01-01-02,2008-09-09,Crossing Paths - Other Circumstances,19,Intersection,01-09-01,0001-01-01T14:18:58-04:56,Sign-Controlled Intersection - Other /,112148,2008,B: Evident Injury,Residential,,,Missing,,Injury,/Missing,,,No,Yes,Daylight,Urban (>70% Developed),2 lanes,2,Straight - Level,Local Street,Wet,"Two-Way, Not Divided",None,Four-Way Intersection,Concrete,Piedmont,Urban,20 - 25  MPH,Stop Sign,Rain,No,"0.0, 0.0"
737,738,Yes,40-49,48,No,With Traffic,O: No Injury,Travel Lane,Black,Female,Statesville,Iredell,No,01-01-06,2008-09-20,Bicyclist Failed to Yield - Sign-Controlled Intersection,16,Intersection,01-09-01,0001-01-01T11:18:58-04:56,Bicyclist Ride Through - Sign-Controlled Intersection,111144,2008,B: Evident Injury,Residential,20-24,20,No,,B: Evident Injury,Hispanic,Male,Pedalcycle,No,No,Daylight,Urban (>70% Developed),2 lanes,2,Straight - Hillcrest,Local Street,Dry,"Two-Way, Not Divided",None,No Special Feature,Coarse Asphalt,Piedmont,Urban,,Stop Sign,Clear,No,"0.0, 0.0"
741,742,Yes,16-19,19,No,With Traffic,O: No Injury,Travel Lane,White,Male,None - Rural Crash,Rowan,No,01-01-05,2008-09-26,Motorist Overtaking Bicyclist,23,Non-Intersection,01-09-01,0001-01-01T18:14:58-04:56,Motorist Overtaking - Other /,311239,2008,C: Possible Injury,"Farms, Woods, Pastures",20-24,24,No,,C: Possible Injury,White,Male,Pedalcycle,No,No,Dark - Roadway Not Lighted,Rural (<30% Developed),2 lanes,2,Straight - Level,US Route,Wet,"Two-Way, Not Divided",None,No Special Feature,Smooth Asphalt,Piedmont,Rural,,"Double Yellow Line, No Passing Zone",Rain,No,"0.0, 0.0"
742,743,No,15-Nov,12,No,Not Applicable,C: Possible Injury,Travel Lane,White,Female,Jacksonville,Onslow,No,01-01-06,2008-09-13,Bicyclist Failed to Yield - Midblock,13,Non-Intersection,01-09-01,0001-01-01T09:01:58-04:56,Bicyclist Ride Out - Other Midblock,313318,2008,C: Possible Injury,Commercial,,,Missing,0-5 mph,Injury,/Missing,,,No,Yes,Daylight,Urban (>70% Developed),5 lanes,2,Straight - Level,Local Street,Dry,"Two-Way, Divided, Unprotected Median",None,No Special Feature,Smooth Asphalt,Coastal,Urban,40 - 45  MPH,No Control Present,Clear,No,"0.0, 0.0"
751,752,Yes,40-49,46,No,With Traffic,C: Possible Injury,Travel Lane,Black,Male,None - Rural Crash,Lee,No,01-01-03,2008-09-24,Motorist Overtaking Bicyclist,17,Non-Intersection,01-09-01,0001-01-01T12:33:58-04:56,Motorist Overtaking - Undetected Bicyclist,311231,2008,C: Possible Injury,"Farms, Woods, Pastures",50-59,53,No,31-35 mph,O: No Injury,White,Female,Sport Utility,No,No,Daylight,Rural (<30% Developed),2 lanes,2,Straight - Level,State Secondary Route,Dry,"Two-Way, Not Divided",None,No Special Feature,Smooth Asphalt,Piedmont,Rural,50 - 55  MPH,Missing,Cloudy,No,"0.0, 0.0"
753,754,Yes,,,No,With Traffic,B: Evident Injury,Travel Lane,Black,Male,Greensboro,Guilford,No,,2008-09-15,Motorist Overtaking Bicyclist,21,Non-Intersection,01-09-01,0001-01-01T16:16:58-04:56,Motorist Overtaking - Undetected Bicyclist,311231,2008,B: Evident Injury,Residential,25-29,25,No,21-25 mph,O: No Injury,White,Female,Passenger Car,No,No,Dusk,Urban (>70% Developed),4 lanes,2,Straight - Grade,Local Street,Dry,"Two-Way, Not Divided",None,No Special Feature,Smooth Asphalt,Piedmont,Urban,30 - 35  MPH,Stop Sign,Clear,No,"0.0, 0.0"
763,764,Yes,15-Nov,11,No,With Traffic,B: Evident Injury,Travel Lane,Black,Male,High Point,Guilford,No,01-01-02,2008-09-30,Bicyclist Failed to Yield - Sign-Controlled Intersection,16,Intersection,01-09-01,0001-01-01T11:19:58-04:56,Bicyclist Ride Out - Sign-Controlled Intersection,111142,2008,B: Evident Injury,Residential,30-39,39,No,31-35 mph,O: No Injury,White,Female,Pickup,No,No,Daylight,Urban (>70% Developed),2 lanes,2,Straight - Level,Local Street,Dry,"Two-Way, Not Divided",None,Related To Intersection,Smooth Asphalt,Piedmont,Urban,30 - 35  MPH,Yield Sign,Clear,No,"0.0, 0.0"
767,768,No,16-19,16,No,With Traffic,C: Possible Injury,Travel Lane,Black,Male,Statesville,Iredell,No,01-01-06,2008-10-04,Motorist Overtaking Bicyclist,20,Non-Intersection,01-10-01,0001-01-01T15:06:58-04:56,Motorist Overtaking - Undetected Bicyclist,311231,2008,C: Possible Injury,Institutional,60-69,65,No,26-30 mph,O: No Injury,White,Male,Van,No,No,Dark - Lighted Roadway,Urban (>70% Developed),2 lanes,2,Straight - Level,Local Street,Dry,"Two-Way, Not Divided",None,No Special Feature,Smooth Asphalt,Piedmont,Urban,30 - 35  MPH,No Control Present,Clear,No,"0.0, 0.0"
773,774,Yes,50-59,53,No,With Traffic,C: Possible Injury,Travel Lane,Black,Male,Charlotte,Mecklenburg,No,01-01-02,2008-10-14,Motorist Overtaking Bicyclist,5,Non-Intersection,01-10-01,0001-01-01T00:04:58-04:56,Motorist Overtaking - Undetected Bicyclist,311231,2008,C: Possible Injury,Residential,50-59,50,No,26-30 mph,O: No Injury,White,Male,Passenger Car,No,No,Dark - Roadway Not Lighted,Mixed (30% To 70% Developed),2 lanes,2,Straight - Level,Local Street,Dry,"Two-Way, Not Divided",None,No Special Feature,Smooth Asphalt,Piedmont,Urban,40 - 45  MPH,No Control Present,Clear,No,"0.0, 0.0"
775,776,No,16-19,16,No,Facing Traffic,C: Possible Injury,Travel Lane,Black,Male,Goldsboro,Wayne,No,01-01-03,2008-10-01,Motorist Failed to Yield - Sign-Controlled Intersection,20,Intersection,01-10-01,0001-01-01T15:03:58-04:56,Motorist Drive Out - Sign-Controlled Intersection,112141,2008,C: Possible Injury,Residential,20-24,24,No,6-10 mph,O: No Injury,White,Male,Pickup,No,No,Dark - Lighted Roadway,Urban (>70% Developed),3 lanes,2,Straight - Level,Local Street,Dry,"Two-Way, Not Divided",None,T-Intersection,Coarse Asphalt,Coastal,Urban,40 - 45  MPH,Stop Sign,Clear,No,"0.0, 0.0"
776,777,No,15-Nov,13,No,,O: No Injury,,White,Female,Kings Mountain,Cleveland,No,01-01-07,2008-09-28,Other /  - Insufficient Details,9,Location,01-09-01,0001-01-01T04:26:58-04:56,Location,999980,2008,O: No Injury,Residential,,,Missing,,Injury,/Missing,,,No,Yes,Daylight,Mixed (30% To 70% Developed),4 lanes,2,Straight - Level,Local Street,Dry,"Two-Way, Divided, Unprotected Median",None,Four-Way Intersection,Smooth Asphalt,Mountains,Urban,30 - 35  MPH,Stop And Go Signal,Clear,No,"0.0, 0.0"
777,778,Yes,15-Nov,11,No,With Traffic,B: Evident Injury,Sidewalk / Crosswalk / Driveway Crossing,White,Male,Winston-Salem,Forsyth,No,01-01-05,2008-10-03,Crossing Paths - Other Circumstances,18,Intersection,01-10-01,0001-01-01T13:31:58-04:56,Signalized Intersection - Other /,131158,2008,B: Evident Injury,Commercial,40-49,47,No,31-35 mph,O: No Injury,White,Male,Pickup,No,No,Daylight,Urban (>70% Developed),4 lanes,2,Straight - Level,Local Street,Dry,"Two-Way, Divided, Unprotected Median",None,Four-Way Intersection,Smooth Asphalt,Piedmont,Urban,30 - 35  MPH,Stop And Go Signal,Clear,No,"0.0, 0.0"
783,784,No,40-49,46,No,Facing Traffic,C: Possible Injury,Sidewalk / Crosswalk / Driveway Crossing,Black,Male,Charlotte,Mecklenburg,No,01-01-04,2008-10-16,Motorist Failed to Yield - Sign-Controlled Intersection,17,Intersection,01-10-01,0001-01-01T12:15:58-04:56,Motorist Drive Out - Sign-Controlled Intersection,132141,2008,C: Possible Injury,Commercial,30-39,30,No,0-5 mph,O: No Injury,Black,Female,Passenger Car,No,No,Daylight,Urban (>70% Developed),2 lanes,2,Straight - Level,Local Street,Dry,"Two-Way, Not Divided",None,T-Intersection,Smooth Asphalt,Piedmont,Urban,20 - 25  MPH,Stop Sign,Clear,No,"0.0, 0.0"
792,793,Yes,40-49,47,No,With Traffic,C: Possible Injury,Travel Lane,Black,Male,Charlotte,Mecklenburg,No,01-01-02,2008-10-07,Crossing Paths - Other Circumstances,16,Intersection,01-10-01,0001-01-01T11:03:58-04:56,Sign-Controlled Intersection - Other /,111148,2008,C: Possible Injury,Commercial,20-24,22,No,16-20 mph,O: No Injury,White,Female,Passenger Car,No,No,Daylight,Urban (>70% Developed),2 lanes,2,Straight - Level,Local Street,Dry,"Two-Way, Not Divided",None,No Special Feature,Smooth Asphalt,Piedmont,Urban,30 - 35  MPH,Stop Sign,Clear,No,"0.0, 0.0"
807,808,Yes,60-69,62,No,With Traffic,K: Killed,Travel Lane,White,Male,Wilmington,New Hanover,No,01-01-04,2008-10-16,Motorist Right Turn / Merge,9,Non-Intersection,01-10-01,0001-01-01T04:25:58-04:56,Motorist Right Turn - Same Direction,311213,2008,K: Killed,Commercial,40-49,49,No,31-35 mph,O: No Injury,White,Female,Passenger Car,No,No,Daylight,Urban (>70% Developed),,2,Straight - Level,Local Street,Dry,"Two-Way, Divided, Unprotected Median",None,No Special Feature,Smooth Asphalt,Coastal,Urban,40 - 45  MPH,Missing,Clear,No,"0.0, 0.0"
809,810,Yes,50-59,51,No,Facing Traffic,Injury,Sidewalk / Crosswalk / Driveway Crossing,/Missing,,Fayetteville,Cumberland,No,,2008-10-20,Motorist Failed to Yield - Midblock,15,Non-Intersection,01-10-01,0001-01-01T10:08:58-04:56,Motorist Drive Out - Commercial Driveway / Alley,332322,2008,O: No Injury,Commercial,30-39,36,No,6-10 mph,O: No Injury,Black,Female,Pickup,No,No,Daylight,Urban (>70% Developed),,2,Straight - Level,Public Vehicular Area,Dry,,None,"Driveway, Private",Coarse Asphalt,Coastal,Urban,5 - 15 MPH,No Control Present,Clear,No,"0.0, 0.0"
812,813,No,60-69,64,No,With Traffic,B: Evident Injury,Travel Lane,White,Male,Shallotte,Brunswick,No,,2008-10-20,Motorist Right Turn / Merge,15,Non-Intersection,01-10-01,0001-01-01T10:03:58-04:56,Motorist Right Turn - Same Direction,311213,2008,B: Evident Injury,Residential,40-49,47,No,,O: No Injury,White,Male,Pickup,No,No,Daylight,Mixed (30% To 70% Developed),3 lanes,2,Straight - Level,Local Street,Dry,"Two-Way, Not Divided",None,No Special Feature,Coarse Asphalt,Coastal,Rural,,No Control Present,Clear,No,"0.0, 0.0"
814,815,No,20-24,23,No,With Traffic,C: Possible Injury,Sidewalk / Crosswalk / Driveway Crossing,White,Female,Raleigh,Wake,No,01-01-07,2008-08-24,Motorist Right Turn / Merge,16,Non-Intersection,01-08-01,0001-01-01T11:37:58-04:56,Motorist Right Turn - Same Direction,331213,2008,C: Possible Injury,Commercial,0-19,19,No,0-5 mph,O: No Injury,White,Male,Pickup,No,No,Daylight,Urban (>70% Developed),4 lanes,2,Straight - Level,Local Street,Dry,"Two-Way, Not Divided",None,No Special Feature,Coarse Asphalt,Piedmont,Urban,30 - 35  MPH,No Control Present,Clear,No,"0.0, 0.0"
823,824,Yes,50-59,51,No,With Traffic,B: Evident Injury,Travel Lane,Black,Female,Norwood,Stanly,No,01-01-04,2008-09-18,Bicyclist Failed to Yield - Sign-Controlled Intersection,1,Intersection,01-09-01,0000-12-31T20:12:58-04:56,Bicyclist Ride Out - Sign-Controlled Intersection,111142,2008,B: Evident Injury,Residential,30-39,36,No,31-35 mph,O: No Injury,White,Male,Heavy Truck,No,No,Dark - Lighted Roadway,Mixed (30% To 70% Developed),3 lanes,2,Straight - Grade,Local Street,Dry,"Two-Way, Not Divided",None,T-Intersection,Coarse Asphalt,Piedmont,Rural,30 - 35  MPH,Stop Sign,Clear,No,"0.0, 0.0"
831,832,Yes,25-29,29,No,Facing Traffic,C: Possible Injury,Sidewalk / Crosswalk / Driveway Crossing,Hispanic,Female,Charlotte,Mecklenburg,No,01-01-03,2008-11-05,Motorist Failed to Yield - Midblock,12,Non-Intersection,01-11-01,0001-01-01T07:31:58-04:56,Motorist Drive Out - Commercial Driveway / Alley,332322,2008,C: Possible Injury,Commercial,0-19,17,No,0-5 mph,O: No Injury,White,Female,Passenger Car,No,No,Daylight,Urban (>70% Developed),,2,Straight - Level,Local Street,Dry,"Two-Way, Not Divided",None,No Special Feature,Smooth Asphalt,Piedmont,Urban,5 - 15 MPH,No Control Present,Clear,No,"0.0, 0.0"
833,834,Yes,25-29,26,Yes,Facing Traffic,B: Evident Injury,Travel Lane,White,Male,None - Rural Crash,Currituck,Yes,01-01-04,2008-10-16,Bicyclist Right Turn / Merge,20,Non-Intersection,01-10-01,0001-01-01T15:46:58-04:56,Bicyclist Right Turn - Opposite Direction,312224,2008,B: Evident Injury,"Farms, Woods, Pastures",20-24,21,No,51-55 mph,O: No Injury,White,Male,Passenger Car,No,No,Dark - Roadway Not Lighted,Rural (<30% Developed),5 lanes,2,Curve - Level,US Route,Dry,"Two-Way, Not Divided",None,No Special Feature,Coarse Asphalt,Coastal,Rural,50 - 55  MPH,Missing,Clear,No,"0.0, 0.0"
835,836,No,25-29,27,No,With Traffic,O: No Injury,Travel Lane,White,Male,None - Rural Crash,Davidson,No,01-01-06,2008-10-25,Motorist Right Turn / Merge,14,Non-Intersection,01-10-01,0001-01-01T09:31:58-04:56,Motorist Right Turn - Same Direction,311213,2008,O: No Injury,Residential,20-24,20,No,0-5 mph,O: No Injury,White,Male,Passenger Car,No,No,Dark - Roadway Not Lighted,Rural (<30% Developed),2 lanes,2,Curve - Grade,State Secondary Route,Dry,"Two-Way, Not Divided",None,"Driveway, Private",Smooth Asphalt,Piedmont,Rural,20 - 25  MPH,No Control Present,Clear,No,"0.0, 0.0"
841,842,No,40-49,49,No,With Traffic,B: Evident Injury,Travel Lane,White,Male,Marvin,Union,No,01-01-06,2008-10-25,Motorist Overtaking Bicyclist,17,Non-Intersection,01-10-01,0001-01-01T12:08:58-04:56,Motorist Overtaking - Other /,311239,2008,B: Evident Injury,Institutional,30-39,37,No,56-60 mph,O: No Injury,White,Male,Passenger Car,No,No,Daylight,Mixed (30% To 70% Developed),2 lanes,2,Straight - Grade,State Secondary Route,Dry,"Two-Way, Not Divided",None,No Special Feature,Smooth Asphalt,Piedmont,Rural,40 - 45  MPH,"Double Yellow Line, No Passing Zone",Clear,No,"0.0, 0.0"
848,849,Yes,15-Nov,14,No,With Traffic,B: Evident Injury,Travel Lane,Black,Female,Wilmington,New Hanover,No,01-01-03,2008-10-22,Motorist Overtaking Bicyclist,21,Non-Intersection,01-10-01,0001-01-01T16:03:58-04:56,Motorist Overtaking - Other /,311239,2008,B: Evident Injury,Residential,,,Missing,36-40 mph,Injury,/Missing,,,No,Yes,Dark - Lighted Roadway,Urban (>70% Developed),2 lanes,2,Straight - Level,Local Street,Dry,"Two-Way, Not Divided",None,No Special Feature,Coarse Asphalt,Coastal,Urban,20 - 25  MPH,No Control Present,Clear,No,"0.0, 0.0"
160,161,Yes,30-39,34,No,With Traffic,A: Disabling Injury,Travel Lane,White,Female,None - Rural Crash,Wayne,No,01-01-05,2010-04-09,Motorist Overtaking Bicyclist,19,Non-Intersection,01-04-01,0001-01-01T14:30:58-04:56,Motorist Overtaking - Other /,0,2010,A: Disabling Injury,"Farms, Woods, Pastures",30-39,32,No,51-55 mph,O: No Injury,White,Male,Sport Utility,No,No,Daylight,Rural (<30% Developed),2 lanes,2,Straight - Level,State Secondary Route,Dry,"Two-Way, Not Divided",None,No Special Feature,Coarse Asphalt,Coastal,Rural,50 - 55  MPH,No Control Present,Clear,No,"35.40876, -78.122"
162,163,Yes,40-49,40,Yes,Not Applicable,B: Evident Injury,Travel Lane,Black,Female,Wilson,Wilson,Yes,01-01-05,2010-04-02,Crossing Paths - Other Circumstances,16,Intersection-Related,01-04-01,0001-01-01T11:31:58-04:56,Crossing Paths - Uncontrolled Intersection,0,2010,B: Evident Injury,Residential,50-59,50,No,11-15 mph,O: No Injury,Black,Male,Van,No,No,Daylight,Urban (>70% Developed),2 lanes,2,Straight - Level,Local Street,Dry,"Two-Way, Not Divided",None,No Special Feature,Coarse Asphalt,Coastal,Urban,30 - 35  MPH,No Control Present,Clear,No,"35.7093, -77.92154"
166,167,No,20-24,21,No,Facing Traffic,B: Evident Injury,Travel Lane,Black,Male,Warsaw,Duplin,No,,2010-04-19,Head-On,20,Non-Intersection,01-04-01,0001-01-01T15:03:58-04:56,Head-On - Bicyclist,0,2010,B: Evident Injury,Residential,,,Missing,31-35 mph,Injury,/Missing,,Passenger Car,No,Yes,Daylight,Rural (<30% Developed),2 lanes,2,Straight - Level,Local Street,Dry,"Two-Way, Not Divided",None,No Special Feature,Coarse Asphalt,Coastal,Rural,30 - 35  MPH,No Control Present,Clear,No,"35.00399, -78.08487"
171,172,Yes,50-59,59,No,With Traffic,B: Evident Injury,Travel Lane,White,Female,Charlotte,Mecklenburg,No,01-01-02,2010-04-13,Motorist Overtaking Bicyclist,13,Non-Intersection,01-04-01,0001-01-01T08:19:58-04:56,Motorist Overtaking - Bicyclist Swerved,0,2010,B: Evident Injury,Residential,30-39,36,No,36-40 mph,O: No Injury,Black,Female,Sport Utility,No,No,Daylight,Urban (>70% Developed),4 lanes,2,Straight - Level,Local Street,Dry,"Two-Way, Not Divided",None,No Special Feature,Smooth Asphalt,Piedmont,Urban,40 - 45  MPH,No Control Present,Clear,No,"35.16861, -80.79537"
849,850,Yes,40-49,46,No,With Traffic,C: Possible Injury,Travel Lane,White,Female,None - Rural Crash,Carteret,No,01-01-04,2008-11-13,Motorist Overtaking Bicyclist,18,Non-Intersection,01-11-01,0001-01-01T13:29:58-04:56,Motorist Overtaking - Misjudged Space,311232,2008,C: Possible Injury,"Farms, Woods, Pastures",25-29,26,No,51-55 mph,O: No Injury,White,Female,Pickup,No,No,Dark - Roadway Not Lighted,Rural (<30% Developed),4 lanes,2,Straight - Level,US Route,Wet,"Two-Way, Divided, Unprotected Median",None,No Special Feature,Coarse Asphalt,Coastal,Rural,50 - 55  MPH,No Control Present,Cloudy,No,"0.0, 0.0"
857,858,Yes,50-59,53,No,With Traffic,B: Evident Injury,Travel Lane,White,Male,None - Rural Crash,Montgomery,No,01-01-05,2008-10-31,Motorist Overtaking Bicyclist,19,Non-Intersection,01-10-01,0001-01-01T14:10:58-04:56,Motorist Overtaking - Undetected Bicyclist,311231,2008,B: Evident Injury,"Farms, Woods, Pastures",40-49,46,No,51-55 mph,O: No Injury,White,Male,Sport Utility,No,No,Dark - Roadway Not Lighted,Rural (<30% Developed),2 lanes,2,Straight - Level,US Route,Dry,"Two-Way, Not Divided",None,No Special Feature,Coarse Asphalt,Piedmont,Rural,50 - 55  MPH,"Double Yellow Line, No Passing Zone",Clear,No,"0.0, 0.0"
861,862,No,25-29,25,No,With Traffic,C: Possible Injury,Sidewalk / Crosswalk / Driveway Crossing,White,Male,Greensboro,Guilford,No,01-01-07,2008-10-12,Motorist Failed to Yield - Midblock,16,Non-Intersection,01-10-01,0001-01-01T11:39:58-04:56,Motorist Drive Out - Commercial Driveway / Alley,331322,2008,C: Possible Injury,Commercial,30-39,33,No,0-5 mph,O: No Injury,Black,Female,Sport Utility,No,No,Daylight,Urban (>70% Developed),5 lanes,2,Straight - Level,Local Street,Dry,"Two-Way, Not Divided",None,No Special Feature,Smooth Asphalt,Piedmont,Urban,30 - 35  MPH,No Control Present,Clear,No,"0.0, 0.0"
862,863,Yes,25-29,27,No,Not Applicable,C: Possible Injury,Non-Roadway,Black,Male,Rocky Mount,Nash,No,01-01-06,2008-10-11,Other / Unusual Circumstances,13,Non-Intersection,01-10-01,0001-01-01T08:49:58-04:56,Motorist Intentionally Caused,363510,2008,C: Possible Injury,Commercial,30-39,32,No,6-10 mph,O: No Injury,Black,Male,Passenger Car,No,No,Daylight,Urban (>70% Developed),2 lanes,2,Straight - Level,Local Street,Dry,"Two-Way, Not Divided",None,No Special Feature,Smooth Asphalt,Coastal,Urban,30 - 35  MPH,No Control Present,Clear,No,"0.0, 0.0"
864,865,No,20-24,23,No,Facing Traffic,C: Possible Injury,Travel Lane,Black,Male,Rocky Mount,Edgecombe,No,01-01-04,2008-10-02,Motorist Failed to Yield - Sign-Controlled Intersection,20,Intersection,01-10-01,0001-01-01T15:09:58-04:56,Motorist Drive Out - Sign-Controlled Intersection,112141,2008,C: Possible Injury,Residential,,,Missing,0-5 mph,Injury,/Missing,,,No,Yes,Dark - Lighted Roadway,Urban (>70% Developed),2 lanes,2,Straight - Level,Local Street,Dry,"Two-Way, Not Divided",None,Four-Way Intersection,Smooth Asphalt,Coastal,Urban,30 - 35  MPH,Flashing Signal With Stop Sign,Clear,No,"0.0, 0.0"
881,882,No,16-19,18,No,Facing Traffic,O: No Injury,Sidewalk / Crosswalk / Driveway Crossing,White,Male,Wilmington,New Hanover,No,01-01-06,2008-11-08,Motorist Right Turn / Merge,18,Intersection,01-11-01,0001-01-01T13:20:58-04:56,Motorist Right Turn - Opposite Direction,132214,2008,O: No Injury,Commercial,20-24,24,No,11-15 mph,O: No Injury,White,Female,Passenger Car,No,No,Daylight,Urban (>70% Developed),3 lanes,2,Straight - Level,Local Street,Dry,"Two-Way, Not Divided",None,No Special Feature,Coarse Asphalt,Coastal,Urban,40 - 45  MPH,Stop And Go Signal,Clear,No,"0.0, 0.0"
890,891,Yes,25-29,25,No,With Traffic,C: Possible Injury,Travel Lane,White,Female,Durham,Durham,No,01-01-02,2008-12-02,Bicyclist Left Turn / Merge,16,Non-Intersection,01-12-01,0001-01-01T11:43:58-04:56,Bicyclist Left Turn - Same Direction,311221,2008,C: Possible Injury,Commercial,40-49,48,No,31-35 mph,O: No Injury,White,Male,Passenger Car,No,No,Daylight,Urban (>70% Developed),5 lanes,2,Straight - Level,Local Street,Dry,"Two-Way, Not Divided",None,No Special Feature,Concrete,Piedmont,Urban,30 - 35  MPH,No Control Present,Clear,No,"0.0, 0.0"
894,895,Yes,30-39,37,Yes,With Traffic,K: Killed,Travel Lane,White,Female,None - Rural Crash,Richmond,Yes,01-01-03,2008-11-12,Motorist Overtaking Bicyclist,17,Non-Intersection,01-11-01,0001-01-01T12:53:58-04:56,Motorist Overtaking - Other /,311239,2008,K: Killed,Residential,20-24,20,No,41-45 mph,O: No Injury,White,Male,Passenger Car,No,No,Dark - Roadway Not Lighted,Mixed (30% To 70% Developed),2 lanes,2,Straight - Grade,State Secondary Route,Dry,"Two-Way, Not Divided",None,No Special Feature,Smooth Asphalt,Piedmont,Rural,40 - 45  MPH,"Double Yellow Line, No Passing Zone",Cloudy,No,"0.0, 0.0"
895,896,No,20-24,24,No,With Traffic,O: No Injury,Sidewalk / Crosswalk / Driveway Crossing,White,Male,Asheville,Buncombe,No,01-01-03,2008-11-12,Motorist Right Turn / Merge,14,Non-Intersection,01-11-01,0001-01-01T09:19:58-04:56,Motorist Right Turn - Same Direction,331213,2008,O: No Injury,Commercial,,,No,21-25 mph,O: No Injury,White,Female,Passenger Car,No,No,Daylight,Urban (>70% Developed),4 lanes,2,Straight - Level,Local Street,Dry,"Two-Way, Not Divided",None,"Driveway, Public",Smooth Asphalt,Mountains,Urban,30 - 35  MPH,No Control Present,Clear,No,"0.0, 0.0"
899,900,Yes,50-59,53,No,With Traffic,A: Disabling Injury,Travel Lane,Native American,Male,None - Rural Crash,Robeson,No,01-01-05,2008-12-05,Motorist Left Turn / Merge,22,Intersection,01-12-01,0001-01-01T17:23:58-04:56,Motorist Left Turn - Opposite Direction,111212,2008,A: Disabling Injury,"Farms, Woods, Pastures",,,No,31-35 mph,Injury,/Missing,,"Light Truck (Mini-Van, Panel)",No,Yes,Dark - Roadway Not Lighted,Rural (<30% Developed),2 lanes,2,Straight - Level,State Secondary Route,Dry,"Two-Way, Not Divided",None,T-Intersection,Coarse Asphalt,Coastal,Rural,50 - 55  MPH,"Double Yellow Line, No Passing Zone",Clear,No,"0.0, 0.0"
904,905,Yes,40-49,47,No,Facing Traffic,B: Evident Injury,Bike Lane / Paved Shoulder,Hispanic,Female,Leland,Brunswick,No,01-01-07,2008-11-16,Motorist Failed to Yield - Midblock,16,Non-Intersection,01-11-01,0001-01-01T11:53:58-04:56,Motorist Drive Out - Commercial Driveway / Alley,322322,2008,B: Evident Injury,"Farms, Woods, Pastures",50-59,56,No,0-5 mph,O: No Injury,White,Male,Pickup,No,No,Daylight,Urban (>70% Developed),5 lanes,2,Straight - Level,Local Street,,"Two-Way, Not Divided",None,"Driveway, Public",Coarse Asphalt,Coastal,Rural,40 - 45  MPH,No Control Present,Clear,No,"0.0, 0.0"
907,908,No,60-69,60,No,With Traffic,O: No Injury,Travel Lane,White,Male,Goldsboro,Wayne,No,01-01-04,2008-11-13,Crossing Paths - Other Circumstances,15,Intersection,01-11-01,0001-01-01T10:13:58-04:56,Crossing Paths - Intersection - Other /,111180,2008,O: No Injury,Residential,0-19,18,No,36-40 mph,O: No Injury,Black,Female,Passenger Car,No,No,Daylight,Urban (>70% Developed),2 lanes,2,Straight - Level,Local Street,Wet,"Two-Way, Not Divided",None,No Special Feature,Coarse Asphalt,Coastal,Urban,40 - 45  MPH,Missing,Rain,No,"0.0, 0.0"
909,910,Yes,15-Nov,14,No,,C: Possible Injury,,Black,Male,Durham,Durham,No,01-01-02,2008-12-09,Other /  - Insufficient Details,9,Intersection,01-12-01,0001-01-01T04:15:58-04:56,Approach Paths,1990970,2008,C: Possible Injury,Commercial,40-49,43,No,31-35 mph,O: No Injury,Black,Male,Passenger Car,No,No,Daylight,Urban (>70% Developed),2 lanes,2,Straight - Grade,Local Street,Dry,"Two-Way, Divided, Unprotected Median",None,No Special Feature,Coarse Asphalt,Piedmont,Urban,30 - 35  MPH,No Control Present,Cloudy,No,"0.0, 0.0"
917,918,Yes,10-Jun,9,No,Not Applicable,Injury,,Black,Male,Raleigh,Wake,No,,2008-11-03,Crossing Paths - Other Circumstances,17,Intersection-Related,01-11-01,0001-01-01T12:10:58-04:56,Crossing Paths - Uncontrolled Intersection,293160,2008,O: No Injury,Commercial,30-39,31,No,,O: No Injury,Black,Male,Passenger Car,No,No,Dark - Roadway Not Lighted,Urban (>70% Developed),7 lanes,2,Straight - Grade,Local Street,Dry,"Two-Way, Divided, Unprotected Median",None,No Special Feature,Smooth Asphalt,Piedmont,Urban,,Missing,Cloudy,No,"0.0, 0.0"