FID,OBJECTID,AmbulanceR,BikeAge_Gr,Bike_Age,Bike_Alc_D,Bike_Dir,Bike_Injur,Bike_Pos,Bike_Race,Bike_Sex,City,County,CrashAlcoh,CrashDay,Crash_Date,Crash_Grp,Crash_Hour,Crash_Loc,Crash_Mont,Crash_Time,Crash_Type,Crash_Ty_1,Crash_Year,Crsh_Sevri,Developmen,DrvrAge_Gr,Drvr_Age,Drvr_Alc_D,Drvr_EstSp,Drvr_Injur,Drvr_Race,Drvr_Sex,Drvr_VehTy,ExcsSpdInd,Hit_Run,Light_Cond,Locality,Num_Lanes,Num_Units,Rd_Charact,Rd_Class,Rd_Conditi,Rd_Config,Rd_Defects,Rd_Feature,Rd_Surface,Region,Rural_Urba,Speed_Limi,Traff_Cntr,Weather,Workzone_I,Location
646,647,Yes,15-Nov,14,No,Not Applicable,B: Evident Injury,Non-Roadway,Black,Male,Rocky Mount,Nash,No,01-01-03,2012-08-22,Motorist Left Turn / Merge,12,Intersection,01-08-01,0001-01-01T07:24:58-04:56,Motorist Left Turn - Opposite Direction,,2012,B: Evident Injury,Commercial,30-39,39,No,11-15 mph,O: No Injury,White,Male,Passenger Car,No,No,Daylight,Urban (>70% Developed),3 lanes,2,Straight - Level,Local Street,Dry,"Two-Way, Divided, Unprotected Median",None,T-Intersection,Smooth Asphalt,Coastal,Urban,30 - 35  MPH,Stop Sign,Clear,No,"35.93196, -77.8118"
647,648,No,0-5,5,No,With Traffic,Injury,Travel Lane,/Missing,Male,Laurinburg,Scotland,No,01-01-06,2012-08-25,Motorist Overtaking Bicyclist,18,Intersection-Related,01-08-01,0001-01-01T13:20:58-04:56,Motorist Overtaking - Other /,,2012,C: Possible Injury,Residential,50-59,59,No,41-45 mph,C: Possible Injury,Black,Female,Passenger Car,No,No,Daylight,Urban (>70% Developed),2 lanes,2,Straight - Level,Local Street,Dry,"Two-Way, Not Divided",None,No Special Feature,Coarse Asphalt,Coastal,Urban,30 - 35  MPH,No Control Present,Clear,No,"34.7671, -79.4624"
649,650,Yes,25-29,27,No,With Traffic,B: Evident Injury,Travel Lane,White,Female,None - Rural Crash,Moore,No,01-01-05,2012-08-31,Motorist Overtaking Bicyclist,6,Non-Intersection,01-08-01,0001-01-01T01:24:58-04:56,Motorist Overtaking - Misjudged Space,,2012,B: Evident Injury,"Farms, Woods, Pastures",,,Missing,41-45 mph,Injury,/Missing,,Passenger Car,No,Yes,Daylight,Rural (<30% Developed),2 lanes,2,Straight - Level,State Secondary Route,Dry,"Two-Way, Divided, Unprotected Median",None,No Special Feature,Coarse Asphalt,Piedmont,Rural,40 - 45  MPH,No Control Present,Clear,No,"35.17528, -79.3521"
651,652,Yes,60-69,68,No,With Traffic,B: Evident Injury,Travel Lane,White,Male,Lewisville,Forsyth,No,01-01-02,2012-08-28,Loss of Control / Turning Error,6,Intersection-Related,01-08-01,0001-01-01T01:12:58-04:56,Motorist Turning Error - Left Turn,,2012,B: Evident Injury,Commercial,40-49,45,No,11-15 mph,O: No Injury,White,Male,Passenger Car,No,No,Dawn,Urban (>70% Developed),2 lanes,2,Straight - Level,Local Street,Dry,"Two-Way, Not Divided",None,T-Intersection,Smooth Asphalt,Piedmont,Urban,30 - 35  MPH,Stop And Go Signal,Clear,No,"36.09867, -80.4164"
660,661,No,40-49,48,No,Facing Traffic,O: No Injury,Sidewalk / Crosswalk / Driveway Crossing,White,Male,Greenville,Pitt,No,01-01-02,2012-08-14,Motorist Failed to Yield - Midblock,18,Non-Intersection,01-08-01,0001-01-01T13:45:58-04:56,Motorist Drive Out - Commercial Driveway / Alley,,2012,O: No Injury,Commercial,40-49,41,No,0-5 mph,O: No Injury,Black,Male,Passenger Car,No,No,Daylight,Urban (>70% Developed),3 lanes,2,Straight - Level,Local Street,Dry,"Two-Way, Divided, Unprotected Median",None,No Special Feature,Coarse Asphalt,Coastal,Urban,5 - 15 MPH,Stop And Go Signal,Clear,No,"35.57168, -77.4031"
680,681,Yes,40-49,49,No,With Traffic,C: Possible Injury,Travel Lane,White,Male,None - Rural Crash,Durham,No,01-01-03,2012-09-19,Loss of Control / Turning Error,9,Intersection,01-09-01,0001-01-01T05:01:58-04:56,Motorist Turning Error - Left Turn,,2012,C: Possible Injury,"Farms, Woods, Pastures",25-29,29,No,21-25 mph,O: No Injury,Black,Female,Passenger Car,No,No,Daylight,Rural (<30% Developed),3 lanes,2,Straight - Level,State Secondary Route,Dry,"Two-Way, Not Divided",None,No Special Feature,Coarse Asphalt,Piedmont,Rural,40 - 45  MPH,Stop And Go Signal,Clear,No,"35.92972, -78.9894"
682,683,Yes,50-59,52,No,With Traffic,C: Possible Injury,Travel Lane,White,Male,Charlotte,Mecklenburg,No,01-01-03,2012-09-12,Motorist Left Turn / Merge,14,Intersection,01-09-01,0001-01-01T09:41:58-04:56,Motorist Left Turn - Opposite Direction,,2012,C: Possible Injury,Residential,50-59,53,No,16-20 mph,O: No Injury,White,Female,Passenger Car,No,No,Daylight,Urban (>70% Developed),4 lanes,2,Straight - Level,Local Street,Dry,"Two-Way, Divided, Positive Median Barrier",None,No Special Feature,Coarse Asphalt,Piedmont,Urban,30 - 35  MPH,No Control Present,Clear,No,"35.19488, -80.8278"
684,685,Yes,40-49,44,No,With Traffic,C: Possible Injury,Travel Lane,Hispanic,Male,Mooresville,Iredell,No,01-01-04,2012-09-06,Motorist Overtaking Bicyclist,19,Non-Intersection,01-09-01,0001-01-01T14:59:58-04:56,Motorist Overtaking - Other /,,2012,C: Possible Injury,Commercial,40-49,47,No,36-40 mph,O: No Injury,White,Male,Passenger Car,No,No,Dusk,Urban (>70% Developed),2 lanes,2,Curve - Grade,Local Street,Dry,"Two-Way, Not Divided",None,No Special Feature,Smooth Asphalt,Piedmont,Urban,40 - 45  MPH,No Control Present,Clear,No,"35.60472, -80.8629"
687,688,Yes,16-19,19,Yes,With Traffic,C: Possible Injury,Travel Lane,Black,Male,Garner,Wake,Yes,01-01-06,2012-08-25,Backing Vehicle,23,Non-Intersection,01-08-01,0001-01-01T18:31:58-04:56,Backing Vehicle,,2012,C: Possible Injury,Residential,50-59,52,No,0-5 mph,O: No Injury,White,Male,Passenger Car,No,No,Dark - Roadway Not Lighted,Urban (>70% Developed),2 lanes,2,Straight - Level,Local Street,Dry,"Two-Way, Not Divided",None,No Special Feature,Coarse Asphalt,Piedmont,Urban,20 - 25  MPH,"Double Yellow Line, No Passing Zone",Clear,No,"35.71464, -78.6155"
696,697,No,20-24,20,No,Facing Traffic,B: Evident Injury,Sidewalk / Crosswalk / Driveway Crossing,White,Female,Wilmington,New Hanover,No,01-01-04,2012-09-13,Motorist Failed to Yield - Midblock,12,Non-Intersection,01-09-01,0001-01-01T07:24:58-04:56,Motorist Drive Out - Commercial Driveway / Alley,,2012,B: Evident Injury,Industrial,25-29,27,No,0-5 mph,O: No Injury,White,Male,Passenger Car,No,No,Daylight,Urban (>70% Developed),3 lanes,2,Straight - Level,Local Street,Dry,"Two-Way, Not Divided",None,No Special Feature,Coarse Asphalt,Coastal,Urban,40 - 45  MPH,No Control Present,Clear,No,"34.23159, -77.8796"
702,703,Yes,0-5,3,No,With Traffic,C: Possible Injury,Travel Lane,White,Male,None - Rural Crash,Gaston,No,01-01-07,2012-09-23,Backing Vehicle,10,Non-Intersection,01-09-01,0001-01-01T05:43:58-04:56,Backing Vehicle,,2012,C: Possible Injury,Residential,0-19,17,No,0-5 mph,O: No Injury,White,Female,Passenger Car,No,No,Daylight,Mixed (30% To 70% Developed),2 lanes,2,Straight - Level,"Private Road, Driveway",Dry,"Two-Way, Not Divided",None,No Special Feature,Coarse Asphalt,Piedmont,Rural,5 - 15 MPH,No Control Present,Clear,No,"35.33301, -81.109"
704,705,Yes,10-Jun,9,No,Not Applicable,C: Possible Injury,Non-Roadway,Black,Male,Durham,Durham,No,01-01-02,2012-09-25,Bicyclist Failed to Yield - Midblock,18,Non-Intersection,01-09-01,0001-01-01T13:56:58-04:56,Bicyclist Ride Out - Other Midblock,,2012,C: Possible Injury,Residential,20-24,23,No,21-25 mph,O: No Injury,Black,Male,Passenger Car,No,No,Daylight,Urban (>70% Developed),2 lanes,2,Straight - Level,Local Street,Dry,"Two-Way, Not Divided",None,No Special Feature,Smooth Asphalt,Piedmont,Urban,30 - 35  MPH,No Control Present,Clear,No,"35.99355, -78.8876"
715,716,Yes,30-39,33,No,With Traffic,C: Possible Injury,Travel Lane,White,Female,Chapel Hill,Orange,No,01-01-07,2012-09-23,Motorist Left Turn / Merge,10,Non-Intersection,01-09-01,0001-01-01T05:53:58-04:56,Motorist Left Turn - Opposite Direction,,2012,C: Possible Injury,Commercial,70,70,No,6-10 mph,O: No Injury,White,Female,Passenger Car,No,No,Daylight,Urban (>70% Developed),3 lanes,2,Straight - Level,Local Street,Dry,"Two-Way, Not Divided",None,T-Intersection,Coarse Asphalt,Piedmont,Urban,20 - 25  MPH,No Control Present,Clear,No,"35.93037, -79.0252"
720,721,Yes,50-59,56,No,,C: Possible Injury,Travel Lane,Black,Male,Greenville,Pitt,No,01-01-07,2012-09-30,Bicyclist Failed to Yield - Midblock,14,Non-Intersection,01-09-01,0001-01-01T09:51:58-04:56,Multiple Threat - Midblock,,2012,C: Possible Injury,Commercial,0-19,17,No,31-35 mph,O: No Injury,White,Female,Passenger Car,No,No,Daylight,Urban (>70% Developed),6 lanes,2,Straight - Level,Local Street,Dry,"Two-Way, Divided, Unprotected Median",None,No Special Feature,Coarse Asphalt,Coastal,Urban,40 - 45  MPH,No Control Present,Clear,No,"35.5779, -77.3808"
722,723,Yes,15-Nov,15,No,With Traffic,B: Evident Injury,Travel Lane,Black,Male,Wilson,Wilson,No,01-01-05,2012-09-14,Crossing Paths - Other Circumstances,18,Intersection,01-09-01,0001-01-01T13:50:58-04:56,Signalized Intersection - Other /,,2012,B: Evident Injury,Residential,60-69,63,No,41-45 mph,O: No Injury,White,Male,Pickup,No,No,Daylight,Urban (>70% Developed),5 lanes,2,Straight - Level,Local Street,Dry,"Two-Way, Not Divided",None,Four-Way Intersection,Coarse Asphalt,Coastal,Urban,40 - 45  MPH,Stop And Go Signal,Clear,No,"35.70983, -77.9439"
727,728,No,25-29,29,No,With Traffic,C: Possible Injury,Bike Lane / Paved Shoulder,White,Female,Carrboro,Orange,No,01-01-05,2012-09-21,Motorist Right Turn / Merge,17,Non-Intersection,01-09-01,0001-01-01T13:01:58-04:56,Motorist Right Turn - Same Direction,,2012,C: Possible Injury,Commercial,0-19,16,No,0-5 mph,O: No Injury,White,Male,Pickup,No,No,Daylight,Urban (>70% Developed),2 lanes,2,Straight - Level,Local Street,Dry,"Two-Way, Not Divided",None,No Special Feature,Coarse Asphalt,Piedmont,Urban,20 - 25  MPH,No Control Present,Clear,No,"35.91014, -79.0732"
744,745,Yes,25-29,29,No,With Traffic,C: Possible Injury,Travel Lane,White,Male,Raleigh,Wake,No,01-01-03,2012-10-03,Motorist Failed to Yield - Sign-Controlled Intersection,20,Intersection,01-10-01,0001-01-01T15:37:58-04:56,Motorist Drive Through - Sign-Controlled Intersection,,2012,C: Possible Injury,Commercial,0-19,19,No,6-10 mph,O: No Injury,White,Male,Passenger Car,No,No,Dark - Lighted Roadway,Urban (>70% Developed),1 lane,2,Curve - Level,Local Street,Dry,"One-Way, Not Divided",None,Traffic Circle/Roundabout,Smooth Asphalt,Piedmont,Urban,5 - 15 MPH,Yield Sign,Clear,No,"35.78597, -78.6625"
752,753,No,16-19,18,No,With Traffic,C: Possible Injury,Sidewalk / Crosswalk / Driveway Crossing,White,Male,Greensboro,Guilford,No,01-01-05,2012-09-21,Motorist Left Turn / Merge,10,Intersection,01-09-01,0001-01-01T05:59:58-04:56,Motorist Left Turn - Opposite Direction,,2012,C: Possible Injury,Institutional,70,70,No,,O: No Injury,White,Male,Commercial Bus,No,No,Daylight,Urban (>70% Developed),2 lanes,2,Straight - Grade,Local Street,Dry,"Two-Way, Not Divided",None,No Special Feature,Smooth Asphalt,Piedmont,Urban,30 - 35  MPH,No Control Present,Clear,No,"36.06317, -79.8154"
753,754,Yes,25-29,25,No,With Traffic,B: Evident Injury,Travel Lane,White,Male,Greensboro,Guilford,No,01-01-02,2012-10-02,Bicyclist Failed to Yield - Signalized Intersection,19,Intersection,01-10-01,0001-01-01T14:59:58-04:56,Bicyclist Ride Through - Signalized Intersection,,2012,B: Evident Injury,Institutional,20-24,20,No,11-15 mph,O: No Injury,Black,Female,Passenger Car,No,No,Dark - Lighted Roadway,Urban (>70% Developed),2 lanes,2,Straight - Level,Local Street,Dry,"Two-Way, Divided, Positive Median Barrier",None,Four-Way Intersection,Smooth Asphalt,Piedmont,Urban,30 - 35  MPH,Stop And Go Signal,Clear,No,"36.06533, -79.8127"
761,762,Yes,10-Jun,6,No,With Traffic,B: Evident Injury,Travel Lane,Hispanic,Male,Burlington,Alamance,No,01-01-06,2012-10-06,Bicyclist Failed to Yield - Sign-Controlled Intersection,20,Intersection,01-10-01,0001-01-01T15:17:58-04:56,Bicyclist Ride Through - Sign-Controlled Intersection,,2012,B: Evident Injury,Residential,0-19,19,No,26-30 mph,O: No Injury,Hispanic,Male,Passenger Car,No,No,Daylight,Urban (>70% Developed),2 lanes,2,Straight - Level,Local Street,Dry,"Two-Way, Not Divided",None,Four-Way Intersection,Coarse Asphalt,Piedmont,Urban,30 - 35  MPH,Stop Sign,Clear,No,"36.09573, -79.4001"
764,765,Yes,60-69,64,No,Not Applicable,B: Evident Injury,Non-Roadway,White,Male,Kernersville,Forsyth,No,01-01-05,2012-10-05,Motorist Left Turn / Merge,16,Intersection,01-10-01,0001-01-01T11:36:58-04:56,Motorist Left Turn - Opposite Direction,,2012,B: Evident Injury,Commercial,50-59,53,No,21-25 mph,O: No Injury,White,Female,Passenger Car,No,No,Daylight,Urban (>70% Developed),5 lanes,2,Straight - Level,NC Route,Dry,"Two-Way, Divided, Unprotected Median",None,T-Intersection,Smooth Asphalt,Piedmont,Urban,40 - 45  MPH,Stop Sign,Clear,No,"36.0953, -80.0612"
765,766,Yes,16-19,18,No,Facing Traffic,B: Evident Injury,,Black,Female,Wilmington,New Hanover,No,01-01-03,2012-09-26,Bicyclist Failed to Yield - Signalized Intersection,16,Intersection-Related,01-09-01,0001-01-01T11:48:58-04:56,Bicyclist Ride Out - Signalized  Intersection,,2012,B: Evident Injury,Commercial,20-24,21,No,41-45 mph,O: No Injury,White,Female,Passenger Car,No,No,Daylight,Urban (>70% Developed),9 or more lanes,2,Straight - Level,Local Street,Dry,"Two-Way, Not Divided",Other,No Special Feature,Concrete,Coastal,Urban,40 - 45  MPH,Stop And Go Signal,Clear,No,"34.23075, -77.8771"
767,768,Yes,20-24,22,No,With Traffic,C: Possible Injury,Travel Lane,Other,Male,Greensboro,Guilford,No,01-01-06,2012-09-22,Motorist Left Turn / Merge,1,Intersection,01-09-01,0000-12-31T20:09:58-04:56,Motorist Left Turn - Opposite Direction,,2012,C: Possible Injury,Residential,0-19,19,No,36-40 mph,O: No Injury,White,Female,Passenger Car,No,No,Dark - Roadway Not Lighted,Urban (>70% Developed),2 lanes,2,Straight - Level,Local Street,Dry,"Two-Way, Divided, Unprotected Median",None,Four-Way Intersection,Smooth Asphalt,Piedmont,Urban,30 - 35  MPH,Stop And Go Signal,Clear,No,"36.06865, -79.8232"
772,773,No,,0,No,With Traffic,Injury,Travel Lane,/Missing,,Wilmington,New Hanover,No,01-01-04,2012-09-27,Motorist Overtaking Bicyclist,15,Intersection,01-09-01,0001-01-01T10:29:58-04:56,Motorist Overtaking - Other /,,2012,Injury,Residential,,,No,41-45 mph,Injury,/Missing,,,No,Yes,Daylight,Urban (>70% Developed),5 lanes,2,Straight - Level,Local Street,Dry,"Two-Way, Not Divided",None,No Special Feature,Coarse Asphalt,Coastal,Urban,40 - 45  MPH,Stop And Go Signal,Clear,No,"34.23195, -77.8875"
773,774,Yes,20-24,23,No,Facing Traffic,B: Evident Injury,Sidewalk / Crosswalk / Driveway Crossing,Black,Male,Wilmington,New Hanover,No,01-01-05,2012-09-28,Motorist Failed to Yield - Sign-Controlled Intersection,7,Intersection,01-09-01,0001-01-01T02:41:58-04:56,Motorist Drive Out - Sign-Controlled Intersection,,2012,B: Evident Injury,Residential,0-19,18,No,21-25 mph,O: No Injury,White,Female,Passenger Car,No,No,Daylight,Urban (>70% Developed),2 lanes,2,Straight - Level,Local Street,Dry,"Two-Way, Not Divided",Other,Related To Intersection,Smooth Asphalt,Coastal,Urban,20 - 25  MPH,Stop Sign,Clear,No,"34.22557, -77.9057"
782,783,Yes,50-59,50,Yes,With Traffic,K: Killed,Travel Lane,Native American,Male,None - Rural Crash,Robeson,Yes,01-01-04,2012-10-11,Motorist Overtaking Bicyclist,20,Non-Intersection,01-10-01,0001-01-01T15:26:58-04:56,Motorist Overtaking - Other /,,2012,K: Killed,"Farms, Woods, Pastures",50-59,56,No,46-50 mph,O: No Injury,Black,Male,Van,No,No,Dark - Roadway Not Lighted,Rural (<30% Developed),2 lanes,2,Straight - Level,NC Route,Dry,"Two-Way, Not Divided",None,No Special Feature,Coarse Asphalt,Coastal,Rural,50 - 55  MPH,No Control Present,Clear,No,"34.53142, -79.0976"
789,790,Yes,40-49,44,No,With Traffic,B: Evident Injury,Travel Lane,White,Female,Apex,Wake,No,01-01-03,2012-10-17,Motorist Overtaking Bicyclist,16,Intersection-Related,01-10-01,0001-01-01T11:53:58-04:56,Motorist Overtaking - Misjudged Space,,2012,B: Evident Injury,Commercial,30-39,37,No,16-20 mph,O: No Injury,White,Male,Pickup,No,No,Daylight,Urban (>70% Developed),4 lanes,2,Straight - Level,State Secondary Route,Dry,"Two-Way, Not Divided",None,No Special Feature,Smooth Asphalt,Piedmont,Urban,30 - 35  MPH,Stop And Go Signal,Clear,No,"35.72924, -78.8395"
795,796,Yes,20-24,24,No,With Traffic,B: Evident Injury,Bike Lane / Paved Shoulder,White,Male,None - Rural Crash,Cumberland,No,01-01-05,2012-10-19,Motorist Overtaking Bicyclist,13,Non-Intersection,01-10-01,0001-01-01T08:45:58-04:56,Motorist Overtaking - Other /,,2012,B: Evident Injury,Commercial,,,No,41-45 mph,Injury,/Missing,,,No,Yes,Dark - Roadway Not Lighted,Mixed (30% To 70% Developed),2 lanes,2,Straight - Level,State Secondary Route,Dry,"Two-Way, Not Divided",None,No Special Feature,Smooth Asphalt,Coastal,Rural,40 - 45  MPH,"Double Yellow Line, No Passing Zone",Clear,No,"35.00589, -78.9214"
800,801,No,,0,Missing,Facing Traffic,Injury,Sidewalk / Crosswalk / Driveway Crossing,/Missing,,Fayetteville,Cumberland,No,01-01-06,2012-10-06,Motorist Failed to Yield - Signalized Intersection,18,Intersection,01-10-01,0001-01-01T13:56:58-04:56,Motorist Drive Out - Right Turn on Red,,2012,O: No Injury,Commercial,40-49,45,No,0-5 mph,O: No Injury,White,Male,Passenger Car,No,No,Dark - Lighted Roadway,Urban (>70% Developed),6 lanes,2,Straight - Grade,Local Street,Dry,"Two-Way, Not Divided",None,Four-Way Intersection,Coarse Asphalt,Coastal,Urban,30 - 35  MPH,Stop And Go Signal,Clear,No,"35.08819, -78.9268"
802,803,No,30-39,34,No,With Traffic,C: Possible Injury,Travel Lane,Black,Male,Raleigh,Wake,No,01-01-06,2012-10-20,Bicyclist Failed to Yield - Signalized Intersection,15,Intersection,01-10-01,0001-01-01T10:58:58-04:56,Bicyclist Ride Through - Signalized Intersection,,2012,C: Possible Injury,Commercial,20-24,21,No,16-20 mph,O: No Injury,White,Male,Passenger Car,No,No,Daylight,Urban (>70% Developed),5 lanes,2,Straight - Level,Local Street,Dry,"Two-Way, Divided, Unprotected Median",None,Four-Way Intersection,Smooth Asphalt,Piedmont,Urban,30 - 35  MPH,Stop And Go Signal,Clear,No,"35.83942, -78.6424"
206,207,No,,,Missing,Facing Traffic,Injury,Sidewalk / Crosswalk / Driveway Crossing,/Missing,,Durham,Durham,No,01-01-02,2011-05-10,Crossing Paths - Other Circumstances,14,Intersection,01-05-01,0001-01-01T09:10:58-04:56,Crossing Paths - Intersection - Other /,132180,2011,O: No Injury,Residential,60-69,66,No,0-5 mph,O: No Injury,Black,Female,Passenger Car,No,No,Daylight,Urban (>70% Developed),2 lanes,2,Straight - Level,Local Street,Dry,"Two-Way, Not Divided",None,No Special Feature,Smooth Asphalt,Piedmont,Urban,20 - 25  MPH,Stop Sign,Clear,No,"36.02413, -78.918"
218,219,Yes,10-Jun,7,No,With Traffic,C: Possible Injury,,Black,Female,Wilmington,New Hanover,No,01-01-04,2011-04-21,Motorist Right Turn / Merge,14,Non-Intersection,01-04-01,0001-01-01T09:18:58-04:56,Motorist Right Turn - Same Direction,391213,2011,C: Possible Injury,Residential,40-49,41,No,0-5 mph,O: No Injury,Black,Female,Sport Utility,No,No,Daylight,Urban (>70% Developed),2 lanes,2,Straight - Level,Local Street,Dry,"One-Way, Not Divided",None,No Special Feature,Coarse Asphalt,Coastal,Urban,20 - 25  MPH,No Control Present,Clear,No,"34.24898, -77.9078"
223,224,Yes,10-Jun,8,No,Not Applicable,B: Evident Injury,Travel Lane,Black,Male,Charlotte,Mecklenburg,No,01-01-07,2011-05-08,Bicyclist Failed to Yield - Sign-Controlled Intersection,14,Intersection-Related,01-05-01,0001-01-01T09:36:58-04:56,Bicyclist Ride Through - Sign-Controlled Intersection,213144,2011,B: Evident Injury,Residential,0-19,19,No,16-20 mph,O: No Injury,Black,Male,Passenger Car,No,No,Daylight,Urban (>70% Developed),2 lanes,2,Straight - Level,Local Street,Dry,"Two-Way, Not Divided",None,No Special Feature,Smooth Asphalt,Piedmont,Urban,20 - 25  MPH,Stop Sign,Clear,No,"35.24216, -80.8018"
226,227,Yes,15-Nov,12,No,Facing Traffic,C: Possible Injury,Travel Lane,Black,Male,Washington,Beaufort,No,01-01-02,2011-05-03,Crossing Paths - Other Circumstances,19,Intersection,01-05-01,0001-01-01T14:07:58-04:56,Crossing Paths - Intersection - Other /,112180,2011,C: Possible Injury,Residential,70,,No,16-20 mph,O: No Injury,White,Female,Passenger Car,No,No,Daylight,Urban (>70% Developed),2 lanes,2,Straight - Level,Local Street,Dry,"One-Way, Not Divided",None,Four-Way Intersection,Coarse Asphalt,Coastal,Urban,20 - 25  MPH,No Control Present,Clear,No,"35.54143, -77.0536"
227,228,No,20-24,20,No,Facing Traffic,B: Evident Injury,Sidewalk / Crosswalk / Driveway Crossing,White,Female,Boone,Watauga,No,01-01-05,2011-05-06,Motorist Failed to Yield - Midblock,16,Non-Intersection,01-05-01,0001-01-01T11:22:58-04:56,Motorist Drive Out - Commercial Driveway / Alley,332322,2011,B: Evident Injury,Commercial,40-49,49,No,0-5 mph,O: No Injury,White,Male,Sport Utility,No,No,Daylight,Mixed (30% To 70% Developed),5 lanes,2,Straight - Level,US Route,Dry,"Two-Way, Not Divided",None,"Driveway, Private",Smooth Asphalt,Mountains,Urban,30 - 35  MPH,No Control Present,Clear,No,"36.20357, -81.6663"
229,230,No,25-29,28,No,With Traffic,B: Evident Injury,Travel Lane,White,Male,Charlotte,Mecklenburg,No,01-01-03,2011-05-11,Motorist Right Turn / Merge,19,Intersection,01-05-01,0001-01-01T14:39:58-04:56,Motorist Right Turn - Same Direction,111213,2011,B: Evident Injury,Residential,60-69,65,No,31-35 mph,O: No Injury,Black,Female,Pickup,No,No,Daylight,Urban (>70% Developed),2 lanes,2,Straight - Level,Local Street,Dry,"Two-Way, Not Divided",None,No Special Feature,Smooth Asphalt,Piedmont,Urban,30 - 35  MPH,No Control Present,Clear,No,"35.2553, -80.8739"
232,233,Yes,50-59,52,No,With Traffic,C: Possible Injury,Travel Lane,Black,Male,Charlotte,Mecklenburg,No,01-01-05,2011-05-06,Motorist Overtaking Bicyclist,1,Intersection-Related,01-05-01,0000-12-31T20:22:58-04:56,Motorist Overtaking - Undetected Bicyclist,211231,2011,C: Possible Injury,Residential,30-39,33,No,21-25 mph,O: No Injury,Black,Female,Passenger Car,No,No,Dawn,Urban (>70% Developed),4 lanes,2,Straight - Level,Local Street,"Water (Standing, Moving)","Two-Way, Not Divided",None,No Special Feature,Smooth Asphalt,Piedmont,Urban,30 - 35  MPH,No Control Present,Clear,No,"35.25384, -80.856"
235,236,No,25-29,26,No,With Traffic,O: No Injury,Travel Lane,White,Male,None - Rural Crash,Wayne,No,01-01-05,2011-05-20,Loss of Control / Turning Error,8,Intersection,01-05-01,0001-01-01T03:05:58-04:56,Motorist Turning Error - Left Turn,111111,2011,O: No Injury,Commercial,30-39,32,No,16-20 mph,O: No Injury,Black,Male,Passenger Car,No,No,Daylight,Rural (<30% Developed),2 lanes,2,Straight - Level,State Secondary Route,Dry,"Two-Way, Not Divided",None,T-Intersection,Coarse Asphalt,Coastal,Rural,40 - 45  MPH,Stop And Go Signal,Clear,No,"35.34141, -78.0014"
238,239,Yes,30-39,33,No,With Traffic,B: Evident Injury,Bike Lane / Paved Shoulder,White,Male,Durham,Durham,No,01-01-07,2011-05-22,Motorist Failed to Yield - Midblock,12,Non-Intersection,01-05-01,0001-01-01T07:10:58-04:56,Motorist Drive Out - Other Midblock,321328,2011,B: Evident Injury,Commercial,30-39,39,No,11-15 mph,O: No Injury,Black,Male,Sport Utility,No,No,Daylight,Urban (>70% Developed),,2,Straight - Level,Public Vehicular Area,Dry,"Two-Way, Not Divided",None,"Driveway, Public",Smooth Asphalt,Piedmont,Urban,5 - 15 MPH,No Control Present,Clear,No,"35.93377, -78.8882"
245,246,Yes,40-49,43,No,With Traffic,B: Evident Injury,Travel Lane,Hispanic,Male,None - Rural Crash,Durham,No,01-01-07,2011-05-08,Motorist Overtaking Bicyclist,21,Non-Intersection,01-05-01,0001-01-01T16:03:58-04:56,Motorist Overtaking - Other /,311239,2011,B: Evident Injury,Commercial,0-19,17,No,31-35 mph,O: No Injury,White,Male,Passenger Car,No,No,Dark - Lighted Roadway,Urban (>70% Developed),4 lanes,2,Straight - Grade,NC Route,Dry,"Two-Way, Not Divided",None,No Special Feature,Smooth Asphalt,Piedmont,Rural,40 - 45  MPH,No Control Present,Clear,No,"35.98379, -78.8311"
247,248,Yes,50-59,50,No,Not Applicable,B: Evident Injury,Non-Roadway,White,Male,None - Rural Crash,New Hanover,No,01-01-03,2011-05-25,Non-Roadway,15,Non-Roadway,01-05-01,0001-01-01T10:11:58-04:56,Non-Roadway,460910,2011,B: Evident Injury,Commercial,,,Missing,0-5 mph,Injury,/Missing,,Sport Utility,No,No,Daylight,Urban (>70% Developed),2 lanes,2,Straight - Level,Public Vehicular Area,Dry,"Two-Way, Not Divided",None,"Driveway, Public",Coarse Asphalt,Coastal,Rural,,No Control Present,Clear,No,"34.28775, -77.9217"
253,254,Yes,20-24,21,No,With Traffic,C: Possible Injury,Travel Lane,White,Male,None - Rural Crash,Watauga,No,01-01-06,2011-05-28,Head-On,16,Non-Intersection,01-05-01,0001-01-01T11:47:58-04:56,Head-On - Bicyclist,311250,2011,C: Possible Injury,"Farms, Woods, Pastures",30-39,35,No,21-25 mph,O: No Injury,White,Male,Pickup,No,No,Daylight,Rural (<30% Developed),2 lanes,2,Curve - Grade,State Secondary Route,Dry,"Two-Way, Not Divided",None,No Special Feature,Coarse Asphalt,Mountains,Rural,50 - 55  MPH,No Control Present,Clear,No,"36.2106, -81.6987"