FID,OBJECTID,AmbulanceR,BikeAge_Gr,Bike_Age,Bike_Alc_D,Bike_Dir,Bike_Injur,Bike_Pos,Bike_Race,Bike_Sex,City,County,CrashAlcoh,CrashDay,Crash_Date,Crash_Grp,Crash_Hour,Crash_Loc,Crash_Mont,Crash_Time,Crash_Type,Crash_Ty_1,Crash_Year,Crsh_Sevri,Developmen,DrvrAge_Gr,Drvr_Age,Drvr_Alc_D,Drvr_EstSp,Drvr_Injur,Drvr_Race,Drvr_Sex,Drvr_VehTy,ExcsSpdInd,Hit_Run,Light_Cond,Locality,Num_Lanes,Num_Units,Rd_Charact,Rd_Class,Rd_Conditi,Rd_Config,Rd_Defects,Rd_Feature,Rd_Surface,Region,Rural_Urba,Speed_Limi,Traff_Cntr,Weather,Workzone_I,Location
601,602,No,40-49,43,No,Not Applicable,C: Possible Injury,Non-Roadway,Black,Male,Rocky Mount,Edgecombe,No,,2009-09-14,Non-Roadway,12,Non-Roadway,01-09-01,0001-01-01T07:52:58-04:56,Non-Roadway,460910,2009,C: Possible Injury,Commercial,50-59,53,No,6-10 mph,O: No Injury,Black,Female,Sport Utility,No,No,Daylight,Urban (>70% Developed),,2,Straight - Level,Public Vehicular Area,Dry,"Two-Way, Not Divided",None,No Special Feature,Coarse Asphalt,Coastal,Urban,,No Control Present,Clear,No,"35.944935, -77.77592"
603,604,No,16-19,17,No,Facing Traffic,O: No Injury,Travel Lane,Black,Male,Rocky Mount,Nash,No,01-01-05,2009-09-18,Motorist Failed to Yield - Sign-Controlled Intersection,16,Intersection,01-09-01,0001-01-01T11:07:58-04:56,Motorist Drive Out - Sign-Controlled Intersection,112141,2009,O: No Injury,Commercial,20-24,24,No,6-10 mph,O: No Injury,White,Male,Pickup,No,No,Daylight,Urban (>70% Developed),5 lanes,2,Straight - Level,Local Street,Dry,"Two-Way, Not Divided",None,No Special Feature,Smooth Asphalt,Coastal,Urban,30 - 35  MPH,Stop Sign,Clear,No,"35.96335, -77.84493"
605,606,Yes,16-19,16,No,Facing Traffic,C: Possible Injury,Travel Lane,Black,Male,Jacksonville,Onslow,No,01-01-05,2009-09-18,Motorist Failed to Yield - Sign-Controlled Intersection,15,Intersection,01-09-01,0001-01-01T11:01:58-04:56,Motorist Drive Out - Sign-Controlled Intersection,112141,2009,C: Possible Injury,Residential,30-39,38,No,0-5 mph,O: No Injury,Black,Female,Passenger Car,No,No,Daylight,Rural (<30% Developed),,2,Straight - Level,Local Street,Dry,"Two-Way, Not Divided",None,T-Intersection,Smooth Asphalt,Coastal,Urban,30 - 35  MPH,Stop Sign,Clear,No,"34.76912, -77.39006"
606,607,Yes,15-Nov,14,No,Not Applicable,C: Possible Injury,Non-Roadway,White,Male,Jacksonville,Onslow,No,,2009-09-28,Non-Roadway,20,Non-Roadway,01-09-01,0001-01-01T15:05:58-04:56,Non-Roadway,460910,2009,C: Possible Injury,Residential,40-49,40,No,0-5 mph,O: No Injury,Black,Female,Passenger Car,No,No,Dark - Roadway Not Lighted,Urban (>70% Developed),,2,Straight - Level,Public Vehicular Area,Dry,"Two-Way, Not Divided",None,"Driveway, Public",Smooth Asphalt,Coastal,Urban,,No Control Present,Clear,No,"34.74782, -77.3775"
607,608,No,25-29,25,No,With Traffic,O: No Injury,Travel Lane,White,Male,Asheville,Buncombe,No,01-01-03,2009-10-07,Motorist Failed to Yield - Signalized Intersection,12,Intersection,01-10-01,0001-01-01T07:06:58-04:56,Motorist Drive Through - Signalized Intersection,111154,2009,O: No Injury,Commercial,20-24,22,No,31-35 mph,O: No Injury,White,Male,Sport Utility,No,No,Daylight,Urban (>70% Developed),7 lanes,2,Straight - Level,US Route,Dry,"Two-Way, Divided, Positive Median Barrier",None,Four-Way Intersection,Smooth Asphalt,Mountains,Urban,40 - 45  MPH,Stop And Go Signal,Clear,No,"35.586754, -82.59739"
625,626,Yes,16-19,17,No,With Traffic,B: Evident Injury,Travel Lane,White,Male,Greensboro,Guilford,No,01-01-03,2009-10-07,Bicyclist Failed to Yield - Signalized Intersection,21,Intersection,01-10-01,0001-01-01T16:30:58-04:56,Bicyclist Failed to Clear - Trapped,111156,2009,B: Evident Injury,Commercial,20-24,21,No,16-20 mph,C: Possible Injury,Black,Female,Passenger Car,No,No,Dark - Lighted Roadway,Urban (>70% Developed),4 lanes,2,Straight - Level,Local Street,Dry,"One-Way, Not Divided",None,Related To Intersection,Smooth Asphalt,Piedmont,Urban,20 - 25  MPH,Stop And Go Signal,Clear,No,"36.0735, -79.790215"
627,628,No,16-19,17,No,Facing Traffic,C: Possible Injury,Travel Lane,White,Male,Kernersville,Forsyth,No,01-01-06,2009-10-10,Motorist Failed to Yield - Sign-Controlled Intersection,21,Intersection,01-10-01,0001-01-01T16:07:58-04:56,Motorist Drive Out - Sign-Controlled Intersection,112141,2009,C: Possible Injury,Residential,60-69,66,No,0-5 mph,O: No Injury,White,Female,Passenger Car,No,No,Dark - Roadway Not Lighted,Urban (>70% Developed),4 lanes,2,Straight - Level,Local Street,Dry,"Two-Way, Not Divided",None,T-Intersection,Smooth Asphalt,Piedmont,Urban,30 - 35  MPH,Stop Sign,Cloudy,No,"36.10895, -80.07786"
635,636,Yes,15-Nov,11,No,Facing Traffic,C: Possible Injury,Travel Lane,Black,Male,Rocky Mount,Nash,No,01-01-05,2009-10-09,Motorist Failed to Yield - Sign-Controlled Intersection,15,Intersection,01-10-01,0001-01-01T10:25:58-04:56,Motorist Drive Out - Sign-Controlled Intersection,112141,2009,C: Possible Injury,Commercial,40-49,48,No,31-35 mph,O: No Injury,Black,Female,Passenger Car,No,No,Daylight,Urban (>70% Developed),4 lanes,2,Straight - Level,Local Street,Dry,"Two-Way, Not Divided",None,No Special Feature,Coarse Asphalt,Coastal,Urban,30 - 35  MPH,Stop Sign,Clear,No,"35.931976, -77.81189"
643,644,No,50-59,54,No,Facing Traffic,C: Possible Injury,Sidewalk / Crosswalk / Driveway Crossing,Black,Male,Charlotte,Mecklenburg,No,01-01-05,2009-10-23,Crossing Paths - Other Circumstances,15,Intersection,01-10-01,0001-01-01T10:29:58-04:56,Signalized Intersection - Other /,132158,2009,C: Possible Injury,Commercial,25-29,25,No,,O: No Injury,Black,Male,"Light Truck (Mini-Van, Panel)",No,No,Daylight,Urban (>70% Developed),6 lanes,2,Straight - Grade,Local Street,Dry,"Two-Way, Not Divided",None,Four-Way Intersection,Smooth Asphalt,Piedmont,Urban,30 - 35  MPH,Stop And Go Signal,Cloudy,No,"35.248787, -80.81565"
652,653,No,50-59,53,No,With Traffic,B: Evident Injury,Travel Lane,White,Male,Wilmington,New Hanover,No,01-01-05,2009-10-23,Motorist Failed to Yield - Sign-Controlled Intersection,7,Intersection,01-10-01,0001-01-01T03:00:58-04:56,Motorist Drive Out - Sign-Controlled Intersection,111141,2009,B: Evident Injury,Residential,20-24,20,No,,O: No Injury,Black,Female,Passenger Car,No,No,Daylight,Urban (>70% Developed),2 lanes,2,Straight - Grade,Local Street,Dry,"Two-Way, Not Divided",None,Four-Way Intersection,Coarse Asphalt,Coastal,Urban,30 - 35  MPH,Stop Sign,Clear,No,"34.221924, -77.941536"
659,660,Yes,40-49,41,No,With Traffic,B: Evident Injury,Travel Lane,White,Male,Holly Springs,Wake,No,01-01-06,2009-10-31,Motorist Left Turn / Merge,16,Intersection,01-10-01,0001-01-01T11:15:58-04:56,Motorist Left Turn - Opposite Direction,111212,2009,B: Evident Injury,Residential,25-29,28,No,0-5 mph,O: No Injury,Black,Female,Passenger Car,No,No,Daylight,Urban (>70% Developed),3 lanes,2,Straight - Level,Local Street,Dry,"Two-Way, Not Divided",None,No Special Feature,Smooth Asphalt,Piedmont,Urban,30 - 35  MPH,Stop And Go Signal,Clear,No,"35.632088, -78.8518"
663,664,No,40-49,45,No,With Traffic,C: Possible Injury,Travel Lane,White,Male,None - Rural Crash,Catawba,No,,2009-11-16,Motorist Overtaking Bicyclist,7,Non-Intersection,01-11-01,0001-01-01T02:42:58-04:56,Motorist Overtaking - Misjudged Space,311232,2009,C: Possible Injury,Residential,30-39,32,No,41-45 mph,O: No Injury,White,Female,Sport Utility,No,No,Daylight,Mixed (30% To 70% Developed),2 lanes,2,Straight - Grade,State Secondary Route,Dry,"Two-Way, Not Divided",None,No Special Feature,Smooth Asphalt,Piedmont,Rural,40 - 45  MPH,"Double Yellow Line, No Passing Zone",Clear,No,"35.75575, -81.24704"
677,678,Yes,60-69,66,No,Not Applicable,B: Evident Injury,Sidewalk / Crosswalk / Driveway Crossing,White,Male,Concord,Cabarrus,No,01-01-07,2009-11-08,Motorist Left Turn / Merge,15,Non-Intersection,01-11-01,0001-01-01T10:16:58-04:56,Motorist Left Turn - Opposite Direction,333212,2009,B: Evident Injury,Commercial,20-24,22,No,6-10 mph,O: No Injury,White,Female,Passenger Car,No,No,Daylight,Urban (>70% Developed),,2,Straight - Level,Public Vehicular Area,Dry,"Two-Way, Not Divided",None,No Special Feature,Smooth Asphalt,Piedmont,Urban,20 - 25  MPH,No Control Present,Clear,No,"35.372803, -80.72288"
680,681,Yes,30-39,34,No,With Traffic,B: Evident Injury,Travel Lane,White,Male,Fayetteville,Cumberland,No,01-01-02,2009-10-20,Bicyclist Overtaking Motorist,13,Non-Intersection,01-10-01,0001-01-01T08:04:58-04:56,Bicyclist Overtaking - Other /,311249,2009,B: Evident Injury,Commercial,20-24,21,No,0-5 mph,O: No Injury,Black,Male,Passenger Car,No,No,Daylight,Urban (>70% Developed),5 lanes,2,Straight - Level,Local Street,Dry,"Two-Way, Not Divided",None,No Special Feature,Coarse Asphalt,Coastal,Urban,30 - 35  MPH,No Control Present,Clear,No,"35.08495, -78.90511"
681,682,Yes,30-39,30,No,With Traffic,C: Possible Injury,Travel Lane,White,Male,None - Rural Crash,Alamance,No,01-01-05,2009-11-27,Motorist Overtaking Bicyclist,6,Non-Intersection,01-11-01,0001-01-01T01:53:58-04:56,Motorist Overtaking - Misjudged Space,311232,2009,C: Possible Injury,"Farms, Woods, Pastures",20-24,24,No,36-40 mph,O: No Injury,White,Male,Pickup,No,No,Daylight,Rural (<30% Developed),2 lanes,2,Straight - Level,State Secondary Route,Dry,"Two-Way, Not Divided",None,No Special Feature,Coarse Asphalt,Piedmont,Rural,40 - 45  MPH,"Double Yellow Line, No Passing Zone",Clear,No,"36.165455, -79.51174"
682,683,Yes,16-19,17,No,With Traffic,C: Possible Injury,Travel Lane,White,Male,None - Rural Crash,Rockingham,No,01-01-04,2009-11-26,Loss of Control / Turning Error,14,Non-Intersection,01-11-01,0001-01-01T09:33:58-04:56,Motorist Lost Control - Other /,311139,2009,C: Possible Injury,"Farms, Woods, Pastures",70,,No,41-45 mph,Injury,/Missing,Male,Passenger Car,No,Yes,Daylight,Rural (<30% Developed),2 lanes,2,Curve - Grade,State Secondary Route,Dry,"Two-Way, Not Divided",None,No Special Feature,Smooth Asphalt,Piedmont,Rural,40 - 45  MPH,"Double Yellow Line, No Passing Zone",Clear,No,"36.4741, -79.81065"
685,686,Yes,40-49,44,No,With Traffic,B: Evident Injury,Travel Lane,White,Male,None - Rural Crash,Lincoln,No,01-01-07,2009-11-29,Motorist Overtaking Bicyclist,9,Non-Intersection,01-11-01,0001-01-01T04:56:58-04:56,Motorist Overtaking - Other /,311239,2009,B: Evident Injury,"Farms, Woods, Pastures",,,No,51-55 mph,Injury,/Missing,,,No,Yes,Daylight,Rural (<30% Developed),2 lanes,2,Straight - Level,State Secondary Route,Dry,"Two-Way, Not Divided",None,No Special Feature,Coarse Asphalt,Piedmont,Rural,50 - 55  MPH,"Double Yellow Line, No Passing Zone",Clear,No,"35.53185, -81.30257"
701,702,No,25-29,29,No,With Traffic,O: No Injury,Travel Lane,White,Male,Carrboro,Orange,No,01-01-02,2009-11-17,Motorist Failed to Yield - Sign-Controlled Intersection,18,Intersection,01-11-01,0001-01-01T13:10:58-04:56,Motorist Drive Out - Sign-Controlled Intersection,111141,2009,O: No Injury,Commercial,20-24,22,No,6-10 mph,O: No Injury,White,Male,Passenger Car,No,No,Dusk,Urban (>70% Developed),6 lanes,2,Straight - Grade,Local Street,Dry,"Two-Way, Divided, Positive Median Barrier",None,On or Off Ramp,Smooth Asphalt,Piedmont,Urban,30 - 35  MPH,Stop Sign,Clear,No,"35.905537, -79.08742"
702,703,Yes,30-39,33,No,Not Applicable,B: Evident Injury,,Black,Male,Raleigh,Wake,No,01-01-05,2009-10-30,Crossing Paths - Other Circumstances,19,Intersection-Related,01-10-01,0001-01-01T14:46:58-04:56,Crossing Paths - Uncontrolled Intersection,293160,2009,B: Evident Injury,Commercial,60-69,62,No,0-5 mph,O: No Injury,Black,Male,Commercial Bus,No,No,Dark - Lighted Roadway,Urban (>70% Developed),2 lanes,2,Straight - Level,Local Street,Dry,"Two-Way, Not Divided",None,No Special Feature,Smooth Asphalt,Piedmont,Urban,20 - 25  MPH,No Control Present,Clear,No,"35.78603, -78.66275"
703,704,Yes,15-Nov,14,No,Not Applicable,B: Evident Injury,,White,Male,Raleigh,Wake,No,,2009-11-02,Bicyclist Failed to Yield - Midblock,18,Non-Intersection,01-11-01,0001-01-01T13:53:58-04:56,Bicyclist Ride Out - Midblock -,393319,2009,B: Evident Injury,Commercial,20-24,23,No,41-45 mph,O: No Injury,Black,Male,Passenger Car,No,No,Dark - Lighted Roadway,Urban (>70% Developed),8 lanes,2,Straight - Level,Local Street,Dry,"Two-Way, Divided, Unprotected Median",None,No Special Feature,Smooth Asphalt,Piedmont,Urban,40 - 45  MPH,Stop And Go Signal,Clear,No,"35.844837, -78.57991"
705,706,No,25-29,27,No,,C: Possible Injury,,Black,Male,Durham,Durham,No,,2009-12-07,Crossing Paths - Other Circumstances,21,Intersection,01-12-01,0001-01-01T16:40:58-04:56,Crossing Paths - Intersection - Other /,199180,2009,C: Possible Injury,Residential,,,No,46-50 mph,Injury,/Missing,,Passenger Car,No,Yes,Dark - Roadway Not Lighted,Urban (>70% Developed),2 lanes,2,Straight - Level,Local Street,Dry,"Two-Way, Not Divided",None,No Special Feature,Smooth Asphalt,Piedmont,Urban,30 - 35  MPH,No Control Present,Clear,No,"35.991745, -78.91572"
706,707,Yes,25-29,27,No,Not Applicable,C: Possible Injury,Driveway / Alley,White,Female,Carrboro,Orange,No,01-01-05,2009-11-20,Loss of Control / Turning Error,21,Non-Intersection,01-11-01,0001-01-01T16:47:58-04:56,Bicyclist Lost Control - Other /,353129,2009,C: Possible Injury,Residential,20-24,23,No,0-5 mph,O: No Injury,White,Female,Passenger Car,No,No,Dark - Lighted Roadway,Urban (>70% Developed),2 lanes,2,Straight - Hillcrest,Local Street,Dry,"Two-Way, Not Divided",None,No Special Feature,Smooth Asphalt,Piedmont,Urban,20 - 25  MPH,No Control Present,Clear,No,"35.917995, -79.074524"
710,711,Yes,15-Nov,13,No,With Traffic,C: Possible Injury,Bike Lane / Paved Shoulder,White,Female,Chapel Hill,Orange,No,,2009-11-23,Motorist Left Turn / Merge,17,Intersection,01-11-01,0001-01-01T12:45:58-04:56,Motorist Left Turn - Opposite Direction,121212,2009,C: Possible Injury,Residential,30-39,34,No,21-25 mph,O: No Injury,Black,Male,Passenger Car,No,No,Dark - Lighted Roadway,Urban (>70% Developed),2 lanes,2,Straight - Level,Local Street,Wet,"Two-Way, Divided, Unprotected Median",None,No Special Feature,Smooth Asphalt,Piedmont,Urban,20 - 25  MPH,No Control Present,Cloudy,No,"35.907516, -79.06278"
713,714,No,15-Nov,11,No,With Traffic,B: Evident Injury,Sidewalk / Crosswalk / Driveway Crossing,Hispanic,Male,Newton,Catawba,No,01-01-07,2009-11-29,Motorist Left Turn / Merge,13,Intersection,01-11-01,0001-01-01T08:41:58-04:56,Motorist Left Turn - Opposite Direction,131212,2009,B: Evident Injury,Commercial,25-29,27,No,6-10 mph,O: No Injury,Black,Male,Passenger Car,No,No,Daylight,Urban (>70% Developed),4 lanes,2,Straight - Level,NC Route,Dry,"Two-Way, Not Divided",None,T-Intersection,Coarse Asphalt,Piedmont,Urban,30 - 35  MPH,Stop And Go Signal,Cloudy,No,"35.6824, -81.21854"
719,720,Yes,40-49,49,No,Not Applicable,C: Possible Injury,Non-Roadway,Black,Male,Greensboro,Guilford,No,01-01-07,2009-11-22,Non-Roadway,11,Non-Roadway,01-11-01,0001-01-01T06:55:58-04:56,Non-Roadway,460910,2009,C: Possible Injury,Commercial,50-59,51,No,,O: No Injury,Black,Male,Van,No,No,Daylight,Urban (>70% Developed),,2,Straight - Level,Public Vehicular Area,Dry,,None,No Special Feature,Smooth Asphalt,Piedmont,Urban,,No Control Present,Clear,No,"36.064716, -79.7937"
722,723,No,40-49,44,Yes,Facing Traffic,O: No Injury,Travel Lane,Black,Male,Rocky Mount,Nash,Yes,01-01-05,2009-10-30,Crossing Paths - Other Circumstances,21,Intersection,01-10-01,0001-01-01T16:51:58-04:56,Signalized Intersection - Other /,112158,2009,O: No Injury,Commercial,30-39,37,No,0-5 mph,O: No Injury,Black,Male,Sport Utility,No,No,Dark - Lighted Roadway,Urban (>70% Developed),3 lanes,2,Straight - Level,Local Street,Wet,"One-Way, Not Divided",None,Four-Way Intersection,Smooth Asphalt,Coastal,Urban,20 - 25  MPH,Stop And Go Signal,Cloudy,No,"35.944614, -77.796265"
728,729,No,25-29,29,No,With Traffic,C: Possible Injury,Travel Lane,White,Male,Raleigh,Wake,No,01-01-03,2009-12-02,Motorist Overtaking Bicyclist,12,Non-Intersection,01-12-01,0001-01-01T07:55:58-04:56,Motorist Overtaking - Other /,311239,2009,C: Possible Injury,Commercial,,,Missing,16-20 mph,Injury,/Missing,,,No,Yes,Daylight,Urban (>70% Developed),5 lanes,2,Straight - Level,Local Street,Wet,"Two-Way, Divided, Unprotected Median",None,No Special Feature,Smooth Asphalt,Piedmont,Urban,40 - 45  MPH,No Control Present,Rain,No,"35.918587, -78.79975"
734,735,Yes,25-29,25,No,Not Applicable,B: Evident Injury,Non-Roadway,Black,Male,Smithfield,Johnston,No,01-01-05,2009-11-27,Non-Roadway,10,Non-Roadway,01-11-01,0001-01-01T05:24:58-04:56,Non-Roadway,460910,2009,B: Evident Injury,Commercial,,,Missing,16-20 mph,Injury,/Missing,,,No,Yes,Daylight,Urban (>70% Developed),,2,Straight - Level,Public Vehicular Area,Dry,"Two-Way, Not Divided",None,No Special Feature,Coarse Asphalt,Coastal,Urban,,No Control Present,Clear,No,"35.520653, -78.31332"
738,739,Yes,15-Nov,15,No,With Traffic,B: Evident Injury,Travel Lane,White,Male,None - Rural Crash,Wake,No,01-01-02,2009-12-01,Motorist Overtaking Bicyclist,16,Non-Intersection,01-12-01,0001-01-01T11:29:58-04:56,Motorist Overtaking - Misjudged Space,311232,2009,B: Evident Injury,Residential,,,Missing,31-35 mph,Injury,/Missing,,,No,Yes,Daylight,Mixed (30% To 70% Developed),2 lanes,2,Straight - Grade,State Secondary Route,Dry,"Two-Way, Divided, Unprotected Median",None,No Special Feature,Smooth Asphalt,Piedmont,Rural,40 - 45  MPH,"Double Yellow Line, No Passing Zone",Clear,No,"35.890747, -78.698586"
739,740,Yes,15-Nov,13,No,With Traffic,B: Evident Injury,Travel Lane,Black,Male,Kannapolis,Cabarrus,No,01-01-02,2009-12-01,Motorist Failed to Yield - Signalized Intersection,17,Intersection,01-12-01,0001-01-01T12:55:58-04:56,Motorist Drive Out - Signalized Intersection,111152,2009,B: Evident Injury,Commercial,50-59,50,No,11-15 mph,O: No Injury,White,Female,"Light Truck (Mini-Van, Panel)",No,No,Dark - Lighted Roadway,Urban (>70% Developed),4 lanes,2,Straight - Level,NC Route,Dry,"Two-Way, Not Divided",None,No Special Feature,Smooth Asphalt,Piedmont,Urban,30 - 35  MPH,Stop And Go Signal,Clear,No,"35.488716, -80.62653"
751,752,No,40-49,47,Yes,With Traffic,B: Evident Injury,Travel Lane,White,Male,None - Rural Crash,Onslow,Yes,,2009-12-21,Bicyclist Left Turn / Merge,17,Non-Intersection,01-12-01,0001-01-01T12:38:58-04:56,Bicyclist Left Turn - Same Direction,311221,2009,B: Evident Injury,Commercial,0-19,18,No,51-55 mph,O: No Injury,White,Male,Sport Utility,No,No,Dusk,Mixed (30% To 70% Developed),5 lanes,2,Straight - Level,US Route,Dry,"Two-Way, Not Divided",None,No Special Feature,Smooth Asphalt,Coastal,Rural,50 - 55  MPH,No Control Present,Clear,No,"34.776688, -77.4931"
756,757,Yes,25-29,25,No,With Traffic,C: Possible Injury,Travel Lane,White,Male,None - Rural Crash,Burke,No,01-01-04,2009-12-24,Motorist Overtaking Bicyclist,20,Non-Intersection,01-12-01,0001-01-01T15:41:58-04:56,Motorist Overtaking - Other /,311239,2009,C: Possible Injury,Residential,,,No,41-45 mph,Injury,/Missing,,,No,Yes,Dark - Roadway Not Lighted,Rural (<30% Developed),2 lanes,2,Straight - Level,US Route,Wet,"Two-Way, Not Divided",None,No Special Feature,Smooth Asphalt,Mountains,Rural,40 - 45  MPH,"Double Yellow Line, No Passing Zone",Rain,No,"35.75268, -81.644196"
762,763,No,50-59,53,No,Facing Traffic,C: Possible Injury,Travel Lane,White,Male,Kill Devil Hills,Dare,No,01-01-05,2009-12-18,Motorist Left Turn / Merge,21,Non-Intersection,01-12-01,0001-01-01T16:52:58-04:56,Motorist Left Turn - Same Direction,312211,2009,C: Possible Injury,Residential,20-24,23,No,11-15 mph,O: No Injury,White,Male,Sport Utility,No,No,Dark - Roadway Not Lighted,Urban (>70% Developed),2 lanes,2,Straight - Level,Local Street,Wet,"Two-Way, Not Divided",None,Alley Intersection,Coarse Asphalt,Coastal,Urban,20 - 25  MPH,No Control Present,Rain,No,"35.99762, -75.653244"
767,768,Yes,60-69,65,No,With Traffic,C: Possible Injury,Travel Lane,White,Male,Ayden,Pitt,No,01-01-05,2009-12-18,Bicyclist Failed to Yield - Sign-Controlled Intersection,17,Intersection,01-12-01,0001-01-01T12:34:58-04:56,Bicyclist Ride Out - Sign-Controlled Intersection,111142,2009,C: Possible Injury,Residential,20-24,22,No,56-60 mph,O: No Injury,Black,Female,Passenger Car,No,No,Dark - Roadway Not Lighted,Mixed (30% To 70% Developed),4 lanes,2,Straight - Level,NC Route,Wet,"Two-Way, Divided, Unprotected Median",None,No Special Feature,Smooth Asphalt,Coastal,Rural,60 - 75 MPH,No Control Present,Rain,No,"35.491932, -77.42849"
768,769,Yes,40-49,49,No,Facing Traffic,A: Disabling Injury,Travel Lane,White,Male,Wilson,Wilson,No,01-01-02,2009-12-08,Motorist Overtaking Bicyclist,19,Non-Intersection,01-12-01,0001-01-01T14:20:58-04:56,Motorist Overtaking - Other /,312239,2009,A: Disabling Injury,Industrial,70,,No,26-30 mph,O: No Injury,Black,Male,Pickup,No,No,Dark - Lighted Roadway,Urban (>70% Developed),4 lanes,2,Straight - Grade,Local Street,Wet,"Two-Way, Not Divided",No Shoulders,Bridge,Smooth Asphalt,Coastal,Urban,40 - 45  MPH,No Control Present,Rain,No,"35.70949, -77.92689"
772,773,No,10-Jun,7,No,Not Applicable,C: Possible Injury,Sidewalk / Crosswalk / Driveway Crossing,Black,Male,Wilson,Wilson,No,01-01-04,2009-05-21,Parallel Paths - Other Circumstances,18,Non-Intersection,01-05-01,0001-01-01T13:36:58-04:56,Bicyclist Ride Out - Parallel Path,333225,2009,C: Possible Injury,Residential,25-29,25,No,16-20 mph,O: No Injury,Black,Female,Passenger Car,No,No,Daylight,Urban (>70% Developed),2 lanes,2,Straight - Level,Local Street,Dry,"Two-Way, Not Divided",None,No Special Feature,Coarse Asphalt,Coastal,Urban,30 - 35  MPH,No Control Present,Clear,No,"35.727806, -77.91781"
775,776,Yes,60-69,61,No,Facing Traffic,C: Possible Injury,Travel Lane,Black,Male,Wilson,Wilson,No,01-01-05,2009-06-26,Head-On,14,Intersection-Related,01-06-01,0001-01-01T09:08:58-04:56,Head-On - Bicyclist,212250,2009,C: Possible Injury,Commercial,30-39,30,No,,O: No Injury,Black,Female,Passenger Car,No,No,Daylight,Urban (>70% Developed),3 lanes,2,Straight - Grade,Local Street,Dry,"Two-Way, Not Divided",None,No Special Feature,Coarse Asphalt,Coastal,Urban,30 - 35  MPH,Stop And Go Signal,Clear,No,"35.71335, -77.93196"
781,782,Yes,30-39,30,No,Facing Traffic,C: Possible Injury,Sidewalk / Crosswalk / Driveway Crossing,Hispanic,Male,Charlotte,Mecklenburg,No,01-01-07,2009-10-04,Motorist Failed to Yield - Sign-Controlled Intersection,12,Intersection,01-10-01,0001-01-01T07:32:58-04:56,Motorist Drive Out - Sign-Controlled Intersection,132141,2009,C: Possible Injury,Residential,30-39,37,No,0-5 mph,O: No Injury,Hispanic,Female,Sport Utility,No,No,Daylight,Urban (>70% Developed),2 lanes,2,Straight - Bottom,Local Street,Dry,"Two-Way, Not Divided",None,Four-Way Intersection,Smooth Asphalt,Piedmont,Urban,30 - 35  MPH,Stop Sign,Cloudy,No,"35.136948, -80.886024"
784,785,No,60-69,69,No,With Traffic,B: Evident Injury,Travel Lane,White,Male,Charlotte,Mecklenburg,No,01-01-07,2009-09-27,Motorist Failed to Yield - Sign-Controlled Intersection,14,Intersection,01-09-01,0001-01-01T09:28:58-04:56,Motorist Drive Out - Sign-Controlled Intersection,111141,2009,B: Evident Injury,Residential,50-59,57,No,11-15 mph,O: No Injury,White,Male,Passenger Car,No,No,Daylight,Urban (>70% Developed),4 lanes,2,Straight - Level,Local Street,Dry,"Two-Way, Not Divided",None,Four-Way Intersection,Smooth Asphalt,Piedmont,Urban,30 - 35  MPH,Stop Sign,Clear,No,"35.179424, -80.837006"
785,786,No,40-49,49,No,Facing Traffic,C: Possible Injury,Sidewalk / Crosswalk / Driveway Crossing,Hispanic,Male,Charlotte,Mecklenburg,No,01-01-02,2009-09-22,Motorist Failed to Yield - Signalized Intersection,18,Intersection,01-09-01,0001-01-01T13:48:58-04:56,Motorist Drive Out - Signalized Intersection,132152,2009,C: Possible Injury,Commercial,30-39,39,No,0-5 mph,O: No Injury,Black,Male,Passenger Car,No,No,Daylight,Urban (>70% Developed),3 lanes,2,Straight - Level,Local Street,Dry,"Two-Way, Not Divided",None,Four-Way Intersection,Smooth Asphalt,Piedmont,Urban,20 - 25  MPH,Stop And Go Signal,Cloudy,No,"35.13771, -80.879234"
788,789,Yes,50-59,51,No,With Traffic,B: Evident Injury,Travel Lane,Black,Male,Elizabeth City,Pasquotank,No,01-01-03,2009-09-09,Bicyclist Failed to Yield - Signalized Intersection,17,Intersection,01-09-01,0001-01-01T12:58:58-04:56,Bicyclist Ride Out - Signalized  Intersection,111153,2009,B: Evident Injury,Residential,30-39,37,No,31-35 mph,O: No Injury,/Missing,,Passenger Car,No,No,Daylight,Rural (<30% Developed),4 lanes,2,Straight - Level,Local Street,Dry,"Two-Way, Divided, Unprotected Median",None,Four-Way Intersection,Grooved Concrete,Coastal,Urban,30 - 35  MPH,Stop And Go Signal,Clear,No,"36.29647, -76.22368"
793,794,No,30-39,36,No,With Traffic,O: No Injury,Travel Lane,/Missing,Male,Charlotte,Mecklenburg,No,01-01-03,2009-08-05,Motorist Overtaking Bicyclist,14,Intersection-Related,01-08-01,0001-01-01T09:37:58-04:56,Motorist Overtaking - Other /,211239,2009,O: No Injury,Residential,,,Missing,0-5 mph,Injury,/Missing,,,No,Yes,Daylight,Urban (>70% Developed),2 lanes,2,Straight - Level,Local Street,Dry,"Two-Way, Not Divided",None,No Special Feature,Smooth Asphalt,Piedmont,Urban,30 - 35  MPH,Stop And Go Signal,Clear,No,"35.221214, -80.81859"