FID,OBJECTID,AmbulanceR,BikeAge_Gr,Bike_Age,Bike_Alc_D,Bike_Dir,Bike_Injur,Bike_Pos,Bike_Race,Bike_Sex,City,County,CrashAlcoh,CrashDay,Crash_Date,Crash_Grp,Crash_Hour,Crash_Loc,Crash_Mont,Crash_Time,Crash_Type,Crash_Ty_1,Crash_Year,Crsh_Sevri,Developmen,DrvrAge_Gr,Drvr_Age,Drvr_Alc_D,Drvr_EstSp,Drvr_Injur,Drvr_Race,Drvr_Sex,Drvr_VehTy,ExcsSpdInd,Hit_Run,Light_Cond,Locality,Num_Lanes,Num_Units,Rd_Charact,Rd_Class,Rd_Conditi,Rd_Config,Rd_Defects,Rd_Feature,Rd_Surface,Region,Rural_Urba,Speed_Limi,Traff_Cntr,Weather,Workzone_I,Location
972,973,Yes,20-24,24,No,Not Applicable,B: Evident Injury,Non-Roadway,Black,Male,Kill Devil Hills,Dare,No,01-01-02,2012-11-20,Bicyclist Failed to Yield - Midblock,16,Non-Intersection,01-11-01,0001-01-01T11:21:58-04:56,Bicyclist Ride Out - Other Midblock,,2012,B: Evident Injury,Commercial,25-29,27,No,46-50 mph,C: Possible Injury,White,Female,Passenger Car,No,No,Daylight,Urban (>70% Developed),5 lanes,2,Straight - Level,US Route,Dry,"Two-Way, Not Divided",None,No Special Feature,Coarse Asphalt,Coastal,Urban,50 - 55  MPH,No Control Present,Cloudy,No,"36.03128, -75.6715"
976,977,Yes,50-59,59,No,With Traffic,C: Possible Injury,Travel Lane,White,Male,Wilmington,New Hanover,No,,2012-12-03,Motorist Failed to Yield - Sign-Controlled Intersection,7,Intersection,01-12-01,0001-01-01T02:09:58-04:56,Motorist Drive Out - Sign-Controlled Intersection,,2012,C: Possible Injury,Commercial,30-39,31,No,0-5 mph,O: No Injury,White,Male,Passenger Car,No,No,Daylight,Urban (>70% Developed),3 lanes,2,Straight - Level,Local Street,Dry,"Two-Way, Not Divided",None,No Special Feature,Coarse Asphalt,Coastal,Urban,20 - 25  MPH,Stop Sign,Clear,No,"34.23238, -77.8832"
981,982,Yes,20-24,24,No,With Traffic,C: Possible Injury,Travel Lane,White,Male,Greensboro,Guilford,No,,2012-12-17,Motorist Failed to Yield - Sign-Controlled Intersection,3,Intersection,01-12-01,0000-12-31T22:26:58-04:56,Motorist Drive Out - Sign-Controlled Intersection,,2012,C: Possible Injury,Residential,20-24,20,No,0-5 mph,O: No Injury,Black,Male,Passenger Car,No,No,Dark - Roadway Not Lighted,Urban (>70% Developed),2 lanes,2,Straight - Level,Local Street,Wet,"Two-Way, Not Divided",None,T-Intersection,Coarse Asphalt,Piedmont,Urban,30 - 35  MPH,Stop Sign,Cloudy,No,"36.07066, -79.7705"
982,983,No,15-Nov,14,No,With Traffic,O: No Injury,Travel Lane,White,Male,Mooresville,Iredell,No,01-01-04,2012-12-06,Motorist Overtaking Bicyclist,17,Non-Intersection,01-12-01,0001-01-01T12:31:58-04:56,Motorist Overtaking - Bicyclist Swerved,,2012,O: No Injury,Residential,60-69,66,No,21-25 mph,O: No Injury,Black,Male,Passenger Car,No,No,Dark - Roadway Not Lighted,Urban (>70% Developed),2 lanes,2,Straight - Hillcrest,Local Street,Dry,"Two-Way, Not Divided",None,No Special Feature,Coarse Asphalt,Piedmont,Urban,20 - 25  MPH,No Control Present,Clear,No,"35.55592, -80.81"
985,986,Yes,15-Nov,12,No,With Traffic,C: Possible Injury,Travel Lane,Asian,Male,Lenoir,Caldwell,No,01-01-07,2012-12-23,Bicyclist Failed to Yield - Signalized Intersection,20,Intersection,01-12-01,0001-01-01T15:41:58-04:56,Bicyclist Ride Out - Signalized  Intersection,,2012,C: Possible Injury,Commercial,50-59,50,No,6-10 mph,O: No Injury,Black,Female,Sport Utility,No,No,Dark - Lighted Roadway,Urban (>70% Developed),2 lanes,2,Straight - Level,Local Street,Dry,"One-Way, Not Divided",None,No Special Feature,Coarse Asphalt,Mountains,Urban,20 - 25  MPH,Stop And Go Signal,Clear,No,"35.91232, -81.5429"
986,987,Yes,25-29,29,No,With Traffic,B: Evident Injury,Travel Lane,Black,Male,Spring Lake,Cumberland,No,01-01-05,2012-12-21,Motorist Overtaking Bicyclist,23,Non-Intersection,01-12-01,0001-01-01T18:16:58-04:56,Motorist Overtaking - Other /,,2012,B: Evident Injury,Commercial,,,Missing,41-45 mph,Injury,/Missing,,,No,Yes,Dark - Roadway Not Lighted,Rural (<30% Developed),5 lanes,2,Straight - Level,Local Street,Wet,"Two-Way, Not Divided",None,No Special Feature,Smooth Asphalt,Coastal,Urban,40 - 45  MPH,No Control Present,Rain,No,"35.1863, -78.9623"
991,992,Yes,50-59,58,No,With Traffic,K: Killed,Travel Lane,White,Male,Jacksonville,Onslow,No,01-01-03,2012-12-05,Motorist Overtaking Bicyclist,16,Non-Intersection,01-12-01,0001-01-01T11:13:58-04:56,Motorist Overtaking - Other /,,2012,K: Killed,Residential,70,70,No,31-35 mph,O: No Injury,White,Male,Sport Utility,No,No,Daylight,Urban (>70% Developed),4 lanes,2,Straight - Level,Local Street,Dry,"Two-Way, Not Divided",None,No Special Feature,Smooth Asphalt,Coastal,Urban,30 - 35  MPH,No Control Present,Clear,No,"34.75959, -77.4028"
998,999,No,,0,Missing,With Traffic,Injury,Travel Lane,/Missing,,Elizabeth City,Pasquotank,No,,2012-12-10,Motorist Overtaking Bicyclist,17,Non-Intersection,01-12-01,0001-01-01T12:27:58-04:56,Motorist Overtaking - Other /,,2012,O: No Injury,Residential,40-49,44,No,31-35 mph,O: No Injury,White,Male,Pickup,No,No,Dark - Roadway Not Lighted,Rural (<30% Developed),2 lanes,2,Straight - Level,State Secondary Route,Dry,"Two-Way, Not Divided",None,No Special Feature,Smooth Asphalt,Coastal,Urban,40 - 45  MPH,No Control Present,Clear,No,"36.37094, -76.2931"
999,1000,No,70,0,No,Facing Traffic,C: Possible Injury,Sidewalk / Crosswalk / Driveway Crossing,White,Male,Cary,Wake,No,01-01-05,2012-12-14,Motorist Failed to Yield - Sign-Controlled Intersection,10,Intersection,01-12-01,0001-01-01T05:48:58-04:56,Motorist Drive Out - Sign-Controlled Intersection,,2012,C: Possible Injury,Residential,50-59,59,No,0-5 mph,O: No Injury,White,Male,Passenger Car,No,No,Daylight,Urban (>70% Developed),2 lanes,2,Straight - Level,Local Street,Dry,"Two-Way, Not Divided",None,Four-Way Intersection,Smooth Asphalt,Piedmont,Urban,20 - 25  MPH,Stop Sign,Clear,No,"35.76696, -78.774"
1002,1003,Yes,30-39,36,No,Facing Traffic,B: Evident Injury,,Black,Male,Winston-Salem,Forsyth,No,01-01-05,2012-12-21,Bicyclist Failed to Yield - Signalized Intersection,17,Intersection-Related,01-12-01,0001-01-01T12:17:58-04:56,Bicyclist Ride Out - Signalized  Intersection,,2012,B: Evident Injury,Residential,30-39,34,No,26-30 mph,O: No Injury,White,Female,"Light Truck (Mini-Van, Panel)",No,No,Daylight,Urban (>70% Developed),2 lanes,2,Straight - Level,Local Street,Dry,"Two-Way, Not Divided",None,Related To Intersection,Smooth Asphalt,Piedmont,Urban,30 - 35  MPH,Stop And Go Signal,Clear,No,"36.06959, -80.2391"
1005,1006,No,16-19,19,No,Facing Traffic,C: Possible Injury,Travel Lane,Black,Male,Pineville,Mecklenburg,No,01-01-04,2012-12-20,Motorist Failed to Yield - Signalized Intersection,20,Intersection,01-12-01,0001-01-01T15:12:58-04:56,Motorist Drive Out - Right Turn on Red,,2012,C: Possible Injury,Commercial,20-24,24,No,0-5 mph,O: No Injury,White,Female,Passenger Car,No,No,Dark - Lighted Roadway,Urban (>70% Developed),6 lanes,2,Straight - Level,Local Street,Wet,"Two-Way, Not Divided",None,Four-Way Intersection,Smooth Asphalt,Piedmont,Rural,30 - 35  MPH,Stop And Go Signal,Rain,No,"35.08946, -80.8706"
1012,1013,No,16-19,18,No,With Traffic,O: No Injury,Sidewalk / Crosswalk / Driveway Crossing,White,Male,Wilmington,New Hanover,No,01-01-03,2012-09-26,Crossing Paths - Other Circumstances,14,Intersection-Related,01-09-01,0001-01-01T09:07:58-04:56,Crossing Paths - Uncontrolled Intersection,,2012,O: No Injury,Commercial,20-24,20,No,6-10 mph,O: No Injury,Black,Male,Passenger Car,No,No,Daylight,Urban (>70% Developed),2 lanes,2,Straight - Level,Local Street,Dry,"Two-Way, Divided, Unprotected Median",None,No Special Feature,Smooth Asphalt,Coastal,Urban,20 - 25  MPH,No Control Present,Clear,No,"34.22424, -77.8741"
511,512,No,30-39,35,No,With Traffic,B: Evident Injury,Bike Lane / Paved Shoulder,White,Male,Zebulon,Wake,No,01-01-03,2007-05-23,Motorist Overtaking Bicyclist,8,Non-Intersection,01-05-01,0001-01-01T03:03:58-04:56,Motorist Overtaking - Other /,321239,2007,B: Evident Injury,Commercial,25-29,25,No,,Injury,/Missing,Male,Passenger Car,No,No,Daylight,Rural (<30% Developed),2 lanes,2,Straight - Level,US Route,Dry,"Two-Way, Not Divided",None,No Special Feature,Coarse Asphalt,Piedmont,Rural,30 - 35  MPH,No Control Present,Clear,No,"35.820137, -78.26784"
512,513,No,,,Missing,With Traffic,Injury,Travel Lane,/Missing,,None - Rural Crash,Harnett,No,01-01-06,2007-07-07,Motorist Overtaking Bicyclist,17,Non-Intersection,01-07-01,0001-01-01T12:23:58-04:56,Motorist Overtaking - Bicyclist Swerved,311235,2007,O: No Injury,"Farms, Woods, Pastures",70,,No,51-55 mph,O: No Injury,White,Male,Passenger Car,No,No,Daylight,Rural (<30% Developed),2 lanes,2,Straight - Level,State Secondary Route,Dry,"Two-Way, Not Divided",None,No Special Feature,Smooth Asphalt,Coastal,Rural,50 - 55  MPH,"Double Yellow Line, No Passing Zone",Cloudy,No,"35.514244, -78.76612"
529,530,No,15-Nov,13,No,With Traffic,O: No Injury,Travel Lane,Hispanic,Male,Raleigh,Wake,No,01-01-05,2007-07-13,Bicyclist Failed to Yield - Sign-Controlled Intersection,19,Intersection,01-07-01,0001-01-01T14:23:58-04:56,Bicyclist Ride Through - Sign-Controlled Intersection,111144,2007,O: No Injury,Residential,60-69,66,No,21-25 mph,O: No Injury,Black,Male,Passenger Car,No,No,Daylight,Urban (>70% Developed),4 lanes,2,Straight - Grade,Local Street,Dry,"Two-Way, Not Divided",None,T-Intersection,Smooth Asphalt,Piedmont,Urban,30 - 35  MPH,Stop Sign,Clear,No,"35.77861, -78.6146"
534,535,Yes,40-49,41,No,With Traffic,C: Possible Injury,,Black,Male,Rocky Mount,Nash,No,01-01-03,2007-07-18,Motorist Right Turn / Merge,13,Non-Intersection,01-07-01,0001-01-01T08:04:58-04:56,Motorist Right Turn - Same Direction,391213,2007,C: Possible Injury,Commercial,30-39,36,No,21-25 mph,O: No Injury,Black,Male,Passenger Car,No,No,Daylight,Urban (>70% Developed),2 lanes,2,Straight - Level,Local Street,Dry,"Two-Way, Not Divided",None,No Special Feature,Coarse Asphalt,Coastal,Urban,30 - 35  MPH,No Control Present,Clear,No,"35.931328, -77.81247"
541,542,No,20-24,20,No,With Traffic,O: No Injury,Travel Lane,Black,Male,Charlotte,Mecklenburg,No,01-01-05,2007-10-19,Motorist Left Turn / Merge,9,Non-Intersection,01-10-01,0001-01-01T04:45:58-04:56,Motorist Left Turn - Opposite Direction,311212,2007,O: No Injury,Commercial,40-49,42,No,0-5 mph,O: No Injury,Black,Female,Passenger Car,No,No,Daylight,Urban (>70% Developed),4 lanes,2,Straight - Grade,Local Street,Wet,"Two-Way, Divided, Unprotected Median",None,No Special Feature,Coarse Asphalt,Piedmont,Urban,30 - 35  MPH,No Control Present,Rain,No,"35.220985, -80.81724"
544,545,Yes,16-19,19,No,With Traffic,B: Evident Injury,Travel Lane,White,Male,None - Rural Crash,Guilford,No,01-01-07,2007-07-15,Motorist Overtaking Bicyclist,21,Non-Intersection,01-07-01,0001-01-01T16:03:58-04:56,Motorist Overtaking - Other /,311239,2007,B: Evident Injury,Residential,,,No,41-45 mph,Injury,/Missing,,,No,Yes,Dark - Roadway Not Lighted,Urban (>70% Developed),2 lanes,2,Straight - Level,State Secondary Route,Dry,"Two-Way, Not Divided",None,"Driveway, Private",Coarse Asphalt,Piedmont,Rural,40 - 45  MPH,"Double Yellow Line, No Passing Zone",Clear,No,"36.065704, -79.67138"
549,550,Yes,15-Nov,12,No,Not Applicable,C: Possible Injury,,Black,Male,Rocky Mount,Nash,No,01-01-02,2007-07-17,Bicyclist Failed to Yield - Midblock,17,Non-Intersection,01-07-01,0001-01-01T13:00:58-04:56,Bicyclist Ride Out - Midblock -,393319,2007,C: Possible Injury,Residential,,,Missing,,Injury,/Missing,,,No,Yes,Daylight,Urban (>70% Developed),2 lanes,2,Straight - Level,Local Street,Dry,"Two-Way, Not Divided",None,No Special Feature,Smooth Asphalt,Coastal,Urban,30 - 35  MPH,No Control Present,Cloudy,No,"35.927002, -77.80487"
553,554,Yes,10-Jun,8,No,Not Applicable,C: Possible Injury,Driveway / Alley,Hispanic,Male,None - Rural Crash,Craven,No,01-01-04,2007-07-19,Bicyclist Failed to Yield - Midblock,13,Non-Intersection,01-07-01,0001-01-01T08:54:58-04:56,Bicyclist Ride Out - Residential Driveway,353311,2007,C: Possible Injury,"Farms, Woods, Pastures",30-39,32,No,41-45 mph,O: No Injury,White,Female,Van,No,No,Daylight,Rural (<30% Developed),2 lanes,2,Straight - Level,State Secondary Route,Dry,"Two-Way, Not Divided",None,"Driveway, Private",Coarse Asphalt,Coastal,Rural,40 - 45  MPH,No Control Present,Clear,No,"35.16324, -77.05858"
573,574,Yes,10-Jun,9,No,With Traffic,B: Evident Injury,Travel Lane,Black,Female,None - Rural Crash,Vance,No,01-01-02,2007-07-24,Loss of Control / Turning Error,18,Non-Intersection,01-07-01,0001-01-01T13:07:58-04:56,Bicyclist Lost Control - Other /,311129,2007,B: Evident Injury,Residential,0-19,16,No,0-5 mph,O: No Injury,Black,Male,Passenger Car,No,No,Daylight,Rural (<30% Developed),2 lanes,2,Straight - Level,State Secondary Route,Dry,"Two-Way, Not Divided",None,No Special Feature,Coarse Asphalt,Piedmont,Rural,30 - 35  MPH,"Double Yellow Line, No Passing Zone",Clear,No,"36.37946, -78.48818"
575,576,Yes,40-49,43,No,With Traffic,B: Evident Injury,Bike Lane / Paved Shoulder,Asian,Male,Charlotte,Mecklenburg,No,01-01-05,2007-10-12,Motorist Overtaking Bicyclist,23,Non-Intersection,01-10-01,0001-01-01T18:38:58-04:56,Motorist Overtaking - Bicyclist Swerved,321235,2007,B: Evident Injury,Commercial,50-59,56,No,41-45 mph,O: No Injury,White,Male,Commercial Bus,No,No,Dark - Roadway Not Lighted,Urban (>70% Developed),4 lanes,2,Straight - Grade,Local Street,Dry,"Two-Way, Divided, Positive Median Barrier",None,No Special Feature,Smooth Asphalt,Piedmont,Urban,40 - 45  MPH,No Control Present,Clear,No,"35.316345, -80.73917"
578,579,No,,,No,Facing Traffic,Injury,Sidewalk / Crosswalk / Driveway Crossing,Black,Male,Smithfield,Johnston,No,01-01-03,2007-07-25,Motorist Failed to Yield - Midblock,8,Non-Intersection,01-07-01,0001-01-01T04:00:58-04:56,Motorist Drive Out - Commercial Driveway / Alley,332322,2007,O: No Injury,Commercial,30-39,31,No,0-5 mph,O: No Injury,White,Female,Van,No,No,Daylight,Urban (>70% Developed),1 lane,2,Straight - Level,Public Vehicular Area,Dry,"One-Way, Not Divided",None,"Driveway, Public",Coarse Asphalt,Coastal,Urban,5 - 15 MPH,No Control Present,Clear,No,"35.518574, -78.3168"
582,583,Yes,50-59,59,No,With Traffic,B: Evident Injury,Travel Lane,White,Male,None - Rural Crash,Mecklenburg,No,01-01-07,2007-10-21,Bicyclist Left Turn / Merge,13,Intersection,01-10-01,0001-01-01T08:08:58-04:56,Bicyclist Left Turn - Same Direction,111221,2007,B: Evident Injury,Residential,0-19,17,No,36-40 mph,O: No Injury,White,Male,Pickup,No,No,Daylight,Rural (<30% Developed),2 lanes,2,Straight - Level,Local Street,Dry,"Two-Way, Not Divided",None,T-Intersection,Smooth Asphalt,Piedmont,Rural,40 - 45  MPH,No Control Present,Clear,No,"35.234993, -80.63316"
591,592,Yes,50-59,58,No,With Traffic,C: Possible Injury,Travel Lane,White,Male,Hickory,Catawba,No,01-01-05,2007-07-27,Bicyclist Left Turn / Merge,16,Intersection,01-07-01,0001-01-01T11:41:58-04:56,Bicyclist Left Turn - Opposite Direction,111222,2007,C: Possible Injury,Commercial,20-24,22,No,6-10 mph,O: No Injury,White,Male,Pickup,No,No,Daylight,Urban (>70% Developed),2 lanes,2,Straight - Level,Local Street,Dry,"Two-Way, Not Divided",None,Four-Way Intersection,Coarse Asphalt,Piedmont,Urban,30 - 35  MPH,Stop Sign,Clear,No,"35.701805, -81.28878"
594,595,Yes,15-Nov,15,Yes,Facing Traffic,B: Evident Injury,Sidewalk / Crosswalk / Driveway Crossing,White,Male,Wilmington,New Hanover,Yes,01-01-06,2007-07-28,Bicyclist Failed to Yield - Signalized Intersection,1,Intersection,01-07-01,0000-12-31T20:28:58-04:56,Bicyclist Ride Out - Signalized  Intersection,132153,2007,B: Evident Injury,Commercial,20-24,21,No,31-35 mph,O: No Injury,Black,Male,Passenger Car,No,No,Dark - Lighted Roadway,Urban (>70% Developed),2 lanes,2,Straight - Level,Local Street,Dry,"Two-Way, Not Divided",None,Four-Way Intersection,Coarse Asphalt,Coastal,Urban,30 - 35  MPH,Stop And Go Signal,Clear,No,"34.236786, -77.92893"
595,596,Yes,40-49,41,No,Facing Traffic,C: Possible Injury,Sidewalk / Crosswalk / Driveway Crossing,Black,Female,Charlotte,Mecklenburg,No,01-01-05,2007-11-02,Crossing Paths - Other Circumstances,17,Intersection,01-11-01,0001-01-01T12:07:58-04:56,Signalized Intersection - Other /,132158,2007,C: Possible Injury,Residential,20-24,21,No,0-5 mph,O: No Injury,Black,Male,Passenger Car,No,No,Daylight,Urban (>70% Developed),2 lanes,2,Straight - Level,Local Street,Dry,"Two-Way, Not Divided",None,No Special Feature,Concrete,Piedmont,Urban,20 - 25  MPH,Stop And Go Signal,Clear,No,"35.244587, -80.85758"
598,599,Yes,15-Nov,13,No,With Traffic,B: Evident Injury,Travel Lane,White,Male,None - Rural Crash,Wayne,No,01-01-07,2007-07-29,Bicyclist Left Turn / Merge,15,Non-Intersection,01-07-01,0001-01-01T10:42:58-04:56,Bicyclist Left Turn - Same Direction,311221,2007,B: Evident Injury,"Farms, Woods, Pastures",50-59,53,No,51-55 mph,O: No Injury,White,Female,Passenger Car,No,No,Daylight,Rural (<30% Developed),2 lanes,2,Straight - Level,State Secondary Route,Dry,"Two-Way, Not Divided",None,No Special Feature,Coarse Asphalt,Coastal,Rural,50 - 55  MPH,No Control Present,Clear,No,"35.237625, -78.17703"
601,602,Yes,16-19,19,No,,B: Evident Injury,Travel Lane,Black,Male,None - Rural Crash,Northampton,No,,2007-07-30,Bicyclist Failed to Yield - Midblock,16,Non-Intersection,01-07-01,0001-01-01T11:48:58-04:56,Bicyclist Ride Out - Midblock -,319319,2007,B: Evident Injury,Residential,20-24,24,No,41-45 mph,O: No Injury,Black,Male,Passenger Car,No,No,Daylight,Urban (>70% Developed),2 lanes,2,Straight - Grade,State Secondary Route,Dry,"Two-Way, Not Divided",None,"Driveway, Private",Smooth Asphalt,Coastal,Rural,40 - 45  MPH,No Control Present,Cloudy,No,"36.51958, -77.67929"
604,605,Yes,20-24,22,No,Facing Traffic,B: Evident Injury,Sidewalk / Crosswalk / Driveway Crossing,White,Female,Kill Devil Hills,Dare,No,01-01-07,2007-07-29,Motorist Failed to Yield - Midblock,20,Non-Intersection,01-07-01,0001-01-01T15:31:58-04:56,Motorist Drive Out - Commercial Driveway / Alley,332322,2007,B: Evident Injury,Commercial,30-39,36,No,0-5 mph,O: No Injury,White,Female,Sport Utility,No,No,Other,Urban (>70% Developed),,2,Straight - Level,Public Vehicular Area,Dry,"Two-Way, Not Divided",,"Driveway, Public",Concrete,Coastal,Urban,5 - 15 MPH,No Control Present,Clear,No,"36.034977, -75.67375"
606,607,Yes,30-39,38,No,With Traffic,B: Evident Injury,Bike Lane / Paved Shoulder,White,Female,None - Rural Crash,Dare,No,01-01-02,2007-07-31,Motorist Failed to Yield - Midblock,16,Non-Intersection,01-07-01,0001-01-01T11:21:58-04:56,Motorist Drive Out - Commercial Driveway / Alley,321322,2007,B: Evident Injury,Commercial,70,,No,0-5 mph,O: No Injury,White,Male,Pickup,No,No,Daylight,Urban (>70% Developed),2 lanes,2,Straight - Level,NC Route,Dry,"Two-Way, Not Divided",None,"Driveway, Public",Coarse Asphalt,Coastal,Rural,30 - 35  MPH,No Control Present,Clear,No,"35.344536, -75.50409"
609,610,Yes,16-19,16,No,With Traffic,C: Possible Injury,Travel Lane,Black,Male,None - Rural Crash,Union,No,01-01-02,2007-07-31,Motorist Overtaking Bicyclist,9,Non-Intersection,01-07-01,0001-01-01T04:04:58-04:56,Motorist Overtaking - Bicyclist Swerved,311235,2007,C: Possible Injury,"Farms, Woods, Pastures",40-49,45,No,51-55 mph,O: No Injury,White,Female,Passenger Car,No,No,Daylight,Rural (<30% Developed),2 lanes,2,Straight - Level,NC Route,Dry,"Two-Way, Not Divided",None,No Special Feature,Smooth Asphalt,Piedmont,Rural,50 - 55  MPH,No Control Present,Cloudy,No,"34.86828, -80.66659"
621,622,Yes,16-19,16,No,Facing Traffic,C: Possible Injury,Sidewalk / Crosswalk / Driveway Crossing,Black,Male,High Point,Guilford,No,01-01-06,2007-08-04,Motorist Failed to Yield - Signalized Intersection,19,Intersection,01-08-01,0001-01-01T14:35:58-04:56,Motorist Drive Out - Right Turn on Red,132151,2007,C: Possible Injury,Commercial,30-39,30,No,0-5 mph,O: No Injury,White,Female,Van,No,No,Daylight,Urban (>70% Developed),2 lanes,2,Straight - Level,Local Street,Dry,"Two-Way, Not Divided",None,No Special Feature,Smooth Asphalt,Piedmont,Urban,30 - 35  MPH,Stop And Go Signal,Clear,No,"35.96999, -80.01552"
628,629,No,30-39,31,No,With Traffic,Injury,Travel Lane,Black,Male,Fayetteville,Cumberland,No,01-01-02,2007-08-07,Crossing Paths - Other Circumstances,20,Intersection,01-08-01,0001-01-01T15:44:58-04:56,Signalized Intersection - Other /,111158,2007,O: No Injury,Commercial,30-39,39,No,41-45 mph,O: No Injury,Black,Male,Passenger Car,No,No,Dark - Lighted Roadway,Urban (>70% Developed),4 lanes,2,Straight - Level,Local Street,Dry,"Two-Way, Divided, Unprotected Median",None,Four-Way Intersection,Smooth Asphalt,Coastal,Urban,40 - 45  MPH,Stop And Go Signal,Clear,No,"35.07914, -78.95672"
629,630,Yes,10-Jun,6,No,Not Applicable,B: Evident Injury,,White,Male,None - Rural Crash,Franklin,No,01-01-02,2007-08-07,Bicyclist Failed to Yield - Midblock,17,Non-Intersection,01-08-01,0001-01-01T13:02:58-04:56,Bicyclist Ride Out - Midblock -,393319,2007,B: Evident Injury,Residential,40-49,49,No,6-10 mph,O: No Injury,White,Male,Pickup,No,No,Daylight,Rural (<30% Developed),2 lanes,2,Straight - Level,State Secondary Route,Dry,"Two-Way, Not Divided",None,No Special Feature,Coarse Asphalt,Piedmont,Rural,20 - 25  MPH,No Control Present,Clear,No,"36.04485, -78.523994"
631,632,Yes,20-24,20,No,With Traffic,A: Disabling Injury,Travel Lane,White,Male,None - Rural Crash,Jackson,No,01-01-02,2007-08-07,Head-On,19,Non-Intersection,01-08-01,0001-01-01T14:21:58-04:56,Head-On - Bicyclist,311250,2007,A: Disabling Injury,"Farms, Woods, Pastures",30-39,38,No,31-35 mph,O: No Injury,White,Male,Pickup,No,No,Daylight,Rural (<30% Developed),2 lanes,2,Curve - Grade,State Secondary Route,Dry,"Two-Way, Not Divided",None,No Special Feature,Coarse Asphalt,Mountains,Rural,40 - 45  MPH,"Double Yellow Line, No Passing Zone",Cloudy,No,"35.404434, -83.145546"
638,639,Yes,50-59,57,No,With Traffic,B: Evident Injury,Travel Lane,White,Male,None - Rural Crash,Wake,No,01-01-04,2007-08-09,Motorist Left Turn / Merge,6,Non-Intersection,01-08-01,0001-01-01T01:51:58-04:56,Motorist Left Turn - Opposite Direction,311212,2007,B: Evident Injury,"Farms, Woods, Pastures",40-49,47,No,6-10 mph,O: No Injury,White,Male,Pickup,No,No,Dusk,Rural (<30% Developed),2 lanes,2,Curve - Grade,State Secondary Route,Dry,"Two-Way, Not Divided",None,T-Intersection,Smooth Asphalt,Piedmont,Rural,40 - 45  MPH,"Double Yellow Line, No Passing Zone",Clear,Yes,"35.84146, -78.89291"
644,645,No,50-59,55,No,With Traffic,B: Evident Injury,Travel Lane,Black,Male,Washington,Beaufort,No,01-01-05,2007-08-10,Bicyclist Failed to Yield - Sign-Controlled Intersection,14,Intersection,01-08-01,0001-01-01T09:18:58-04:56,Bicyclist Ride Through - Sign-Controlled Intersection,111144,2007,B: Evident Injury,Commercial,,,Missing,31-35 mph,Injury,/Missing,,,No,Yes,Daylight,Urban (>70% Developed),2 lanes,2,Straight - Level,Local Street,Dry,"Two-Way, Not Divided",None,T-Intersection,Coarse Asphalt,Coastal,Urban,30 - 35  MPH,Stop Sign,Clear,No,"35.547203, -77.051544"
646,647,Yes,30-39,31,No,With Traffic,C: Possible Injury,Travel Lane,White,Male,Raleigh,Wake,No,01-01-07,2007-08-12,Motorist Overtaking Bicyclist,18,Non-Intersection,01-08-01,0001-01-01T13:48:58-04:56,Motorist Overtaking - Other /,311239,2007,C: Possible Injury,Residential,,,Missing,16-20 mph,Injury,/Missing,,,No,Yes,Daylight,Urban (>70% Developed),4 lanes,2,Straight - Level,Local Street,Dry,"Two-Way, Divided, Unprotected Median",None,No Special Feature,Smooth Asphalt,Piedmont,Urban,40 - 45  MPH,No Control Present,Clear,No,"35.855648, -78.57522"
649,650,Yes,40-49,48,No,Facing Traffic,C: Possible Injury,Travel Lane,Black,Male,Halifax,Halifax,No,,2007-08-13,Head-On,15,Non-Intersection,01-08-01,0001-01-01T10:13:58-04:56,Head-On - Bicyclist,312250,2007,C: Possible Injury,Commercial,20-24,23,No,16-20 mph,O: No Injury,Black,Male,Sport Utility,No,No,Daylight,Mixed (30% To 70% Developed),2 lanes,2,Straight - Level,US Route,Dry,"Two-Way, Not Divided",None,No Special Feature,Smooth Asphalt,Coastal,Rural,40 - 45  MPH,"Double Yellow Line, No Passing Zone",Clear,No,"36.320766, -77.59357"
658,659,Yes,15-Nov,12,No,Facing Traffic,B: Evident Injury,Driveway / Alley,Black,Male,Raleigh,Wake,No,01-01-05,2007-08-10,Bicyclist Failed to Yield - Signalized Intersection,12,Intersection,01-08-01,0001-01-01T07:13:58-04:56,Bicyclist Ride Through - Signalized Intersection,152155,2007,B: Evident Injury,Commercial,70,,No,0-5 mph,O: No Injury,White,Female,Passenger Car,No,No,Daylight,Urban (>70% Developed),8 lanes,2,Straight - Level,Local Street,Dry,"Two-Way, Divided, Unprotected Median",None,"Driveway, Public",Smooth Asphalt,Piedmont,Urban,40 - 45  MPH,Stop And Go Signal,Clear,No,"35.8555, -78.58092"
665,666,Yes,15-Nov,11,No,With Traffic,C: Possible Injury,Travel Lane,White,Male,Asheville,Buncombe,No,01-01-03,2007-08-15,Bicyclist Failed to Yield - Sign-Controlled Intersection,11,Intersection,01-08-01,0001-01-01T06:54:58-04:56,Bicyclist Ride Through - Sign-Controlled Intersection,111144,2007,C: Possible Injury,Residential,60-69,63,No,31-35 mph,O: No Injury,White,Male,Sport Utility,No,No,Daylight,Mixed (30% To 70% Developed),2 lanes,2,Straight - Level,Local Street,Dry,"Two-Way, Not Divided",None,Four-Way Intersection,Smooth Asphalt,Mountains,Urban,30 - 35  MPH,Stop Sign,Clear,No,"35.60228, -82.50215"