FID,OBJECTID,AmbulanceR,BikeAge_Gr,Bike_Age,Bike_Alc_D,Bike_Dir,Bike_Injur,Bike_Pos,Bike_Race,Bike_Sex,City,County,CrashAlcoh,CrashDay,Crash_Date,Crash_Grp,Crash_Hour,Crash_Loc,Crash_Mont,Crash_Time,Crash_Type,Crash_Ty_1,Crash_Year,Crsh_Sevri,Developmen,DrvrAge_Gr,Drvr_Age,Drvr_Alc_D,Drvr_EstSp,Drvr_Injur,Drvr_Race,Drvr_Sex,Drvr_VehTy,ExcsSpdInd,Hit_Run,Light_Cond,Locality,Num_Lanes,Num_Units,Rd_Charact,Rd_Class,Rd_Conditi,Rd_Config,Rd_Defects,Rd_Feature,Rd_Surface,Region,Rural_Urba,Speed_Limi,Traff_Cntr,Weather,Workzone_I,Location
678,679,Yes,70,,No,With Traffic,B: Evident Injury,Travel Lane,White,Male,Durham,Durham,No,01-01-02,2007-11-27,Motorist Right Turn / Merge,9,Non-Intersection,01-11-01,0001-01-01T04:48:58-04:56,Motorist Right Turn - Same Direction,311213,2007,B: Evident Injury,Residential,30-39,34,No,31-35 mph,O: No Injury,Asian,Female,Passenger Car,No,No,Daylight,Mixed (30% To 70% Developed),2 lanes,2,Straight - Hillcrest,Local Street,Dry,"Two-Way, Not Divided",None,No Special Feature,Coarse Asphalt,Piedmont,Urban,30 - 35  MPH,No Control Present,Clear,No,"36.01285, -78.94814"
679,680,Yes,30-39,36,No,With Traffic,B: Evident Injury,Travel Lane,White,Female,Asheville,Buncombe,No,01-01-07,2007-08-19,Crossing Paths - Other Circumstances,11,Intersection,01-08-01,0001-01-01T06:30:58-04:56,Signalized Intersection - Other /,111158,2007,B: Evident Injury,Commercial,25-29,29,No,21-25 mph,O: No Injury,White,Female,Sport Utility,No,No,Daylight,Urban (>70% Developed),2 lanes,2,Straight - Level,Local Street,Dry,"Two-Way, Not Divided",None,Four-Way Intersection,Coarse Asphalt,Mountains,Urban,20 - 25  MPH,Stop And Go Signal,Clear,No,"35.59538, -82.55277"
681,682,No,16-19,16,No,Facing Traffic,O: No Injury,Travel Lane,Black,Male,Lumberton,Robeson,No,,2007-08-20,Motorist Failed to Yield - Sign-Controlled Intersection,21,Intersection,01-08-01,0001-01-01T16:17:58-04:56,Motorist Drive Out - Sign-Controlled Intersection,112141,2007,O: No Injury,Residential,60-69,62,No,0-5 mph,O: No Injury,White,Female,Passenger Car,No,No,Dark - Roadway Not Lighted,Urban (>70% Developed),4 lanes,2,Straight - Level,Local Street,Dry,"Two-Way, Not Divided",None,Four-Way Intersection,Smooth Asphalt,Coastal,Urban,30 - 35  MPH,Stop Sign,Clear,No,"34.62976, -79.00574"
684,685,Yes,30-39,39,No,With Traffic,C: Possible Injury,Travel Lane,Black,Male,Morven,Anson,No,01-01-03,2007-08-22,Bicyclist Failed to Yield - Sign-Controlled Intersection,7,Intersection,01-08-01,0001-01-01T02:38:58-04:56,Bicyclist Ride Out - Sign-Controlled Intersection,111142,2007,C: Possible Injury,Commercial,25-29,26,No,26-30 mph,O: No Injury,Black,Female,Passenger Car,No,No,Daylight,Urban (>70% Developed),2 lanes,2,Straight - Level,US Route,Dry,"Two-Way, Not Divided",None,T-Intersection,Smooth Asphalt,Piedmont,Rural,30 - 35  MPH,"Double Yellow Line, No Passing Zone",Clear,No,"34.861115, -79.999435"
695,696,Yes,60-69,65,No,With Traffic,A: Disabling Injury,Travel Lane,Black,Male,Raleigh,Wake,No,01-01-06,2007-08-18,Motorist Overtaking Bicyclist,1,Intersection,01-08-01,0000-12-31T20:30:58-04:56,Motorist Overtaking - Undetected Bicyclist,111231,2007,A: Disabling Injury,Commercial,,,Missing,41-45 mph,Injury,/Missing,,,No,Yes,Dark - Lighted Roadway,Urban (>70% Developed),6 lanes,2,Straight - Grade,Local Street,Dry,"Two-Way, Divided, Unprotected Median",None,On or Off Ramp,Smooth Asphalt,Piedmont,Urban,40 - 45  MPH,No Control Present,Clear,No,"35.81217, -78.60924"
701,702,Yes,30-39,34,No,With Traffic,B: Evident Injury,Travel Lane,White,Male,None - Rural Crash,Polk,No,01-01-06,2007-08-25,Motorist Overtaking Bicyclist,17,Non-Intersection,01-08-01,0001-01-01T12:03:58-04:56,Motorist Overtaking - Misjudged Space,311232,2007,B: Evident Injury,"Farms, Woods, Pastures",70,,No,41-45 mph,O: No Injury,White,Female,Passenger Car,No,No,Daylight,Rural (<30% Developed),2 lanes,2,Straight - Level,NC Route,Dry,"Two-Way, Not Divided",None,No Special Feature,Smooth Asphalt,Mountains,Rural,50 - 55  MPH,No Control Present,Clear,No,"35.304672, -82.16419"
703,704,Yes,30-39,37,No,With Traffic,C: Possible Injury,Travel Lane,Black,Male,None - Rural Crash,Hoke,No,01-01-07,2007-08-26,Motorist Overtaking Bicyclist,21,Non-Intersection,01-08-01,0001-01-01T16:38:58-04:56,Motorist Overtaking - Other /,311239,2007,C: Possible Injury,Residential,,,Missing,51-55 mph,Injury,/Missing,,,No,Yes,Dark -  Lighting,Urban (>70% Developed),2 lanes,2,Straight - Level,State Secondary Route,Wet,"Two-Way, Not Divided",None,No Special Feature,Smooth Asphalt,Coastal,Rural,50 - 55  MPH,No Control Present,Rain,No,"34.968872, -79.338585"
705,706,Yes,50-59,56,No,,B: Evident Injury,Travel Lane,White,Male,None - Rural Crash,New Hanover,No,,2007-08-27,Bicyclist Failed to Yield - Sign-Controlled Intersection,13,Intersection,01-08-01,0001-01-01T08:03:58-04:56,Bicyclist Ride Through - Sign-Controlled Intersection,119144,2007,B: Evident Injury,Residential,70,,No,21-25 mph,O: No Injury,White,Male,Passenger Car,No,No,Daylight,Urban (>70% Developed),2 lanes,2,Straight - Level,State Secondary Route,Dry,"Two-Way, Not Divided",None,Four-Way Intersection,Smooth Asphalt,Coastal,Rural,30 - 35  MPH,Stop Sign,Clear,No,"34.268246, -77.83718"
726,727,Yes,60-69,65,No,Facing Traffic,B: Evident Injury,Travel Lane,Native American,Male,None - Rural Crash,Robeson,No,01-01-02,2007-09-04,Head-On,20,Non-Intersection,01-09-01,0001-01-01T15:14:58-04:56,Head-On - Bicyclist,312250,2007,B: Evident Injury,"Farms, Woods, Pastures",60-69,66,No,51-55 mph,O: No Injury,Native American,Male,Pickup,No,No,Dark - Roadway Not Lighted,Rural (<30% Developed),2 lanes,2,Straight - Level,State Secondary Route,Dry,"Two-Way, Not Divided",None,No Special Feature,Coarse Asphalt,Coastal,Rural,50 - 55  MPH,"Double Yellow Line, No Passing Zone",Clear,No,"34.80332, -79.150375"
733,734,Yes,50-59,52,No,,B: Evident Injury,Non-Roadway,White,Male,None - Rural Crash,Gaston,No,01-01-04,2007-09-06,Non-Roadway,17,Non-Roadway,01-09-01,0001-01-01T12:23:58-04:56,Non-Roadway,460910,2007,B: Evident Injury,Commercial,40-49,40,No,,O: No Injury,White,Female,Passenger Car,No,No,Daylight,Rural (<30% Developed),,2,Straight - Level,State Secondary Route,Dry,"Two-Way, Not Divided",None,No Special Feature,Smooth Asphalt,Piedmont,Rural,,No Control Present,Clear,No,"35.25855, -81.11884"
738,739,No,30-39,39,No,With Traffic,B: Evident Injury,,White,Male,Morganton,Burke,No,01-01-05,2007-08-31,Motorist Right Turn / Merge,16,Intersection,01-08-01,0001-01-01T11:59:58-04:56,Motorist Right Turn - Same Direction,191213,2007,B: Evident Injury,Commercial,50-59,52,No,0-5 mph,O: No Injury,White,Female,Sport Utility,No,No,Daylight,Urban (>70% Developed),5 lanes,2,Straight - Grade,Local Street,Dry,"Two-Way, Divided, Unprotected Median",None,T-Intersection,Coarse Asphalt,Mountains,Urban,40 - 45  MPH,Stop And Go Signal,Clear,No,"35.735294, -81.67533"
741,742,No,10-Jun,10,No,With Traffic,C: Possible Injury,Travel Lane,Black,Female,Rocky Mount,Edgecombe,No,01-01-03,2007-08-29,Loss of Control / Turning Error,16,Intersection,01-08-01,0001-01-01T11:05:58-04:56,Bicyclist Turning Error - Right Turn,111115,2007,C: Possible Injury,Residential,60-69,62,No,16-20 mph,O: No Injury,Black,Male,Van,No,No,Daylight,Urban (>70% Developed),2 lanes,2,Straight - Level,Local Street,Dry,"Two-Way, Not Divided",None,Four-Way Intersection,Smooth Asphalt,Coastal,Urban,30 - 35  MPH,Stop Sign,Clear,No,"35.935425, -77.782715"
747,748,No,15-Nov,11,No,With Traffic,C: Possible Injury,Travel Lane,Hispanic,Male,None - Rural Crash,Wayne,No,01-01-04,2007-09-06,Motorist Overtaking Bicyclist,8,Non-Intersection,01-09-01,0001-01-01T03:13:58-04:56,Motorist Overtaking - Bicyclist Swerved,311235,2007,C: Possible Injury,Commercial,30-39,30,No,21-25 mph,O: No Injury,White,Male,Pickup,No,No,Daylight,Mixed (30% To 70% Developed),2 lanes,2,Straight - Level,NC Route,Dry,"Two-Way, Not Divided",None,No Special Feature,Smooth Asphalt,Coastal,Rural,40 - 45  MPH,"Double Yellow Line, No Passing Zone",Clear,No,"35.4118, -78.071205"
751,752,Yes,30-39,37,No,Facing Traffic,C: Possible Injury,Sidewalk / Crosswalk / Driveway Crossing,Black,Male,None - Rural Crash,New Hanover,No,01-01-05,2007-09-07,Motorist Failed to Yield - Signalized Intersection,13,Intersection,01-09-01,0001-01-01T08:29:58-04:56,Motorist Drive Out - Right Turn on Red,132151,2007,C: Possible Injury,Residential,50-59,52,No,0-5 mph,O: No Injury,Black,Male,Passenger Car,No,No,Daylight,Urban (>70% Developed),4 lanes,2,Straight - Grade,Local Street,Dry,"Two-Way, Divided, Unprotected Median",None,Traffic Circle/Roundabout,Coarse Asphalt,Coastal,Rural,30 - 35  MPH,Stop And Go Signal,Clear,No,"34.23586, -77.943184"
759,760,Yes,10-Jun,6,No,Not Applicable,B: Evident Injury,Driveway / Alley,White,Male,None - Rural Crash,Johnston,No,01-01-07,2007-09-09,Bicyclist Failed to Yield - Midblock,17,Non-Intersection,01-09-01,0001-01-01T12:16:58-04:56,Bicyclist Ride Out - Residential Driveway,353311,2007,B: Evident Injury,Residential,0-19,18,No,21-25 mph,O: No Injury,White,Male,Passenger Car,No,No,Daylight,Mixed (30% To 70% Developed),2 lanes,2,Straight - Grade,Public Vehicular Area,Dry,"Two-Way, Not Divided",None,"Driveway, Private",Coarse Asphalt,Coastal,Rural,50 - 55  MPH,No Control Present,Clear,No,"35.66394, -78.379845"
762,763,No,50-59,53,No,With Traffic,C: Possible Injury,,White,Male,Chapel Hill,Orange,No,01-01-03,2007-09-12,Motorist Left Turn / Merge,8,Non-Intersection,01-09-01,0001-01-01T03:07:58-04:56,Motorist Left Turn - Opposite Direction,391212,2007,C: Possible Injury,Residential,30-39,34,No,6-10 mph,O: No Injury,White,Male,Passenger Car,No,No,Daylight,Urban (>70% Developed),2 lanes,2,Straight - Level,Local Street,Dry,"Two-Way, Not Divided",None,No Special Feature,Smooth Asphalt,Piedmont,Urban,20 - 25  MPH,No Control Present,Clear,No,"35.909916, -79.05621"
769,770,Yes,16-19,17,No,With Traffic,A: Disabling Injury,Travel Lane,White,Female,None - Rural Crash,Lenoir,No,01-01-05,2007-09-14,Head-On,19,Non-Intersection,01-09-01,0001-01-01T14:14:58-04:56,Head-On - Bicyclist,311250,2007,A: Disabling Injury,"Farms, Woods, Pastures",30-39,35,No,41-45 mph,O: No Injury,White,Male,Passenger Car,No,No,Daylight,Rural (<30% Developed),2 lanes,2,Straight - Level,State Secondary Route,Dry,"Two-Way, Not Divided",None,No Special Feature,Coarse Asphalt,Coastal,Rural,50 - 55  MPH,No Control Present,Cloudy,No,"35.135532, -77.71193"
788,789,No,10-Jun,6,No,Not Applicable,O: No Injury,,Black,Male,High Point,Guilford,No,,2007-09-17,Bicyclist Failed to Yield - Midblock,17,Non-Intersection,01-09-01,0001-01-01T12:17:58-04:56,Bicyclist Ride Out - Midblock -,393319,2007,O: No Injury,Residential,20-24,21,No,31-35 mph,O: No Injury,Black,Male,Passenger Car,No,No,Daylight,Urban (>70% Developed),2 lanes,2,Straight - Level,Local Street,Dry,"Two-Way, Divided, Unprotected Median",None,No Special Feature,Coarse Asphalt,Piedmont,Urban,30 - 35  MPH,No Control Present,Clear,No,"35.949776, -79.986305"
791,792,Yes,16-19,16,No,Facing Traffic,B: Evident Injury,Travel Lane,Black,Male,Kings Mountain,Cleveland,No,01-01-02,2007-09-18,Bicyclist Failed to Yield - Sign-Controlled Intersection,16,Intersection,01-09-01,0001-01-01T11:35:58-04:56,Bicyclist Ride Through - Sign-Controlled Intersection,112144,2007,B: Evident Injury,Commercial,60-69,66,No,16-20 mph,B: Evident Injury,White,Female,Sport Utility,No,No,Daylight,Mixed (30% To 70% Developed),4 lanes,2,Straight - Bottom,Local Street,Dry,"Two-Way, Not Divided",None,T-Intersection,Smooth Asphalt,Mountains,Urban,20 - 25  MPH,Stop Sign,Clear,No,"35.237648, -81.34233"
792,793,No,16-19,16,No,Facing Traffic,B: Evident Injury,,Black,Female,Fayetteville,Cumberland,No,01-01-02,2007-09-18,Crossing Paths - Other Circumstances,19,Intersection,01-09-01,0001-01-01T14:48:58-04:56,Signalized Intersection - Other /,192158,2007,B: Evident Injury,Commercial,,,Missing,26-30 mph,Injury,/Missing,,,No,Yes,Daylight,Urban (>70% Developed),3 lanes,2,Straight - Level,Local Street,Dry,"Two-Way, Divided, Positive Median Barrier",None,No Special Feature,Coarse Asphalt,Coastal,Urban,40 - 45  MPH,Stop And Go Signal,Clear,No,"35.093327, -78.95498"
800,801,No,40-49,41,No,With Traffic,C: Possible Injury,Travel Lane,Black,Male,Raleigh,Wake,No,01-01-04,2007-09-20,Motorist Failed to Yield - Sign-Controlled Intersection,20,Intersection,01-09-01,0001-01-01T15:22:58-04:56,Motorist Drive Out - Sign-Controlled Intersection,111141,2007,C: Possible Injury,Residential,40-49,41,No,0-5 mph,O: No Injury,Black,Male,Passenger Car,No,No,Dark - Roadway Not Lighted,Urban (>70% Developed),2 lanes,2,Straight - Level,Local Street,Wet,"Two-Way, Not Divided",None,Four-Way Intersection,Smooth Asphalt,Piedmont,Urban,30 - 35  MPH,Stop Sign,Cloudy,No,"35.81891, -78.5849"
803,804,Yes,60-69,65,Yes,With Traffic,B: Evident Injury,Travel Lane,Black,Male,Sims,Wilson,Yes,01-01-05,2007-09-21,Motorist Overtaking Bicyclist,19,Non-Intersection,01-09-01,0001-01-01T14:44:58-04:56,Motorist Overtaking - Other /,311239,2007,B: Evident Injury,Residential,70,,No,26-30 mph,O: No Injury,White,Male,Passenger Car,No,No,Dusk,Mixed (30% To 70% Developed),2 lanes,2,Straight - Level,State Secondary Route,Dry,"Two-Way, Not Divided",None,No Special Feature,Smooth Asphalt,Coastal,Rural,30 - 35  MPH,"Double Yellow Line, No Passing Zone",Clear,No,"35.757774, -78.06023"
815,816,Yes,10-Jun,10,No,Not Applicable,B: Evident Injury,Driveway / Alley,Native American,Male,None - Rural Crash,Robeson,Yes,01-01-03,2007-09-26,Bicyclist Failed to Yield - Midblock,17,Non-Intersection,01-09-01,0001-01-01T12:33:58-04:56,Bicyclist Ride Out - Midblock -,353319,2007,B: Evident Injury,"Farms, Woods, Pastures",20-24,21,Yes,51-55 mph,O: No Injury,Native American,Male,Passenger Car,No,No,Daylight,Rural (<30% Developed),2 lanes,2,Straight - Level,State Secondary Route,Dry,"Two-Way, Not Divided",None,"Driveway, Private",Coarse Asphalt,Coastal,Rural,50 - 55  MPH,"Double Yellow Line, No Passing Zone",Clear,No,"34.741985, -79.252884"
820,821,Yes,50-59,53,No,With Traffic,B: Evident Injury,Travel Lane,Black,Male,Fayetteville,Cumberland,No,01-01-06,2007-09-29,Bicyclist Left Turn / Merge,1,Non-Intersection,01-09-01,0000-12-31T20:07:58-04:56,Bicyclist Left Turn - Same Direction,311221,2007,B: Evident Injury,Commercial,0-19,17,No,41-45 mph,O: No Injury,Black,Male,Passenger Car,No,No,Dark - Lighted Roadway,Urban (>70% Developed),6 lanes,2,Straight - Level,Local Street,Wet,"Two-Way, Divided, Unprotected Median",None,No Special Feature,Coarse Asphalt,Coastal,Urban,40 - 45  MPH,No Control Present,Clear,No,"35.079247, -78.88179"
826,827,Yes,30-39,36,No,With Traffic,B: Evident Injury,Bike Lane / Paved Shoulder,Black,Male,None - Rural Crash,Nash,No,,2007-10-01,Motorist Overtaking Bicyclist,21,Non-Intersection,01-10-01,0001-01-01T16:33:58-04:56,Motorist Overtaking - Other /,321239,2007,B: Evident Injury,Commercial,,,Missing,51-55 mph,Injury,/Missing,,,No,Yes,Dark - Roadway Not Lighted,Mixed (30% To 70% Developed),4 lanes,2,Curve - Level,US Route,Dry,"Two-Way, Divided, Unprotected Median",None,No Special Feature,Coarse Asphalt,Coastal,Rural,50 - 55  MPH,No Control Present,Cloudy,No,"35.88521, -77.82094"
832,833,Yes,10-Jun,10,No,Facing Traffic,B: Evident Injury,Travel Lane,Other,Male,Apex,Wake,No,01-01-03,2007-10-03,Bicyclist Failed to Yield - Sign-Controlled Intersection,14,Intersection,01-10-01,0001-01-01T09:46:58-04:56,Bicyclist Ride Out - Sign-Controlled Intersection,112142,2007,B: Evident Injury,Residential,0-19,16,No,21-25 mph,O: No Injury,White,Male,Passenger Car,No,No,Dusk,Urban (>70% Developed),2 lanes,2,Straight - Level,Local Street,Dry,"Two-Way, Divided, Unprotected Median",None,No Special Feature,Smooth Asphalt,Piedmont,Urban,20 - 25  MPH,No Control Present,Clear,No,"35.74634, -78.86415"
833,834,Yes,25-29,26,No,Facing Traffic,C: Possible Injury,Sidewalk / Crosswalk / Driveway Crossing,White,Female,Raleigh,Wake,No,01-01-03,2007-10-03,Motorist Failed to Yield - Sign-Controlled Intersection,15,Intersection,01-10-01,0001-01-01T10:18:58-04:56,Motorist Drive Through - Sign-Controlled Intersection,132143,2007,C: Possible Injury,Commercial,50-59,50,No,21-25 mph,Injury,Black,Female,Passenger Car,No,No,Daylight,Urban (>70% Developed),2 lanes,2,Straight - Level,Local Street,Dry,"Two-Way, Not Divided",None,No Special Feature,Smooth Asphalt,Piedmont,Urban,20 - 25  MPH,Stop Sign,Clear,No,"35.79339, -78.693565"
835,836,No,30-39,36,No,With Traffic,C: Possible Injury,Travel Lane,White,Male,Gastonia,Gaston,No,01-01-05,2007-10-05,Bicyclist Overtaking Motorist,16,Non-Intersection,01-10-01,0001-01-01T11:08:58-04:56,Bicyclist Overtaking - Passing on Left,311242,2007,C: Possible Injury,Residential,20-24,21,No,0-5 mph,O: No Injury,White,Female,Passenger Car,No,No,Daylight,Urban (>70% Developed),2 lanes,2,Straight - Level,Local Street,Dry,"Two-Way, Not Divided",None,No Special Feature,Smooth Asphalt,Piedmont,Urban,30 - 35  MPH,No Control Present,Clear,No,"35.250744, -81.16425"
837,838,Yes,50-59,52,No,With Traffic,B: Evident Injury,Travel Lane,White,Female,None - Rural Crash,Camden,No,01-01-06,2007-10-06,Motorist Overtaking Bicyclist,13,Non-Intersection,01-10-01,0001-01-01T08:38:58-04:56,Motorist Overtaking - Misjudged Space,311232,2007,B: Evident Injury,"Farms, Woods, Pastures",40-49,46,No,36-40 mph,O: No Injury,White,Male,Passenger Car,No,No,Daylight,Rural (<30% Developed),2 lanes,2,Straight - Level,NC Route,Dry,"Two-Way, Not Divided",None,No Special Feature,Smooth Asphalt,Coastal,Rural,50 - 55  MPH,"Double Yellow Line, No Passing Zone",Cloudy,No,"36.383953, -76.24486"
839,840,No,60-69,65,No,With Traffic,B: Evident Injury,Travel Lane,Black,Male,Enfield,Halifax,No,01-01-07,2007-10-07,Loss of Control / Turning Error,18,Intersection,01-10-01,0001-01-01T13:53:58-04:56,Motorist Turning Error - Left Turn,111111,2007,B: Evident Injury,Residential,20-24,20,No,6-10 mph,O: No Injury,Black,Female,Passenger Car,No,No,Dark - Lighted Roadway,Mixed (30% To 70% Developed),2 lanes,2,Straight - Level,Local Street,Dry,"Two-Way, Not Divided",None,No Special Feature,Smooth Asphalt,Coastal,Rural,20 - 25  MPH,No Control Present,Clear,No,"36.17444, -77.6617"
840,841,Yes,16-19,18,No,Not Applicable,B: Evident Injury,Non-Roadway,Black,Female,Graham,Alamance,No,01-01-02,2007-10-02,Bicyclist Failed to Yield - Midblock,17,Non-Intersection,01-10-01,0001-01-01T12:52:58-04:56,Bicyclist Ride Out - Commercial Driveway / Alley,363312,2007,B: Evident Injury,Commercial,40-49,43,No,0-5 mph,O: No Injury,Black,Female,Passenger Car,No,No,Daylight,Mixed (30% To 70% Developed),2 lanes,2,Straight - Level,Local Street,Dry,"Two-Way, Not Divided",None,Other,Smooth Asphalt,Piedmont,Urban,20 - 25  MPH,No Control Present,Clear,No,"36.06934, -79.39775"
848,849,Yes,70,,No,With Traffic,B: Evident Injury,Multi-use Path,White,Male,Greensboro,Guilford,No,01-01-03,2007-10-10,Motorist Failed to Yield - Sign-Controlled Intersection,8,Intersection,01-10-01,0001-01-01T03:19:58-04:56,Motorist Drive Out - Sign-Controlled Intersection,141141,2007,B: Evident Injury,Residential,60-69,64,No,31-35 mph,O: No Injury,White,Female,Sport Utility,No,No,Daylight,Urban (>70% Developed),2 lanes,2,Straight - Level,Local Street,Dry,"Two-Way, Divided, Unprotected Median",None,T-Intersection,Smooth Asphalt,Piedmont,Urban,30 - 35  MPH,Stop Sign,Clear,No,"36.13694, -79.84695"
852,853,Yes,40-49,47,No,Facing Traffic,B: Evident Injury,Sidewalk / Crosswalk / Driveway Crossing,Asian,Female,Fayetteville,Cumberland,No,01-01-04,2007-10-11,Motorist Failed to Yield - Midblock,9,Non-Intersection,01-10-01,0001-01-01T04:15:58-04:56,Motorist Drive Out - Commercial Driveway / Alley,332322,2007,B: Evident Injury,Commercial,50-59,59,No,0-5 mph,O: No Injury,Asian,Female,Passenger Car,No,No,Daylight,Urban (>70% Developed),,2,Straight - Level,Public Vehicular Area,Dry,"Two-Way, Not Divided",None,No Special Feature,Smooth Asphalt,Coastal,Urban,5 - 15 MPH,No Control Present,Clear,No,"35.010384, -78.96637"
853,854,Yes,40-49,44,No,With Traffic,B: Evident Injury,Travel Lane,Black,Male,None - Rural Crash,Granville,No,01-01-04,2007-10-11,Motorist Overtaking Bicyclist,7,Non-Intersection,01-10-01,0001-01-01T02:56:58-04:56,Motorist Overtaking - Misjudged Space,311232,2007,B: Evident Injury,"Farms, Woods, Pastures",60-69,64,No,51-55 mph,O: No Injury,Black,Female,"Light Truck (Mini-Van, Panel)",No,No,Daylight,Rural (<30% Developed),2 lanes,2,Straight - Level,US Route,Dry,"Two-Way, Not Divided",None,No Special Feature,Coarse Asphalt,Piedmont,Rural,50 - 55  MPH,"Double Yellow Line, No Passing Zone",Clear,No,"36.16387, -78.67529"
859,860,Yes,40-49,41,No,Facing Traffic,Injury,Travel Lane,Black,Male,Raeford,Hoke,No,01-01-07,2007-10-14,Head-On,16,Non-Intersection,01-10-01,0001-01-01T11:56:58-04:56,Head-On - Bicyclist,312250,2007,O: No Injury,Commercial,70,,No,16-20 mph,O: No Injury,White,Male,Pickup,No,No,Daylight,Mixed (30% To 70% Developed),2 lanes,2,Straight - Level,NC Route,Dry,"Two-Way, Not Divided",None,Four-Way Intersection,Smooth Asphalt,Coastal,Rural,20 - 25  MPH,Flashing Stop And Go Signal,Clear,No,"34.97903, -79.22404"
863,864,Yes,16-19,17,No,Facing Traffic,C: Possible Injury,Travel Lane,Black,Male,Hickory,Catawba,No,01-01-02,2007-10-16,Motorist Failed to Yield - Midblock,18,Non-Intersection,01-10-01,0001-01-01T13:13:58-04:56,Motorist Drive Out - Commercial Driveway / Alley,312322,2007,C: Possible Injury,Commercial,,,Missing,0-5 mph,Injury,/Missing,,,No,Yes,Daylight,Urban (>70% Developed),5 lanes,2,Straight - Level,Local Street,"Water (Standing, Moving)","Two-Way, Not Divided",None,No Special Feature,Smooth Asphalt,Piedmont,Urban,40 - 45  MPH,No Control Present,Clear,No,"35.742897, -81.30163"
872,873,Yes,25-29,29,No,With Traffic,B: Evident Injury,Travel Lane,White,Male,High Point,Guilford,No,01-01-06,2007-10-20,Motorist Right Turn / Merge,14,Intersection,01-10-01,0001-01-01T09:03:58-04:56,Motorist Right Turn - Same Direction,111213,2007,B: Evident Injury,Residential,70,,No,6-10 mph,O: No Injury,Black,Female,Passenger Car,No,No,Daylight,Urban (>70% Developed),2 lanes,2,Straight - Bottom,Local Street,Dry,"Two-Way, Not Divided",None,No Special Feature,Smooth Asphalt,Piedmont,Urban,30 - 35  MPH,No Control Present,Clear,No,"35.97358, -79.989"
997,998,No,15-Nov,13,No,Facing Traffic,C: Possible Injury,Travel Lane,Black,Male,Rocky Mount,Nash,No,,2008-11-24,Motorist Overtaking Bicyclist,15,Non-Intersection,01-11-01,0001-01-01T10:16:58-04:56,Motorist Overtaking - Other /,312239,2008,C: Possible Injury,Residential,,,Missing,,Injury,/Missing,,Pickup,No,Yes,Daylight,Urban (>70% Developed),2 lanes,2,Straight - Level,Local Street,Dry,"Two-Way, Not Divided",None,No Special Feature,Smooth Asphalt,Coastal,Urban,30 - 35  MPH,Missing,Clear,No,"0.0, 0.0"
487,488,Yes,40-49,44,Yes,With Traffic,B: Evident Injury,Travel Lane,Black,Male,Greensboro,Guilford,Yes,01-01-03,2009-08-26,Motorist Overtaking Bicyclist,15,Non-Intersection,01-08-01,0001-01-01T10:21:58-04:56,Motorist Overtaking - Bicyclist Swerved,311235,2009,B: Evident Injury,Commercial,40-49,44,No,26-30 mph,O: No Injury,Other,Female,Passenger Car,No,No,Daylight,Urban (>70% Developed),5 lanes,2,Straight - Level,Local Street,Dry,"Two-Way, Divided, Unprotected Median",None,Railroad Crossing,Smooth Asphalt,Piedmont,Urban,30 - 35  MPH,RR Gate And Flasher,Clear,No,"36.0648, -79.7927"
492,493,No,15-Nov,14,No,Facing Traffic,Injury,Sidewalk / Crosswalk / Driveway Crossing,White,Male,Boiling Springs,Cleveland,No,01-01-04,2009-08-27,Crossing Paths - Other Circumstances,21,Intersection,01-08-01,0001-01-01T16:23:58-04:56,Crossing Paths - Intersection - Other /,132180,2009,O: No Injury,Residential,20-24,21,No,,O: No Injury,White,Female,Van,No,No,Dark - Roadway Not Lighted,Mixed (30% To 70% Developed),,2,Straight - Level,Local Street,Dry,"Two-Way, Not Divided",None,No Special Feature,Smooth Asphalt,Mountains,Rural,,No Control Present,Cloudy,No,"35.260803, -81.66763"
506,507,No,30-39,35,No,Not Applicable,C: Possible Injury,Travel Lane,Hispanic,Male,None - Rural Crash,Orange,No,01-01-05,2009-08-28,Non-Roadway,18,Non-Roadway,01-08-01,0001-01-01T13:09:58-04:56,Non-Roadway,410910,2009,C: Possible Injury,Residential,,,Missing,11-15 mph,Injury,/Missing,,Pickup,No,No,Dusk,Mixed (30% To 70% Developed),2 lanes,3,Straight - Level,"Private Road, Driveway",Dry,"Two-Way, Not Divided",None,"Driveway, Private",Gravel,Piedmont,Rural,5 - 15 MPH,No Control Present,Cloudy,No,"35.92442, -79.098656"
507,508,No,10-Jun,10,No,With Traffic,Injury,Travel Lane,/Missing,,None - Rural Crash,Wayne,No,01-01-02,2009-09-15,Bicyclist Left Turn / Merge,16,Non-Intersection,01-09-01,0001-01-01T12:01:58-04:56,Bicyclist Left Turn - Same Direction,311221,2009,O: No Injury,"Farms, Woods, Pastures",25-29,25,No,51-55 mph,O: No Injury,Hispanic,Female,Passenger Car,No,No,Daylight,Rural (<30% Developed),2 lanes,2,Straight - Level,NC Route,Dry,"Two-Way, Not Divided",None,"Driveway, Private",Smooth Asphalt,Coastal,Rural,50 - 55  MPH,"Double Yellow Line, No Passing Zone",Clear,No,"35.242855, -77.90444"