FID,OBJECTID,AmbulanceR,BikeAge_Gr,Bike_Age,Bike_Alc_D,Bike_Dir,Bike_Injur,Bike_Pos,Bike_Race,Bike_Sex,City,County,CrashAlcoh,CrashDay,Crash_Date,Crash_Grp,Crash_Hour,Crash_Loc,Crash_Mont,Crash_Time,Crash_Type,Crash_Ty_1,Crash_Year,Crsh_Sevri,Developmen,DrvrAge_Gr,Drvr_Age,Drvr_Alc_D,Drvr_EstSp,Drvr_Injur,Drvr_Race,Drvr_Sex,Drvr_VehTy,ExcsSpdInd,Hit_Run,Light_Cond,Locality,Num_Lanes,Num_Units,Rd_Charact,Rd_Class,Rd_Conditi,Rd_Config,Rd_Defects,Rd_Feature,Rd_Surface,Region,Rural_Urba,Speed_Limi,Traff_Cntr,Weather,Workzone_I,Location
687,688,Yes,50-59,51,No,With Traffic,B: Evident Injury,Travel Lane,White,Male,Durham,Durham,No,,2010-09-20,Motorist Left Turn / Merge,18,Intersection,01-09-01,0001-01-01T13:53:58-04:56,Motorist Left Turn - Opposite Direction,0,2010,B: Evident Injury,Residential,30-39,37,No,16-20 mph,O: No Injury,Asian,Female,Sport Utility,No,No,Daylight,Urban (>70% Developed),2 lanes,2,Straight - Level,Local Street,Dry,"Two-Way, Not Divided",None,Four-Way Intersection,Coarse Asphalt,Piedmont,Urban,30 - 35  MPH,Stop And Go Signal,Clear,No,"36.037464, -78.93555"
690,691,No,15-Nov,13,No,Facing Traffic,C: Possible Injury,,Black,Male,Charlotte,Mecklenburg,No,,2010-09-13,Motorist Failed to Yield - Sign-Controlled Intersection,17,Intersection,01-09-01,0001-01-01T12:43:58-04:56,Motorist Drive Out - Sign-Controlled Intersection,0,2010,C: Possible Injury,Residential,40-49,45,No,0-5 mph,O: No Injury,White,Female,Passenger Car,No,No,Daylight,Urban (>70% Developed),5 lanes,2,Straight - Grade,Local Street,Dry,"Two-Way, Not Divided",None,No Special Feature,Smooth Asphalt,Piedmont,Urban,30 - 35  MPH,Stop Sign,Clear,No,"35.13097, -80.85399"
695,696,No,50-59,58,No,With Traffic,B: Evident Injury,Travel Lane,White,Male,None - Rural Crash,Guilford,No,01-01-06,2010-09-25,Motorist Overtaking Bicyclist,6,Non-Intersection,01-09-01,0001-01-01T01:43:58-04:56,Motorist Overtaking - Other /,0,2010,B: Evident Injury,"Farms, Woods, Pastures",30-39,39,No,41-45 mph,O: No Injury,White,Male,Passenger Car,No,No,Dawn,Rural (<30% Developed),2 lanes,2,Straight - Level,State Secondary Route,Dry,"Two-Way, Not Divided",None,No Special Feature,Smooth Asphalt,Piedmont,Rural,40 - 45  MPH,"Double Yellow Line, No Passing Zone",Clear,No,"36.097317, -79.99603"
700,701,Yes,70,,No,With Traffic,A: Disabling Injury,Travel Lane,Black,Male,Rocky Mount,Edgecombe,No,01-01-05,2010-08-20,Bicyclist Left Turn / Merge,5,Non-Intersection,01-08-01,0001-01-01T00:31:58-04:56,Bicyclist Left Turn - Same Direction,0,2010,A: Disabling Injury,Residential,30-39,33,No,41-45 mph,O: No Injury,Black,Female,Passenger Car,No,No,Dark - Lighted Roadway,Mixed (30% To 70% Developed),2 lanes,2,Straight - Level,Local Street,Dry,"Two-Way, Not Divided",None,No Special Feature,Smooth Asphalt,Coastal,Urban,40 - 45  MPH,No Control Present,Cloudy,No,"35.90827, -77.805565"
710,711,Yes,60-69,61,No,With Traffic,C: Possible Injury,Travel Lane,Black,Male,Charlotte,Mecklenburg,No,01-01-02,2010-09-21,Motorist Right Turn / Merge,12,Intersection,01-09-01,0001-01-01T07:54:58-04:56,Motorist Right Turn - Same Direction,0,2010,C: Possible Injury,Commercial,50-59,56,No,,O: No Injury,White,Female,Passenger Car,No,No,Daylight,Urban (>70% Developed),2 lanes,2,Straight - Level,Local Street,Dry,"Two-Way, Not Divided",None,T-Intersection,Smooth Asphalt,Piedmont,Urban,20 - 25  MPH,Stop Sign,Clear,No,"35.17671, -80.85094"
724,725,No,40-49,49,No,With Traffic,B: Evident Injury,Travel Lane,Black,Female,Pineville,Mecklenburg,No,01-01-06,2010-09-04,Crossing Paths - Other Circumstances,8,Intersection,01-09-01,0001-01-01T03:25:58-04:56,Signalized Intersection - Other /,0,2010,B: Evident Injury,Commercial,70,,No,6-10 mph,O: No Injury,White,Male,Passenger Car,No,No,Daylight,Urban (>70% Developed),2 lanes,2,Straight - Level,Local Street,Dry,"Two-Way, Not Divided",None,Four-Way Intersection,Smooth Asphalt,Piedmont,Rural,30 - 35  MPH,Stop And Go Signal,Clear,No,"35.09484, -80.86639"
750,751,Yes,30-39,39,No,With Traffic,O: No Injury,Travel Lane,Black,Female,Raleigh,Wake,No,01-01-04,2010-09-02,Loss of Control / Turning Error,9,Intersection,01-09-01,0001-01-01T04:50:58-04:56,Bicyclist Turning Error - Right Turn,0,2010,O: No Injury,Residential,20-24,23,No,21-25 mph,O: No Injury,White,Female,Sport Utility,No,No,Daylight,Urban (>70% Developed),2 lanes,2,Straight - Level,Local Street,Dry,"Two-Way, Divided, Unprotected Median",None,Four-Way Intersection,Smooth Asphalt,Piedmont,Urban,30 - 35  MPH,Stop Sign,Clear,No,"35.791584, -78.630196"
754,755,Yes,16-19,16,No,Not Applicable,B: Evident Injury,Travel Lane,White,Male,None - Rural Crash,Pamlico,No,01-01-06,2010-10-09,Crossing Paths - Other Circumstances,21,Intersection,01-10-01,0001-01-01T17:00:58-04:56,Crossing Paths - Intersection - Other /,0,2010,B: Evident Injury,"Farms, Woods, Pastures",50-59,58,No,51-55 mph,B: Evident Injury,White,Male,Motorcycle,No,No,Dark - Roadway Not Lighted,Rural (<30% Developed),5 lanes,2,Straight - Level,NC Route,Dry,"Two-Way, Divided, Unprotected Median",None,T-Intersection,Smooth Asphalt,Coastal,Rural,50 - 55  MPH,Stop Sign,Clear,No,"35.135452, -76.896736"
758,759,Yes,16-19,16,No,With Traffic,C: Possible Injury,Sidewalk / Crosswalk / Driveway Crossing,White,Male,Raleigh,Wake,No,01-01-02,2010-09-07,Motorist Right Turn / Merge,15,Intersection,01-09-01,0001-01-01T10:28:58-04:56,Motorist Right Turn - Same Direction,0,2010,C: Possible Injury,Commercial,0-19,17,No,,O: No Injury,White,Male,Passenger Car,No,No,Daylight,Urban (>70% Developed),5 lanes,2,Straight - Level,Local Street,Dry,"Two-Way, Not Divided",None,No Special Feature,Smooth Asphalt,Piedmont,Urban,30 - 35  MPH,Stop And Go Signal,Clear,No,"35.85647, -78.65062"
764,765,Yes,20-24,20,No,With Traffic,B: Evident Injury,Travel Lane,White,Male,Lenoir,Caldwell,No,01-01-03,2010-10-13,Motorist Overtaking Bicyclist,20,Non-Intersection,01-10-01,0001-01-01T15:12:58-04:56,Motorist Overtaking - Undetected Bicyclist,0,2010,B: Evident Injury,Residential,40-49,40,No,46-50 mph,O: No Injury,White,Male,Sport Utility,No,No,Dark - Roadway Not Lighted,Urban (>70% Developed),5 lanes,2,Straight - Level,Local Street,Dry,"Two-Way, Not Divided",None,No Special Feature,Coarse Asphalt,Mountains,Urban,40 - 45  MPH,No Control Present,Cloudy,No,"35.923534, -81.547745"
772,773,Yes,10-Jun,10,No,With Traffic,B: Evident Injury,Travel Lane,Black,Male,Chapel Hill,Orange,No,01-01-04,2010-10-07,Bicyclist Failed to Yield - Sign-Controlled Intersection,15,Intersection,01-10-01,0001-01-01T10:16:58-04:56,Bicyclist Ride Through - Sign-Controlled Intersection,0,2010,B: Evident Injury,Residential,20-24,21,No,16-20 mph,O: No Injury,White,Male,"Single Unit Truck (2-Axle, 6-Tire)",No,No,Daylight,Rural (<30% Developed),2 lanes,2,Straight - Level,Local Street,Dry,"Two-Way, Not Divided",None,Four-Way Intersection,Coarse Asphalt,Piedmont,Urban,20 - 25  MPH,Stop Sign,Clear,No,"35.937473, -79.05032"
776,777,Yes,40-49,47,Yes,,C: Possible Injury,Sidewalk / Crosswalk / Driveway Crossing,Black,Male,Greensboro,Guilford,Yes,01-01-02,2010-10-05,Motorist Failed to Yield - Sign-Controlled Intersection,12,Intersection,01-10-01,0001-01-01T07:41:58-04:56,Motorist Drive Out - Sign-Controlled Intersection,0,2010,C: Possible Injury,Residential,70,,No,11-15 mph,O: No Injury,White,Male,Sport Utility,No,No,Daylight,Urban (>70% Developed),2 lanes,2,Straight - Level,Local Street,Dry,"Two-Way, Not Divided",None,Related To Intersection,Smooth Asphalt,Piedmont,Urban,20 - 25  MPH,Stop Sign,Clear,No,"36.08282, -79.78944"
804,805,Yes,30-39,31,No,Facing Traffic,B: Evident Injury,Travel Lane,White,Male,High Point,Guilford,No,,2010-10-18,Bicyclist Right Turn / Merge,17,Intersection,01-10-01,0001-01-01T12:39:58-04:56,Bicyclist Right Turn - Same Direction,0,2010,B: Evident Injury,Commercial,60-69,61,No,0-5 mph,O: No Injury,White,Male,Van,No,No,Daylight,Urban (>70% Developed),2 lanes,2,Straight - Level,Local Street,Dry,"Two-Way, Not Divided",None,T-Intersection,Coarse Asphalt,Piedmont,Urban,30 - 35  MPH,Stop Sign,Clear,No,"35.95517, -80.01082"
808,809,Yes,20-24,22,No,Facing Traffic,C: Possible Injury,Travel Lane,Black,Female,Laurinburg,Scotland,No,01-01-07,2010-10-24,Backing Vehicle,16,Non-Intersection,01-10-01,0001-01-01T11:18:58-04:56,Backing Vehicle,0,2010,C: Possible Injury,Residential,20-24,21,No,6-10 mph,O: No Injury,Black,Female,Passenger Car,No,No,Daylight,Urban (>70% Developed),,2,,.,Dry,,None,No Special Feature,,Coastal,Urban,30 - 35  MPH,No Control Present,Clear,No,"34.76805, -79.47446"
898,899,Yes,40-49,45,No,With Traffic,C: Possible Injury,Travel Lane,Black,Male,Winston-Salem,Forsyth,No,01-01-03,2010-11-17,Motorist Failed to Yield - Signalized Intersection,7,Intersection,01-11-01,0001-01-01T02:35:58-04:56,Motorist Drive Out - Signalized Intersection,0,2010,C: Possible Injury,Commercial,70,,No,0-5 mph,O: No Injury,Black,Male,Passenger Car,No,No,Daylight,Urban (>70% Developed),4 lanes,2,Straight - Level,Local Street,Dry,"Two-Way, Not Divided",None,Four-Way Intersection,Smooth Asphalt,Piedmont,Urban,20 - 25  MPH,Stop And Go Signal,Clear,No,"36.08329, -80.29523"
899,900,Yes,25-29,28,Yes,Facing Traffic,B: Evident Injury,Travel Lane,Black,Male,None - Rural Crash,Franklin,Yes,01-01-05,2010-12-03,Motorist Overtaking Bicyclist,18,Non-Intersection,01-12-01,0001-01-01T13:15:58-04:56,Motorist Overtaking - Bicyclist Swerved,0,2010,B: Evident Injury,Residential,40-49,47,No,41-45 mph,O: No Injury,White,Female,Pickup,No,No,Dark - Roadway Not Lighted,Mixed (30% To 70% Developed),2 lanes,2,Curve - Level,NC Route,Dry,"Two-Way, Not Divided",None,No Special Feature,Smooth Asphalt,Piedmont,Rural,40 - 45  MPH,"Double Yellow Line, No Passing Zone",Clear,No,"35.997932, -78.277565"
912,913,Yes,50-59,50,No,With Traffic,C: Possible Injury,Travel Lane,White,Male,None - Rural Crash,Yadkin,No,01-01-07,2010-12-05,Motorist Overtaking Bicyclist,16,Non-Intersection,01-12-01,0001-01-01T11:24:58-04:56,Motorist Overtaking - Misjudged Space,0,2010,C: Possible Injury,"Farms, Woods, Pastures",70,,No,31-35 mph,O: No Injury,White,Male,Pickup,No,No,Daylight,Rural (<30% Developed),2 lanes,2,Straight - Level,State Secondary Route,Dry,"Two-Way, Divided, Unprotected Median",None,No Special Feature,Smooth Asphalt,Mountains,Rural,50 - 55  MPH,"Double Yellow Line, No Passing Zone",Clear,No,"36.15361, -80.472145"
913,914,No,15-Nov,14,No,With Traffic,O: No Injury,Travel Lane,White,Male,None - Rural Crash,New Hanover,No,01-01-04,2010-12-09,Motorist Overtaking Bicyclist,17,Non-Intersection,01-12-01,0001-01-01T12:53:58-04:56,Motorist Overtaking - Misjudged Space,0,2010,O: No Injury,Residential,30-39,32,No,41-45 mph,O: No Injury,White,Female,Passenger Car,No,No,Dark - Roadway Not Lighted,Urban (>70% Developed),2 lanes,2,Straight - Level,US Route,Dry,"Two-Way, Not Divided",None,No Special Feature,Smooth Asphalt,Coastal,Rural,50 - 55  MPH,No Control Present,Clear,No,"34.215004, -77.92633"
923,924,Yes,16-19,17,No,Facing Traffic,C: Possible Injury,Travel Lane,White,Male,Newton,Catawba,No,01-01-06,2010-11-27,Motorist Failed to Yield - Sign-Controlled Intersection,18,Intersection,01-11-01,0001-01-01T13:14:58-04:56,Motorist Drive Out - Sign-Controlled Intersection,0,2010,C: Possible Injury,Commercial,,,Missing,31-35 mph,Injury,/Missing,,,No,Yes,Dark - Lighted Roadway,Mixed (30% To 70% Developed),2 lanes,2,Straight - Level,Local Street,Dry,"Two-Way, Not Divided",None,T-Intersection,Coarse Asphalt,Piedmont,Urban,30 - 35  MPH,Stop Sign,Clear,No,"35.69448, -81.21807"
926,927,Yes,40-49,45,No,With Traffic,C: Possible Injury,Travel Lane,Hispanic,Male,None - Rural Crash,Harnett,No,01-01-03,2010-12-08,Motorist Overtaking Bicyclist,8,Non-Intersection,01-12-01,0001-01-01T03:13:58-04:56,Motorist Overtaking - Misjudged Space,0,2010,C: Possible Injury,"Farms, Woods, Pastures",50-59,53,No,21-25 mph,O: No Injury,Other,Female,Passenger Car,No,No,Daylight,Rural (<30% Developed),4 lanes,2,Straight - Level,NC Route,Dry,"Two-Way, Divided, Positive Median Barrier",None,No Special Feature,Coarse Asphalt,Coastal,Rural,50 - 55  MPH,No Control Present,Clear,No,"35.27476, -79.06883"
12,13,Yes,15-Nov,12,No,Not Applicable,B: Evident Injury,Non-Roadway,White,Female,None - Rural Crash,Randolph,No,01-01-07,2011-01-30,Bicyclist Failed to Yield - Midblock,12,Non-Intersection,,0001-01-01T07:45:58-04:56,Bicyclist Ride Out - Other Midblock,363318,2011,B: Evident Injury,Residential,30-39,33,No,21-25 mph,O: No Injury,White,Female,Passenger Car,No,No,Daylight,Rural (<30% Developed),2 lanes,2,Straight - Level,State Secondary Route,Dry,"Two-Way, Not Divided",None,No Special Feature,Smooth Asphalt,Piedmont,Rural,30 - 35  MPH,No Control Present,Clear,No,"35.85252, -79.7944"
16,17,No,20-24,21,No,With Traffic,B: Evident Injury,Travel Lane,White,Male,Raleigh,Wake,No,01-01-03,2011-01-05,Motorist Right Turn / Merge,13,Non-Intersection,,0001-01-01T09:02:58-04:56,Motorist Right Turn - Same Direction,311213,2011,B: Evident Injury,Commercial,50-59,59,No,26-30 mph,O: No Injury,White,Female,Passenger Car,No,No,Daylight,Urban (>70% Developed),5 lanes,2,Straight - Level,Local Street,Dry,"Two-Way, Divided, Unprotected Median",None,No Special Feature,Smooth Asphalt,Piedmont,Urban,30 - 35  MPH,No Control Present,Clear,No,"35.79174, -78.6628"
37,38,No,40-49,45,No,With Traffic,C: Possible Injury,Travel Lane,Hispanic,Male,Charlotte,Mecklenburg,No,01-01-07,2011-02-06,Motorist Overtaking Bicyclist,22,Non-Intersection,01-02-01,0001-01-01T17:17:58-04:56,Motorist Overtaking - Undetected Bicyclist,311231,2011,C: Possible Injury,Residential,30-39,31,No,21-25 mph,O: No Injury,Black,Male,Sport Utility,No,No,Dark - Roadway Not Lighted,Rural (<30% Developed),2 lanes,2,Straight - Hillcrest,Local Street,Dry,"Two-Way, Not Divided",None,No Special Feature,Smooth Asphalt,Piedmont,Urban,30 - 35  MPH,No Control Present,Clear,No,"35.34616, -80.7956"
38,39,Yes,40-49,40,No,Facing Traffic,C: Possible Injury,Sidewalk / Crosswalk / Driveway Crossing,Black,Male,Raleigh,Wake,No,01-01-05,2011-01-14,Motorist Failed to Yield - Midblock,15,Non-Intersection,,0001-01-01T10:33:58-04:56,Motorist Drive Out - Commercial Driveway / Alley,332322,2011,C: Possible Injury,Commercial,30-39,32,No,0-5 mph,O: No Injury,White,Male,Passenger Car,No,No,Daylight,Urban (>70% Developed),7 lanes,2,Straight - Level,Local Street,Dry,"Two-Way, Divided, Positive Median Barrier",None,T-Intersection,Coarse Asphalt,Piedmont,Urban,5 - 15 MPH,No Control Present,Clear,No,"35.79913, -78.5684"
46,47,Yes,20-24,20,No,Not Applicable,B: Evident Injury,Travel Lane,Hispanic,Male,Charlotte,Mecklenburg,No,01-01-03,2011-02-09,Bicyclist Failed to Yield - Midblock,14,Non-Intersection,01-02-01,0001-01-01T09:18:58-04:56,Multiple Threat - Midblock,313357,2011,B: Evident Injury,Commercial,30-39,35,No,31-35 mph,O: No Injury,Black,Male,Sport Utility,No,No,Daylight,Urban (>70% Developed),4 lanes,2,Straight - Level,Local Street,Dry,"Two-Way, Divided, Positive Median Barrier",None,No Special Feature,Smooth Asphalt,Piedmont,Urban,30 - 35  MPH,No Control Present,Clear,No,"35.21384, -80.7558"
50,51,No,40-49,46,Yes,With Traffic,C: Possible Injury,Sidewalk / Crosswalk / Driveway Crossing,Black,Male,Durham,Durham,Yes,01-01-04,2011-02-24,Bicyclist Failed to Yield - Signalized Intersection,21,Intersection,01-02-01,0001-01-01T16:52:58-04:56,Bicyclist Ride Through - Signalized Intersection,131155,2011,C: Possible Injury,Commercial,40-49,43,No,0-5 mph,O: No Injury,White,Male,Passenger Car,No,No,Dark - Lighted Roadway,Urban (>70% Developed),2 lanes,2,Straight - Level,Local Street,Wet,"One-Way, Not Divided",None,No Special Feature,Smooth Asphalt,Piedmont,Urban,20 - 25  MPH,Stop And Go Signal,Cloudy,No,"35.99758, -78.8985"
51,52,Yes,50-59,52,No,With Traffic,B: Evident Injury,Travel Lane,Black,Male,None - Rural Crash,Pitt,No,01-01-05,2011-02-25,Motorist Failed to Yield - Sign-Controlled Intersection,7,Intersection,01-02-01,0001-01-01T02:41:58-04:56,Motorist Drive Out - Sign-Controlled Intersection,111141,2011,B: Evident Injury,Residential,20-24,21,No,0-5 mph,O: No Injury,White,Female,Passenger Car,No,No,Daylight,Mixed (30% To 70% Developed),6 lanes,2,Straight - Level,US Route,Wet,"Two-Way, Not Divided",None,No Special Feature,Smooth Asphalt,Coastal,Rural,50 - 55  MPH,Stop Sign,Clear,No,"35.62992, -77.3296"
53,54,Yes,15-Nov,14,No,Facing Traffic,C: Possible Injury,Travel Lane,Black,Male,Laurinburg,Scotland,No,01-01-07,2011-02-13,Motorist Failed to Yield - Sign-Controlled Intersection,16,Intersection,01-02-01,0001-01-01T11:14:58-04:56,Motorist Drive Out - Sign-Controlled Intersection,112141,2011,C: Possible Injury,Residential,60-69,63,No,0-5 mph,O: No Injury,Black,Female,Passenger Car,No,No,Daylight,Urban (>70% Developed),2 lanes,2,Straight - Level,Local Street,Dry,"Two-Way, Not Divided",None,No Special Feature,Coarse Asphalt,Coastal,Urban,30 - 35  MPH,Stop Sign,Clear,No,"34.78286, -79.4601"
55,56,No,15-Nov,15,No,Not Applicable,C: Possible Injury,Travel Lane,Black,Male,Durham,Durham,No,01-01-03,2011-02-02,Crossing Paths - Other Circumstances,23,Intersection-Related,01-02-01,0001-01-01T18:24:58-04:56,Crossing Paths - Intersection - Other /,213180,2011,C: Possible Injury,Commercial,,,No,,Injury,/Missing,,Van,No,Yes,Daylight,Urban (>70% Developed),2 lanes,2,Straight - Level,Local Street,Dry,"Two-Way, Not Divided",None,No Special Feature,Coarse Asphalt,Piedmont,Urban,,No Control Present,Clear,No,"36.00502, -78.8669"
56,57,No,10-Jun,10,No,With Traffic,C: Possible Injury,Sidewalk / Crosswalk / Driveway Crossing,Black,Male,Charlotte,Mecklenburg,No,,2011-02-14,Motorist Right Turn / Merge,16,Intersection,01-02-01,0001-01-01T11:53:58-04:56,Motorist Right Turn - Same Direction,131213,2011,C: Possible Injury,Residential,25-29,29,No,11-15 mph,O: No Injury,Black,Female,School Bus,No,No,Dusk,Urban (>70% Developed),1 lane,2,Straight - Grade,Local Street,Dry,"One-Way, Not Divided",None,Traffic Circle/Roundabout,Smooth Asphalt,Piedmont,Urban,20 - 25  MPH,No Control Present,Clear,No,"35.22624, -80.8332"
64,65,Yes,60-69,60,No,With Traffic,C: Possible Injury,Travel Lane,White,Male,Charlotte,Mecklenburg,No,01-01-03,2011-02-23,Motorist Left Turn / Merge,9,Intersection,01-02-01,0001-01-01T04:37:58-04:56,Motorist Left Turn - Opposite Direction,111212,2011,C: Possible Injury,Commercial,20-24,23,No,0-5 mph,O: No Injury,Other,Female,Passenger Car,No,No,Daylight,Urban (>70% Developed),4 lanes,2,Straight - Level,Local Street,Dry,"Two-Way, Divided, Unprotected Median",None,No Special Feature,Smooth Asphalt,Piedmont,Urban,30 - 35  MPH,Stop And Go Signal,Cloudy,No,"35.22709, -80.8431"
68,69,No,20-24,21,No,With Traffic,O: No Injury,Travel Lane,White,Male,Asheville,Buncombe,No,01-01-05,2011-02-11,Loss of Control / Turning Error,10,Intersection,01-02-01,0001-01-01T05:36:58-04:56,Bicyclist Lost Control - Mechanical Problems,111121,2011,O: No Injury,Commercial,40-49,44,No,11-15 mph,O: No Injury,Black,Female,Passenger Car,No,No,Daylight,Urban (>70% Developed),3 lanes,2,,US Route,Dry,"Two-Way, Not Divided",None,T-Intersection,Smooth Asphalt,Mountains,Urban,30 - 35  MPH,Stop And Go Signal,Clear,No,"35.59764, -82.5361"
81,82,Yes,40-49,47,No,With Traffic,B: Evident Injury,,Black,Female,Tarboro,Edgecombe,No,01-01-04,2011-03-10,Parallel Paths - Other Circumstances,18,Non-Intersection,01-03-01,0001-01-01T13:50:58-04:56,Bicyclist Ride Out - Parallel Path,391225,2011,B: Evident Injury,Residential,20-24,22,No,31-35 mph,O: No Injury,Black,Male,Passenger Car,No,No,Dark - Lighted Roadway,Urban (>70% Developed),5 lanes,2,Straight - Level,Local Street,Wet,"Two-Way, Not Divided",None,No Special Feature,Smooth Asphalt,Coastal,Urban,30 - 35  MPH,No Control Present,Rain,No,"35.90314, -77.5514"
86,87,Yes,20-24,22,No,With Traffic,C: Possible Injury,Travel Lane,White,Male,Asheville,Buncombe,No,01-01-04,2011-03-10,Motorist Left Turn / Merge,16,Intersection,01-03-01,0001-01-01T11:12:58-04:56,Motorist Left Turn - Opposite Direction,111212,2011,C: Possible Injury,Commercial,70,,No,11-15 mph,O: No Injury,White,Female,Pickup,No,No,Daylight,Urban (>70% Developed),4 lanes,2,Straight - Level,Local Street,Dry,"Two-Way, Not Divided",None,Four-Way Intersection,Smooth Asphalt,Mountains,Urban,20 - 25  MPH,Stop And Go Signal,Cloudy,No,"35.59115, -82.5565"
93,94,Yes,10-Jun,7,No,With Traffic,C: Possible Injury,Travel Lane,Hispanic,Male,None - Rural Crash,Johnston,No,01-01-03,2011-03-23,Bicyclist Failed to Yield - Sign-Controlled Intersection,17,Intersection,01-03-01,0001-01-01T12:30:58-04:56,Bicyclist Ride Through - Sign-Controlled Intersection,111144,2011,C: Possible Injury,Residential,50-59,58,No,0-5 mph,O: No Injury,White,Female,Passenger Car,No,No,Daylight,Mixed (30% To 70% Developed),1 lane,2,Straight - Level,State Secondary Route,Dry,"One-Way, Not Divided",None,No Special Feature,Smooth Asphalt,Coastal,Rural,5 - 15 MPH,Stop Sign,Clear,No,"35.65024, -78.3842"
94,95,Yes,50-59,59,No,With Traffic,C: Possible Injury,Travel Lane,White,Male,Cary,Wake,No,01-01-03,2011-03-23,Motorist Left Turn / Merge,17,Intersection,01-03-01,0001-01-01T12:35:58-04:56,Motorist Left Turn - Opposite Direction,111212,2011,C: Possible Injury,Residential,20-24,23,No,6-10 mph,O: No Injury,White,Female,Passenger Car,No,No,Daylight,Urban (>70% Developed),5 lanes,2,Straight - Level,State Secondary Route,Dry,"Two-Way, Not Divided",None,Four-Way Intersection,Smooth Asphalt,Piedmont,Urban,20 - 25  MPH,Stop And Go Signal,Clear,No,"35.81176, -78.7948"
101,102,Yes,40-49,46,No,With Traffic,B: Evident Injury,Travel Lane,White,Male,Charlotte,Mecklenburg,No,01-01-05,2011-03-18,Motorist Left Turn / Merge,6,Intersection,01-03-01,0001-01-01T02:00:58-04:56,Motorist Left Turn - Opposite Direction,111212,2011,B: Evident Injury,Commercial,40-49,41,No,31-35 mph,O: No Injury,White,Male,Passenger Car,No,No,Dark - Lighted Roadway,Mixed (30% To 70% Developed),2 lanes,2,Straight - Level,Local Street,Dry,"Two-Way, Not Divided",None,Four-Way Intersection,Smooth Asphalt,Piedmont,Urban,40 - 45  MPH,Stop Sign,Clear,No,"35.12587, -80.9805"
104,105,No,25-29,28,No,Facing Traffic,C: Possible Injury,Sidewalk / Crosswalk / Driveway Crossing,White,Male,Charlotte,Mecklenburg,No,01-01-04,2011-03-17,Motorist Left Turn / Merge,16,Intersection,01-03-01,0001-01-01T12:01:58-04:56,Motorist Left Turn - Same Direction,132211,2011,C: Possible Injury,Commercial,40-49,46,No,0-5 mph,O: No Injury,White,Male,Passenger Car,No,No,Daylight,Urban (>70% Developed),2 lanes,2,Straight - Level,Local Street,Dry,"One-Way, Not Divided",None,Four-Way Intersection,Smooth Asphalt,Piedmont,Urban,20 - 25  MPH,Stop And Go Signal,Clear,No,"35.22641, -80.8442"
107,108,Yes,10-Jun,6,No,With Traffic,C: Possible Injury,Travel Lane,Black,Female,None - Rural Crash,Union,No,01-01-04,2011-03-24,Backing Vehicle,16,Non-Intersection,01-03-01,0001-01-01T11:05:58-04:56,Backing Vehicle,311600,2011,C: Possible Injury,Residential,70,,No,0-5 mph,O: No Injury,Black,Female,Passenger Car,No,Yes,Daylight,Urban (>70% Developed),2 lanes,2,Straight - Level,State Secondary Route,Dry,"Two-Way, Not Divided",None,No Special Feature,Coarse Asphalt,Piedmont,Rural,30 - 35  MPH,No Control Present,Clear,No,"35.0069, -80.4277"
111,112,Yes,20-24,22,No,Facing Traffic,K: Killed,Travel Lane,Hispanic,Male,None - Rural Crash,Pitt,No,01-01-04,2011-03-24,Head-On,20,Non-Intersection,01-03-01,0001-01-01T15:24:58-04:56,Head-On - Bicyclist,312250,2011,K: Killed,Residential,20-24,20,No,41-45 mph,O: No Injury,Black,Male,Sport Utility,No,No,Dark - Roadway Not Lighted,Urban (>70% Developed),2 lanes,2,Straight - Level,NC Route,Dry,"Two-Way, Not Divided",None,No Special Feature,Coarse Asphalt,Coastal,Rural,40 - 45  MPH,No Control Present,Clear,No,"35.65704, -77.4078"
115,116,No,10-Jun,6,No,With Traffic,O: No Injury,Travel Lane,Black,Male,Raleigh,Wake,No,01-01-06,2011-03-19,Loss of Control / Turning Error,16,Intersection,01-03-01,0001-01-01T11:56:58-04:56,Bicyclist Lost Control - Mechanical Problems,111121,2011,O: No Injury,Residential,50-59,51,No,31-35 mph,O: No Injury,Black,Female,Passenger Car,No,No,Daylight,Urban (>70% Developed),2 lanes,2,Straight - Level,Local Street,Dry,"Two-Way, Not Divided",None,Four-Way Intersection,Smooth Asphalt,Piedmont,Urban,30 - 35  MPH,Stop Sign,Clear,No,"35.78209, -78.6256"
118,119,Yes,15-Nov,11,No,With Traffic,B: Evident Injury,Travel Lane,White,Male,None - Rural Crash,Rowan,No,01-01-06,2011-04-02,Motorist Overtaking Bicyclist,17,Non-Intersection,01-04-01,0001-01-01T12:37:58-04:56,Motorist Overtaking - Bicyclist Swerved,311235,2011,B: Evident Injury,Residential,30-39,30,No,41-45 mph,O: No Injury,White,Female,Sport Utility,No,No,Daylight,Mixed (30% To 70% Developed),2 lanes,2,Straight - Hillcrest,State Secondary Route,Dry,"Two-Way, Not Divided",None,No Special Feature,Coarse Asphalt,Piedmont,Rural,50 - 55  MPH,"Double Yellow Line, No Passing Zone",Clear,No,"35.50391, -80.4966"