FID,OBJECTID,AmbulanceR,BikeAge_Gr,Bike_Age,Bike_Alc_D,Bike_Dir,Bike_Injur,Bike_Pos,Bike_Race,Bike_Sex,City,County,CrashAlcoh,CrashDay,Crash_Date,Crash_Grp,Crash_Hour,Crash_Loc,Crash_Mont,Crash_Time,Crash_Type,Crash_Ty_1,Crash_Year,Crsh_Sevri,Developmen,DrvrAge_Gr,Drvr_Age,Drvr_Alc_D,Drvr_EstSp,Drvr_Injur,Drvr_Race,Drvr_Sex,Drvr_VehTy,ExcsSpdInd,Hit_Run,Light_Cond,Locality,Num_Lanes,Num_Units,Rd_Charact,Rd_Class,Rd_Conditi,Rd_Config,Rd_Defects,Rd_Feature,Rd_Surface,Region,Rural_Urba,Speed_Limi,Traff_Cntr,Weather,Workzone_I,Location
128,129,Yes,40-49,46,No,With Traffic,K: Killed,Travel Lane,White,Male,None - Rural Crash,New Hanover,Yes,01-01-07,2011-04-03,Motorist Overtaking Bicyclist,9,Non-Intersection,01-04-01,0001-01-01T04:33:58-04:56,Motorist Overtaking - Other /,311239,2011,K: Killed,Residential,60-69,63,Yes,51-55 mph,O: No Injury,White,Male,Passenger Car,No,No,Daylight,Mixed (30% To 70% Developed),2 lanes,3,Straight - Level,State Secondary Route,Dry,"Two-Way, Not Divided",None,No Special Feature,Coarse Asphalt,Coastal,Rural,50 - 55  MPH,No Control Present,Clear,No,"34.09924, -77.9216"
138,139,Yes,30-39,37,No,With Traffic,C: Possible Injury,Travel Lane,White,Male,Cary,Wake,No,01-01-03,2011-04-13,Motorist Left Turn / Merge,13,Intersection,01-04-01,0001-01-01T09:01:58-04:56,Motorist Left Turn - Opposite Direction,111212,2011,C: Possible Injury,Commercial,60-69,69,No,11-15 mph,O: No Injury,White,Male,Van,No,No,Daylight,Urban (>70% Developed),4 lanes,2,Straight - Level,State Secondary Route,Dry,"Two-Way, Divided, Unprotected Median",None,Four-Way Intersection,Smooth Asphalt,Piedmont,Urban,40 - 45  MPH,Stop And Go Signal,Clear,No,"35.8022, -78.7866"
139,140,Yes,15-Nov,13,No,With Traffic,B: Evident Injury,Travel Lane,White,Male,High Point,Guilford,No,01-01-07,2011-04-03,Bicyclist Failed to Yield - Sign-Controlled Intersection,14,Intersection,01-04-01,0001-01-01T09:48:58-04:56,Bicyclist Ride Out - Sign-Controlled Intersection,111142,2011,B: Evident Injury,Residential,,,Missing,,Injury,/Missing,,Passenger Car,No,Yes,Daylight,Urban (>70% Developed),2 lanes,2,Straight - Grade,Local Street,Dry,"Two-Way, Not Divided",None,T-Intersection,Smooth Asphalt,Piedmont,Urban,30 - 35  MPH,Stop Sign,Clear,No,"35.97327, -80.0112"
140,141,Yes,50-59,51,No,Not Applicable,A: Disabling Injury,Bike Lane / Paved Shoulder,Hispanic,Male,Burlington,Alamance,No,,2011-04-04,Crossing Paths - Other Circumstances,19,Intersection-Related,01-04-01,0001-01-01T14:13:58-04:56,Crossing Paths - Uncontrolled Intersection,223160,2011,A: Disabling Injury,Residential,25-29,26,No,31-35 mph,O: No Injury,Black,Female,Passenger Car,No,No,Daylight,Urban (>70% Developed),4 lanes,2,Curve - Bottom,Local Street,Dry,"Two-Way, Not Divided",None,Related To Intersection,Smooth Asphalt,Piedmont,Urban,30 - 35  MPH,Stop And Go Signal,Cloudy,No,"36.09224, -79.4293"
145,146,Yes,50-59,53,No,With Traffic,C: Possible Injury,Travel Lane,White,Male,None - Rural Crash,Cumberland,No,01-01-05,2011-04-15,Motorist Failed to Yield - Sign-Controlled Intersection,18,Intersection,01-04-01,0001-01-01T13:28:58-04:56,Motorist Drive Out - Sign-Controlled Intersection,111141,2011,C: Possible Injury,Commercial,40-49,46,No,11-15 mph,O: No Injury,Other,Male,Passenger Car,No,No,Daylight,Urban (>70% Developed),5 lanes,2,Straight - Level,State Secondary Route,Dry,"Two-Way, Not Divided",None,No Special Feature,Smooth Asphalt,Coastal,Rural,40 - 45  MPH,Stop Sign,Clear,No,"35.0127, -78.919"
146,147,Yes,40-49,46,Yes,With Traffic,C: Possible Injury,Sidewalk / Crosswalk / Driveway Crossing,Black,Male,Kinston,Lenoir,Yes,01-01-02,2011-04-19,Bicyclist Failed to Yield - Sign-Controlled Intersection,20,Intersection-Related,01-04-01,0001-01-01T16:01:58-04:56,Bicyclist Ride Out - Sign-Controlled Intersection,231142,2011,C: Possible Injury,Residential,60-69,67,No,16-20 mph,O: No Injury,Black,Male,Passenger Car,No,No,Dark - Lighted Roadway,Urban (>70% Developed),2 lanes,2,Straight - Level,Local Street,Dry,"Two-Way, Not Divided",None,No Special Feature,Coarse Asphalt,Coastal,Urban,20 - 25  MPH,Stop Sign,Clear,No,"35.25718, -77.5701"
148,149,Yes,30-39,34,No,With Traffic,C: Possible Injury,Travel Lane,White,Male,Charlotte,Mecklenburg,No,01-01-06,2011-04-09,Motorist Left Turn / Merge,12,Intersection,01-04-01,0001-01-01T07:08:58-04:56,Motorist Left Turn - Opposite Direction,111212,2011,C: Possible Injury,Commercial,20-24,24,No,0-5 mph,O: No Injury,Black,Female,Passenger Car,No,No,Daylight,Urban (>70% Developed),4 lanes,2,Straight - Level,Local Street,Dry,"Two-Way, Not Divided",None,Four-Way Intersection,Smooth Asphalt,Piedmont,Urban,30 - 35  MPH,Stop And Go Signal,Clear,No,"35.22492, -80.8464"
158,159,Yes,16-19,17,No,With Traffic,B: Evident Injury,Travel Lane,White,Male,Cary,Wake,No,01-01-06,2011-04-23,Motorist Left Turn / Merge,21,Intersection,01-04-01,0001-01-01T16:42:58-04:56,Motorist Left Turn - Opposite Direction,111212,2011,B: Evident Injury,Residential,30-39,32,No,31-35 mph,O: No Injury,White,Male,Passenger Car,No,No,Dark - Roadway Not Lighted,Urban (>70% Developed),2 lanes,2,Straight - Level,State Secondary Route,Dry,"Two-Way, Not Divided",None,T-Intersection,Smooth Asphalt,Piedmont,Urban,30 - 35  MPH,Stop Sign,Clear,No,"35.79154, -78.7811"
159,160,No,0-5,5,No,Not Applicable,C: Possible Injury,Non-Roadway,White,Male,Wilson,Wilson,No,01-01-07,2011-01-23,Non-Roadway,13,Non-Roadway,,0001-01-01T08:50:58-04:56,Non-Roadway,460910,2011,C: Possible Injury,Residential,25-29,25,No,0-5 mph,O: No Injury,Black,Male,Sport Utility,No,No,Daylight,Urban (>70% Developed),,2,Straight - Level,Public Vehicular Area,Dry,"Two-Way, Not Divided",None,No Special Feature,Concrete,Coastal,Urban,30 - 35  MPH,No Control Present,Clear,No,"35.73161, -77.9181"
161,162,Yes,16-19,19,No,With Traffic,B: Evident Injury,Travel Lane,Native American,Male,Lumberton,Robeson,No,01-01-03,2011-04-27,Bicyclist Failed to Yield - Sign-Controlled Intersection,20,Intersection,01-04-01,0001-01-01T15:06:58-04:56,Bicyclist Ride Out - Sign-Controlled Intersection,111142,2011,B: Evident Injury,Residential,50-59,53,No,41-45 mph,O: No Injury,White,Male,Passenger Car,No,No,Daylight,Urban (>70% Developed),2 lanes,2,Straight - Level,Local Street,Dry,"Two-Way, Not Divided",None,No Special Feature,Coarse Asphalt,Coastal,Urban,40 - 45  MPH,Stop Sign,Cloudy,No,"34.61033, -78.9729"
167,168,Yes,40-49,48,No,With Traffic,B: Evident Injury,Travel Lane,White,Male,High Point,Guilford,No,01-01-04,2011-04-07,Motorist Left Turn / Merge,18,Intersection,01-04-01,0001-01-01T13:50:58-04:56,Motorist Left Turn - Opposite Direction,111212,2011,B: Evident Injury,Residential,0-19,17,No,16-20 mph,O: No Injury,White,Female,Passenger Car,No,No,Daylight,Urban (>70% Developed),2 lanes,2,Straight - Level,Local Street,Dry,"Two-Way, Not Divided",None,Four-Way Intersection,Coarse Asphalt,Piedmont,Urban,30 - 35  MPH,Stop And Go Signal,Clear,No,"36.03991, -79.9406"
169,170,Yes,60-69,64,No,With Traffic,B: Evident Injury,Travel Lane,Black,Male,None - Rural Crash,Onslow,No,01-01-02,2011-04-26,Motorist Overtaking Bicyclist,6,Non-Intersection,01-04-01,0001-01-01T01:33:58-04:56,Motorist Overtaking - Misjudged Space,311232,2011,B: Evident Injury,"Farms, Woods, Pastures",30-39,30,No,16-20 mph,O: No Injury,White,Male,Passenger Car,No,No,Dawn,Rural (<30% Developed),2 lanes,2,Straight - Level,State Secondary Route,,"Two-Way, Not Divided",None,No Special Feature,Coarse Asphalt,Coastal,Rural,40 - 45  MPH,No Control Present,Clear,No,"34.77112, -77.3557"
171,172,No,50-59,54,No,With Traffic,C: Possible Injury,Travel Lane,White,Male,None - Rural Crash,Durham,No,01-01-05,2011-04-29,Bicyclist Overtaking Motorist,13,Non-Intersection,01-04-01,0001-01-01T08:04:58-04:56,Bicyclist Overtaking - Passing on Right,311241,2011,C: Possible Injury,"Farms, Woods, Pastures",60-69,68,No,46-50 mph,O: No Injury,White,Female,Van,No,No,Daylight,Mixed (30% To 70% Developed),2 lanes,2,Straight - Level,NC Route,Dry,"Two-Way, Not Divided",Work Zone,No Special Feature,Smooth Asphalt,Piedmont,Rural,50 - 55  MPH,"Double Yellow Line, No Passing Zone",Clear,No,"36.08714, -78.9129"
180,181,Yes,40-49,45,No,With Traffic,A: Disabling Injury,Travel Lane,White,Male,None - Rural Crash,Pitt,No,01-01-05,2011-04-29,Motorist Overtaking Bicyclist,19,Non-Intersection,01-04-01,0001-01-01T14:15:58-04:56,Motorist Overtaking - Other /,311239,2011,A: Disabling Injury,"Farms, Woods, Pastures",50-59,57,No,41-45 mph,O: No Injury,White,Male,Pickup,No,No,Daylight,Rural (<30% Developed),2 lanes,2,Straight - Level,NC Route,Dry,"Two-Way, Not Divided",None,No Special Feature,Coarse Asphalt,Coastal,Rural,50 - 55  MPH,No Control Present,Clear,No,"35.4715, -77.3906"
182,183,Yes,10-Jun,10,No,Not Applicable,C: Possible Injury,Travel Lane,Black,Male,Greensboro,Guilford,No,01-01-03,2011-04-20,Bicyclist Failed to Yield - Midblock,15,Non-Intersection,01-04-01,0001-01-01T10:36:58-04:56,Bicyclist Ride Out - Other Midblock,313318,2011,C: Possible Injury,Residential,20-24,21,No,21-25 mph,O: No Injury,Black,Female,Passenger Car,No,No,Daylight,Urban (>70% Developed),2 lanes,2,Straight - Level,Local Street,Dry,"Two-Way, Not Divided",None,No Special Feature,Smooth Asphalt,Piedmont,Urban,30 - 35  MPH,No Control Present,Clear,No,"36.07225, -79.8809"
187,188,No,0-5,4,No,Facing Traffic,B: Evident Injury,Travel Lane,Black,Male,Mooresville,Iredell,No,01-01-02,2011-04-19,Crossing Paths - Other Circumstances,16,Intersection,01-04-01,0001-01-01T11:50:58-04:56,Crossing Paths - Intersection - Other /,112180,2011,B: Evident Injury,Residential,30-39,34,No,11-15 mph,O: No Injury,White,Male,Pickup,No,No,Daylight,Mixed (30% To 70% Developed),2 lanes,2,Straight - Level,Local Street,Dry,"Two-Way, Not Divided",None,No Special Feature,Smooth Asphalt,Piedmont,Urban,30 - 35  MPH,No Control Present,Clear,No,"35.58297, -80.8244"
198,199,Yes,20-24,21,No,With Traffic,B: Evident Injury,Travel Lane,White,Male,Winston-Salem,Forsyth,No,01-01-03,2011-04-27,Motorist Left Turn / Merge,13,Non-Intersection,01-04-01,0001-01-01T08:46:58-04:56,Motorist Left Turn - Opposite Direction,311212,2011,B: Evident Injury,Residential,25-29,25,No,0-5 mph,O: No Injury,White,Female,Sport Utility,No,No,Daylight,Urban (>70% Developed),2 lanes,2,Straight - Level,Local Street,Wet,"Two-Way, Not Divided",None,"Driveway, Private",Coarse Asphalt,Piedmont,Urban,30 - 35  MPH,No Control Present,Rain,No,"36.12756, -80.3002"
178,179,No,30-39,31,No,,C: Possible Injury,,Black,Male,Kinston,Lenoir,No,01-01-02,2010-04-27,Other /  - Insufficient Details,13,Non-Intersection,01-04-01,0001-01-01T08:07:58-04:56,Approach Paths,0,2010,C: Possible Injury,Residential,70,,No,31-35 mph,O: No Injury,White,Male,Van,No,No,Daylight,Urban (>70% Developed),2 lanes,2,Straight - Level,Local Street,Dry,"Two-Way, Not Divided",,No Special Feature,Smooth Asphalt,Coastal,Urban,30 - 35  MPH,No Control Present,Clear,No,"35.269512, -77.57767"
183,184,Yes,30-39,39,No,With Traffic,B: Evident Injury,Travel Lane,White,Male,Greensboro,Guilford,No,01-01-05,2010-04-16,Motorist Left Turn / Merge,18,Intersection,01-04-01,0001-01-01T13:03:58-04:56,Motorist Left Turn - Opposite Direction,0,2010,B: Evident Injury,Residential,70,,No,16-20 mph,O: No Injury,White,Male,Passenger Car,No,No,Daylight,Urban (>70% Developed),2 lanes,2,Straight - Grade,Local Street,Dry,"Two-Way, Not Divided",None,T-Intersection,Smooth Asphalt,Piedmont,Urban,30 - 35  MPH,No Control Present,Clear,No,"36.096333, -79.82243"
184,185,No,25-29,29,No,With Traffic,O: No Injury,Travel Lane,Hispanic,Male,Charlotte,Mecklenburg,No,01-01-03,2010-04-21,Parallel Paths - Other Circumstances,17,Non-Intersection,01-04-01,0001-01-01T12:59:58-04:56,Parallel Paths - Other /,0,2010,O: No Injury,Commercial,50-59,55,No,31-35 mph,O: No Injury,Black,Female,Commercial Bus,No,No,Daylight,Urban (>70% Developed),2 lanes,2,Straight - Level,Local Street,Dry,"One-Way, Not Divided",None,No Special Feature,Smooth Asphalt,Piedmont,Urban,30 - 35  MPH,No Control Present,Cloudy,Yes,"35.235203, -80.82073"
192,193,No,40-49,45,No,Facing Traffic,B: Evident Injury,Travel Lane,Black,Male,Burlington,Alamance,No,01-01-05,2010-04-23,Bicyclist Failed to Yield - Sign-Controlled Intersection,20,Intersection,01-04-01,0001-01-01T16:01:58-04:56,Bicyclist Ride Out - Sign-Controlled Intersection,0,2010,B: Evident Injury,Residential,50-59,50,No,,O: No Injury,Black,Male,Van,No,No,Dark - Lighted Roadway,Urban (>70% Developed),3 lanes,2,Straight - Level,US Route,Dry,"One-Way, Not Divided",None,Four-Way Intersection,Smooth Asphalt,Piedmont,Urban,30 - 35  MPH,Stop Sign,Clear,No,"36.102898, -79.42776"
196,197,Yes,16-19,18,No,With Traffic,B: Evident Injury,Sidewalk / Crosswalk / Driveway Crossing,Black,Male,Greensboro,Guilford,No,01-01-04,2010-04-01,Motorist Right Turn / Merge,14,Intersection,01-04-01,0001-01-01T09:27:58-04:56,Motorist Right Turn - Same Direction,0,2010,B: Evident Injury,Commercial,30-39,39,No,26-30 mph,O: No Injury,Black,Female,Passenger Car,No,No,Daylight,Urban (>70% Developed),3 lanes,2,Straight - Hillcrest,Local Street,Dry,"One-Way, Not Divided",None,No Special Feature,Smooth Asphalt,Piedmont,Urban,30 - 35  MPH,Stop And Go Signal,Clear,No,"36.07316, -79.78318"
197,198,No,20-24,23,No,With Traffic,C: Possible Injury,Travel Lane,White,Male,Asheville,Buncombe,No,,2010-04-12,Motorist Failed to Yield - Sign-Controlled Intersection,18,Intersection,01-04-01,0001-01-01T13:51:58-04:56,Motorist Drive Out - Sign-Controlled Intersection,0,2010,C: Possible Injury,Residential,60-69,64,No,6-10 mph,O: No Injury,White,Female,Sport Utility,No,No,Daylight,Urban (>70% Developed),2 lanes,2,Straight - Bottom,Local Street,Dry,"Two-Way, Not Divided",None,Four-Way Intersection,Smooth Asphalt,Mountains,Urban,30 - 35  MPH,Stop Sign,Clear,No,"35.58277, -82.62882"
200,201,Yes,30-39,30,No,Facing Traffic,B: Evident Injury,Sidewalk / Crosswalk / Driveway Crossing,Black,Female,Chapel Hill,Orange,No,01-01-05,2010-04-30,Motorist Failed to Yield - Signalized Intersection,18,Intersection,01-04-01,0001-01-01T13:36:58-04:56,Motorist Drive Out - Signalized Intersection,0,2010,B: Evident Injury,Residential,30-39,35,No,6-10 mph,O: No Injury,White,Male,Passenger Car,No,No,Daylight,Urban (>70% Developed),9 or more lanes,2,Straight - Grade,NC Route,Dry,"Two-Way, Divided, Unprotected Median",None,Four-Way Intersection,Smooth Asphalt,Piedmont,Urban,20 - 25  MPH,Stop And Go Signal,Clear,No,"35.905, -79.01642"
209,210,Yes,40-49,47,Yes,Facing Traffic,B: Evident Injury,Travel Lane,Black,Male,Maxton,Robeson,Yes,01-01-03,2010-05-05,Bicyclist Right Turn / Merge,17,Non-Intersection,01-05-01,0001-01-01T12:45:58-04:56,Bicyclist Right Turn - Same Direction,0,2010,B: Evident Injury,Commercial,30-39,37,No,31-35 mph,O: No Injury,Native American,Male,Pickup,No,No,Daylight,Urban (>70% Developed),2 lanes,2,Straight - Level,Local Street,Dry,"Two-Way, Not Divided",None,No Special Feature,Coarse Asphalt,Coastal,Rural,30 - 35  MPH,"Double Yellow Line, No Passing Zone",Clear,No,"34.73867, -79.35743"
210,211,Yes,25-29,28,No,Facing Traffic,C: Possible Injury,Travel Lane,White,Male,Raleigh,Wake,No,,2010-04-05,Bicyclist Failed to Yield - Signalized Intersection,15,Intersection-Related,01-04-01,0001-01-01T10:54:58-04:56,Bicyclist Ride Out - Signalized  Intersection,0,2010,C: Possible Injury,Commercial,50-59,55,No,16-20 mph,O: No Injury,White,Female,Van,No,No,Dark - Lighted Roadway,Urban (>70% Developed),4 lanes,2,Straight - Level,Local Street,Dry,"Two-Way, Not Divided",None,No Special Feature,Smooth Asphalt,Piedmont,Urban,40 - 45  MPH,Stop And Go Signal,Clear,No,"35.835114, -78.59924"
213,214,Yes,50-59,53,No,With Traffic,B: Evident Injury,Travel Lane,White,Male,Raleigh,Wake,No,01-01-05,2010-04-16,Motorist Left Turn / Merge,16,Intersection,01-04-01,0001-01-01T11:37:58-04:56,Motorist Left Turn - Opposite Direction,0,2010,B: Evident Injury,Residential,20-24,21,No,11-15 mph,O: No Injury,Black,Female,Passenger Car,No,No,Daylight,Urban (>70% Developed),4 lanes,2,Straight - Grade,Local Street,Dry,"Two-Way, Not Divided",None,No Special Feature,Smooth Asphalt,Piedmont,Urban,40 - 45  MPH,Stop And Go Signal,Clear,No,"35.76903, -78.69131"
221,222,No,15-Nov,15,No,Facing Traffic,B: Evident Injury,Bike Lane / Paved Shoulder,Black,Male,Charlotte,Mecklenburg,No,01-01-04,2010-04-29,Motorist Failed to Yield - Sign-Controlled Intersection,8,Intersection,01-04-01,0001-01-01T03:32:58-04:56,Motorist Drive Out - Sign-Controlled Intersection,0,2010,B: Evident Injury,Residential,50-59,50,No,0-5 mph,O: No Injury,Black,Female,Passenger Car,No,No,Daylight,Urban (>70% Developed),4 lanes,2,Straight - Level,Local Street,Dry,"Two-Way, Divided, Positive Median Barrier",None,Four-Way Intersection,Smooth Asphalt,Piedmont,Urban,30 - 35  MPH,Stop Sign,Clear,No,"35.096416, -80.85963"
224,225,Yes,30-39,39,No,With Traffic,B: Evident Injury,Travel Lane,White,Male,Durham,Durham,No,,2010-05-10,Bicyclist Left Turn / Merge,21,Intersection-Related,01-05-01,0001-01-01T16:47:58-04:56,Bicyclist Left Turn - Same Direction,0,2010,B: Evident Injury,Residential,25-29,26,No,31-35 mph,O: No Injury,White,Female,Passenger Car,No,No,Dark - Lighted Roadway,Urban (>70% Developed),2 lanes,2,Straight - Level,Local Street,Dry,"Two-Way, Not Divided",None,No Special Feature,Smooth Asphalt,Piedmont,Urban,30 - 35  MPH,No Control Present,Clear,No,"35.936108, -78.946625"
235,236,Yes,25-29,29,No,With Traffic,B: Evident Injury,Sidewalk / Crosswalk / Driveway Crossing,White,Male,Charlotte,Mecklenburg,No,01-01-06,2010-05-08,Crossing Paths - Other Circumstances,0,Intersection,01-05-01,0000-12-31T19:30:58-04:56,Signalized Intersection - Other /,0,2010,B: Evident Injury,Commercial,30-39,34,No,36-40 mph,O: No Injury,Black,Female,Passenger Car,No,No,Dark - Lighted Roadway,Urban (>70% Developed),4 lanes,2,Straight - Level,Local Street,Dry,"Two-Way, Divided, Unprotected Median",None,No Special Feature,Smooth Asphalt,Piedmont,Urban,30 - 35  MPH,Stop And Go Signal,Clear,No,"35.21358, -80.855606"
237,238,Yes,10-Jun,8,No,With Traffic,B: Evident Injury,Travel Lane,Black,Male,Winston-Salem,Forsyth,No,01-01-07,2010-05-02,Loss of Control / Turning Error,19,Intersection,01-05-01,0001-01-01T14:19:58-04:56,Bicyclist Lost Control - Mechanical Problems,0,2010,B: Evident Injury,Residential,25-29,25,No,21-25 mph,O: No Injury,Black,Male,Passenger Car,No,No,Daylight,Urban (>70% Developed),2 lanes,2,Straight - Level,Local Street,Dry,"Two-Way, Divided, Unprotected Median",None,No Special Feature,Smooth Asphalt,Piedmont,Urban,30 - 35  MPH,No Control Present,Clear,No,"36.110798, -80.24725"
242,243,Yes,30-39,35,No,Facing Traffic,C: Possible Injury,Travel Lane,White,Male,Lumberton,Robeson,No,01-01-05,2010-04-23,Crossing Paths - Other Circumstances,13,Intersection-Related,01-04-01,0001-01-01T08:42:58-04:56,Crossing Paths - Intersection - Other /,0,2010,C: Possible Injury,Commercial,30-39,39,No,11-15 mph,O: No Injury,White,Male,Tractor/Semi-Trailer,No,No,Daylight,Urban (>70% Developed),5 lanes,2,Straight - Level,Local Street,Dry,"Two-Way, Divided, Unprotected Median",None,No Special Feature,Coarse Asphalt,Coastal,Urban,30 - 35  MPH,Stop And Go Signal,Cloudy,No,"34.63263, -78.99252"
246,247,Yes,40-49,44,No,With Traffic,B: Evident Injury,Travel Lane,Black,Male,High Point,Guilford,No,01-01-03,2010-05-05,Motorist Left Turn / Merge,22,Intersection,01-05-01,0001-01-01T17:25:58-04:56,Motorist Left Turn - Opposite Direction,0,2010,B: Evident Injury,Residential,60-69,64,No,11-15 mph,O: No Injury,Black,Male,Van,No,No,Dark - Lighted Roadway,Urban (>70% Developed),4 lanes,2,Straight - Grade,Local Street,Dry,"Two-Way, Not Divided",None,T-Intersection,Coarse Asphalt,Piedmont,Urban,30 - 35  MPH,No Control Present,Clear,No,"35.95511, -79.969574"
247,248,No,30-39,37,No,With Traffic,B: Evident Injury,Travel Lane,White,Male,Charlotte,Mecklenburg,No,01-01-07,2010-05-09,Motorist Overtaking Bicyclist,11,Non-Intersection,01-05-01,0001-01-01T06:49:58-04:56,Motorist Overtaking - Undetected Bicyclist,0,2010,B: Evident Injury,Residential,50-59,53,No,21-25 mph,O: No Injury,White,Male,Passenger Car,No,No,Daylight,Urban (>70% Developed),2 lanes,2,Straight - Level,Local Street,Dry,"Two-Way, Divided, Unprotected Median",None,No Special Feature,Smooth Asphalt,Piedmont,Urban,40 - 45  MPH,Stop And Go Signal,Clear,No,"35.36954, -80.84102"
252,253,Yes,25-29,25,No,With Traffic,B: Evident Injury,Travel Lane,Asian,Male,Lumberton,Robeson,No,01-01-06,2010-04-24,Motorist Overtaking Bicyclist,21,Non-Intersection,01-04-01,0001-01-01T16:15:58-04:56,Motorist Overtaking - Other /,0,2010,K: Killed,Residential,50-59,57,No,51-55 mph,Injury,White,Female,Passenger Car,No,No,Dark - Roadway Not Lighted,Mixed (30% To 70% Developed),2 lanes,3,Straight - Level,Local Street,Wet,"Two-Way, Not Divided",None,No Special Feature,Coarse Asphalt,Coastal,Urban,50 - 55  MPH,No Control Present,Rain,No,"34.579826, -78.937874"
261,262,Yes,40-49,41,No,With Traffic,C: Possible Injury,Travel Lane,Black,Male,None - Rural Crash,Pitt,No,01-01-05,2010-05-21,Bicyclist Left Turn / Merge,17,Non-Intersection,01-05-01,0001-01-01T12:32:58-04:56,Bicyclist Left Turn - Same Direction,0,2010,C: Possible Injury,"Farms, Woods, Pastures",50-59,51,No,46-50 mph,O: No Injury,White,Female,Passenger Car,No,No,Daylight,Rural (<30% Developed),2 lanes,2,Straight - Grade,NC Route,Dry,"Two-Way, Not Divided",None,Related To Intersection,Coarse Asphalt,Coastal,Rural,50 - 55  MPH,"Double Yellow Line, No Passing Zone",Clear,No,"35.719986, -77.24229"
263,264,No,30-39,32,No,With Traffic,C: Possible Injury,Travel Lane,White,Female,Asheville,Buncombe,No,01-01-02,2010-05-11,Motorist Failed to Yield - Midblock,10,Non-Intersection,01-05-01,0001-01-01T05:58:58-04:56,Motorist Drive Out - Commercial Driveway / Alley,0,2010,C: Possible Injury,Commercial,,,Missing,6-10 mph,Injury,/Missing,,,No,Yes,Daylight,Urban (>70% Developed),2 lanes,2,Straight - Grade,Local Street,Wet,"Two-Way, Not Divided",None,"Driveway, Public",Smooth Asphalt,Mountains,Urban,30 - 35  MPH,"Double Yellow Line, No Passing Zone",Cloudy,No,"35.57878, -82.56321"
285,286,Yes,10-Jun,9,No,Not Applicable,C: Possible Injury,Non-Roadway,White,Female,None - Rural Crash,Dare,No,01-01-05,2010-05-28,Non-Roadway,16,Non-Roadway,01-05-01,0001-01-01T11:48:58-04:56,Non-Roadway,0,2010,C: Possible Injury,Residential,50-59,53,No,0-5 mph,O: No Injury,White,Male,Pickup,No,No,Daylight,Mixed (30% To 70% Developed),2 lanes,2,Straight - Level,"Private Road, Driveway",Dry,"Two-Way, Not Divided",None,T-Intersection,Coarse Asphalt,Coastal,Rural,5 - 15 MPH,No Control Present,Clear,No,"35.578133, -75.46698"
288,289,Yes,40-49,48,No,With Traffic,B: Evident Injury,Travel Lane,Black,Male,Greensboro,Guilford,No,01-01-04,2010-05-20,Bicyclist Failed to Yield - Sign-Controlled Intersection,18,Intersection,01-05-01,0001-01-01T13:03:58-04:56,Bicyclist Ride Through - Sign-Controlled Intersection,0,2010,B: Evident Injury,Industrial,25-29,29,No,16-20 mph,O: No Injury,White,Female,Sport Utility,No,No,Daylight,Urban (>70% Developed),2 lanes,2,Straight - Bottom,Local Street,Dry,"Two-Way, Not Divided",None,Four-Way Intersection,Smooth Asphalt,Piedmont,Urban,20 - 25  MPH,Stop Sign,Clear,No,"36.0588, -79.789734"
303,304,Yes,16-19,18,No,Facing Traffic,C: Possible Injury,Sidewalk / Crosswalk / Driveway Crossing,White,Male,Raleigh,Wake,No,01-01-02,2010-05-18,Motorist Failed to Yield - Sign-Controlled Intersection,13,Intersection,01-05-01,0001-01-01T08:26:58-04:56,Motorist Drive Out - Sign-Controlled Intersection,0,2010,C: Possible Injury,Commercial,50-59,55,No,21-25 mph,O: No Injury,White,Female,Passenger Car,No,No,Daylight,Urban (>70% Developed),2 lanes,2,Straight - Level,Public Vehicular Area,Dry,"Two-Way, Divided, Positive Median Barrier",None,"Driveway, Public",Smooth Asphalt,Piedmont,Urban,20 - 25  MPH,Stop Sign,Cloudy,No,"35.894592, -78.64947"
309,310,Yes,50-59,50,No,With Traffic,C: Possible Injury,Travel Lane,White,Male,None - Rural Crash,Rowan,No,01-01-02,2010-06-08,Motorist Failed to Yield - Sign-Controlled Intersection,8,Intersection,01-06-01,0001-01-01T03:30:58-04:56,Motorist Drive Out - Sign-Controlled Intersection,0,2010,C: Possible Injury,Residential,30-39,36,No,0-5 mph,O: No Injury,White,Male,Passenger Car,No,No,Daylight,Rural (<30% Developed),4 lanes,2,Curve - Level,State Secondary Route,Dry,"Two-Way, Not Divided",None,T-Intersection,Smooth Asphalt,Piedmont,Rural,30 - 35  MPH,Stop Sign,Clear,No,"35.58773, -80.537544"
310,311,No,40-49,41,No,,C: Possible Injury,Travel Lane,White,Male,Gastonia,Gaston,No,,2010-05-24,Other /  - Insufficient Details,21,Intersection-Related,01-05-01,0001-01-01T16:09:58-04:56,Approach Paths,0,2010,C: Possible Injury,Residential,,,Missing,6-10 mph,Injury,/Missing,,,No,Yes,Dark - Lighted Roadway,Urban (>70% Developed),2 lanes,2,Straight - Level,NC Route,Wet,"Two-Way, Not Divided",None,T-Intersection,Smooth Asphalt,Piedmont,Urban,30 - 35  MPH,Stop Sign,Rain,No,"35.245586, -81.18399"