FID,OBJECTID,AmbulanceR,BikeAge_Gr,Bike_Age,Bike_Alc_D,Bike_Dir,Bike_Injur,Bike_Pos,Bike_Race,Bike_Sex,City,County,CrashAlcoh,CrashDay,Crash_Date,Crash_Grp,Crash_Hour,Crash_Loc,Crash_Mont,Crash_Time,Crash_Type,Crash_Ty_1,Crash_Year,Crsh_Sevri,Developmen,DrvrAge_Gr,Drvr_Age,Drvr_Alc_D,Drvr_EstSp,Drvr_Injur,Drvr_Race,Drvr_Sex,Drvr_VehTy,ExcsSpdInd,Hit_Run,Light_Cond,Locality,Num_Lanes,Num_Units,Rd_Charact,Rd_Class,Rd_Conditi,Rd_Config,Rd_Defects,Rd_Feature,Rd_Surface,Region,Rural_Urba,Speed_Limi,Traff_Cntr,Weather,Workzone_I,Location
315,316,Yes,50-59,53,No,With Traffic,B: Evident Injury,Travel Lane,White,Male,Salisbury,Rowan,No,01-01-04,2010-06-10,Motorist Left Turn / Merge,17,Intersection,01-06-01,0001-01-01T12:48:58-04:56,Motorist Left Turn - Opposite Direction,0,2010,B: Evident Injury,Commercial,50-59,53,No,0-5 mph,O: No Injury,White,Male,Passenger Car,No,No,Daylight,Urban (>70% Developed),4 lanes,2,Straight - Level,US Route,Wet,"Two-Way, Not Divided",None,T-Intersection,Coarse Asphalt,Piedmont,Urban,40 - 45  MPH,Stop And Go Signal,Cloudy,No,"35.652447, -80.49773"
319,320,No,,,No,With Traffic,Injury,Travel Lane,/Missing,,None - Rural Crash,Cumberland,No,01-01-05,2010-05-28,Motorist Overtaking Bicyclist,3,Non-Intersection,01-05-01,0000-12-31T22:59:58-04:56,Motorist Overtaking - Undetected Bicyclist,0,2010,O: No Injury,Residential,30-39,38,No,41-45 mph,O: No Injury,White,Male,Truck/Trailer,No,No,Dark - Roadway Not Lighted,Rural (<30% Developed),2 lanes,2,Straight - Level,State Secondary Route,Dry,"Two-Way, Not Divided",None,No Special Feature,Smooth Asphalt,Coastal,Rural,40 - 45  MPH,"Double Yellow Line, No Passing Zone",Clear,No,"34.99889, -78.9318"
325,326,No,40-49,44,No,With Traffic,B: Evident Injury,Travel Lane,White,Female,None - Rural Crash,Wake,No,01-01-02,2010-06-15,Motorist Left Turn / Merge,15,Intersection,01-06-01,0001-01-01T10:55:58-04:56,Motorist Left Turn - Opposite Direction,0,2010,B: Evident Injury,"Farms, Woods, Pastures",40-49,43,No,6-10 mph,O: No Injury,White,Female,Passenger Car,No,No,Daylight,Mixed (30% To 70% Developed),2 lanes,2,Straight - Level,State Secondary Route,Dry,"Two-Way, Not Divided",None,Four-Way Intersection,Smooth Asphalt,Piedmont,Rural,40 - 45  MPH,Stop And Go Signal,Clear,No,"35.82333, -78.87417"
326,327,Yes,20-24,21,No,Not Applicable,B: Evident Injury,Non-Roadway,White,Male,Chapel Hill,Orange,No,01-01-06,2010-06-05,Non-Roadway,22,Non-Roadway,01-06-01,0001-01-01T17:57:58-04:56,Non-Roadway,0,2010,B: Evident Injury,Commercial,50-59,55,No,,Injury,White,Male,Passenger Car,No,No,Dark - Lighted Roadway,Urban (>70% Developed),,2,Straight - Level,Public Vehicular Area,Dry,"Two-Way, Not Divided",None,"Driveway, Public",Smooth Asphalt,Piedmont,Urban,20 - 25  MPH,Stop Sign,Clear,No,"35.927143, -79.027405"
334,335,No,15-Nov,13,Yes,Facing Traffic,O: No Injury,Travel Lane,White,Female,Rocky Mount,Nash,Yes,,2010-04-26,Bicyclist Failed to Yield - Signalized Intersection,16,Intersection,01-04-01,0001-01-01T11:25:58-04:56,Bicyclist Ride Out - Signalized  Intersection,0,2010,O: No Injury,Commercial,25-29,27,No,0-5 mph,O: No Injury,Black,Female,Passenger Car,No,No,Daylight,Urban (>70% Developed),4 lanes,2,Straight - Level,Local Street,Dry,"Two-Way, Divided, Unprotected Median",None,Four-Way Intersection,Coarse Asphalt,Coastal,Urban,30 - 35  MPH,Stop And Go Signal,Cloudy,No,"35.94264, -77.802086"
338,339,Yes,60-69,61,Yes,Not Applicable,B: Evident Injury,Travel Lane,Black,Male,Fayetteville,Cumberland,Yes,01-01-05,2010-05-28,Crossing Paths - Other Circumstances,19,Non-Intersection,01-05-01,0001-01-01T14:48:58-04:56,Crossing Paths - Midblock - Other /,0,2010,B: Evident Injury,Commercial,0-19,18,No,41-45 mph,O: No Injury,Black,Female,Passenger Car,No,No,Daylight,Urban (>70% Developed),6 lanes,2,Curve - Level,US Route,Wet,"Two-Way, Not Divided",None,No Special Feature,Coarse Asphalt,Coastal,Urban,40 - 45  MPH,No Control Present,Cloudy,No,"35.088898, -78.87864"
341,342,Yes,10-Jun,10,No,Not Applicable,B: Evident Injury,Driveway / Alley,Black,Male,None - Rural Crash,Bertie,No,,2010-06-14,Bicyclist Failed to Yield - Midblock,12,Non-Intersection,01-06-01,0001-01-01T07:10:58-04:56,Bicyclist Ride Out - Residential Driveway,0,2010,B: Evident Injury,"Farms, Woods, Pastures",70,,No,51-55 mph,O: No Injury,Black,Male,Passenger Car,No,No,Daylight,Rural (<30% Developed),2 lanes,2,Curve - Level,State Secondary Route,Dry,"Two-Way, Not Divided",None,"Driveway, Private",Coarse Asphalt,Coastal,Rural,50 - 55  MPH,"Double Yellow Line, No Passing Zone",Clear,No,"36.2178, -76.85744"
342,343,No,15-Nov,11,Yes,With Traffic,B: Evident Injury,Travel Lane,White,Male,Havelock,Craven,Yes,01-01-03,2010-05-05,Bicyclist Failed to Yield - Sign-Controlled Intersection,7,Intersection,01-05-01,0001-01-01T02:15:58-04:56,Bicyclist Ride Out - Sign-Controlled Intersection,0,2010,B: Evident Injury,Residential,50-59,55,No,21-25 mph,O: No Injury,White,Female,Van,No,No,Daylight,Urban (>70% Developed),2 lanes,2,Straight - Level,Local Street,Dry,"Two-Way, Not Divided",None,No Special Feature,Smooth Asphalt,Coastal,Urban,20 - 25  MPH,No Control Present,Clear,No,"34.89826, -76.92142"
343,344,Yes,15-Nov,12,No,Facing Traffic,B: Evident Injury,Travel Lane,White,Female,Emerald Isle,Carteret,No,,2010-05-31,Bicyclist Failed to Yield - Sign-Controlled Intersection,18,Intersection,01-05-01,0001-01-01T13:18:58-04:56,Bicyclist Ride Out - Sign-Controlled Intersection,0,2010,B: Evident Injury,Residential,20-24,23,No,21-25 mph,O: No Injury,/Missing,Female,Passenger Car,No,No,Daylight,Urban (>70% Developed),4 lanes,2,Straight - Hillcrest,Local Street,Dry,"Two-Way, Not Divided",None,T-Intersection,Smooth Asphalt,Coastal,Rural,20 - 25  MPH,Stop Sign,Clear,No,"34.66507, -77.01756"
348,349,Yes,16-19,18,No,Facing Traffic,B: Evident Injury,Travel Lane,White,Male,High Point,Guilford,No,01-01-02,2010-06-01,Bicyclist Right Turn / Merge,16,Intersection,01-06-01,0001-01-01T11:37:58-04:56,Bicyclist Right Turn - Same Direction,0,2010,B: Evident Injury,Commercial,30-39,34,No,21-25 mph,O: No Injury,White,Male,Passenger Car,No,No,Daylight,Urban (>70% Developed),4 lanes,2,Straight - Bottom,Local Street,Dry,"Two-Way, Not Divided",None,No Special Feature,Coarse Asphalt,Piedmont,Urban,30 - 35  MPH,No Control Present,Clear,No,"35.94536, -80.01401"
351,352,No,15-Nov,12,No,Not Applicable,C: Possible Injury,Travel Lane,Black,Male,Statesville,Iredell,No,01-01-02,2010-06-15,Crossing Paths - Other Circumstances,19,Non-Intersection,01-06-01,0001-01-01T14:33:58-04:56,Crossing Paths - Midblock - Other /,0,2010,C: Possible Injury,Residential,,,Missing,11-15 mph,Injury,/Missing,,,No,Yes,Daylight,Urban (>70% Developed),2 lanes,2,Straight - Level,Local Street,Wet,"Two-Way, Not Divided",None,No Special Feature,Smooth Asphalt,Piedmont,Urban,20 - 25  MPH,No Control Present,Cloudy,No,"35.763912, -80.8824"
413,414,No,60-69,61,No,With Traffic,B: Evident Injury,Travel Lane,White,Male,Belmont,Gaston,No,01-01-02,2011-05-31,Motorist Overtaking Bicyclist,5,Non-Intersection,01-05-01,0001-01-01T00:51:58-04:56,Motorist Overtaking - Other /,311239,2011,B: Evident Injury,Residential,0-19,19,No,41-45 mph,O: No Injury,White,Male,Passenger Car,No,No,Dawn,Mixed (30% To 70% Developed),2 lanes,2,Straight - Level,Local Street,Dry,"Two-Way, Not Divided",None,No Special Feature,Coarse Asphalt,Piedmont,Urban,40 - 45  MPH,No Control Present,Clear,No,"35.25597, -81.0512"
417,418,No,40-49,48,No,With Traffic,C: Possible Injury,Travel Lane,White,Female,None - Rural Crash,Lee,No,01-01-06,2011-07-16,Motorist Overtaking Bicyclist,11,Non-Intersection,01-07-01,0001-01-01T06:33:58-04:56,Motorist Overtaking - Misjudged Space,311232,2011,C: Possible Injury,"Farms, Woods, Pastures",70,,No,26-30 mph,O: No Injury,White,Male,Pickup,No,No,Daylight,Rural (<30% Developed),2 lanes,2,Straight - Grade,State Secondary Route,Dry,"Two-Way, Not Divided",None,No Special Feature,Smooth Asphalt,Piedmont,Rural,50 - 55  MPH,"Double Yellow Line, No Passing Zone",Clear,No,"35.41545, -79.1726"
418,419,Yes,30-39,33,No,With Traffic,C: Possible Injury,Bike Lane / Paved Shoulder,Black,Male,Princeville,Edgecombe,No,01-01-06,2011-07-16,Bicyclist Left Turn / Merge,14,Non-Intersection,01-07-01,0001-01-01T09:12:58-04:56,Bicyclist Left Turn - Same Direction,321221,2011,C: Possible Injury,Residential,70,,No,31-35 mph,O: No Injury,Black,Male,Sport Utility,No,No,Daylight,Urban (>70% Developed),2 lanes,2,Straight - Level,NC Route,Dry,"Two-Way, Not Divided",None,No Special Feature,Coarse Asphalt,Coastal,Rural,30 - 35  MPH,"Double Yellow Line, No Passing Zone",Clear,No,"35.88713, -77.53"
426,427,Yes,50-59,55,No,Facing Traffic,B: Evident Injury,Bike Lane / Paved Shoulder,Black,Male,Wilson,Wilson,No,01-01-07,2011-06-05,Motorist Failed to Yield - Midblock,12,Non-Intersection,01-06-01,0001-01-01T07:37:58-04:56,Motorist Drive Out - Commercial Driveway / Alley,322322,2011,B: Evident Injury,Commercial,50-59,52,No,,O: No Injury,Black,Female,Passenger Car,No,No,Daylight,Urban (>70% Developed),4 lanes,2,Straight - Level,Local Street,Dry,"Two-Way, Divided, Unprotected Median",None,No Special Feature,Coarse Asphalt,Coastal,Urban,40 - 45  MPH,No Control Present,Clear,No,"35.71583, -77.8922"
444,445,No,40-49,44,No,Facing Traffic,C: Possible Injury,Travel Lane,White,Male,Concord,Cabarrus,No,01-01-04,2011-07-07,Motorist Failed to Yield - Midblock,16,Non-Intersection,01-07-01,0001-01-01T11:34:58-04:56,Motorist Drive Out - Commercial Driveway / Alley,312322,2011,C: Possible Injury,Commercial,25-29,29,No,16-20 mph,O: No Injury,Black,Male,Passenger Car,No,No,Daylight,Urban (>70% Developed),2 lanes,2,Straight - Hillcrest,Public Vehicular Area,Dry,"Two-Way, Not Divided",None,"Driveway, Public",Smooth Asphalt,Piedmont,Urban,,No Control Present,Cloudy,No,"35.44144, -80.6079"
448,449,Yes,10-Jun,10,No,Not Applicable,B: Evident Injury,Non-Roadway,Black,Male,Charlotte,Mecklenburg,No,01-01-06,2011-07-09,Non-Roadway,18,Non-Roadway,01-07-01,0001-01-01T13:04:58-04:56,Non-Roadway,460910,2011,B: Evident Injury,Residential,20-24,21,No,6-10 mph,O: No Injury,White,Female,Passenger Car,No,No,Daylight,Urban (>70% Developed),,2,Straight - Level,Public Vehicular Area,Dry,"Two-Way, Not Divided",None,No Special Feature,Smooth Asphalt,Piedmont,Urban,5 - 15 MPH,No Control Present,Clear,No,"35.29521, -80.7271"
450,451,Yes,40-49,40,No,Facing Traffic,C: Possible Injury,Travel Lane,Black,Male,Wilmington,New Hanover,No,01-01-06,2011-07-09,Bicyclist Failed to Yield - Signalized Intersection,2,Intersection,01-07-01,0000-12-31T21:57:58-04:56,Bicyclist Ride Out - Signalized  Intersection,112153,2011,C: Possible Injury,Commercial,30-39,38,No,21-25 mph,O: No Injury,White,Male,Passenger Car,No,No,Dark - Lighted Roadway,Urban (>70% Developed),4 lanes,2,Straight - Hillcrest,Local Street,Dry,"One-Way, Not Divided",None,No Special Feature,Smooth Asphalt,Coastal,Urban,30 - 35  MPH,Stop And Go Signal,Clear,No,"34.22545, -77.9448"
454,455,No,30-39,30,No,With Traffic,Injury,Travel Lane,White,Male,High Point,Guilford,No,,2011-07-04,Motorist Left Turn / Merge,23,Intersection,01-07-01,0001-01-01T18:30:58-04:56,Motorist Left Turn - Opposite Direction,111212,2011,Injury,Commercial,,,Missing,,Injury,/Missing,,Passenger Car,No,Yes,Dark - Lighted Roadway,Urban (>70% Developed),2 lanes,2,Straight - Level,Local Street,Dry,"Two-Way, Not Divided",None,T-Intersection,Smooth Asphalt,Piedmont,Urban,30 - 35  MPH,No Control Present,Cloudy,No,"35.95387, -79.9929"
455,456,Yes,40-49,42,No,Facing Traffic,C: Possible Injury,Multi-use Path,White,Female,Duck,Dare,No,01-01-02,2011-07-12,Motorist Failed to Yield - Midblock,10,Non-Intersection,01-07-01,0001-01-01T05:03:58-04:56,Motorist Drive Out - Other Midblock,342328,2011,C: Possible Injury,Commercial,50-59,58,No,0-5 mph,O: No Injury,White,Male,Pickup,No,No,Daylight,Mixed (30% To 70% Developed),2 lanes,2,Straight - Level,NC Route,Dry,"Two-Way, Not Divided",None,"Driveway, Public",Smooth Asphalt,Coastal,Rural,30 - 35  MPH,Stop Sign,Clear,No,"36.18315, -75.7572"
456,457,No,15-Nov,13,No,With Traffic,O: No Injury,Travel Lane,White,Male,Raleigh,Wake,No,01-01-02,2011-07-26,Bicyclist Left Turn / Merge,14,Intersection-Related,01-07-01,0001-01-01T09:04:58-04:56,Bicyclist Left Turn - Same Direction,211221,2011,O: No Injury,Commercial,50-59,54,No,11-15 mph,O: No Injury,Other,Female,Passenger Car,No,No,Daylight,Urban (>70% Developed),6 lanes,2,Straight - Level,NC Route,Dry,"Two-Way, Divided, Positive Median Barrier",None,Related To Intersection,Coarse Asphalt,Piedmont,Urban,30 - 35  MPH,Stop And Go Signal,Clear,No,"35.88297, -78.6792"
464,465,No,30-39,38,No,Not Applicable,C: Possible Injury,Driveway / Alley,White,Male,None - Rural Crash,Hyde,No,01-01-04,2011-07-21,Bicyclist Failed to Yield - Midblock,12,Non-Intersection,01-07-01,0001-01-01T07:06:58-04:56,Bicyclist Ride Out - Residential Driveway,353311,2011,B: Evident Injury,Commercial,60-69,62,No,16-20 mph,B: Evident Injury,White,Male,Motorcycle,No,No,Daylight,Urban (>70% Developed),2 lanes,2,Straight - Level,Local Street,Dry,"Two-Way, Not Divided",None,No Special Feature,Smooth Asphalt,Coastal,Rural,20 - 25  MPH,No Control Present,Clear,No,"35.11021, -75.9774"
468,469,No,40-49,47,No,Facing Traffic,B: Evident Injury,Sidewalk / Crosswalk / Driveway Crossing,White,Female,Lumberton,Robeson,No,01-01-06,2011-07-16,Bicyclist Failed to Yield - Signalized Intersection,18,Intersection,01-07-01,0001-01-01T13:54:58-04:56,Bicyclist Ride Through - Signalized Intersection,132155,2011,B: Evident Injury,Commercial,50-59,56,No,6-10 mph,O: No Injury,Black,Male,Passenger Car,No,No,Daylight,Urban (>70% Developed),9 or more lanes,2,Straight - Level,Local Street,Dry,"Two-Way, Divided, Unprotected Median",None,Four-Way Intersection,Coarse Asphalt,Coastal,Urban,30 - 35  MPH,Stop And Go Signal,Clear,No,"34.61539, -79.0686"
477,478,Yes,30-39,32,No,With Traffic,O: No Injury,Travel Lane,White,Male,Raleigh,Wake,No,01-01-06,2011-07-30,Parallel Paths - Other Circumstances,5,Non-Intersection,01-07-01,0001-01-01T00:06:58-04:56,Parallel Paths - Other /,311280,2011,O: No Injury,Commercial,20-24,20,No,21-25 mph,O: No Injury,Other,Male,"Light Truck (Mini-Van, Panel)",No,Yes,Dark - Lighted Roadway,Urban (>70% Developed),2 lanes,2,Straight - Level,Local Street,Dry,"Two-Way, Not Divided",None,No Special Feature,Smooth Asphalt,Piedmont,Urban,5 - 15 MPH,No Control Present,Clear,No,"35.77827, -78.6392"
483,484,No,15-Nov,14,No,With Traffic,C: Possible Injury,Travel Lane,White,Male,Charlotte,Mecklenburg,No,01-01-06,2011-06-04,Bicyclist Overtaking Motorist,16,Non-Intersection,01-06-01,0001-01-01T11:12:58-04:56,Bicyclist Overtaking - Other /,311249,2011,C: Possible Injury,Residential,,,Missing,,Injury,/Missing,,Passenger Car,No,No,Daylight,Urban (>70% Developed),2 lanes,2,Straight - Level,Local Street,Dry,"Two-Way, Not Divided",None,No Special Feature,Smooth Asphalt,Piedmont,Urban,20 - 25  MPH,No Control Present,Clear,No,"35.3863, -80.7642"
495,496,Yes,16-19,18,No,With Traffic,C: Possible Injury,Travel Lane,Other,Female,Raleigh,Wake,No,01-01-03,2011-08-03,Motorist Failed to Yield - Sign-Controlled Intersection,21,Intersection,01-08-01,0001-01-01T16:33:58-04:56,Motorist Drive Out - Sign-Controlled Intersection,111141,2011,C: Possible Injury,Residential,60-69,63,No,21-25 mph,O: No Injury,Other,Male,Sport Utility,No,No,Dark - Lighted Roadway,Urban (>70% Developed),2 lanes,2,Straight - Level,Local Street,Dry,"Two-Way, Not Divided",None,No Special Feature,Smooth Asphalt,Piedmont,Urban,30 - 35  MPH,Stop Sign,Clear,No,"35.887, -78.7338"
804,805,Yes,50-59,59,No,With Traffic,B: Evident Injury,Travel Lane,Black,Male,None - Rural Crash,Wilson,No,01-01-04,2012-10-11,Head-On,17,Intersection,01-10-01,0001-01-01T12:54:58-04:56,Head-On -,,2012,B: Evident Injury,Residential,40-49,44,No,21-25 mph,O: No Injury,Black,Male,Passenger Car,No,No,Daylight,Mixed (30% To 70% Developed),2 lanes,2,Curve - Bottom,Local Street,Dry,"Two-Way, Not Divided",None,No Special Feature,Coarse Asphalt,Coastal,Rural,30 - 35  MPH,No Control Present,Clear,No,"35.71613, -77.9194"
807,808,No,60-69,61,No,With Traffic,O: No Injury,Travel Lane,White,Male,Lumberton,Robeson,No,01-01-04,2012-10-04,Motorist Overtaking Bicyclist,14,Intersection,01-10-01,0001-01-01T09:07:58-04:56,Motorist Overtaking - Other /,,2012,O: No Injury,Commercial,70,70,No,31-35 mph,O: No Injury,Black,Female,Passenger Car,No,No,Daylight,Urban (>70% Developed),5 lanes,2,Straight - Level,Local Street,Dry,"Two-Way, Not Divided",None,No Special Feature,Coarse Asphalt,Coastal,Urban,30 - 35  MPH,No Control Present,Clear,No,"34.66386, -79.0003"
812,813,Yes,30-39,37,No,With Traffic,B: Evident Injury,Travel Lane,White,Male,Winston-Salem,Forsyth,No,01-01-03,2012-10-10,Motorist Overtaking Bicyclist,18,Non-Intersection,01-10-01,0001-01-01T13:17:58-04:56,Motorist Overtaking - Other /,,2012,B: Evident Injury,Residential,,,Missing,31-35 mph,Injury,/Missing,,,No,Yes,Daylight,Urban (>70% Developed),2 lanes,2,Straight - Level,Local Street,Dry,"Two-Way, Divided, Unprotected Median",None,No Special Feature,Coarse Asphalt,Piedmont,Urban,30 - 35  MPH,No Control Present,Clear,No,"36.08565, -80.158"
817,818,Yes,20-24,21,No,Facing Traffic,C: Possible Injury,Travel Lane,Black,Male,Wilmington,New Hanover,No,01-01-07,2012-10-07,Motorist Failed to Yield - Sign-Controlled Intersection,11,Intersection,01-10-01,0001-01-01T06:55:58-04:56,Motorist Drive Out - Sign-Controlled Intersection,,2012,C: Possible Injury,Commercial,30-39,31,No,0-5 mph,O: No Injury,White,Female,Passenger Car,No,No,Daylight,Urban (>70% Developed),2 lanes,2,Straight - Level,Public Vehicular Area,Dry,"Two-Way, Not Divided",None,No Special Feature,Coarse Asphalt,Coastal,Urban,20 - 25  MPH,Stop Sign,Clear,No,"34.21972, -77.8847"
827,828,Yes,50-59,59,No,Facing Traffic,A: Disabling Injury,Travel Lane,Black,Male,None - Rural Crash,Cumberland,No,01-01-05,2012-10-26,Head-On,16,Non-Intersection,01-10-01,0001-01-01T11:07:58-04:56,Head-On - Bicyclist,,2012,A: Disabling Injury,"Farms, Woods, Pastures",60-69,63,No,36-40 mph,O: No Injury,Black,Male,Passenger Car,No,No,Daylight,Rural (<30% Developed),4 lanes,2,Straight - Level,State Secondary Route,Dry,"Two-Way, Divided, Unprotected Median",None,No Special Feature,Coarse Asphalt,Coastal,Rural,40 - 45  MPH,No Control Present,Clear,No,"35.00073, -78.9001"
833,834,Yes,25-29,27,No,Facing Traffic,Injury,Sidewalk / Crosswalk / Driveway Crossing,White,Female,Raleigh,Wake,No,,2012-10-22,Crossing Paths - Other Circumstances,17,Intersection-Related,01-10-01,0001-01-01T12:18:58-04:56,Signalized Intersection - Other /,,2012,O: No Injury,Commercial,50-59,53,No,6-10 mph,O: No Injury,Black,Male,Passenger Car,No,No,Daylight,Urban (>70% Developed),3 lanes,2,Straight - Level,Local Street,Dry,"Two-Way, Not Divided",None,No Special Feature,Smooth Asphalt,Piedmont,Urban,30 - 35  MPH,Stop And Go Signal,Clear,No,"35.78049, -78.645"
834,835,Yes,15-Nov,13,No,Not Applicable,B: Evident Injury,Driveway / Alley,Black,Male,Oxford,Granville,No,01-01-06,2012-09-01,Bicyclist Failed to Yield - Midblock,15,Non-Intersection,01-09-01,0001-01-01T10:39:58-04:56,Bicyclist Ride Out - Commercial Driveway / Alley,,2012,B: Evident Injury,Residential,20-24,22,No,16-20 mph,O: No Injury,Black,Female,Passenger Car,No,No,Daylight,Mixed (30% To 70% Developed),,2,Straight - Level,Local Street,Dry,"Two-Way, Not Divided",None,No Special Feature,Coarse Asphalt,Piedmont,Urban,20 - 25  MPH,No Control Present,Clear,No,"36.32715, -78.5991"
837,838,No,25-29,26,No,With Traffic,O: No Injury,Travel Lane,White,Male,Greensboro,Guilford,No,01-01-04,2012-10-25,Loss of Control / Turning Error,12,Intersection,01-10-01,0001-01-01T07:23:58-04:56,Bicyclist Turning Error - Right Turn,,2012,O: No Injury,Institutional,20-24,21,No,0-5 mph,O: No Injury,White,Female,Passenger Car,No,No,Daylight,Urban (>70% Developed),2 lanes,2,Straight - Level,Local Street,Dry,"Two-Way, Not Divided",None,Four-Way Intersection,Smooth Asphalt,Piedmont,Urban,20 - 25  MPH,Stop And Go Signal,Clear,No,"36.0664, -79.8055"
841,842,No,50-59,57,Yes,Facing Traffic,O: No Injury,Travel Lane,Black,Male,None - Rural Crash,Washington,Yes,01-01-04,2012-11-01,Bicyclist Right Turn / Merge,19,Non-Intersection,01-11-01,0001-01-01T14:03:58-04:56,Bicyclist Right Turn - Same Direction,,2012,O: No Injury,Residential,40-49,47,No,41-45 mph,O: No Injury,White,Male,Passenger Car,No,No,Dark - Roadway Not Lighted,Mixed (30% To 70% Developed),2 lanes,2,Straight - Grade,State Secondary Route,Dry,"Two-Way, Not Divided",None,No Special Feature,Smooth Asphalt,Coastal,Rural,50 - 55  MPH,"Double Yellow Line, No Passing Zone",Clear,No,"35.88796, -76.6692"
843,844,Yes,30-39,39,No,With Traffic,O: No Injury,Travel Lane,White,Male,Charlotte,Mecklenburg,No,01-01-07,2012-11-04,Motorist Failed to Yield - Sign-Controlled Intersection,0,Intersection,01-11-01,0000-12-31T19:54:58-04:56,Motorist Drive Out - Sign-Controlled Intersection,,2012,O: No Injury,Commercial,20-24,23,No,0-5 mph,O: No Injury,White,Female,Passenger Car,No,No,Dark -  Lighting,Urban (>70% Developed),2 lanes,2,Straight - Level,Local Street,Dry,"Two-Way, Not Divided",None,No Special Feature,Smooth Asphalt,Piedmont,Urban,20 - 25  MPH,Stop Sign,Clear,No,"35.21512, -80.8155"
849,850,No,40-49,43,No,With Traffic,Injury,Travel Lane,/Missing,,Wrightsville Beach,New Hanover,No,01-01-03,2012-10-17,Motorist Left Turn / Merge,17,Intersection,01-10-01,0001-01-01T12:37:58-04:56,Motorist Left Turn - Opposite Direction,,2012,O: No Injury,Residential,50-59,59,No,11-15 mph,O: No Injury,White,Female,Passenger Car,No,No,Dusk,Urban (>70% Developed),5 lanes,2,Straight - Level,Local Street,Dry,"Two-Way, Not Divided",None,No Special Feature,Smooth Asphalt,Coastal,Rural,30 - 35  MPH,No Control Present,Clear,No,"34.21412, -77.8061"
861,862,Yes,20-24,23,No,With Traffic,C: Possible Injury,Travel Lane,Black,Male,None - Rural Crash,Pitt,No,01-01-04,2012-11-08,Motorist Overtaking Bicyclist,19,Non-Intersection,01-11-01,0001-01-01T14:49:58-04:56,Motorist Overtaking - Undetected Bicyclist,,2012,C: Possible Injury,"Farms, Woods, Pastures",40-49,43,No,41-45 mph,O: No Injury,White,Male,Passenger Car,No,No,Dark - Roadway Not Lighted,Rural (<30% Developed),2 lanes,2,Straight - Level,State Secondary Route,Dry,"Two-Way, Not Divided",None,No Special Feature,Coarse Asphalt,Coastal,Rural,50 - 55  MPH,No Control Present,Clear,No,"35.61399, -77.3142"
867,868,Yes,15-Nov,13,No,Facing Traffic,O: No Injury,Travel Lane,White,Male,Greensboro,Guilford,No,,2012-11-12,Motorist Failed to Yield - Midblock,16,Non-Intersection,01-11-01,0001-01-01T11:45:58-04:56,Motorist Drive Out - Other Midblock,,2012,O: No Injury,Residential,40-49,48,No,0-5 mph,O: No Injury,White,Male,Sport Utility,No,No,Daylight,Urban (>70% Developed),2 lanes,2,Straight - Level,Local Street,Wet,"Two-Way, Divided, Positive Median Barrier",Other,Other,Smooth Asphalt,Piedmont,Urban,20 - 25  MPH,No Control Present,Cloudy,No,"36.14238, -79.9254"
884,885,No,30-39,36,No,With Traffic,C: Possible Injury,Bike Lane / Paved Shoulder,White,Male,None - Rural Crash,Onslow,No,01-01-05,2012-11-16,Loss of Control / Turning Error,17,Intersection-Related,01-11-01,0001-01-01T12:33:58-04:56,Motorist Lost Control - Other /,,2012,C: Possible Injury,"Farms, Woods, Pastures",30-39,33,No,41-45 mph,O: No Injury,White,Male,Sport Utility,No,No,Dark - Roadway Not Lighted,Rural (<30% Developed),4 lanes,2,Straight - Level,NC Route,Dry,"Two-Way, Divided, Unprotected Median",None,No Special Feature,Smooth Asphalt,Coastal,Rural,50 - 55  MPH,No Control Present,Clear,No,"34.71089, -77.2978"
889,890,Yes,20-24,21,No,Not Applicable,A: Disabling Injury,Driveway / Alley,Black,Male,Wilson,Wilson,No,,2012-10-15,Bicyclist Failed to Yield - Midblock,14,Non-Intersection,01-10-01,0001-01-01T09:50:58-04:56,Bicyclist Ride Out - Residential Driveway,,2012,A: Disabling Injury,Residential,30-39,36,No,31-35 mph,O: No Injury,Black,Male,Passenger Car,No,No,Daylight,Urban (>70% Developed),2 lanes,2,Straight - Level,Local Street,Dry,"Two-Way, Not Divided",None,No Special Feature,Coarse Asphalt,Coastal,Urban,30 - 35  MPH,No Control Present,Cloudy,No,"35.74443, -77.9127"
897,898,Yes,30-39,33,No,Facing Traffic,B: Evident Injury,Sidewalk / Crosswalk / Driveway Crossing,White,Male,Cary,Wake,No,,2012-11-05,Motorist Failed to Yield - Sign-Controlled Intersection,9,Intersection-Related,01-11-01,0001-01-01T04:33:58-04:56,Motorist Drive Out - Sign-Controlled Intersection,,2012,B: Evident Injury,Commercial,40-49,40,No,0-5 mph,O: No Injury,Black,Male,Passenger Car,No,No,Daylight,Urban (>70% Developed),5 lanes,2,Curve - Hillcrest,Local Street,Dry,"Two-Way, Divided, Unprotected Median",None,No Special Feature,Smooth Asphalt,Piedmont,Urban,,Stop Sign,Clear,No,"35.7612, -78.744"