FID,OBJECTID,AmbulanceR,BikeAge_Gr,Bike_Age,Bike_Alc_D,Bike_Dir,Bike_Injur,Bike_Pos,Bike_Race,Bike_Sex,City,County,CrashAlcoh,CrashDay,Crash_Date,Crash_Grp,Crash_Hour,Crash_Loc,Crash_Mont,Crash_Time,Crash_Type,Crash_Ty_1,Crash_Year,Crsh_Sevri,Developmen,DrvrAge_Gr,Drvr_Age,Drvr_Alc_D,Drvr_EstSp,Drvr_Injur,Drvr_Race,Drvr_Sex,Drvr_VehTy,ExcsSpdInd,Hit_Run,Light_Cond,Locality,Num_Lanes,Num_Units,Rd_Charact,Rd_Class,Rd_Conditi,Rd_Config,Rd_Defects,Rd_Feature,Rd_Surface,Region,Rural_Urba,Speed_Limi,Traff_Cntr,Weather,Workzone_I,Location
904,905,Yes,16-19,18,No,With Traffic,C: Possible Injury,Travel Lane,White,Male,None - Rural Crash,Cleveland,No,01-01-07,2012-11-25,Motorist Overtaking Bicyclist,18,Intersection-Related,01-11-01,0001-01-01T13:09:58-04:56,Motorist Overtaking - Undetected Bicyclist,,2012,C: Possible Injury,Residential,50-59,50,No,41-45 mph,O: No Injury,White,Female,Passenger Car,No,No,Dark - Roadway Not Lighted,Rural (<30% Developed),2 lanes,2,Straight - Level,State Secondary Route,Dry,"Two-Way, Not Divided",None,No Special Feature,Smooth Asphalt,Mountains,Rural,40 - 45  MPH,"Double Yellow Line, No Passing Zone",Clear,No,"35.1817, -81.5533"
905,906,Yes,16-19,18,No,With Traffic,B: Evident Injury,Travel Lane,Black,Male,Greenville,Pitt,No,01-01-07,2012-11-25,Bicyclist Failed to Yield - Sign-Controlled Intersection,14,Intersection,01-11-01,0001-01-01T09:56:58-04:56,Bicyclist Ride Through - Sign-Controlled Intersection,,2012,B: Evident Injury,Residential,50-59,57,No,11-15 mph,O: No Injury,Black,Female,Passenger Car,No,No,Daylight,Mixed (30% To 70% Developed),2 lanes,2,Straight - Level,Local Street,Dry,"Two-Way, Not Divided",None,Four-Way Intersection,Coarse Asphalt,Coastal,Urban,30 - 35  MPH,Stop Sign,Clear,No,"35.6131, -77.3827"
910,911,Yes,50-59,52,No,With Traffic,C: Possible Injury,Travel Lane,Black,Male,Lumberton,Robeson,No,01-01-02,2012-11-06,Motorist Overtaking Bicyclist,12,Non-Intersection,01-11-01,0001-01-01T07:33:58-04:56,Motorist Overtaking - Bicyclist Swerved,,2012,C: Possible Injury,"Farms, Woods, Pastures",70,70,No,41-45 mph,O: No Injury,Native American,Female,Passenger Car,No,No,Daylight,Rural (<30% Developed),2 lanes,2,Straight - Level,Local Street,Dry,"Two-Way, Not Divided",None,No Special Feature,Coarse Asphalt,Coastal,Urban,50 - 55  MPH,"Double Yellow Line, No Passing Zone",Clear,No,"34.59319, -79.1196"
912,913,Yes,20-24,21,No,With Traffic,B: Evident Injury,Travel Lane,Black,Male,Fayetteville,Cumberland,No,01-01-03,2012-11-14,Motorist Failed to Yield - Signalized Intersection,19,Intersection,01-11-01,0001-01-01T15:01:58-04:56,Motorist Drive Out - Right Turn on Red,,2012,B: Evident Injury,Commercial,25-29,28,No,6-10 mph,O: No Injury,White,Female,Passenger Car,No,No,Dark - Lighted Roadway,Urban (>70% Developed),4 lanes,2,Straight - Hillcrest,Local Street,Dry,"Two-Way, Not Divided",None,Four-Way Intersection,Smooth Asphalt,Coastal,Urban,30 - 35  MPH,Stop And Go Signal,Clear,No,"35.05593, -78.8931"
915,916,No,,0,Missing,Facing Traffic,Injury,Travel Lane,/Missing,,Lumberton,Robeson,No,01-01-06,2012-10-20,Bicyclist Failed to Yield - Sign-Controlled Intersection,17,Intersection,01-10-01,0001-01-01T12:21:58-04:56,Bicyclist Ride Through - Sign-Controlled Intersection,,2012,O: No Injury,Commercial,60-69,62,No,11-15 mph,O: No Injury,White,Female,Sport Utility,No,No,Daylight,Urban (>70% Developed),4 lanes,2,Straight - Level,Local Street,Dry,"Two-Way, Not Divided",None,No Special Feature,Concrete,Coastal,Urban,20 - 25  MPH,No Control Present,Clear,No,"34.62022, -79.0086"
916,917,Yes,50-59,55,No,With Traffic,B: Evident Injury,Travel Lane,White,Male,Raleigh,Wake,No,01-01-06,2012-11-24,Motorist Overtaking Bicyclist,16,Non-Intersection,01-11-01,0001-01-01T11:05:58-04:56,Motorist Overtaking - Other /,,2012,B: Evident Injury,Residential,,,Missing,31-35 mph,Injury,/Missing,,,No,Yes,Daylight,Urban (>70% Developed),2 lanes,2,Straight - Level,Local Street,Dry,"Two-Way, Not Divided",None,No Special Feature,Smooth Asphalt,Piedmont,Urban,30 - 35  MPH,No Control Present,Clear,No,"35.83241, -78.6911"
927,928,Yes,30-39,39,No,Facing Traffic,C: Possible Injury,Travel Lane,White,Male,Raleigh,Wake,No,01-01-05,2012-11-16,Motorist Failed to Yield - Sign-Controlled Intersection,13,Intersection,01-11-01,0001-01-01T08:48:58-04:56,Motorist Drive Out - Sign-Controlled Intersection,,2012,C: Possible Injury,Commercial,30-39,34,No,0-5 mph,O: No Injury,Black,Male,Sport Utility,No,No,Daylight,Urban (>70% Developed),2 lanes,2,Straight - Level,,Dry,"Two-Way, Divided, Unprotected Median",None,T-Intersection,Smooth Asphalt,Piedmont,Urban,40 - 45  MPH,Stop Sign,Clear,No,"35.89636, -78.5675"
930,931,Yes,20-24,23,No,Not Applicable,B: Evident Injury,Sidewalk / Crosswalk / Driveway Crossing,White,Female,Greensboro,Guilford,No,01-01-06,2012-12-01,Motorist Failed to Yield - Midblock,13,Non-Intersection,01-12-01,0001-01-01T08:05:58-04:56,Motorist Drive Out - Commercial Driveway / Alley,,2012,B: Evident Injury,Commercial,40-49,48,No,0-5 mph,O: No Injury,White,Female,Passenger Car,No,No,Daylight,Urban (>70% Developed),,2,Straight - Bottom,Local Street,Dry,"Two-Way, Divided, Unprotected Median",None,Related To Intersection,Smooth Asphalt,Piedmont,Urban,5 - 15 MPH,Stop Sign,Clear,No,"36.13034, -79.8572"
933,934,No,16-19,19,No,With Traffic,C: Possible Injury,Travel Lane,White,Male,Greensboro,Guilford,No,01-01-04,2012-11-15,Motorist Overtaking Bicyclist,11,Non-Intersection,01-11-01,0001-01-01T06:05:58-04:56,Motorist Overtaking - Bicyclist Swerved,,2012,C: Possible Injury,Institutional,20-24,24,No,21-25 mph,O: No Injury,Other,Female,Passenger Car,No,No,Daylight,Urban (>70% Developed),3 lanes,2,Straight - Level,Local Street,Dry,"Two-Way, Divided, Unprotected Median",None,No Special Feature,Smooth Asphalt,Piedmont,Urban,20 - 25  MPH,No Control Present,Cloudy,No,"36.06639, -79.8063"
937,938,No,15-Nov,12,No,With Traffic,A: Disabling Injury,Travel Lane,White,Male,Waynesville,Haywood,No,01-01-02,2012-10-09,Bicyclist Failed to Yield - Sign-Controlled Intersection,18,Intersection,01-10-01,0001-01-01T13:29:58-04:56,Bicyclist Ride Through - Sign-Controlled Intersection,,2012,A: Disabling Injury,Residential,50-59,59,No,16-20 mph,O: No Injury,White,Female,Passenger Car,No,No,Daylight,Urban (>70% Developed),,2,Straight - Grade,Local Street,Dry,"Two-Way, Not Divided",None,T-Intersection,Smooth Asphalt,Mountains,Urban,20 - 25  MPH,Stop Sign,Clear,No,"35.47385, -82.9859"
943,944,Yes,25-29,26,No,Facing Traffic,C: Possible Injury,Travel Lane,Black,Male,Mount Airy,Surry,No,01-01-05,2012-11-23,Crossing Paths - Other Circumstances,16,Intersection,01-11-01,0001-01-01T11:58:58-04:56,Signalized Intersection - Other /,,2012,C: Possible Injury,Commercial,20-24,20,No,6-10 mph,O: No Injury,White,Female,Passenger Car,No,No,Dusk,Urban (>70% Developed),4 lanes,2,Straight - Grade,US Route,Dry,"Two-Way, Not Divided",None,Four-Way Intersection,Smooth Asphalt,Mountains,Urban,30 - 35  MPH,Stop And Go Signal,Clear,No,"36.50362, -80.6072"
944,945,Yes,70,0,No,With Traffic,K: Killed,Travel Lane,Native American,Male,None - Rural Crash,Robeson,No,01-01-04,2012-11-29,Motorist Overtaking Bicyclist,17,Non-Intersection,01-11-01,0001-01-01T12:54:58-04:56,Motorist Overtaking - Bicyclist Swerved,,2012,K: Killed,Residential,70,70,No,51-55 mph,O: No Injury,White,Male,Pickup,No,No,Dark - Roadway Not Lighted,Mixed (30% To 70% Developed),2 lanes,2,Straight - Level,State Secondary Route,Dry,"Two-Way, Not Divided",None,No Special Feature,Coarse Asphalt,Coastal,Rural,50 - 55  MPH,No Control Present,Clear,No,"34.80078, -79.3386"
960,961,Yes,15-Nov,12,No,Facing Traffic,K: Killed,Travel Lane,Black,Female,Durham,Durham,No,,2012-12-10,Loss of Control / Turning Error,15,Intersection,01-12-01,0001-01-01T10:12:58-04:56,Bicyclist Turning Error - Left Turn,,2012,K: Killed,Residential,50-59,59,No,41-45 mph,O: No Injury,White,Male,Pickup,No,No,Daylight,Urban (>70% Developed),3 lanes,2,Straight - Hillcrest,NC Route,Dry,"Two-Way, Not Divided",None,Four-Way Intersection,Smooth Asphalt,Piedmont,Urban,40 - 45  MPH,Stop Sign,Cloudy,No,"35.91434, -78.961"
961,962,Yes,50-59,53,No,With Traffic,A: Disabling Injury,Travel Lane,White,Male,None - Rural Crash,Orange,No,01-01-03,2012-12-12,Motorist Overtaking Bicyclist,17,Non-Intersection,01-12-01,0001-01-01T12:43:58-04:56,Motorist Overtaking - Other /,,2012,A: Disabling Injury,"Farms, Woods, Pastures",60-69,67,No,51-55 mph,O: No Injury,White,Male,Pickup,No,No,Dark - Roadway Not Lighted,Rural (<30% Developed),2 lanes,2,Straight - Level,NC Route,Wet,"Two-Way, Not Divided",None,No Special Feature,Smooth Asphalt,Piedmont,Rural,50 - 55  MPH,"Double Yellow Line, No Passing Zone",Cloudy,No,"36.19623, -79.0098"
966,967,Yes,25-29,27,No,With Traffic,C: Possible Injury,Travel Lane,White,Male,Marvin,Union,No,01-01-06,2012-12-15,Bicyclist Left Turn / Merge,14,Intersection,01-12-01,0001-01-01T09:59:58-04:56,Bicyclist Left Turn - Same Direction,,2012,C: Possible Injury,"Farms, Woods, Pastures",0-19,17,No,31-35 mph,O: No Injury,White,Male,Sport Utility,No,No,Daylight,Mixed (30% To 70% Developed),2 lanes,3,Straight - Bottom,State Secondary Route,Dry,"Two-Way, Not Divided",None,T-Intersection,Smooth Asphalt,Piedmont,Rural,30 - 35  MPH,"Double Yellow Line, No Passing Zone",Clear,No,"35.00899, -80.8213"
978,979,No,70,0,No,With Traffic,C: Possible Injury,Travel Lane,White,Male,Asheville,Buncombe,No,01-01-04,2012-11-29,Motorist Left Turn / Merge,12,Intersection,01-11-01,0001-01-01T07:57:58-04:56,Motorist Left Turn - Opposite Direction,,2012,C: Possible Injury,Commercial,40-49,46,No,16-20 mph,O: No Injury,Hispanic,Female,Passenger Car,No,No,Daylight,Urban (>70% Developed),4 lanes,2,Straight - Grade,Local Street,Dry,"Two-Way, Not Divided",None,T-Intersection,Coarse Asphalt,Mountains,Urban,30 - 35  MPH,Stop And Go Signal,Clear,No,"35.58652, -82.5518"
979,980,Yes,30-39,30,No,With Traffic,C: Possible Injury,Travel Lane,White,Male,None - Rural Crash,Wake,No,01-01-03,2012-12-19,Motorist Overtaking Bicyclist,18,Non-Intersection,01-12-01,0001-01-01T13:10:58-04:56,Motorist Overtaking - Other /,,2012,C: Possible Injury,"Farms, Woods, Pastures",30-39,39,No,41-45 mph,O: No Injury,White,Male,Pickup,No,No,Dark - Roadway Not Lighted,Rural (<30% Developed),2 lanes,2,Straight - Level,NC Route,Dry,"Two-Way, Not Divided",None,No Special Feature,Coarse Asphalt,Piedmont,Rural,50 - 55  MPH,No Control Present,Clear,No,"35.59366, -78.7176"
983,984,No,40-49,49,No,With Traffic,C: Possible Injury,Travel Lane,Black,Male,Charlotte,Mecklenburg,No,01-01-07,2012-12-16,Bicyclist Overtaking Motorist,17,Non-Intersection,01-12-01,0001-01-01T12:30:58-04:56,Bicyclist Overtaking - Other /,,2012,C: Possible Injury,Residential,50-59,57,No,,O: No Injury,Black,Male,Passenger Car,No,No,Dark - Lighted Roadway,Urban (>70% Developed),2 lanes,2,Straight - Level,Local Street,Wet,"Two-Way, Not Divided",None,No Special Feature,Smooth Asphalt,Piedmont,Urban,20 - 25  MPH,No Control Present,Rain,No,"35.19979, -80.8049"
997,998,Yes,30-39,36,No,Facing Traffic,C: Possible Injury,Sidewalk / Crosswalk / Driveway Crossing,White,Male,Winston-Salem,Forsyth,No,,2012-12-10,Motorist Failed to Yield - Sign-Controlled Intersection,23,Intersection,01-12-01,0001-01-01T18:08:58-04:56,Motorist Drive Out - Sign-Controlled Intersection,,2012,C: Possible Injury,Residential,,,No,0-5 mph,Injury,/Missing,,,No,Yes,Dark - Lighted Roadway,Urban (>70% Developed),4 lanes,2,Straight - Level,Local Street,Dry,"Two-Way, Not Divided",None,T-Intersection,Smooth Asphalt,Piedmont,Urban,30 - 35  MPH,Stop Sign,Cloudy,No,"36.10043, -80.224"
1001,1002,Yes,25-29,26,Missing,With Traffic,C: Possible Injury,Bike Lane / Paved Shoulder,White,Male,Charlotte,Mecklenburg,No,01-01-02,2012-12-18,Motorist Left Turn / Merge,13,Intersection,01-12-01,0001-01-01T08:53:58-04:56,Motorist Left Turn - Opposite Direction,,2012,C: Possible Injury,Commercial,25-29,29,No,,O: No Injury,White,Female,Passenger Car,No,No,Daylight,Urban (>70% Developed),3 lanes,2,Straight - Level,Local Street,Dry,"Two-Way, Not Divided",None,Four-Way Intersection,Coarse Asphalt,Piedmont,Urban,30 - 35  MPH,No Control Present,Clear,No,"35.21083, -80.8566"
1006,1007,Yes,20-24,21,No,Facing Traffic,C: Possible Injury,Sidewalk / Crosswalk / Driveway Crossing,Black,Male,Madison,Rockingham,No,01-01-06,2012-12-15,Motorist Failed to Yield - Signalized Intersection,13,Intersection,01-12-01,0001-01-01T08:13:58-04:56,Motorist Drive Out - Signalized Intersection,,2012,C: Possible Injury,Commercial,25-29,25,No,26-30 mph,O: No Injury,Black,Male,Pickup,No,No,Daylight,Urban (>70% Developed),2 lanes,2,Straight - Grade,Local Street,Dry,"Two-Way, Divided, Unprotected Median",None,Four-Way Intersection,Smooth Asphalt,Piedmont,Rural,20 - 25  MPH,Stop And Go Signal,Clear,No,"36.38874, -79.9617"
1008,1009,No,15-Nov,14,No,Not Applicable,O: No Injury,Non-Roadway,Black,Male,Rocky Mount,Nash,No,01-01-04,2012-12-27,Bicyclist Failed to Yield - Midblock,12,Non-Intersection,01-12-01,0001-01-01T07:30:58-04:56,Bicyclist Ride Out - Commercial Driveway / Alley,,2012,O: No Injury,Commercial,60-69,62,No,16-20 mph,O: No Injury,Black,Female,Passenger Car,No,No,Daylight,Urban (>70% Developed),4 lanes,2,Straight - Level,Local Street,Dry,"Two-Way, Not Divided",None,No Special Feature,Smooth Asphalt,Coastal,Urban,30 - 35  MPH,No Control Present,Clear,No,"35.95585, -77.8214"
1017,1018,Yes,30-39,30,Missing,With Traffic,B: Evident Injury,Travel Lane,White,Male,Charlotte,Mecklenburg,No,01-01-07,2012-05-20,Motorist Left Turn / Merge,17,Intersection-Related,01-05-01,0001-01-01T12:22:58-04:56,Motorist Left Turn - Opposite Direction,,2012,B: Evident Injury,Commercial,50-59,56,No,16-20 mph,O: No Injury,Black,Female,"Light Truck (Mini-Van, Panel)",No,No,Daylight,Urban (>70% Developed),4 lanes,2,Straight - Level,Local Street,Dry,"Two-Way, Divided, Unprotected Median",None,Four-Way Intersection,Smooth Asphalt,Piedmont,Urban,40 - 45  MPH,Stop And Go Signal,Clear,No,"35.2059, -80.9223"
706,707,Yes,50-59,58,No,Not Applicable,C: Possible Injury,Non-Roadway,Black,Male,Fayetteville,Cumberland,No,01-01-03,2011-10-05,Crossing Paths - Other Circumstances,14,Intersection-Related,01-10-01,0001-01-01T09:09:58-04:56,Crossing Paths - Uncontrolled Intersection,263160,2011,C: Possible Injury,Commercial,30-39,35,No,0-5 mph,O: No Injury,Black,Male,Passenger Car,No,No,Daylight,Mixed (30% To 70% Developed),2 lanes,2,Straight - Level,Local Street,Dry,"Two-Way, Divided, Unprotected Median",None,No Special Feature,Smooth Asphalt,Coastal,Urban,20 - 25  MPH,No Control Present,Clear,No,"35.02039, -78.8981"
715,716,Yes,40-49,48,Yes,With Traffic,B: Evident Injury,Travel Lane,Black,Male,Charlotte,Mecklenburg,Yes,01-01-06,2011-10-08,Bicyclist Right Turn / Merge,23,Intersection-Related,01-10-01,0001-01-01T18:48:58-04:56,Bicyclist Right Turn - Same Direction,211223,2011,B: Evident Injury,Residential,20-24,21,No,21-25 mph,O: No Injury,Black,Male,Pickup,No,No,Dark - Lighted Roadway,Urban (>70% Developed),2 lanes,2,Straight - Level,Local Street,Dry,"Two-Way, Not Divided",None,No Special Feature,Smooth Asphalt,Piedmont,Urban,30 - 35  MPH,No Control Present,Clear,No,"35.3237, -80.7123"
719,720,Yes,16-19,19,No,With Traffic,C: Possible Injury,Travel Lane,White,Male,Greensboro,Guilford,No,,2011-10-03,Motorist Right Turn / Merge,13,Intersection,01-10-01,0001-01-01T08:52:58-04:56,Motorist Right Turn - Same Direction,111213,2011,C: Possible Injury,Commercial,70,,No,0-5 mph,O: No Injury,White,Male,Passenger Car,No,No,Daylight,Urban (>70% Developed),5 lanes,2,Straight - Level,Local Street,Dry,"Two-Way, Not Divided",None,Shared-Use Paths Or Trails,Smooth Asphalt,Piedmont,Urban,30 - 35  MPH,Stop And Go Signal,Clear,No,"36.06376, -79.8239"
721,722,Yes,30-39,38,No,With Traffic,O: No Injury,Travel Lane,White,Female,Raleigh,Wake,No,01-01-06,2011-10-01,Motorist Overtaking Bicyclist,5,Non-Intersection,01-10-01,0001-01-01T01:01:58-04:56,Motorist Overtaking - Other /,311239,2011,O: No Injury,Commercial,,,Missing,16-20 mph,Injury,/Missing,,Passenger Car,No,Yes,Dark - Lighted Roadway,Urban (>70% Developed),2 lanes,2,Straight - Level,Local Street,Dry,"Two-Way, Not Divided",None,Bridge,Concrete,Piedmont,Urban,30 - 35  MPH,No Control Present,Cloudy,No,"35.79346, -78.6843"
722,723,Yes,30-39,38,No,With Traffic,B: Evident Injury,Travel Lane,White,Male,Chapel Hill,Orange,No,01-01-04,2011-10-13,Loss of Control / Turning Error,17,Intersection,01-10-01,0001-01-01T12:42:58-04:56,Bicyclist Lost Control - Other /,111129,2011,B: Evident Injury,Commercial,70,,No,0-5 mph,O: No Injury,White,Male,Passenger Car,No,No,Daylight,Urban (>70% Developed),5 lanes,2,Curve - Hillcrest,Local Street,Dry,"Two-Way, Divided, Unprotected Median",None,Other,Smooth Asphalt,Piedmont,Urban,20 - 25  MPH,Stop Sign,Clear,No,"35.91525, -79.0568"
729,730,Yes,60-69,62,No,With Traffic,B: Evident Injury,Travel Lane,White,Male,None - Rural Crash,Henderson,No,01-01-02,2011-10-18,Motorist Overtaking Bicyclist,18,Non-Intersection,01-10-01,0001-01-01T13:14:58-04:56,Motorist Overtaking - Other /,311239,2011,B: Evident Injury,"Farms, Woods, Pastures",40-49,41,No,36-40 mph,O: No Injury,White,Male,Passenger Car,No,No,Daylight,Rural (<30% Developed),2 lanes,2,Curve - Level,State Secondary Route,Wet,"Two-Way, Not Divided",None,No Special Feature,Smooth Asphalt,Mountains,Rural,40 - 45  MPH,"Double Yellow Line, No Passing Zone",Cloudy,No,"35.30406, -82.5828"
732,733,Yes,50-59,54,No,With Traffic,C: Possible Injury,Travel Lane,White,Female,Jacksonville,Onslow,No,01-01-07,2011-10-02,Motorist Overtaking Bicyclist,17,Non-Intersection,01-10-01,0001-01-01T12:43:58-04:56,Motorist Overtaking - Misjudged Space,311232,2011,C: Possible Injury,Residential,70,,No,21-25 mph,O: No Injury,White,Female,Passenger Car,No,No,Daylight,Urban (>70% Developed),3 lanes,2,Straight - Level,Local Street,Dry,"Two-Way, Not Divided",None,No Special Feature,Smooth Asphalt,Coastal,Urban,40 - 45  MPH,No Control Present,Clear,No,"34.76839, -77.3788"
734,735,Yes,60-69,64,No,With Traffic,B: Evident Injury,Travel Lane,White,Male,Raleigh,Wake,No,01-01-05,2011-10-21,Motorist Failed to Yield - Midblock,20,Non-Intersection,01-10-01,0001-01-01T15:39:58-04:56,Motorist Drive Out - Other Midblock,311328,2011,B: Evident Injury,Residential,30-39,31,No,31-35 mph,O: No Injury,Black,Male,Passenger Car,No,No,Daylight,Urban (>70% Developed),2 lanes,2,Straight - Level,Local Street,Dry,"Two-Way, Divided, Unprotected Median",None,T-Intersection,Smooth Asphalt,Piedmont,Urban,30 - 35  MPH,No Control Present,Clear,No,"35.78947, -78.664"
742,743,Yes,30-39,35,No,Not Applicable,C: Possible Injury,Driveway / Alley,White,Male,Wrightsville Beach,New Hanover,No,01-01-05,2011-10-14,Bicyclist Failed to Yield - Midblock,12,Non-Intersection,01-10-01,0001-01-01T07:41:58-04:56,Bicyclist Ride Out - Residential Driveway,353311,2011,C: Possible Injury,Residential,25-29,27,No,0-5 mph,O: No Injury,White,Male,Pickup,No,No,Daylight,Mixed (30% To 70% Developed),2 lanes,2,Straight - Level,Local Street,Dry,"Two-Way, Not Divided",None,No Special Feature,Smooth Asphalt,Coastal,Rural,20 - 25  MPH,No Control Present,Clear,No,"34.23401, -77.777"
744,745,Yes,50-59,51,No,With Traffic,C: Possible Injury,Travel Lane,White,Male,Greensboro,Guilford,No,01-01-06,2011-10-15,Bicyclist Left Turn / Merge,15,Non-Intersection,01-10-01,0001-01-01T10:51:58-04:56,Bicyclist Left Turn - Same Direction,311221,2011,C: Possible Injury,Residential,60-69,65,No,31-35 mph,O: No Injury,White,Female,Passenger Car,No,No,Daylight,Urban (>70% Developed),2 lanes,2,Straight - Grade,Local Street,Dry,"Two-Way, Not Divided",None,Related To Intersection,Smooth Asphalt,Piedmont,Urban,30 - 35  MPH,No Control Present,Clear,No,"36.15224, -79.8127"
748,749,No,20-24,21,No,With Traffic,B: Evident Injury,Travel Lane,White,Male,Wilmington,New Hanover,No,01-01-04,2011-10-13,Motorist Failed to Yield - Midblock,19,Non-Intersection,01-10-01,0001-01-01T14:22:58-04:56,Motorist Drive Out - Commercial Driveway / Alley,311322,2011,B: Evident Injury,Commercial,,,Missing,16-20 mph,Injury,/Missing,,,No,Yes,Daylight,Urban (>70% Developed),2 lanes,2,Straight - Level,Local Street,Dry,"Two-Way, Divided, Unprotected Median",None,No Special Feature,Smooth Asphalt,Coastal,Urban,30 - 35  MPH,No Control Present,Clear,No,"34.23233, -77.8826"
750,751,Yes,50-59,57,No,With Traffic,C: Possible Injury,Travel Lane,White,Male,Greensboro,Guilford,No,,2011-10-10,Bicyclist Right Turn / Merge,12,Intersection,01-10-01,0001-01-01T07:20:58-04:56,Bicyclist Right Turn - Same Direction,111223,2011,C: Possible Injury,Commercial,50-59,52,No,0-5 mph,O: No Injury,White,Male,Passenger Car,No,No,Daylight,Urban (>70% Developed),6 lanes,2,Straight - Level,Local Street,Dry,"Two-Way, Divided, Unprotected Median",None,Four-Way Intersection,Smooth Asphalt,Piedmont,Urban,40 - 45  MPH,Stop And Go Signal,Cloudy,No,"36.08844, -79.8258"
751,752,Yes,20-24,24,No,With Traffic,C: Possible Injury,Travel Lane,Black,Male,None - Rural Crash,Onslow,No,01-01-05,2011-10-28,Motorist Overtaking Bicyclist,8,Non-Intersection,01-10-01,0001-01-01T03:33:58-04:56,Motorist Overtaking - Other /,311239,2011,C: Possible Injury,"Farms, Woods, Pastures",60-69,61,No,26-30 mph,O: No Injury,Other,Male,Passenger Car,No,Yes,Daylight,Rural (<30% Developed),2 lanes,2,Curve - Level,State Secondary Route,Dry,"Two-Way, Not Divided",None,No Special Feature,Coarse Asphalt,Coastal,Rural,40 - 45  MPH,"Double Yellow Line, No Passing Zone",Cloudy,No,"34.72391, -77.4835"
755,756,No,50-59,51,No,Facing Traffic,C: Possible Injury,Sidewalk / Crosswalk / Driveway Crossing,Black,Male,Raleigh,Wake,No,01-01-04,2011-10-27,Motorist Failed to Yield - Midblock,17,Non-Intersection,01-10-01,0001-01-01T12:33:58-04:56,Motorist Drive Out - Commercial Driveway / Alley,332322,2011,C: Possible Injury,Residential,40-49,44,No,0-5 mph,O: No Injury,Black,Female,Van,No,No,Dark - Lighted Roadway,Rural (<30% Developed),2 lanes,2,Straight - Level,Local Street,Dry,"Two-Way, Not Divided",None,T-Intersection,Smooth Asphalt,Piedmont,Urban,30 - 35  MPH,No Control Present,Clear,No,"35.74037, -78.6298"
760,761,Yes,50-59,57,Yes,With Traffic,C: Possible Injury,Sidewalk / Crosswalk / Driveway Crossing,White,Male,Greensboro,Guilford,Yes,,2011-10-24,Parallel Paths - Other Circumstances,17,Intersection,01-10-01,0001-01-01T12:32:58-04:56,Bicyclist Ride Out - Parallel Path,131225,2011,C: Possible Injury,Commercial,30-39,30,No,0-5 mph,O: No Injury,Black,Female,Passenger Car,No,No,Daylight,Urban (>70% Developed),8 lanes,2,Straight - Level,Local Street,Dry,"Two-Way, Not Divided",None,Related To Intersection,Smooth Asphalt,Piedmont,Urban,30 - 35  MPH,Stop And Go Signal,Clear,No,"36.0397, -79.8495"
764,765,No,50-59,56,No,With Traffic,O: No Injury,Travel Lane,White,Male,Mooresville,Iredell,No,01-01-06,2011-10-22,Bicyclist Overtaking Motorist,10,Intersection,01-10-01,0001-01-01T05:29:58-04:56,Bicyclist Overtaking - Passing on Right,111241,2011,O: No Injury,Residential,30-39,32,No,0-5 mph,O: No Injury,Hispanic,Male,Pickup,No,No,Daylight,Rural (<30% Developed),2 lanes,2,Straight - Level,NC Route,Dry,"Two-Way, Not Divided",None,No Special Feature,Smooth Asphalt,Piedmont,Urban,30 - 35  MPH,No Control Present,Clear,No,"35.57233, -80.8251"
768,769,No,60-69,63,No,Facing Traffic,B: Evident Injury,Travel Lane,Black,Male,Gastonia,Gaston,No,01-01-07,2011-10-16,Motorist Failed to Yield - Midblock,17,Non-Intersection,01-10-01,0001-01-01T12:39:58-04:56,Motorist Drive Out - Residential Driveway,312321,2011,B: Evident Injury,Residential,70,,No,,O: No Injury,White,Male,Passenger Car,No,No,Daylight,Urban (>70% Developed),4 lanes,2,Straight - Level,NC Route,Dry,"Two-Way, Divided, Unprotected Median",None,"Driveway, Private",Smooth Asphalt,Piedmont,Urban,40 - 45  MPH,No Control Present,Clear,No,"35.24448, -81.1377"
770,771,Yes,20-24,21,No,With Traffic,O: No Injury,Bike Lane / Paved Shoulder,White,Male,Raleigh,Wake,No,01-01-03,2011-11-02,Motorist Right Turn / Merge,18,Non-Intersection,01-11-01,0001-01-01T13:22:58-04:56,Motorist Right Turn - Same Direction,321213,2011,O: No Injury,Residential,0-19,19,No,21-25 mph,O: No Injury,White,Male,Passenger Car,No,No,Daylight,Mixed (30% To 70% Developed),2 lanes,2,Straight - Level,Local Street,Dry,"Two-Way, Divided, Unprotected Median",None,No Special Feature,Coarse Asphalt,Piedmont,Urban,30 - 35  MPH,No Control Present,Clear,No,"35.7867, -78.664"
775,776,Yes,20-24,20,No,Facing Traffic,O: No Injury,Sidewalk / Crosswalk / Driveway Crossing,White,Male,Raleigh,Wake,No,01-01-03,2011-10-26,Motorist Failed to Yield - Sign-Controlled Intersection,18,Intersection,01-10-01,0001-01-01T13:49:58-04:56,Motorist Drive Out - Sign-Controlled Intersection,132141,2011,O: No Injury,Commercial,20-24,21,No,0-5 mph,O: No Injury,White,Female,Passenger Car,No,No,Dusk,Urban (>70% Developed),,2,Straight - Grade,Public Vehicular Area,Dry,"Two-Way, Not Divided",None,No Special Feature,Concrete,Piedmont,Urban,5 - 15 MPH,Stop Sign,Clear,No,"35.78106, -78.6767"