FID,OBJECTID,AmbulanceR,BikeAge_Gr,Bike_Age,Bike_Alc_D,Bike_Dir,Bike_Injur,Bike_Pos,Bike_Race,Bike_Sex,City,County,CrashAlcoh,CrashDay,Crash_Date,Crash_Grp,Crash_Hour,Crash_Loc,Crash_Mont,Crash_Time,Crash_Type,Crash_Ty_1,Crash_Year,Crsh_Sevri,Developmen,DrvrAge_Gr,Drvr_Age,Drvr_Alc_D,Drvr_EstSp,Drvr_Injur,Drvr_Race,Drvr_Sex,Drvr_VehTy,ExcsSpdInd,Hit_Run,Light_Cond,Locality,Num_Lanes,Num_Units,Rd_Charact,Rd_Class,Rd_Conditi,Rd_Config,Rd_Defects,Rd_Feature,Rd_Surface,Region,Rural_Urba,Speed_Limi,Traff_Cntr,Weather,Workzone_I,Location
781,782,No,30-39,30,Yes,Not Applicable,B: Evident Injury,Bike Lane / Paved Shoulder,White,Male,Charlotte,Mecklenburg,Yes,01-01-05,2011-11-11,Bicyclist Failed to Yield - Midblock,15,Non-Intersection,01-11-01,0001-01-01T10:28:58-04:56,Bicyclist Ride Out - Other Midblock,323318,2011,B: Evident Injury,Commercial,50-59,57,No,31-35 mph,O: No Injury,Black,Male,Sport Utility,No,No,Daylight,Urban (>70% Developed),4 lanes,2,Straight - Level,Local Street,Dry,"Two-Way, Not Divided",None,T-Intersection,Smooth Asphalt,Piedmont,Urban,30 - 35  MPH,No Control Present,Clear,No,"35.21795, -80.7944"
784,785,Yes,30-39,33,No,With Traffic,B: Evident Injury,Travel Lane,White,Male,Asheville,Buncombe,No,01-01-06,2011-10-29,Motorist Overtaking Bicyclist,20,Non-Intersection,01-10-01,0001-01-01T15:28:58-04:56,Motorist Overtaking - Undetected Bicyclist,311231,2011,B: Evident Injury,Commercial,25-29,28,No,21-25 mph,O: No Injury,White,Male,"Light Truck (Mini-Van, Panel)",No,No,Dark - Roadway Not Lighted,Urban (>70% Developed),2 lanes,2,Straight - Grade,Local Street,Dry,"Two-Way, Not Divided",None,No Special Feature,Smooth Asphalt,Mountains,Urban,30 - 35  MPH,No Control Present,Clear,No,"35.55527, -82.6476"
788,789,Yes,40-49,47,No,With Traffic,C: Possible Injury,Travel Lane,White,Male,Gastonia,Gaston,No,01-01-03,2011-10-12,Motorist Failed to Yield - Sign-Controlled Intersection,14,Intersection-Related,01-10-01,0001-01-01T09:22:58-04:56,Motorist Drive Out - Sign-Controlled Intersection,211141,2011,C: Possible Injury,Residential,50-59,55,No,6-10 mph,O: No Injury,White,Male,Pickup,No,No,Daylight,Urban (>70% Developed),1 lane,2,Other,Local Street,Dry,"One-Way, Not Divided",None,Traffic Circle/Roundabout,Smooth Asphalt,Piedmont,Urban,40 - 45  MPH,Yield Sign,Cloudy,No,"35.21445, -81.1332"
789,790,No,16-19,18,No,With Traffic,B: Evident Injury,Sidewalk / Crosswalk / Driveway Crossing,White,Female,High Point,Guilford,No,01-01-04,2011-10-27,Bicyclist Failed to Yield - Signalized Intersection,16,Intersection,01-10-01,0001-01-01T11:51:58-04:56,Bicyclist Ride Out - Signalized  Intersection,131153,2011,B: Evident Injury,Institutional,25-29,26,No,26-30 mph,O: No Injury,Black,Male,Sport Utility,No,No,Daylight,Urban (>70% Developed),5 lanes,2,Straight - Level,Local Street,Dry,"Two-Way, Not Divided",None,Four-Way Intersection,Smooth Asphalt,Piedmont,Urban,30 - 35  MPH,Stop And Go Signal,Clear,No,"35.97907, -79.9963"
795,796,Yes,50-59,53,No,With Traffic,B: Evident Injury,Bike Lane / Paved Shoulder,Black,Male,Burgaw,Pender,No,01-01-05,2011-10-21,Motorist Overtaking Bicyclist,22,Non-Intersection,01-10-01,0001-01-01T17:06:58-04:56,Motorist Overtaking - Misjudged Space,321232,2011,B: Evident Injury,Residential,30-39,31,No,31-35 mph,O: No Injury,White,Male,Pickup,No,No,Dark - Roadway Not Lighted,Mixed (30% To 70% Developed),2 lanes,2,Straight - Level,NC Route,Dry,"Two-Way, Not Divided",None,No Special Feature,Coarse Asphalt,Coastal,Rural,30 - 35  MPH,No Control Present,Clear,No,"34.56485, -77.9146"
798,799,Yes,20-24,21,No,Facing Traffic,B: Evident Injury,Bike Lane / Paved Shoulder,Black,Male,None - Rural Crash,Brunswick,No,01-01-07,2011-10-30,Loss of Control / Turning Error,20,Non-Intersection,01-10-01,0001-01-01T15:45:58-04:56,Motorist Lost Control - Other /,322139,2011,B: Evident Injury,"Farms, Woods, Pastures",,,Missing,,Injury,/Missing,,,No,Yes,Dark - Roadway Not Lighted,Rural (<30% Developed),2 lanes,2,Straight - Level,NC Route,Dry,"Two-Way, Not Divided",None,No Special Feature,Coarse Asphalt,Coastal,Rural,50 - 55  MPH,No Control Present,Clear,No,"33.89973, -78.5509"
805,806,No,20-24,20,No,Not Applicable,B: Evident Injury,Non-Roadway,White,Male,Boone,Watauga,No,01-01-02,2011-11-01,Crossing Paths - Other Circumstances,11,Intersection-Related,01-11-01,0001-01-01T06:30:58-04:56,Crossing Paths - Uncontrolled Intersection,263160,2011,B: Evident Injury,Commercial,30-39,36,No,16-20 mph,O: No Injury,White,Female,Passenger Car,No,No,Daylight,Urban (>70% Developed),2 lanes,2,Straight - Level,Local Street,Dry,"Two-Way, Not Divided",None,No Special Feature,Smooth Asphalt,Mountains,Urban,20 - 25  MPH,"Double Yellow Line, No Passing Zone",Clear,No,"36.20259, -81.6537"
806,807,Yes,40-49,46,No,With Traffic,C: Possible Injury,Travel Lane,Black,Male,Raleigh,Wake,No,01-01-05,2011-11-11,Motorist Failed to Yield - Sign-Controlled Intersection,18,Intersection,01-11-01,0001-01-01T13:16:58-04:56,Motorist Drive Out - Sign-Controlled Intersection,111141,2011,C: Possible Injury,Residential,20-24,23,No,6-10 mph,O: No Injury,White,Male,Passenger Car,No,No,Dark - Lighted Roadway,Urban (>70% Developed),2 lanes,2,Straight - Level,Local Street,Dry,"Two-Way, Divided, Unprotected Median",None,No Special Feature,Smooth Asphalt,Piedmont,Urban,20 - 25  MPH,Stop Sign,Clear,No,"35.90898, -78.5926"
810,811,Yes,25-29,27,No,With Traffic,B: Evident Injury,Travel Lane,Hispanic,Male,Winston-Salem,Forsyth,No,01-01-04,2011-11-03,Motorist Overtaking Bicyclist,20,Non-Intersection,01-11-01,0001-01-01T15:46:58-04:56,Motorist Overtaking - Other /,311239,2011,B: Evident Injury,Residential,50-59,51,No,41-45 mph,O: No Injury,White,Male,Pickup,No,No,Dark - Roadway Not Lighted,Urban (>70% Developed),2 lanes,2,Straight - Level,Local Street,Dry,"Two-Way, Divided, Unprotected Median",None,No Special Feature,Smooth Asphalt,Piedmont,Urban,40 - 45  MPH,No Control Present,Cloudy,No,"36.05333, -80.207"
815,816,Yes,40-49,48,Yes,,C: Possible Injury,,White,Male,Charlotte,Mecklenburg,Yes,01-01-05,2011-11-04,Other /  - Insufficient Details,0,Non-Intersection,01-11-01,0000-12-31T19:35:58-04:56,Approach Paths,399970,2011,C: Possible Injury,Commercial,,,Missing,41-45 mph,Injury,/Missing,,,No,Yes,Dark - Lighted Roadway,Urban (>70% Developed),4 lanes,2,Straight - Level,Local Street,Wet,"Two-Way, Divided, Unprotected Median",Road Surface Condition,No Special Feature,Smooth Asphalt,Piedmont,Urban,40 - 45  MPH,No Control Present,Rain,No,"35.21567, -80.7808"
829,830,Yes,50-59,53,No,With Traffic,C: Possible Injury,Travel Lane,White,Male,None - Rural Crash,Wake,No,01-01-04,2011-12-01,Motorist Overtaking Bicyclist,17,Non-Intersection,01-12-01,0001-01-01T12:14:58-04:56,Motorist Overtaking - Misjudged Space,311232,2011,C: Possible Injury,"Farms, Woods, Pastures",50-59,55,No,41-45 mph,O: No Injury,White,Male,Pickup,No,No,Daylight,Rural (<30% Developed),2 lanes,2,Straight - Level,NC Route,Dry,"Two-Way, Not Divided",None,No Special Feature,Smooth Asphalt,Piedmont,Rural,40 - 45  MPH,"Double Yellow Line, No Passing Zone",Clear,No,"35.58143, -78.8175"
831,832,No,20-24,23,No,With Traffic,C: Possible Injury,Sidewalk / Crosswalk / Driveway Crossing,White,Male,Greensboro,Guilford,No,01-01-03,2011-11-16,Bicyclist Failed to Yield - Signalized Intersection,18,Intersection,01-11-01,0001-01-01T13:45:58-04:56,Bicyclist Failed to Clear - Trapped,131156,2011,C: Possible Injury,Commercial,50-59,58,No,0-5 mph,O: No Injury,White,Female,Passenger Car,No,No,Dark - Lighted Roadway,Urban (>70% Developed),6 lanes,2,Straight - Grade,Local Street,Wet,"Two-Way, Divided, Unprotected Median",None,Related To Intersection,Smooth Asphalt,Piedmont,Urban,30 - 35  MPH,Stop And Go Signal,Rain,No,"36.06231, -79.8154"
836,837,Yes,10-Jun,7,No,Facing Traffic,C: Possible Injury,Sidewalk / Crosswalk / Driveway Crossing,White,Female,Belmont,Gaston,No,01-01-02,2011-11-15,Bicyclist Failed to Yield - Signalized Intersection,16,Intersection,01-11-01,0001-01-01T11:20:58-04:56,Bicyclist Ride Through - Signalized Intersection,132155,2011,C: Possible Injury,Residential,30-39,38,No,41-45 mph,O: No Injury,Black,Male,Passenger Car,No,No,Daylight,Mixed (30% To 70% Developed),3 lanes,2,Straight - Level,Local Street,Dry,"Two-Way, Divided, Unprotected Median",None,T-Intersection,Coarse Asphalt,Piedmont,Urban,40 - 45  MPH,Stop And Go Signal,Clear,No,"35.23474, -81.0403"
837,838,Yes,20-24,23,No,With Traffic,B: Evident Injury,Travel Lane,White,Male,Asheville,Buncombe,No,01-01-02,2011-11-15,Loss of Control / Turning Error,11,Intersection,01-11-01,0001-01-01T06:45:58-04:56,Bicyclist Lost Control - Mechanical Problems,111121,2011,B: Evident Injury,Commercial,70,,No,21-25 mph,O: No Injury,White,Male,Passenger Car,No,No,Daylight,Urban (>70% Developed),2 lanes,2,Straight - Grade,Local Street,Dry,"Two-Way, Not Divided",None,No Special Feature,Smooth Asphalt,Mountains,Urban,30 - 35  MPH,Stop And Go Signal,Cloudy,No,"35.59642, -82.5531"
838,839,Yes,60-69,62,No,With Traffic,B: Evident Injury,Travel Lane,White,Male,Shelby,Cleveland,No,01-01-02,2011-11-15,Motorist Overtaking Bicyclist,9,Non-Intersection,01-11-01,0001-01-01T05:01:58-04:56,Motorist Overtaking - Bicyclist Swerved,311235,2011,B: Evident Injury,Commercial,25-29,25,No,26-30 mph,O: No Injury,Black,Female,Passenger Car,No,No,Daylight,Mixed (30% To 70% Developed),2 lanes,2,Straight - Grade,State Secondary Route,Dry,"Two-Way, Not Divided",None,No Special Feature,Concrete,Mountains,Urban,30 - 35  MPH,No Control Present,Cloudy,No,"35.29602, -81.521"
851,852,Yes,30-39,39,No,With Traffic,A: Disabling Injury,Travel Lane,White,Male,None - Rural Crash,Guilford,No,01-01-06,2011-12-10,Motorist Overtaking Bicyclist,10,Non-Intersection,01-12-01,0001-01-01T06:01:58-04:56,Motorist Overtaking - Other /,311239,2011,A: Disabling Injury,Residential,30-39,38,No,46-50 mph,O: No Injury,White,Female,Sport Utility,No,No,Daylight,Mixed (30% To 70% Developed),2 lanes,2,Straight - Hillcrest,State Secondary Route,Dry,"Two-Way, Not Divided",None,No Special Feature,Smooth Asphalt,Piedmont,Rural,50 - 55  MPH,No Control Present,Clear,No,"36.20842, -79.8437"
852,853,Yes,15-Nov,13,No,With Traffic,O: No Injury,Sidewalk / Crosswalk / Driveway Crossing,Black,Male,Raleigh,Wake,No,01-01-07,2011-12-11,Crossing Paths - Other Circumstances,17,Intersection,01-12-01,0001-01-01T12:25:58-04:56,Crossing Paths - Intersection - Other /,131180,2011,O: No Injury,Residential,20-24,24,No,0-5 mph,O: No Injury,White,Female,Police,No,No,Daylight,Urban (>70% Developed),2 lanes,2,Straight - Level,Local Street,Dry,"Two-Way, Divided, Unprotected Median",None,No Special Feature,Smooth Asphalt,Piedmont,Urban,20 - 25  MPH,No Control Present,Clear,No,"35.78313, -78.656"
855,856,No,16-19,17,No,With Traffic,O: No Injury,Travel Lane,White,Male,None - Rural Crash,Columbus,No,01-01-04,2011-12-15,Bicyclist Left Turn / Merge,17,Intersection-Related,01-12-01,0001-01-01T12:48:58-04:56,Bicyclist Left Turn - Same Direction,211221,2011,O: No Injury,"Farms, Woods, Pastures",40-49,47,No,51-55 mph,O: No Injury,White,Female,Sport Utility,No,No,Dark - Roadway Not Lighted,Rural (<30% Developed),2 lanes,2,Straight - Level,State Secondary Route,Dry,"Two-Way, Not Divided",None,T-Intersection,Coarse Asphalt,Coastal,Rural,50 - 55  MPH,No Control Present,Clear,No,"34.35101, -78.7315"
858,859,Yes,50-59,56,No,With Traffic,C: Possible Injury,Travel Lane,White,Male,Wilmington,New Hanover,No,,2011-11-28,Motorist Overtaking Bicyclist,14,Non-Intersection,01-11-01,0001-01-01T09:30:58-04:56,Motorist Overtaking - Misjudged Space,311232,2011,C: Possible Injury,Commercial,25-29,29,No,16-20 mph,O: No Injury,White,Female,Passenger Car,No,No,Daylight,Urban (>70% Developed),4 lanes,2,Straight - Level,Local Street,Dry,"Two-Way, Not Divided",None,No Special Feature,Coarse Asphalt,Coastal,Urban,30 - 35  MPH,No Control Present,Cloudy,No,"34.24637, -77.8807"
863,864,Yes,16-19,18,No,With Traffic,C: Possible Injury,Travel Lane,White,Male,Cornelius,Mecklenburg,No,01-01-07,2011-11-27,Crossing Paths - Other Circumstances,17,Intersection,01-11-01,0001-01-01T12:14:58-04:56,Signalized Intersection - Other /,111158,2011,C: Possible Injury,Commercial,0-19,18,No,31-35 mph,O: No Injury,Black,Female,Passenger Car,No,No,Dusk,Urban (>70% Developed),5 lanes,2,Straight - Level,Local Street,Dry,"Two-Way, Divided, Positive Median Barrier",None,No Special Feature,Smooth Asphalt,Piedmont,Urban,,Stop And Go Signal,Clear,No,"35.48372, -80.8725"
864,865,No,40-49,44,No,With Traffic,B: Evident Injury,Bike Lane / Paved Shoulder,White,Male,None - Rural Crash,Caldwell,No,01-01-02,2011-12-06,Bicyclist Overtaking Motorist,7,Non-Intersection,01-12-01,0001-01-01T02:52:58-04:56,Bicyclist Overtaking - Passing on Left,321242,2011,B: Evident Injury,Commercial,20-24,22,No,6-10 mph,O: No Injury,White,Male,Passenger Car,No,No,Dawn,Mixed (30% To 70% Developed),5 lanes,2,Straight - Level,US Route,Wet,"Two-Way, Divided, Positive Median Barrier",None,Traffic Circle/Roundabout,Smooth Asphalt,Mountains,Rural,50 - 55  MPH,No Control Present,Cloudy,No,"35.83487, -81.4596"
865,866,Yes,40-49,43,Yes,With Traffic,Injury,Travel Lane,Black,Male,None - Rural Crash,Hoke,Yes,01-01-06,2011-12-24,Motorist Overtaking Bicyclist,20,Non-Intersection,01-12-01,0001-01-01T15:43:58-04:56,Motorist Overtaking - Other /,311239,2011,Injury,Residential,,,No,11-15 mph,Injury,/Missing,,Passenger Car,No,Yes,Dark - Roadway Not Lighted,Mixed (30% To 70% Developed),2 lanes,2,Straight - Level,State Secondary Route,Dry,"Two-Way, Not Divided",None,No Special Feature,Coarse Asphalt,Coastal,Rural,50 - 55  MPH,No Control Present,Clear,No,"34.9155, -79.2634"
866,867,No,15-Nov,15,No,With Traffic,O: No Injury,Travel Lane,White,Male,None - Rural Crash,Onslow,No,01-01-05,2011-12-23,Bicyclist Right Turn / Merge,11,Non-Intersection,01-12-01,0001-01-01T06:58:58-04:56,Bicyclist Right Turn - Same Direction,311223,2011,O: No Injury,"Farms, Woods, Pastures",70,,No,31-35 mph,O: No Injury,White,Female,Passenger Car,No,No,Daylight,Rural (<30% Developed),2 lanes,2,Curve - Level,State Secondary Route,Dry,"Two-Way, Not Divided",None,No Special Feature,Coarse Asphalt,Coastal,Rural,50 - 55  MPH,"Double Yellow Line, No Passing Zone",Clear,No,"34.90308, -77.5832"
867,868,Yes,20-24,20,No,Facing Traffic,B: Evident Injury,Travel Lane,White,Male,Selma,Johnston,No,01-01-02,2011-12-06,Head-On,12,Non-Intersection,01-12-01,0001-01-01T07:21:58-04:56,Head-On - Bicyclist,312250,2011,B: Evident Injury,Commercial,70,,No,36-40 mph,O: No Injury,White,Male,Passenger Car,No,No,Daylight,Urban (>70% Developed),2 lanes,2,Curve - Level,Local Street,Dry,"Two-Way, Not Divided",None,No Special Feature,Coarse Asphalt,Coastal,Urban,40 - 45  MPH,No Control Present,Clear,No,"35.52074, -78.2929"
871,872,Yes,70,,No,Not Applicable,K: Killed,Travel Lane,Black,Male,Sanford,Lee,No,01-01-06,2011-12-10,Crossing Paths - Other Circumstances,17,Intersection-Related,01-12-01,0001-01-01T12:49:58-04:56,Crossing Paths - Uncontrolled Intersection,213160,2011,K: Killed,Industrial,50-59,56,No,41-45 mph,O: No Injury,White,Female,Passenger Car,No,No,Dark - Lighted Roadway,Urban (>70% Developed),6 lanes,2,Straight - Level,NC Route,Dry,"Two-Way, Not Divided",None,No Special Feature,Smooth Asphalt,Piedmont,Urban,50 - 55  MPH,Stop And Go Signal,Clear,No,"35.44413, -79.1281"
878,879,No,40-49,42,No,With Traffic,C: Possible Injury,Travel Lane,Black,Male,None - Rural Crash,Hoke,No,,2011-12-12,Motorist Overtaking Bicyclist,6,Non-Intersection,01-12-01,0001-01-01T01:33:58-04:56,Motorist Overtaking - Misjudged Space,311232,2011,C: Possible Injury,Residential,,,Missing,41-45 mph,Injury,/Missing,,,No,Yes,Dark - Roadway Not Lighted,Mixed (30% To 70% Developed),2 lanes,2,Straight - Level,NC Route,Dry,"Two-Way, Not Divided",None,No Special Feature,Smooth Asphalt,Coastal,Rural,40 - 45  MPH,No Control Present,Clear,No,"34.98971, -79.2572"
885,886,Yes,16-19,18,No,Not Applicable,C: Possible Injury,Travel Lane,White,Male,Fayetteville,Cumberland,No,01-01-05,2011-12-16,Bicyclist Failed to Yield - Midblock,13,Non-Intersection,01-12-01,0001-01-01T08:49:58-04:56,Bicyclist Ride Out - Midblock -,313319,2011,C: Possible Injury,Residential,60-69,63,No,26-30 mph,O: No Injury,White,Female,Sport Utility,No,No,Daylight,Urban (>70% Developed),3 lanes,2,Straight - Level,Local Street,Dry,"Two-Way, Divided, Unprotected Median",None,No Special Feature,Coarse Asphalt,Coastal,Urban,30 - 35  MPH,No Control Present,Clear,No,"35.06526, -78.9139"
305,306,Yes,0-5,3,No,With Traffic,B: Evident Injury,Travel Lane,Hispanic,Male,None - Rural Crash,Rowan,No,01-01-03,2008-05-07,Backing Vehicle,16,Non-Intersection,01-05-01,0001-01-01T11:28:58-04:56,Backing Vehicle,311600,2008,B: Evident Injury,Residential,40-49,43,No,0-5 mph,O: No Injury,Hispanic,Male,Passenger Car,No,No,Daylight,Urban (>70% Developed),1 lane,2,Straight - Level,State Secondary Route,Dry,"Two-Way, Not Divided",None,"Driveway, Private",Coarse Asphalt,Piedmont,Rural,30 - 35  MPH,No Control Present,Clear,No,"0.0, 0.0"
313,314,Yes,50-59,51,No,With Traffic,C: Possible Injury,Travel Lane,White,Male,Sanford,Lee,No,01-01-06,2008-05-10,Motorist Failed to Yield - Sign-Controlled Intersection,20,Intersection,01-05-01,0001-01-01T15:50:58-04:56,Motorist Drive Out - Sign-Controlled Intersection,111141,2008,C: Possible Injury,Commercial,60-69,64,No,6-10 mph,O: No Injury,Black,Male,Passenger Car,No,No,Dark - Roadway Not Lighted,Urban (>70% Developed),2 lanes,2,Straight - Level,Local Street,Dry,"Two-Way, Not Divided",None,Four-Way Intersection,Smooth Asphalt,Piedmont,Urban,30 - 35  MPH,Stop Sign,Clear,No,"0.0, 0.0"
323,324,Yes,40-49,44,Yes,Facing Traffic,C: Possible Injury,Bike Lane / Paved Shoulder,Hispanic,Male,Raleigh,Wake,Yes,01-01-06,2008-05-17,Motorist Failed to Yield - Midblock,15,Non-Intersection,01-05-01,0001-01-01T10:41:58-04:56,Motorist Drive Out - Commercial Driveway / Alley,322322,2008,C: Possible Injury,Commercial,40-49,45,No,0-5 mph,O: No Injury,White,Female,Passenger Car,No,No,Daylight,Urban (>70% Developed),4 lanes,2,Straight - Grade,Local Street,Dry,"Two-Way, Divided, Unprotected Median",None,T-Intersection,Coarse Asphalt,Piedmont,Urban,40 - 45  MPH,No Control Present,Clear,No,"0.0, 0.0"
331,332,No,15-Nov,13,No,,O: No Injury,,Black,Male,Fuquay-Varina,Wake,No,01-01-06,2008-05-03,Bicyclist Failed to Yield - Midblock,11,Non-Intersection,01-05-01,0001-01-01T06:59:58-04:56,Bicyclist Ride Out - Midblock -,399319,2008,O: No Injury,Commercial,30-39,39,No,16-20 mph,O: No Injury,Hispanic,Male,Pickup,No,No,Daylight,Urban (>70% Developed),5 lanes,2,Straight - Grade,US Route,Dry,"Two-Way, Not Divided",None,No Special Feature,Smooth Asphalt,Piedmont,Urban,30 - 35  MPH,No Control Present,Clear,No,"0.0, 0.0"
335,336,Yes,15-Nov,14,No,Facing Traffic,B: Evident Injury,Sidewalk / Crosswalk / Driveway Crossing,White,Male,Raleigh,Wake,No,01-01-05,2008-05-16,Motorist Failed to Yield - Signalized Intersection,16,Intersection,01-05-01,0001-01-01T11:26:58-04:56,Motorist Drive Out - Right Turn on Red,132151,2008,B: Evident Injury,Commercial,40-49,40,No,0-5 mph,O: No Injury,White,Female,Passenger Car,No,No,Daylight,Urban (>70% Developed),5 lanes,2,Straight - Level,Local Street,Wet,"Two-Way, Not Divided",None,"Driveway, Public",Coarse Asphalt,Piedmont,Urban,20 - 25  MPH,Stop And Go Signal,Cloudy,No,"0.0, 0.0"
336,337,Yes,10-Jun,7,No,Not Applicable,C: Possible Injury,Non-Roadway,White,Male,Asheboro,Randolph,No,01-01-06,2008-05-17,Bicyclist Failed to Yield - Midblock,11,Non-Intersection,01-05-01,0001-01-01T06:29:58-04:56,Bicyclist Ride Out - Other Midblock,363318,2008,C: Possible Injury,Residential,30-39,36,No,21-25 mph,O: No Injury,Black,Male,Sport Utility,No,No,Daylight,Urban (>70% Developed),2 lanes,2,Straight - Level,Local Street,Dry,"Two-Way, Not Divided",None,"Driveway, Public",Smooth Asphalt,Piedmont,Urban,30 - 35  MPH,Missing,Clear,No,"0.0, 0.0"
337,338,Yes,15-Nov,13,No,With Traffic,C: Possible Injury,Travel Lane,Hispanic,Male,Salisbury,Rowan,No,01-01-04,2008-06-19,Bicyclist Right Turn / Merge,14,Non-Intersection,01-06-01,0001-01-01T09:43:58-04:56,Bicyclist Right Turn - Same Direction,311223,2008,C: Possible Injury,Commercial,50-59,58,No,46-50 mph,O: No Injury,White,Female,Passenger Car,No,No,Daylight,Urban (>70% Developed),5 lanes,2,Straight - Hillcrest,Local Street,Dry,"Two-Way, Not Divided",None,T-Intersection,Smooth Asphalt,Piedmont,Urban,50 - 55  MPH,Stop Sign,Clear,No,"0.0, 0.0"
341,342,Yes,60-69,63,No,Facing Traffic,C: Possible Injury,Travel Lane,Asian,Male,Fayetteville,Cumberland,No,,2008-05-19,Head-On,10,Non-Intersection,01-05-01,0001-01-01T05:58:58-04:56,Head-On - Bicyclist,312250,2008,C: Possible Injury,Commercial,30-39,30,No,6-10 mph,O: No Injury,White,Male,Passenger Car,No,No,Daylight,Urban (>70% Developed),6 lanes,2,Straight - Level,Local Street,Dry,"Two-Way, Not Divided",None,No Special Feature,Coarse Asphalt,Coastal,Urban,40 - 45  MPH,No Control Present,Clear,No,"0.0, 0.0"
345,346,Yes,25-29,29,No,With Traffic,B: Evident Injury,Travel Lane,White,Female,None - Rural Crash,Buncombe,No,01-01-03,2008-05-21,Motorist Left Turn / Merge,8,Non-Intersection,01-05-01,0001-01-01T03:06:58-04:56,Motorist Left Turn - Opposite Direction,311212,2008,B: Evident Injury,Commercial,70,,No,31-35 mph,O: No Injury,White,Female,Passenger Car,No,No,Daylight,Mixed (30% To 70% Developed),2 lanes,2,Straight - Level,State Secondary Route,Dry,"Two-Way, Not Divided",None,Y-Intersection,Smooth Asphalt,Mountains,Rural,30 - 35  MPH,"Double Yellow Line, No Passing Zone",Clear,No,"0.0, 0.0"
347,348,No,15-Nov,15,No,Facing Traffic,C: Possible Injury,Sidewalk / Crosswalk / Driveway Crossing,Asian,Male,Raleigh,Wake,No,,2008-05-19,Motorist Failed to Yield - Sign-Controlled Intersection,14,Intersection,01-05-01,0001-01-01T09:43:58-04:56,Motorist Drive Out - Sign-Controlled Intersection,132141,2008,C: Possible Injury,Institutional,0-19,16,No,0-5 mph,O: No Injury,White,Male,Sport Utility,No,No,Daylight,Urban (>70% Developed),2 lanes,2,Straight - Level,Public Vehicular Area,Dry,"Two-Way, Not Divided",None,"Driveway, Public",Coarse Asphalt,Piedmont,Urban,30 - 35  MPH,Stop Sign,Clear,No,"0.0, 0.0"
351,352,Yes,15-Nov,15,Yes,Facing Traffic,B: Evident Injury,Multi-use Path,White,Male,Kitty Hawk,Dare,Yes,01-01-03,2008-05-21,Bicyclist Failed to Yield - Signalized Intersection,12,Intersection,01-05-01,0001-01-01T08:02:58-04:56,Bicyclist Ride Through - Signalized Intersection,142155,2008,B: Evident Injury,Commercial,60-69,64,No,0-5 mph,O: No Injury,White,Female,Passenger Car,No,No,Daylight,Mixed (30% To 70% Developed),3 lanes,2,Straight - Level,Local Street,Dry,"Two-Way, Not Divided",None,Four-Way Intersection,Coarse Asphalt,Coastal,Rural,30 - 35  MPH,Stop And Go Signal,Clear,No,"0.0, 0.0"
367,368,Yes,10-Jun,6,No,Not Applicable,C: Possible Injury,Driveway / Alley,Black,Male,Rocky Mount,Nash,No,01-01-07,2008-05-25,Bicyclist Failed to Yield - Midblock,21,Non-Intersection,01-05-01,0001-01-01T16:14:58-04:56,Bicyclist Ride Out - Residential Driveway,353311,2008,C: Possible Injury,Residential,30-39,33,No,26-30 mph,O: No Injury,Black,Female,Passenger Car,No,No,Daylight,Urban (>70% Developed),2 lanes,2,Straight - Level,Local Street,Dry,"Two-Way, Not Divided",None,No Special Feature,Coarse Asphalt,Coastal,Urban,30 - 35  MPH,No Control Present,Clear,No,"0.0, 0.0"
372,373,No,16-19,16,No,With Traffic,A: Disabling Injury,Travel Lane,Black,Male,Fuquay-Varina,Wake,No,01-01-04,2008-05-29,Bicyclist Failed to Yield - Sign-Controlled Intersection,20,Intersection,01-05-01,0001-01-01T15:31:58-04:56,Bicyclist Ride Through - Sign-Controlled Intersection,111144,2008,A: Disabling Injury,Residential,50-59,50,No,41-45 mph,O: No Injury,White,Male,Passenger Car,No,No,Daylight,Rural (<30% Developed),2 lanes,2,Straight - Level,Local Street,Dry,"Two-Way, Not Divided",None,No Special Feature,Smooth Asphalt,Piedmont,Urban,40 - 45  MPH,Stop Sign,Clear,No,"0.0, 0.0"
381,382,No,40-49,45,No,With Traffic,B: Evident Injury,Travel Lane,White,Male,Smithfield,Johnston,No,01-01-06,2008-05-31,Motorist Overtaking Bicyclist,14,Non-Intersection,01-05-01,0001-01-01T09:59:58-04:56,Motorist Overtaking - Other /,311239,2008,B: Evident Injury,Residential,,,Missing,16-20 mph,Injury,/Missing,,Pickup,No,Yes,Daylight,Rural (<30% Developed),2 lanes,2,Straight - Level,NC Route,Dry,"Two-Way, Not Divided",None,No Special Feature,Coarse Asphalt,Coastal,Urban,40 - 45  MPH,Missing,Clear,No,"0.0, 0.0"
391,392,Yes,50-59,59,No,With Traffic,K: Killed,Travel Lane,White,Male,None - Rural Crash,Orange,No,01-01-02,2008-06-03,Loss of Control / Turning Error,8,Non-Intersection,01-06-01,0001-01-01T03:05:58-04:56,Motorist Lost Control - Other /,311139,2008,K: Killed,"Farms, Woods, Pastures",25-29,26,No,51-55 mph,C: Possible Injury,White,Male,Sport Utility,No,No,Daylight,Rural (<30% Developed),2 lanes,3,Curve - Level,State Secondary Route,Dry,"Two-Way, Not Divided",None,No Special Feature,Smooth Asphalt,Piedmont,Rural,50 - 55  MPH,"Double Yellow Line, No Passing Zone",Clear,No,"0.0, 0.0"