FID,OBJECTID,AmbulanceR,BikeAge_Gr,Bike_Age,Bike_Alc_D,Bike_Dir,Bike_Injur,Bike_Pos,Bike_Race,Bike_Sex,City,County,CrashAlcoh,CrashDay,Crash_Date,Crash_Grp,Crash_Hour,Crash_Loc,Crash_Mont,Crash_Time,Crash_Type,Crash_Ty_1,Crash_Year,Crsh_Sevri,Developmen,DrvrAge_Gr,Drvr_Age,Drvr_Alc_D,Drvr_EstSp,Drvr_Injur,Drvr_Race,Drvr_Sex,Drvr_VehTy,ExcsSpdInd,Hit_Run,Light_Cond,Locality,Num_Lanes,Num_Units,Rd_Charact,Rd_Class,Rd_Conditi,Rd_Config,Rd_Defects,Rd_Feature,Rd_Surface,Region,Rural_Urba,Speed_Limi,Traff_Cntr,Weather,Workzone_I,Location
90,91,Yes,16-19,16,No,With Traffic,K: Killed,Travel Lane,White,Male,Lenoir,Caldwell,No,01-01-02,2010-03-23,Bicyclist Failed to Yield - Sign-Controlled Intersection,18,Intersection,01-03-01,0001-01-01T13:28:58-04:56,Bicyclist Ride Through - Sign-Controlled Intersection,0,2010,K: Killed,Residential,30-39,36,No,21-25 mph,O: No Injury,White,Male,Pickup,No,No,Daylight,Urban (>70% Developed),2 lanes,2,Straight - Level,Local Street,Dry,"Two-Way, Not Divided",None,T-Intersection,Coarse Asphalt,Mountains,Urban,30 - 35  MPH,Stop Sign,Clear,No,"35.92288, -81.552086"
103,104,No,16-19,17,No,With Traffic,O: No Injury,Travel Lane,White,Male,None - Rural Crash,New Hanover,No,01-01-05,2010-04-02,Bicyclist Left Turn / Merge,10,Non-Intersection,01-04-01,0001-01-01T05:51:58-04:56,Bicyclist Left Turn - Same Direction,0,2010,O: No Injury,Commercial,0-19,19,No,31-35 mph,O: No Injury,White,Female,Pickup,No,No,Daylight,Mixed (30% To 70% Developed),2 lanes,2,Straight - Level,NC Route,Dry,"Two-Way, Not Divided",None,No Special Feature,Coarse Asphalt,Coastal,Rural,40 - 45  MPH,No Control Present,Clear,No,"34.295372, -77.921326"
106,107,No,30-39,38,No,With Traffic,C: Possible Injury,Travel Lane,Black,Male,Wilmington,New Hanover,No,01-01-02,2010-03-16,Motorist Right Turn / Merge,19,Intersection,01-03-01,0001-01-01T15:01:58-04:56,Motorist Right Turn - Same Direction,0,2010,C: Possible Injury,Commercial,40-49,41,No,6-10 mph,O: No Injury,White,Male,Pickup,No,No,Dark - Lighted Roadway,Urban (>70% Developed),,2,Straight - Level,Local Street,Dry,"Two-Way, Divided, Unprotected Median",None,Four-Way Intersection,Smooth Asphalt,Coastal,Urban,30 - 35  MPH,Stop And Go Signal,Clear,No,"34.23916, -77.943855"
107,108,Yes,25-29,25,Yes,Not Applicable,C: Possible Injury,Sidewalk / Crosswalk / Driveway Crossing,Hispanic,Male,Charlotte,Mecklenburg,Yes,01-01-02,2010-03-23,Motorist Failed to Yield - Midblock,18,Non-Intersection,01-03-01,0001-01-01T14:00:58-04:56,Motorist Drive Out - Commercial Driveway / Alley,0,2010,C: Possible Injury,Residential,20-24,21,No,0-5 mph,O: No Injury,Black,Male,Passenger Car,No,No,Daylight,Urban (>70% Developed),6 lanes,2,Straight - Level,"Private Road, Driveway",Dry,"Two-Way, Divided, Positive Median Barrier",None,"Driveway, Private",Smooth Asphalt,Piedmont,Urban,5 - 15 MPH,No Control Present,Clear,No,"35.229122, -80.77459"
108,109,Yes,30-39,35,No,With Traffic,B: Evident Injury,Travel Lane,White,Female,Charlotte,Mecklenburg,No,01-01-03,2010-03-24,Motorist Left Turn / Merge,17,Intersection,01-03-01,0001-01-01T12:37:58-04:56,Motorist Left Turn - Opposite Direction,0,2010,B: Evident Injury,Commercial,0-19,19,No,6-10 mph,O: No Injury,White,Female,Passenger Car,No,No,Daylight,Urban (>70% Developed),2 lanes,2,Straight - Level,Local Street,Dry,"Two-Way, Not Divided",None,Four-Way Intersection,Smooth Asphalt,Piedmont,Urban,30 - 35  MPH,Stop Sign,Clear,No,"35.186993, -80.83309"
110,111,No,50-59,52,No,With Traffic,C: Possible Injury,Travel Lane,Black,Male,Greensboro,Guilford,No,01-01-04,2010-03-18,Motorist Left Turn / Merge,20,Intersection,01-03-01,0001-01-01T15:14:58-04:56,Motorist Left Turn - Opposite Direction,0,2010,C: Possible Injury,Commercial,25-29,29,No,16-20 mph,O: No Injury,White,Female,Passenger Car,No,No,Dark - Lighted Roadway,Urban (>70% Developed),2 lanes,2,Curve - Bottom,Local Street,Dry,"Two-Way, Not Divided",None,Four-Way Intersection,Coarse Asphalt,Piedmont,Urban,20 - 25  MPH,Stop Sign,Clear,No,"36.068108, -79.79002"
118,119,No,70,,No,With Traffic,B: Evident Injury,Travel Lane,White,Male,None - Rural Crash,Beaufort,No,01-01-07,2010-04-11,Bicyclist Left Turn / Merge,15,Non-Intersection,01-04-01,0001-01-01T10:41:58-04:56,Bicyclist Left Turn - Same Direction,0,2010,B: Evident Injury,Residential,60-69,60,No,51-55 mph,O: No Injury,Black,Male,Van,No,No,Daylight,Rural (<30% Developed),2 lanes,2,Straight - Level,US Route,Dry,"Two-Way, Not Divided",None,No Special Feature,Smooth Asphalt,Coastal,Rural,50 - 55  MPH,No Control Present,Clear,No,"35.522594, -76.83873"
144,145,Yes,25-29,25,No,With Traffic,B: Evident Injury,Travel Lane,White,Male,Wilmington,New Hanover,No,01-01-02,2010-04-13,Motorist Overtaking Bicyclist,6,Non-Intersection,01-04-01,0001-01-01T01:31:58-04:56,Motorist Overtaking - Other /,0,2010,B: Evident Injury,Commercial,50-59,59,No,31-35 mph,O: No Injury,White,Male,Passenger Car,No,No,Daylight,Urban (>70% Developed),2 lanes,2,Straight - Grade,Local Street,Dry,"Two-Way, Not Divided",None,No Special Feature,Smooth Asphalt,Coastal,Urban,30 - 35  MPH,Stop And Go Signal,Clear,No,"34.209137, -77.88041"
145,146,No,20-24,21,No,With Traffic,B: Evident Injury,Sidewalk / Crosswalk / Driveway Crossing,White,Male,Raleigh,Wake,No,,2010-04-12,Motorist Left Turn / Merge,18,Intersection,01-04-01,0001-01-01T13:51:58-04:56,Motorist Left Turn - Opposite Direction,0,2010,B: Evident Injury,Institutional,0-19,19,No,16-20 mph,O: No Injury,White,Female,Passenger Car,No,No,Daylight,Urban (>70% Developed),3 lanes,2,Straight - Level,Local Street,Dry,"Two-Way, Not Divided",None,T-Intersection,Coarse Asphalt,Piedmont,Urban,5 - 15 MPH,Yield Sign,Clear,No,"35.783783, -78.66842"
154,155,Yes,30-39,33,No,With Traffic,B: Evident Injury,Travel Lane,White,Female,Southern Pines,Moore,No,01-01-02,2010-04-06,Motorist Failed to Yield - Sign-Controlled Intersection,14,Intersection,01-04-01,0001-01-01T09:33:58-04:56,Motorist Drive Out - Sign-Controlled Intersection,0,2010,B: Evident Injury,Residential,0-19,16,No,0-5 mph,O: No Injury,White,Male,Pickup,No,No,Daylight,Urban (>70% Developed),4 lanes,2,Straight - Grade,NC Route,Dry,"Two-Way, Divided, Unprotected Median",None,T-Intersection,Coarse Asphalt,Piedmont,Urban,40 - 45  MPH,Stop Sign,Clear,No,"35.1927, -79.38724"
163,164,Yes,50-59,57,No,With Traffic,C: Possible Injury,Travel Lane,Black,Male,None - Rural Crash,Halifax,No,01-01-03,2010-04-21,Motorist Overtaking Bicyclist,19,Non-Intersection,01-04-01,0001-01-01T14:25:58-04:56,Motorist Overtaking - Other /,0,2010,C: Possible Injury,"Farms, Woods, Pastures",30-39,33,No,51-55 mph,O: No Injury,Black,Male,Sport Utility,No,No,Dusk,Rural (<30% Developed),2 lanes,2,Straight - Level,NC Route,Dry,"Two-Way, Not Divided",None,No Special Feature,Smooth Asphalt,Coastal,Rural,50 - 55  MPH,No Control Present,Clear,No,"36.018814, -77.41089"
172,173,Yes,60-69,61,No,Facing Traffic,C: Possible Injury,Travel Lane,White,Male,None - Rural Crash,New Hanover,No,,2010-04-26,Head-On,11,Non-Intersection,01-04-01,0001-01-01T06:03:58-04:56,Head-On - Bicyclist,0,2010,C: Possible Injury,Commercial,30-39,30,No,0-5 mph,O: No Injury,White,Female,Passenger Car,No,No,Daylight,Urban (>70% Developed),3 lanes,2,Straight - Level,State Secondary Route,Dry,"Two-Way, Not Divided",None,T-Intersection,Coarse Asphalt,Coastal,Rural,40 - 45  MPH,No Control Present,Clear,No,"34.264072, -77.83248"
669,670,Yes,16-19,18,No,Not Applicable,B: Evident Injury,Non-Roadway,Black,Male,Charlotte,Mecklenburg,No,01-01-03,2008-09-17,Bicyclist Failed to Yield - Midblock,16,Non-Intersection,01-09-01,0001-01-01T11:11:58-04:56,Bicyclist Ride Out - Commercial Driveway / Alley,363312,2008,B: Evident Injury,Commercial,20-24,21,No,16-20 mph,O: No Injury,Hispanic,Male,Passenger Car,No,No,Daylight,Urban (>70% Developed),4 lanes,2,Straight - Level,Local Street,Dry,"Two-Way, Divided, Unprotected Median",None,No Special Feature,Smooth Asphalt,Piedmont,Urban,30 - 35  MPH,No Control Present,Cloudy,No,"0.0, 0.0"
672,673,No,30-39,31,No,Facing Traffic,C: Possible Injury,Travel Lane,Black,Male,Rocky Mount,Nash,No,01-01-05,2008-06-27,Motorist Failed to Yield - Midblock,19,Non-Intersection,01-06-01,0001-01-01T14:33:58-04:56,Motorist Drive Out - Commercial Driveway / Alley,312322,2008,C: Possible Injury,Commercial,25-29,26,No,0-5 mph,O: No Injury,Black,Male,Passenger Car,No,No,Daylight,Urban (>70% Developed),3 lanes,2,Straight - Level,Local Street,Dry,"Two-Way, Not Divided",None,No Special Feature,Smooth Asphalt,Coastal,Urban,30 - 35  MPH,Missing,Clear,No,"0.0, 0.0"
674,675,Yes,15-Nov,15,No,With Traffic,C: Possible Injury,Travel Lane,Black,Male,None - Rural Crash,Franklin,No,01-01-06,2008-09-13,Bicyclist Left Turn / Merge,16,Non-Intersection,01-09-01,0001-01-01T11:33:58-04:56,Bicyclist Left Turn - Same Direction,311221,2008,C: Possible Injury,"Farms, Woods, Pastures",40-49,43,No,36-40 mph,O: No Injury,White,Male,Pickup,No,No,Daylight,Rural (<30% Developed),2 lanes,2,Curve - Level,State Secondary Route,Dry,"Two-Way, Not Divided",None,No Special Feature,Coarse Asphalt,Piedmont,Rural,50 - 55  MPH,"Double Yellow Line, No Passing Zone",Clear,No,"0.0, 0.0"
681,682,Yes,,,Missing,Facing Traffic,Injury,Travel Lane,/Missing,,Gastonia,Gaston,No,01-01-02,2008-09-02,Motorist Failed to Yield - Midblock,14,Non-Intersection,01-09-01,0001-01-01T09:08:58-04:56,Motorist Drive Out - Commercial Driveway / Alley,312322,2008,C: Possible Injury,Commercial,30-39,32,No,,C: Possible Injury,White,Male,Pedalcycle,No,Yes,Daylight,Urban (>70% Developed),5 lanes,2,Straight - Level,Local Street,Dry,"Two-Way, Not Divided",None,"Driveway, Public",Smooth Asphalt,Piedmont,Urban,,Missing,Clear,No,"0.0, 0.0"
700,701,Yes,30-39,33,No,With Traffic,C: Possible Injury,Travel Lane,White,Female,None - Rural Crash,Orange,No,01-01-04,2008-09-04,Motorist Overtaking Bicyclist,13,Non-Intersection,01-09-01,0001-01-01T08:46:58-04:56,Motorist Overtaking - Other /,311239,2008,C: Possible Injury,"Farms, Woods, Pastures",50-59,53,No,41-45 mph,O: No Injury,White,Male,Pickup,No,No,Daylight,Rural (<30% Developed),2 lanes,2,Curve - Grade,State Secondary Route,Dry,"Two-Way, Not Divided",None,No Special Feature,Smooth Asphalt,Piedmont,Rural,40 - 45  MPH,"Double Yellow Line, No Passing Zone",Clear,No,"0.0, 0.0"
706,707,Yes,40-49,45,No,With Traffic,K: Killed,Bike Lane / Paved Shoulder,White,Male,None - Rural Crash,New Hanover,No,01-01-02,2008-09-09,Motorist Right Turn / Merge,18,Non-Intersection,01-09-01,0001-01-01T13:34:58-04:56,Motorist Right Turn - Same Direction,321213,2008,K: Killed,Residential,0-19,19,No,51-55 mph,O: No Injury,White,Male,Passenger Car,No,No,Daylight,Rural (<30% Developed),2 lanes,2,Straight - Level,State Secondary Route,Dry,"Two-Way, Not Divided",None,Other,Coarse Asphalt,Coastal,Rural,50 - 55  MPH,Other,Clear,No,"0.0, 0.0"
806,807,No,30-39,36,No,With Traffic,C: Possible Injury,Travel Lane,Black,Male,Gastonia,Gaston,No,01-01-07,2012-10-07,Motorist Failed to Yield - Sign-Controlled Intersection,19,Intersection,01-10-01,0001-01-01T14:31:58-04:56,Motorist Drive Through - Sign-Controlled Intersection,,2012,C: Possible Injury,Residential,,,Missing,21-25 mph,Injury,/Missing,,,No,Yes,Dark - Lighted Roadway,Urban (>70% Developed),2 lanes,2,Straight - Level,Local Street,Dry,"Two-Way, Not Divided",None,No Special Feature,Smooth Asphalt,Piedmont,Urban,20 - 25  MPH,No Control Present,Clear,No,"35.2576, -81.2109"
815,816,No,50-59,56,No,With Traffic,C: Possible Injury,Travel Lane,White,Male,Winston-Salem,Forsyth,No,01-01-07,2012-10-14,Motorist Right Turn / Merge,18,Intersection,01-10-01,0001-01-01T13:33:58-04:56,Motorist Right Turn - Same Direction,,2012,C: Possible Injury,Commercial,40-49,44,No,11-15 mph,O: No Injury,Hispanic,Female,Sport Utility,No,No,Dusk,Urban (>70% Developed),7 lanes,2,Straight - Grade,Local Street,Dry,"Two-Way, Divided, Positive Median Barrier",None,Four-Way Intersection,Smooth Asphalt,Piedmont,Urban,30 - 35  MPH,Stop And Go Signal,Clear,No,"36.12906, -80.2875"
820,821,No,20-24,21,No,With Traffic,C: Possible Injury,Travel Lane,White,Male,None - Rural Crash,Guilford,No,01-01-04,2012-10-18,Motorist Right Turn / Merge,10,Intersection,01-10-01,0001-01-01T05:36:58-04:56,Motorist Right Turn - Same Direction,,2012,C: Possible Injury,Institutional,0-19,19,No,21-25 mph,O: No Injury,White,Female,Passenger Car,No,No,Daylight,Urban (>70% Developed),2 lanes,2,Straight - Level,Local Street,Dry,"Two-Way, Divided, Positive Median Barrier",None,No Special Feature,Smooth Asphalt,Piedmont,Rural,20 - 25  MPH,Stop Sign,Clear,No,"36.06529, -79.8127"
825,826,Yes,20-24,24,No,With Traffic,B: Evident Injury,Travel Lane,White,Female,Chapel Hill,Orange,No,,2012-10-22,Motorist Left Turn / Merge,16,Intersection,01-10-01,0001-01-01T11:42:58-04:56,Motorist Left Turn - Opposite Direction,,2012,B: Evident Injury,Residential,70,70,No,6-10 mph,O: No Injury,White,Female,Passenger Car,No,No,Daylight,Urban (>70% Developed),4 lanes,2,Straight - Grade,Local Street,Dry,"Two-Way, Not Divided",None,Four-Way Intersection,Smooth Asphalt,Piedmont,Urban,30 - 35  MPH,Stop And Go Signal,Clear,No,"35.91688, -79.0459"
826,827,Yes,15-Nov,13,No,Facing Traffic,C: Possible Injury,Travel Lane,White,Male,Durham,Durham,No,,2012-10-29,Head-On,15,Intersection,01-10-01,0001-01-01T10:21:58-04:56,Head-On - Bicyclist,,2012,C: Possible Injury,Residential,70,70,No,31-35 mph,O: No Injury,White,Male,Sport Utility,No,No,Daylight,Urban (>70% Developed),2 lanes,2,Straight - Level,Local Street,Dry,"Two-Way, Divided, Unprotected Median",None,No Special Feature,Smooth Asphalt,Piedmont,Urban,30 - 35  MPH,Stop Sign,Cloudy,No,"36.03254, -78.9843"
830,831,Yes,60-69,67,No,Facing Traffic,C: Possible Injury,Sidewalk / Crosswalk / Driveway Crossing,Black,Male,Fayetteville,Cumberland,No,01-01-02,2012-10-23,Motorist Failed to Yield - Sign-Controlled Intersection,11,Intersection,01-10-01,0001-01-01T07:01:58-04:56,Motorist Drive Out - Sign-Controlled Intersection,,2012,C: Possible Injury,Commercial,25-29,25,No,0-5 mph,O: No Injury,/Missing,Male,Police,No,No,Daylight,Urban (>70% Developed),2 lanes,2,Straight - Level,Local Street,Dry,"Two-Way, Not Divided",None,T-Intersection,Coarse Asphalt,Coastal,Urban,30 - 35  MPH,Stop Sign,Clear,No,"35.06493, -78.8898"
836,837,Yes,15-Nov,11,No,With Traffic,B: Evident Injury,Travel Lane,Hispanic,Male,Maiden,Catawba,No,,2012-08-06,Bicyclist Failed to Yield - Sign-Controlled Intersection,11,Intersection,01-08-01,0001-01-01T06:28:58-04:56,Bicyclist Ride Through - Sign-Controlled Intersection,,2012,B: Evident Injury,Residential,40-49,42,No,31-35 mph,O: No Injury,White,Female,Passenger Car,No,No,Daylight,Urban (>70% Developed),2 lanes,2,Straight - Hillcrest,Local Street,Dry,"Two-Way, Not Divided",None,T-Intersection,Smooth Asphalt,Piedmont,Rural,30 - 35  MPH,Stop Sign,Cloudy,No,"35.57626, -81.206"
839,840,Yes,50-59,56,No,Facing Traffic,C: Possible Injury,Travel Lane,White,Female,Fayetteville,Cumberland,No,01-01-03,2012-10-24,Motorist Failed to Yield - Midblock,16,Non-Intersection,01-10-01,0001-01-01T11:21:58-04:56,Motorist Drive Out - Commercial Driveway / Alley,,2012,C: Possible Injury,Commercial,25-29,28,No,0-5 mph,O: No Injury,White,Male,Passenger Car,No,No,Daylight,Urban (>70% Developed),6 lanes,2,Straight - Level,Local Street,Dry,"Two-Way, Not Divided",None,No Special Feature,Smooth Asphalt,Coastal,Urban,30 - 35  MPH,No Control Present,Clear,No,"35.04631, -78.8654"
851,852,No,20-24,23,No,With Traffic,C: Possible Injury,Sidewalk / Crosswalk / Driveway Crossing,Black,Male,Fayetteville,Cumberland,No,,2012-10-29,Crossing Paths - Other Circumstances,6,Intersection,01-10-01,0001-01-01T01:04:58-04:56,Signalized Intersection - Other /,,2012,C: Possible Injury,Commercial,,,Missing,16-20 mph,Injury,/Missing,,,No,Yes,Dark - Lighted Roadway,Urban (>70% Developed),5 lanes,2,Straight - Level,Local Street,Dry,"Two-Way, Not Divided",None,Four-Way Intersection,Coarse Asphalt,Coastal,Urban,30 - 35  MPH,Stop And Go Signal,Clear,No,"35.05044, -78.8791"
852,853,Yes,50-59,57,Yes,With Traffic,B: Evident Injury,Travel Lane,Asian,Male,None - Rural Crash,Davidson,Yes,01-01-02,2012-11-06,Motorist Overtaking Bicyclist,10,Non-Intersection,01-11-01,0001-01-01T05:19:58-04:56,Motorist Overtaking - Bicyclist Swerved,,2012,B: Evident Injury,"Farms, Woods, Pastures",70,70,No,36-40 mph,O: No Injury,Black,Male,Van,No,No,Daylight,Rural (<30% Developed),4 lanes,2,Curve - Level,NC Route,Dry,"Two-Way, Not Divided",None,No Special Feature,Smooth Asphalt,Piedmont,Rural,40 - 45  MPH,No Control Present,Cloudy,No,"35.76274, -80.2635"
859,860,Yes,20-24,24,No,With Traffic,C: Possible Injury,Travel Lane,White,Male,Asheville,Buncombe,No,01-01-03,2012-10-24,Motorist Left Turn / Merge,19,Intersection,01-10-01,0001-01-01T14:20:58-04:56,Motorist Left Turn - Opposite Direction,,2012,C: Possible Injury,Commercial,20-24,20,No,0-5 mph,O: No Injury,White,Female,Passenger Car,No,No,Dark - Lighted Roadway,Urban (>70% Developed),3 lanes,2,Straight - Grade,Local Street,Dry,"Two-Way, Not Divided",None,Four-Way Intersection,Coarse Asphalt,Mountains,Urban,30 - 35  MPH,Stop And Go Signal,Clear,No,"35.59792, -82.5537"
860,861,Yes,40-49,47,No,With Traffic,C: Possible Injury,Bike Lane / Paved Shoulder,White,Male,Charlotte,Mecklenburg,No,01-01-05,2012-11-02,Motorist Right Turn / Merge,11,Intersection,01-11-01,0001-01-01T06:59:58-04:56,Motorist Right Turn - Same Direction,,2012,C: Possible Injury,Commercial,20-24,24,No,41-45 mph,O: No Injury,White,Female,Sport Utility,No,No,Daylight,Urban (>70% Developed),6 lanes,2,Straight - Level,Local Street,Dry,"Two-Way, Divided, Unprotected Median",None,Four-Way Intersection,Smooth Asphalt,Piedmont,Urban,40 - 45  MPH,Stop And Go Signal,Clear,No,"35.05448, -80.8501"
862,863,Yes,40-49,48,Yes,With Traffic,K: Killed,Travel Lane,Black,Male,None - Rural Crash,Lee,Yes,01-01-02,2012-11-06,Motorist Overtaking Bicyclist,20,Non-Intersection,01-11-01,0001-01-01T15:32:58-04:56,Motorist Overtaking - Other /,,2012,K: Killed,"Farms, Woods, Pastures",30-39,36,No,51-55 mph,O: No Injury,White,Male,Passenger Car,No,No,Dark - Roadway Not Lighted,Rural (<30% Developed),2 lanes,2,Curve - Level,State Secondary Route,Dry,"Two-Way, Not Divided",None,No Special Feature,Smooth Asphalt,Piedmont,Rural,50 - 55  MPH,"Double Yellow Line, No Passing Zone",Clear,No,"35.41306, -79.1492"
864,865,Yes,16-19,17,No,Facing Traffic,C: Possible Injury,Sidewalk / Crosswalk / Driveway Crossing,Black,Male,Charlotte,Mecklenburg,No,01-01-06,2012-11-10,Crossing Paths - Other Circumstances,12,Intersection,01-11-01,0001-01-01T07:47:58-04:56,Signalized Intersection - Other /,,2012,C: Possible Injury,Commercial,,,Missing,31-35 mph,Injury,/Missing,,,No,Yes,Daylight,Urban (>70% Developed),4 lanes,2,Straight - Level,Local Street,Dry,"Two-Way, Divided, Unprotected Median",None,No Special Feature,Smooth Asphalt,Piedmont,Urban,30 - 35  MPH,Stop And Go Signal,Clear,No,"35.21606, -80.8836"
868,869,Yes,50-59,51,No,With Traffic,B: Evident Injury,Travel Lane,Black,Male,Rocky Mount,Nash,No,01-01-04,2012-10-18,Loss of Control / Turning Error,9,Non-Intersection,01-10-01,0001-01-01T05:02:58-04:56,Motorist Lost Control - Other /,,2012,B: Evident Injury,Residential,70,70,No,6-10 mph,C: Possible Injury,White,Male,Pickup,No,No,Daylight,Urban (>70% Developed),2 lanes,3,Straight - Level,Local Street,Dry,"Two-Way, Not Divided",None,Four-Way Intersection,Smooth Asphalt,Coastal,Urban,20 - 25  MPH,Stop Sign,Clear,No,"35.93205, -77.8065"
869,870,Yes,40-49,44,No,Facing Traffic,B: Evident Injury,Sidewalk / Crosswalk / Driveway Crossing,White,Male,Morrisville,Wake,No,01-01-04,2012-11-08,Motorist Right Turn / Merge,16,Intersection,01-11-01,0001-01-01T11:37:58-04:56,Motorist Right Turn - Opposite Direction,,2012,B: Evident Injury,Commercial,25-29,27,No,11-15 mph,O: No Injury,Black,Male,Passenger Car,No,No,Dusk,Urban (>70% Developed),4 lanes,2,Straight - Grade,Local Street,Dry,"Two-Way, Divided, Unprotected Median",None,Four-Way Intersection,Smooth Asphalt,Piedmont,Urban,30 - 35  MPH,Stop And Go Signal,Clear,No,"35.8535, -78.8288"
872,873,Yes,60-69,68,No,With Traffic,C: Possible Injury,Travel Lane,White,Male,Greensboro,Guilford,No,01-01-07,2012-11-11,Motorist Overtaking Bicyclist,10,Non-Intersection,01-11-01,0001-01-01T05:58:58-04:56,Motorist Overtaking - Undetected Bicyclist,,2012,C: Possible Injury,Residential,25-29,28,No,21-25 mph,O: No Injury,Black,Female,Passenger Car,No,No,Daylight,Urban (>70% Developed),2 lanes,3,Straight - Level,Local Street,Dry,"Two-Way, Not Divided",None,No Special Feature,Smooth Asphalt,Piedmont,Urban,30 - 35  MPH,No Control Present,Clear,No,"36.13689, -79.8238"
876,877,Yes,15-Nov,14,No,With Traffic,B: Evident Injury,Travel Lane,White,Male,None - Rural Crash,Cabarrus,No,01-01-02,2012-11-13,Bicyclist Failed to Yield - Sign-Controlled Intersection,17,Intersection,01-11-01,0001-01-01T12:05:58-04:56,Bicyclist Ride Through - Sign-Controlled Intersection,,2012,B: Evident Injury,Residential,0-19,17,No,41-45 mph,O: No Injury,Black,Male,Passenger Car,No,No,Daylight,Mixed (30% To 70% Developed),2 lanes,2,Straight - Grade,State Secondary Route,Dry,"Two-Way, Not Divided",None,Four-Way Intersection,Coarse Asphalt,Piedmont,Rural,40 - 45  MPH,Stop Sign,Clear,No,"35.36284, -80.56"
880,881,Yes,30-39,35,No,With Traffic,B: Evident Injury,Travel Lane,White,Male,Lenoir,Caldwell,No,01-01-04,2012-11-15,Motorist Overtaking Bicyclist,18,Non-Intersection,01-11-01,0001-01-01T13:07:58-04:56,Motorist Overtaking - Undetected Bicyclist,,2012,B: Evident Injury,Commercial,60-69,63,No,46-50 mph,O: No Injury,White,Female,Passenger Car,No,No,Dark - Roadway Not Lighted,Urban (>70% Developed),5 lanes,2,Straight - Grade,Local Street,Dry,"Two-Way, Divided, Unprotected Median",None,No Special Feature,Coarse Asphalt,Mountains,Urban,50 - 55  MPH,No Control Present,Clear,No,"35.88835, -81.5801"
881,882,Yes,16-19,19,No,Not Applicable,B: Evident Injury,Non-Roadway,Black,Male,Smithfield,Johnston,No,01-01-04,2012-11-01,Non-Roadway,13,Non-Roadway,01-11-01,0001-01-01T08:44:58-04:56,Non-Roadway,,2012,B: Evident Injury,Commercial,40-49,49,No,6-10 mph,O: No Injury,Black,Male,Sport Utility,No,No,Daylight,Urban (>70% Developed),4 lanes,2,Straight - Level,US Route,Dry,"Two-Way, Not Divided",None,No Special Feature,Coarse Asphalt,Coastal,Urban,20 - 25  MPH,No Control Present,Clear,No,"35.50905, -78.3406"
885,886,Yes,60-69,63,No,With Traffic,O: No Injury,Travel Lane,Black,Male,Greensboro,Guilford,No,01-01-05,2012-11-16,Loss of Control / Turning Error,13,Intersection-Related,01-11-01,0001-01-01T08:49:58-04:56,Motorist Lost Control - Other /,,2012,C: Possible Injury,Commercial,40-49,44,No,31-35 mph,C: Possible Injury,Other,Female,Passenger Car,No,No,Daylight,Urban (>70% Developed),4 lanes,3,Straight - Level,Local Street,Dry,"One-Way, Not Divided",None,No Special Feature,Smooth Asphalt,Piedmont,Urban,30 - 35  MPH,Stop And Go Signal,Clear,No,"36.07243, -79.7914"
893,894,Yes,50-59,53,No,With Traffic,B: Evident Injury,Travel Lane,Black,Male,Greensboro,Guilford,No,,2012-09-10,Motorist Left Turn / Merge,18,Non-Intersection,01-09-01,0001-01-01T13:41:58-04:56,Motorist Left Turn - Opposite Direction,,2012,B: Evident Injury,Commercial,,,Missing,6-10 mph,Injury,/Missing,,Passenger Car,No,Yes,Daylight,Urban (>70% Developed),5 lanes,2,Straight - Level,Local Street,Dry,"Two-Way, Divided, Unprotected Median",None,"Driveway, Public",Smooth Asphalt,Piedmont,Urban,30 - 35  MPH,No Control Present,Clear,No,"36.08452, -79.7771"
894,895,Yes,16-19,19,Yes,Facing Traffic,C: Possible Injury,Travel Lane,White,Male,Wilson,Wilson,Yes,01-01-04,2012-10-18,Motorist Failed to Yield - Midblock,17,Non-Intersection,01-10-01,0001-01-01T12:25:58-04:56,Motorist Drive Out - Commercial Driveway / Alley,,2012,C: Possible Injury,Residential,50-59,58,No,0-5 mph,O: No Injury,White,Male,Passenger Car,No,No,Daylight,Urban (>70% Developed),,2,Straight - Level,Public Vehicular Area,Dry,"Two-Way, Not Divided",None,"Driveway, Public",Coarse Asphalt,Coastal,Urban,30 - 35  MPH,No Control Present,Clear,No,"35.73257, -77.9165"
898,899,Yes,70,0,No,With Traffic,A: Disabling Injury,Bike Lane / Paved Shoulder,White,Male,Hendersonville,Henderson,No,,2012-10-29,Motorist Overtaking Bicyclist,19,Non-Intersection,01-10-01,0001-01-01T14:19:58-04:56,Motorist Overtaking - Other /,,2012,A: Disabling Injury,Commercial,30-39,32,No,31-35 mph,O: No Injury,Black,Male,Passenger Car,No,No,Dark - Lighted Roadway,Urban (>70% Developed),5 lanes,2,Straight - Level,Local Street,Dry,"Two-Way, Divided, Unprotected Median",None,No Special Feature,Coarse Asphalt,Mountains,Urban,30 - 35  MPH,No Control Present,Clear,No,"35.33641, -82.4459"