FID,OBJECTID,AmbulanceR,BikeAge_Gr,Bike_Age,Bike_Alc_D,Bike_Dir,Bike_Injur,Bike_Pos,Bike_Race,Bike_Sex,City,County,CrashAlcoh,CrashDay,Crash_Date,Crash_Grp,Crash_Hour,Crash_Loc,Crash_Mont,Crash_Time,Crash_Type,Crash_Ty_1,Crash_Year,Crsh_Sevri,Developmen,DrvrAge_Gr,Drvr_Age,Drvr_Alc_D,Drvr_EstSp,Drvr_Injur,Drvr_Race,Drvr_Sex,Drvr_VehTy,ExcsSpdInd,Hit_Run,Light_Cond,Locality,Num_Lanes,Num_Units,Rd_Charact,Rd_Class,Rd_Conditi,Rd_Config,Rd_Defects,Rd_Feature,Rd_Surface,Region,Rural_Urba,Speed_Limi,Traff_Cntr,Weather,Workzone_I,Location
267,268,No,25-29,26,No,With Traffic,C: Possible Injury,Travel Lane,White,Female,None - Rural Crash,Chatham,No,01-01-02,2010-05-18,Motorist Overtaking Bicyclist,18,Non-Intersection,01-05-01,0001-01-01T13:48:58-04:56,Motorist Overtaking - Other /,0,2010,C: Possible Injury,"Farms, Woods, Pastures",50-59,50,No,26-30 mph,O: No Injury,White,Female,"Light Truck (Mini-Van, Panel)",No,No,Daylight,Rural (<30% Developed),2 lanes,5,Curve - Level,State Secondary Route,Dry,"Two-Way, Not Divided",None,Related To Intersection,Smooth Asphalt,Piedmont,Rural,40 - 45  MPH,"Double Yellow Line, No Passing Zone",Cloudy,No,"35.79141, -78.947105"
271,272,Yes,15-Nov,14,No,,B: Evident Injury,Other,White,Male,None - Rural Crash,Surry,No,01-01-02,2010-05-25,Loss of Control / Turning Error,17,Non-Intersection,01-05-01,0001-01-01T13:00:58-04:56,Motorist Lost Control - Other /,0,2010,K: Killed,Residential,60-69,62,No,41-45 mph,K: Killed,White,Male,Pickup,No,No,Daylight,Mixed (30% To 70% Developed),2 lanes,2,Straight - Level,US Route,Dry,"Two-Way, Not Divided",None,No Special Feature,Smooth Asphalt,Mountains,Rural,40 - 45  MPH,No Control Present,Clear,No,"36.30754, -80.71654"
274,275,No,30-39,38,No,Facing Traffic,C: Possible Injury,Travel Lane,White,Male,Wilmington,New Hanover,No,01-01-02,2010-05-11,Motorist Failed to Yield - Sign-Controlled Intersection,19,Intersection,01-05-01,0001-01-01T14:35:58-04:56,Motorist Drive Out - Sign-Controlled Intersection,0,2010,C: Possible Injury,Residential,30-39,37,No,,O: No Injury,White,Male,Pickup,No,No,Daylight,Mixed (30% To 70% Developed),6 lanes,2,Straight - Level,Local Street,Dry,"Two-Way, Divided, Positive Median Barrier",None,T-Intersection,Coarse Asphalt,Coastal,Urban,40 - 45  MPH,Stop Sign,Clear,No,"34.191444, -77.93591"
275,276,Yes,16-19,16,No,Facing Traffic,B: Evident Injury,Sidewalk / Crosswalk / Driveway Crossing,Black,Male,Graham,Alamance,No,01-01-04,2010-05-13,Motorist Right Turn / Merge,21,Intersection,01-05-01,0001-01-01T16:43:58-04:56,Motorist Right Turn - Opposite Direction,0,2010,B: Evident Injury,Residential,60-69,64,No,6-10 mph,O: No Injury,White,Male,Van,No,No,Dark - Roadway Not Lighted,Urban (>70% Developed),2 lanes,2,Straight - Level,Local Street,Dry,"Two-Way, Not Divided",None,Four-Way Intersection,Smooth Asphalt,Piedmont,Urban,30 - 35  MPH,Stop And Go Signal,Clear,No,"36.07313, -79.39853"
277,278,No,50-59,52,No,Facing Traffic,B: Evident Injury,Travel Lane,White,Male,Rocky Mount,Nash,No,01-01-04,2010-04-01,Head-On,10,Intersection-Related,01-04-01,0001-01-01T05:24:58-04:56,Head-On - Bicyclist,0,2010,B: Evident Injury,Commercial,,,Missing,21-25 mph,Injury,/Missing,,,No,Yes,Daylight,Urban (>70% Developed),5 lanes,2,Straight - Level,Local Street,Dry,"Two-Way, Divided, Unprotected Median",None,T-Intersection,Coarse Asphalt,Coastal,Urban,40 - 45  MPH,Stop Sign,Clear,No,"35.96677, -77.8033"
282,283,No,40-49,43,No,With Traffic,C: Possible Injury,Travel Lane,White,Male,Charlotte,Mecklenburg,No,01-01-06,2010-05-15,Motorist Failed to Yield - Sign-Controlled Intersection,9,Intersection,01-05-01,0001-01-01T04:13:58-04:56,Motorist Drive Out - Sign-Controlled Intersection,0,2010,C: Possible Injury,Residential,,,Missing,11-15 mph,Injury,/Missing,,,No,Yes,Daylight,Urban (>70% Developed),4 lanes,2,Straight - Grade,Local Street,Dry,"Two-Way, Not Divided",None,Four-Way Intersection,Smooth Asphalt,Piedmont,Urban,30 - 35  MPH,No Control Present,Clear,No,"35.217106, -80.869865"
283,284,Yes,20-24,21,No,With Traffic,A: Disabling Injury,Travel Lane,White,Male,Burlington,Alamance,No,01-01-07,2010-05-16,Bicyclist Left Turn / Merge,18,Non-Intersection,01-05-01,0001-01-01T13:27:58-04:56,Bicyclist Left Turn - Same Direction,0,2010,A: Disabling Injury,Residential,25-29,29,No,16-20 mph,O: No Injury,Black,Female,Sport Utility,No,No,Daylight,Urban (>70% Developed),2 lanes,2,Straight - Level,Local Street,Dry,"Two-Way, Not Divided",None,No Special Feature,Coarse Asphalt,Piedmont,Urban,30 - 35  MPH,No Control Present,Clear,No,"36.067257, -79.464264"
286,287,Yes,20-24,22,No,With Traffic,A: Disabling Injury,Other,White,Male,None - Rural Crash,Nash,No,01-01-04,2010-05-27,Loss of Control / Turning Error,7,Non-Intersection,01-05-01,0001-01-01T02:38:58-04:56,Motorist Lost Control - Other /,0,2010,A: Disabling Injury,Residential,20-24,22,No,41-45 mph,O: No Injury,White,Female,Passenger Car,No,No,Daylight,Mixed (30% To 70% Developed),2 lanes,2,Straight - Level,State Secondary Route,Dry,"Two-Way, Not Divided",None,No Special Feature,Smooth Asphalt,Coastal,Rural,40 - 45  MPH,"Double Yellow Line, No Passing Zone",Clear,No,"35.995567, -77.93025"
291,292,No,20-24,22,No,Facing Traffic,B: Evident Injury,Multi-use Path,White,Male,Wilmington,New Hanover,No,01-01-05,2010-05-21,Motorist Failed to Yield - Signalized Intersection,19,Intersection,01-05-01,0001-01-01T14:19:58-04:56,Motorist Drive Out - Signalized Intersection,0,2010,B: Evident Injury,Residential,,,Missing,0-5 mph,Injury,/Missing,,,No,Yes,Daylight,Urban (>70% Developed),7 lanes,2,Straight - Level,Local Street,Dry,"Two-Way, Divided, Positive Median Barrier",None,No Special Feature,Other,Coastal,Urban,5 - 15 MPH,Stop And Go Signal,Clear,No,"34.256138, -77.826256"
294,295,No,30-39,31,No,Not Applicable,C: Possible Injury,Non-Roadway,White,Male,None - Rural Crash,Gaston,No,01-01-06,2010-06-05,Bicyclist Failed to Yield - Midblock,9,Non-Intersection,01-06-01,0001-01-01T04:22:58-04:56,Bicyclist Ride Out - Other Midblock,0,2010,C: Possible Injury,"Farms, Woods, Pastures",50-59,57,No,46-50 mph,O: No Injury,White,Female,Sport Utility,No,No,Daylight,Rural (<30% Developed),2 lanes,2,Straight - Level,NC Route,Dry,"Two-Way, Not Divided",None,"Driveway, Public",Smooth Asphalt,Piedmont,Rural,50 - 55  MPH,"Double Yellow Line, No Passing Zone",Clear,No,"35.359825, -81.29881"
298,299,Yes,16-19,16,No,With Traffic,C: Possible Injury,Travel Lane,Black,Male,None - Rural Crash,Forsyth,No,01-01-05,2010-06-04,Motorist Overtaking Bicyclist,18,Non-Intersection,01-06-01,0001-01-01T13:33:58-04:56,Motorist Overtaking - Bicyclist Swerved,0,2010,C: Possible Injury,"Farms, Woods, Pastures",30-39,30,No,46-50 mph,O: No Injury,Black,Male,Passenger Car,No,No,Daylight,Rural (<30% Developed),2 lanes,2,Curve - Level,State Secondary Route,Dry,"Two-Way, Not Divided",None,No Special Feature,Coarse Asphalt,Piedmont,Rural,40 - 45  MPH,"Double Yellow Line, No Passing Zone",Clear,No,"36.236427, -80.083244"
306,307,No,25-29,28,No,With Traffic,B: Evident Injury,Travel Lane,White,Female,Raleigh,Wake,No,01-01-06,2010-05-15,Bicyclist Left Turn / Merge,13,Non-Intersection,01-05-01,0001-01-01T08:18:58-04:56,Bicyclist Left Turn - Same Direction,0,2010,B: Evident Injury,Commercial,20-24,21,No,21-25 mph,O: No Injury,Black,Female,Passenger Car,No,No,Daylight,Urban (>70% Developed),5 lanes,2,Straight - Level,Local Street,Dry,"Two-Way, Divided, Unprotected Median",None,No Special Feature,Smooth Asphalt,Piedmont,Urban,30 - 35  MPH,No Control Present,Clear,No,"35.795044, -78.69174"
307,308,No,50-59,52,No,,O: No Injury,Travel Lane,White,Male,Fayetteville,Cumberland,No,01-01-07,2010-05-23,Other /  - Insufficient Details,10,Intersection-Related,01-05-01,0001-01-01T05:48:58-04:56,Approach Paths,0,2010,O: No Injury,Commercial,40-49,49,No,11-15 mph,O: No Injury,Black,Female,Passenger Car,No,No,Daylight,Urban (>70% Developed),3 lanes,2,Straight - Level,Local Street,Dry,"Two-Way, Not Divided",None,Four-Way Intersection,Coarse Asphalt,Coastal,Urban,30 - 35  MPH,Stop And Go Signal,Clear,No,"35.047455, -78.86119"
316,317,No,40-49,42,No,Facing Traffic,O: No Injury,Sidewalk / Crosswalk / Driveway Crossing,White,Male,Salisbury,Rowan,No,01-01-04,2010-06-10,Bicyclist Failed to Yield - Signalized Intersection,13,Intersection,01-06-01,0001-01-01T08:08:58-04:56,Bicyclist Ride Out - Signalized  Intersection,0,2010,O: No Injury,Commercial,50-59,54,No,11-15 mph,O: No Injury,White,Male,Pickup,No,No,Daylight,Urban (>70% Developed),4 lanes,2,Straight - Level,Local Street,Dry,"Two-Way, Not Divided",None,Four-Way Intersection,Smooth Asphalt,Piedmont,Urban,30 - 35  MPH,Stop And Go Signal,Clear,No,"35.664745, -80.46683"
318,319,No,25-29,27,No,Facing Traffic,C: Possible Injury,Travel Lane,White,Male,None - Rural Crash,Onslow,No,01-01-07,2010-06-13,Head-On,22,Non-Intersection,01-06-01,0001-01-01T17:19:58-04:56,Head-On - Bicyclist,0,2010,C: Possible Injury,"Farms, Woods, Pastures",20-24,21,No,41-45 mph,O: No Injury,White,Male,Pickup,No,No,Dark - Roadway Not Lighted,Rural (<30% Developed),2 lanes,2,Straight - Level,State Secondary Route,Wet,"Two-Way, Not Divided",None,T-Intersection,Smooth Asphalt,Coastal,Rural,40 - 45  MPH,No Control Present,Rain,No,"34.724735, -77.52275"
874,875,Yes,15-Nov,12,No,Facing Traffic,C: Possible Injury,,White,Male,None - Rural Crash,Rutherford,No,,2007-10-22,Bicyclist Right Turn / Merge,14,Non-Intersection,01-10-01,0001-01-01T09:33:58-04:56,Bicyclist Right Turn - Opposite Direction,392224,2007,C: Possible Injury,Residential,0-19,19,No,26-30 mph,O: No Injury,White,Female,Passenger Car,No,No,Dark - Roadway Not Lighted,Mixed (30% To 70% Developed),2 lanes,2,Straight - Level,State Secondary Route,Wet,"Two-Way, Not Divided",None,No Special Feature,Smooth Asphalt,Mountains,Rural,30 - 35  MPH,"Double Yellow Line, No Passing Zone",Cloudy,No,"35.243828, -81.84646"
883,884,Yes,25-29,25,No,,B: Evident Injury,,Black,Male,Fayetteville,Cumberland,No,01-01-05,2007-10-26,Other /  - Insufficient Details,23,Non-Intersection,01-10-01,0001-01-01T18:37:58-04:56,Approach Paths,399970,2007,B: Evident Injury,Commercial,,,Missing,16-20 mph,Injury,/Missing,,,No,Yes,Dark - Lighted Roadway,Rural (<30% Developed),1 lane,3,Straight - Level,Local Street,Wet,"Two-Way, Not Divided",None,No Special Feature,Coarse Asphalt,Coastal,Urban,20 - 25  MPH,No Control Present,Rain,No,"35.093025, -78.95551"
895,896,Yes,20-24,21,No,Facing Traffic,B: Evident Injury,Sidewalk / Crosswalk / Driveway Crossing,White,Male,Wilmington,New Hanover,No,01-01-02,2007-10-30,Motorist Failed to Yield - Sign-Controlled Intersection,10,Intersection,01-10-01,0001-01-01T06:02:58-04:56,Motorist Drive Out - Sign-Controlled Intersection,132141,2007,B: Evident Injury,Residential,20-24,23,No,11-15 mph,O: No Injury,Black,Female,Passenger Car,No,No,Daylight,Urban (>70% Developed),2 lanes,2,Straight - Level,Local Street,Dry,"Two-Way, Not Divided",None,Four-Way Intersection,Smooth Asphalt,Coastal,Urban,30 - 35  MPH,Stop Sign,Clear,No,"34.22993, -77.87096"
896,897,Yes,60-69,60,No,With Traffic,B: Evident Injury,Travel Lane,White,Male,Huntersville,Mecklenburg,No,01-01-03,2007-10-31,Bicyclist Overtaking Motorist,10,Non-Intersection,01-10-01,0001-01-01T05:08:58-04:56,Bicyclist Overtaking - Other /,311249,2007,B: Evident Injury,Commercial,20-24,24,No,,O: No Injury,White,Female,Passenger Car,No,No,Daylight,Mixed (30% To 70% Developed),2 lanes,2,Straight - Level,Local Street,Dry,"Two-Way, Not Divided",None,No Special Feature,Smooth Asphalt,Piedmont,Urban,30 - 35  MPH,No Control Present,Clear,No,"35.399548, -80.86413"
898,899,Yes,40-49,46,No,With Traffic,C: Possible Injury,Travel Lane,White,Male,Fayetteville,Cumberland,No,01-01-04,2007-11-01,Crossing Paths - Other Circumstances,8,Intersection,01-11-01,0001-01-01T03:06:58-04:56,Crossing Paths - Intersection - Other /,111180,2007,C: Possible Injury,Residential,30-39,35,No,21-25 mph,O: No Injury,White,Male,Passenger Car,No,No,Daylight,Rural (<30% Developed),4 lanes,2,Straight - Level,Local Street,Dry,"Two-Way, Divided, Unprotected Median",None,No Special Feature,Grooved Concrete,Coastal,Urban,40 - 45  MPH,No Control Present,Clear,No,"35.058796, -79.00654"
904,905,Yes,50-59,54,No,With Traffic,B: Evident Injury,Travel Lane,Black,Male,Rockingham,Richmond,No,01-01-07,2007-11-04,Motorist Overtaking Bicyclist,11,Non-Intersection,01-11-01,0001-01-01T06:13:58-04:56,Motorist Overtaking - Other /,311239,2007,B: Evident Injury,Commercial,30-39,39,No,31-35 mph,O: No Injury,White,Female,Passenger Car,No,No,Daylight,Urban (>70% Developed),2 lanes,2,Straight - Level,Local Street,Dry,"Two-Way, Not Divided",None,No Special Feature,Smooth Asphalt,Piedmont,Urban,30 - 35  MPH,No Control Present,Clear,No,"34.926655, -79.77634"
920,921,Yes,50-59,53,No,With Traffic,B: Evident Injury,Travel Lane,White,Male,Raleigh,Wake,No,01-01-06,2007-11-10,Motorist Failed to Yield - Sign-Controlled Intersection,18,Intersection,01-11-01,0001-01-01T13:28:58-04:56,Motorist Drive Out - Sign-Controlled Intersection,111141,2007,B: Evident Injury,Residential,30-39,37,No,6-10 mph,O: No Injury,Hispanic,Female,Pickup,No,No,Dusk,Urban (>70% Developed),2 lanes,2,Straight - Bottom,Local Street,Dry,"Two-Way, Divided, Unprotected Median",None,Four-Way Intersection,Coarse Asphalt,Piedmont,Urban,30 - 35  MPH,Stop Sign,Clear,No,"35.86306, -78.65383"
150,151,No,30-39,33,No,Facing Traffic,B: Evident Injury,Travel Lane,White,Male,Wilmington,New Hanover,No,01-01-07,2007-03-25,Head-On,15,Non-Intersection,01-03-01,0001-01-01T11:01:58-04:56,Head-On - Bicyclist,312250,2007,B: Evident Injury,Residential,40-49,48,No,26-30 mph,O: No Injury,White,Male,Sport Utility,No,No,Daylight,Urban (>70% Developed),2 lanes,2,Straight - Level,Local Street,Dry,"Two-Way, Not Divided",None,No Special Feature,Smooth Asphalt,Coastal,Urban,30 - 35  MPH,No Control Present,Clear,No,"34.213627, -77.880905"
157,158,Yes,15-Nov,13,No,Not Applicable,C: Possible Injury,,Black,Male,Raleigh,Wake,No,01-01-06,2007-03-24,Bicyclist Failed to Yield - Midblock,15,Non-Intersection,01-03-01,0001-01-01T10:32:58-04:56,Bicyclist Ride Out - Midblock -,393319,2007,C: Possible Injury,Residential,60-69,67,No,31-35 mph,O: No Injury,Black,Male,Passenger Car,No,No,Daylight,Urban (>70% Developed),2 lanes,2,Curve - Level,Local Street,Dry,"Two-Way, Not Divided",None,No Special Feature,Smooth Asphalt,Piedmont,Urban,30 - 35  MPH,No Control Present,Clear,No,"35.81968, -78.57538"
158,159,No,50-59,54,No,With Traffic,C: Possible Injury,Travel Lane,White,Male,None - Rural Crash,Cumberland,No,,2007-03-26,Motorist Overtaking Bicyclist,20,Non-Intersection,01-03-01,0001-01-01T15:27:58-04:56,Motorist Overtaking - Undetected Bicyclist,311231,2007,C: Possible Injury,Commercial,70,,No,31-35 mph,O: No Injury,White,Male,Pickup,No,No,Dark - Roadway Not Lighted,Mixed (30% To 70% Developed),2 lanes,2,Straight - Level,State Secondary Route,Dry,"Two-Way, Not Divided",None,No Special Feature,Coarse Asphalt,Coastal,Rural,40 - 45  MPH,"Double Yellow Line, No Passing Zone",Clear,No,"34.98354, -78.90553"
167,168,Yes,30-39,36,No,With Traffic,A: Disabling Injury,Travel Lane,White,Male,None - Rural Crash,Moore,No,01-01-05,2007-03-30,Motorist Overtaking Bicyclist,13,Non-Intersection,01-03-01,0001-01-01T08:54:58-04:56,Motorist Overtaking - Other /,311239,2007,A: Disabling Injury,"Farms, Woods, Pastures",50-59,59,No,51-55 mph,O: No Injury,Native American,Male,Passenger Car,No,No,Daylight,Mixed (30% To 70% Developed),2 lanes,2,Straight - Level,US Route,Dry,"Two-Way, Not Divided",None,No Special Feature,Coarse Asphalt,Piedmont,Rural,50 - 55  MPH,"Double Yellow Line, No Passing Zone",Clear,No,"35.087036, -79.4282"
171,172,Yes,10-Jun,7,No,Not Applicable,B: Evident Injury,Driveway / Alley,White,Male,Wilmington,New Hanover,No,01-01-06,2007-03-31,Bicyclist Failed to Yield - Midblock,16,Non-Intersection,01-03-01,0001-01-01T11:58:58-04:56,Bicyclist Ride Out - Residential Driveway,353311,2007,B: Evident Injury,Commercial,60-69,66,No,16-20 mph,O: No Injury,Black,Male,Pickup,No,No,Daylight,Urban (>70% Developed),2 lanes,2,Straight - Level,Local Street,Dry,"Two-Way, Not Divided",None,No Special Feature,Smooth Asphalt,Coastal,Urban,20 - 25  MPH,No Control Present,Clear,No,"34.227226, -77.9357"
177,178,No,50-59,51,Yes,Facing Traffic,C: Possible Injury,Sidewalk / Crosswalk / Driveway Crossing,Black,Male,Jacksonville,Onslow,Yes,,2007-04-02,Motorist Failed to Yield - Sign-Controlled Intersection,14,Intersection,01-04-01,0001-01-01T09:20:58-04:56,Motorist Drive Out - Sign-Controlled Intersection,132141,2007,C: Possible Injury,Commercial,20-24,22,No,0-5 mph,O: No Injury,White,Female,Pickup,No,No,Daylight,Urban (>70% Developed),5 lanes,2,Straight - Level,Local Street,Dry,"Two-Way, Not Divided",None,"Driveway, Public",Smooth Asphalt,Coastal,Urban,30 - 35  MPH,Stop Sign,Cloudy,No,"34.780098, -77.42579"
181,182,Yes,10-Jun,7,No,,C: Possible Injury,Travel Lane,Black,Male,None - Rural Crash,Halifax,No,01-01-03,2007-04-04,Backing Vehicle,17,Non-Intersection,01-04-01,0001-01-01T12:54:58-04:56,Backing Vehicle,319600,2007,C: Possible Injury,Residential,20-24,22,No,0-5 mph,O: No Injury,Hispanic,Male,Van,No,No,Daylight,Mixed (30% To 70% Developed),2 lanes,2,Straight - Level,Local Street,Dry,"Two-Way, Not Divided",None,"Driveway, Private",Coarse Asphalt,Coastal,Rural,,No Control Present,Clear,No,"36.461853, -77.68796"
187,188,Yes,15-Nov,12,No,Not Applicable,B: Evident Injury,,Black,Male,Fayetteville,Cumberland,No,01-01-04,2007-04-05,Bicyclist Failed to Yield - Midblock,17,Non-Intersection,01-04-01,0001-01-01T12:51:58-04:56,Bicyclist Ride Out - Midblock -,393319,2007,B: Evident Injury,Residential,40-49,44,No,21-25 mph,O: No Injury,White,Female,Passenger Car,No,No,Daylight,Urban (>70% Developed),5 lanes,2,Straight - Level,Local Street,Dry,"Two-Way, Not Divided",None,No Special Feature,Smooth Asphalt,Coastal,Urban,40 - 45  MPH,No Control Present,Clear,No,"35.059727, -78.95915"
193,194,No,40-49,40,No,,O: No Injury,Travel Lane,Black,Male,None - Rural Crash,Mecklenburg,No,01-01-06,2007-04-07,Other /  - Insufficient Details,16,Non-Intersection,01-04-01,0001-01-01T11:03:58-04:56,Approach Paths,319970,2007,O: No Injury,Residential,0-19,19,No,11-15 mph,O: No Injury,White,Female,Passenger Car,No,No,Daylight,Urban (>70% Developed),2 lanes,2,Straight - Level,Local Street,Dry,"Two-Way, Not Divided",None,Other,Smooth Asphalt,Piedmont,Rural,30 - 35  MPH,No Control Present,Clear,No,"35.197254, -80.6971"
194,195,Yes,40-49,47,No,With Traffic,B: Evident Injury,Sidewalk / Crosswalk / Driveway Crossing,White,Female,Charlotte,Mecklenburg,No,01-01-05,2007-06-29,Motorist Right Turn / Merge,17,Intersection,01-06-01,0001-01-01T12:22:58-04:56,Motorist Right Turn - Same Direction,131213,2007,B: Evident Injury,Commercial,50-59,58,No,11-15 mph,O: No Injury,Black,Female,Passenger Car,No,No,Daylight,Urban (>70% Developed),4 lanes,2,Straight - Level,Local Street,Dry,"Two-Way, Divided, Positive Median Barrier",None,Four-Way Intersection,Smooth Asphalt,Piedmont,Urban,30 - 35  MPH,Stop And Go Signal,Clear,No,"35.209656, -80.75703"
204,205,No,30-39,39,No,,C: Possible Injury,Travel Lane,Black,Female,Burlington,Alamance,No,01-01-04,2007-04-12,Bicyclist Failed to Yield - Sign-Controlled Intersection,21,Intersection,01-04-01,0001-01-01T16:29:58-04:56,Bicyclist Ride Through - Sign-Controlled Intersection,119144,2007,C: Possible Injury,Residential,30-39,34,No,26-30 mph,O: No Injury,Black,Male,Pickup,No,No,Dark - Lighted Roadway,Urban (>70% Developed),2 lanes,2,Straight - Grade,Local Street,Dry,"Two-Way, Not Divided",None,Four-Way Intersection,Smooth Asphalt,Piedmont,Urban,30 - 35  MPH,Stop Sign,Clear,No,"36.090668, -79.425865"
207,208,No,20-24,20,No,Not Applicable,C: Possible Injury,,Black,Female,Wilson,Wilson,No,01-01-03,2007-04-11,Bicyclist Failed to Yield - Midblock,10,Non-Intersection,01-04-01,0001-01-01T05:53:58-04:56,Bicyclist Ride Out - Midblock -,393319,2007,C: Possible Injury,Commercial,60-69,60,No,26-30 mph,O: No Injury,Black,Male,Passenger Car,No,No,Daylight,Urban (>70% Developed),2 lanes,2,Straight - Level,US Route,Wet,"Two-Way, Divided, Unprotected Median",None,No Special Feature,Coarse Asphalt,Coastal,Urban,40 - 45  MPH,No Control Present,Cloudy,No,"35.719685, -77.89336"
208,209,Yes,40-49,46,No,With Traffic,K: Killed,Travel Lane,White,Male,None - Rural Crash,Caldwell,No,01-01-04,2007-04-12,Motorist Overtaking Bicyclist,5,Non-Intersection,01-04-01,0001-01-01T00:33:58-04:56,Motorist Overtaking - Undetected Bicyclist,311231,2007,K: Killed,"Farms, Woods, Pastures",0-19,19,No,56-60 mph,O: No Injury,White,Male,Sport Utility,No,No,Dark - Roadway Not Lighted,Rural (<30% Developed),4 lanes,2,Straight - Level,US Route,Wet,"Two-Way, Divided, Unprotected Median",None,No Special Feature,Smooth Asphalt,Mountains,Rural,50 - 55  MPH,No Control Present,"Fog, Smog, Smoke",No,"35.810543, -81.43168"
215,216,No,25-29,29,No,With Traffic,O: No Injury,,White,Male,Carrboro,Orange,No,01-01-02,2007-04-10,Motorist Right Turn / Merge,15,Intersection,01-04-01,0001-01-01T10:12:58-04:56,Motorist Right Turn - Same Direction,191213,2007,O: No Injury,Commercial,20-24,22,No,31-35 mph,O: No Injury,Black,Male,,No,Yes,Daylight,Urban (>70% Developed),4 lanes,2,Straight - Level,Local Street,Dry,"Two-Way, Not Divided",None,No Special Feature,Coarse Asphalt,Piedmont,Urban,20 - 25  MPH,No Control Present,Clear,No,"35.910706, -79.06949"
216,217,No,30-39,34,Yes,,C: Possible Injury,,White,Male,North Wilkesboro,Wilkes,Yes,01-01-06,2007-04-14,Bicyclist Failed to Yield - Midblock,21,Non-Intersection,01-04-01,0001-01-01T16:33:58-04:56,Bicyclist Ride Out - Midblock -,399319,2007,C: Possible Injury,Commercial,40-49,40,No,21-25 mph,O: No Injury,White,Female,Passenger Car,No,No,Dark - Lighted Roadway,Urban (>70% Developed),5 lanes,2,Straight - Level,Local Street,Wet,"Two-Way, Not Divided",None,No Special Feature,Smooth Asphalt,Mountains,Rural,30 - 35  MPH,No Control Present,Rain,No,"36.159138, -81.154594"
217,218,Yes,20-24,20,No,With Traffic,A: Disabling Injury,Travel Lane,White,Male,None - Rural Crash,Buncombe,Yes,,2007-04-16,Motorist Overtaking Bicyclist,22,Non-Intersection,01-04-01,0001-01-01T17:53:58-04:56,Motorist Overtaking - Other /,311239,2007,A: Disabling Injury,"Farms, Woods, Pastures",40-49,40,Yes,36-40 mph,O: No Injury,White,Female,Passenger Car,No,No,Dark - Roadway Not Lighted,Rural (<30% Developed),5 lanes,2,Straight - Grade,US Route,Dry,"Two-Way, Not Divided",None,No Special Feature,Smooth Asphalt,Mountains,Rural,50 - 55  MPH,No Control Present,Clear,No,"35.59247, -82.43785"
219,220,No,10-Jun,8,No,Not Applicable,O: No Injury,Driveway / Alley,Black,Male,Raleigh,Wake,No,01-01-02,2007-04-10,Bicyclist Failed to Yield - Midblock,18,Non-Intersection,01-04-01,0001-01-01T13:47:58-04:56,Bicyclist Ride Out - Commercial Driveway / Alley,353312,2007,O: No Injury,Residential,25-29,29,No,16-20 mph,O: No Injury,Black,Female,Passenger Car,No,No,Daylight,Urban (>70% Developed),1 lane,2,Straight - Grade,Local Street,Dry,"Two-Way, Not Divided",None,No Special Feature,Smooth Asphalt,Piedmont,Urban,20 - 25  MPH,No Control Present,Clear,No,"35.766575, -78.64119"
225,226,Yes,10-Jun,9,No,Not Applicable,C: Possible Injury,Bike Lane / Paved Shoulder,Black,Female,Raleigh,Wake,No,01-01-02,2007-04-17,Bicyclist Failed to Yield - Midblock,16,Non-Intersection,01-04-01,0001-01-01T11:52:58-04:56,Bicyclist Ride Out - Other Midblock,323318,2007,C: Possible Injury,Residential,50-59,52,No,31-35 mph,O: No Injury,Black,Male,Passenger Car,No,No,Daylight,Urban (>70% Developed),2 lanes,2,Straight - Level,Local Street,Dry,"Two-Way, Divided, Unprotected Median",Road Surface Condition,No Special Feature,Smooth Asphalt,Piedmont,Urban,30 - 35  MPH,No Control Present,Clear,No,"35.792843, -78.6126"
230,231,Yes,20-24,20,No,With Traffic,C: Possible Injury,Travel Lane,Black,Male,Rocky Mount,Nash,No,01-01-04,2007-04-19,Crossing Paths - Other Circumstances,17,Intersection,01-04-01,0001-01-01T12:11:58-04:56,Crossing Paths - Intersection - Other /,111180,2007,C: Possible Injury,Residential,,,Missing,31-35 mph,Injury,/Missing,,,No,Yes,Daylight,Urban (>70% Developed),5 lanes,2,Straight - Level,Local Street,Dry,"Two-Way, Not Divided",None,Four-Way Intersection,Smooth Asphalt,Coastal,Urban,30 - 35  MPH,No Control Present,Clear,No,"35.944916, -77.80094"
232,233,Yes,20-24,21,No,With Traffic,B: Evident Injury,Travel Lane,White,Male,Raleigh,Wake,No,01-01-04,2007-04-19,Motorist Left Turn / Merge,21,Intersection,01-04-01,0001-01-01T16:55:58-04:56,Motorist Left Turn - Opposite Direction,111212,2007,B: Evident Injury,Institutional,20-24,20,No,16-20 mph,O: No Injury,White,Male,Passenger Car,No,No,Dark - Lighted Roadway,Urban (>70% Developed),2 lanes,2,Straight - Grade,Local Street,Wet,"Two-Way, Divided, Unprotected Median",None,Four-Way Intersection,Smooth Asphalt,Piedmont,Urban,20 - 25  MPH,No Control Present,Rain,No,"35.78869, -78.68437"