FID,OBJECTID,AmbulanceR,BikeAge_Gr,Bike_Age,Bike_Alc_D,Bike_Dir,Bike_Injur,Bike_Pos,Bike_Race,Bike_Sex,City,County,CrashAlcoh,CrashDay,Crash_Date,Crash_Grp,Crash_Hour,Crash_Loc,Crash_Mont,Crash_Time,Crash_Type,Crash_Ty_1,Crash_Year,Crsh_Sevri,Developmen,DrvrAge_Gr,Drvr_Age,Drvr_Alc_D,Drvr_EstSp,Drvr_Injur,Drvr_Race,Drvr_Sex,Drvr_VehTy,ExcsSpdInd,Hit_Run,Light_Cond,Locality,Num_Lanes,Num_Units,Rd_Charact,Rd_Class,Rd_Conditi,Rd_Config,Rd_Defects,Rd_Feature,Rd_Surface,Region,Rural_Urba,Speed_Limi,Traff_Cntr,Weather,Workzone_I,Location
234,235,No,,,Missing,Facing Traffic,Injury,Travel Lane,/Missing,,None - Rural Crash,Sampson,No,01-01-06,2007-04-21,Bicyclist Right Turn / Merge,17,Non-Intersection,01-04-01,0001-01-01T12:48:58-04:56,Bicyclist Right Turn - Same Direction,312223,2007,O: No Injury,"Farms, Woods, Pastures",30-39,35,No,51-55 mph,O: No Injury,White,Female,Passenger Car,No,No,Daylight,Rural (<30% Developed),2 lanes,2,Straight - Level,State Secondary Route,Dry,"Two-Way, Not Divided",None,No Special Feature,Coarse Asphalt,Coastal,Rural,50 - 55  MPH,"Double Yellow Line, No Passing Zone",Clear,No,"35.030262, -78.483154"
242,243,Yes,40-49,48,Yes,Facing Traffic,B: Evident Injury,Travel Lane,Black,Male,None - Rural Crash,Duplin,Yes,01-01-02,2007-04-24,Parallel Paths - Other Circumstances,21,Non-Intersection,01-04-01,0001-01-01T16:08:58-04:56,Motorist Turn / Merge - Other /,312219,2007,B: Evident Injury,"Farms, Woods, Pastures",20-24,21,No,51-55 mph,O: No Injury,White,Male,Pickup,No,No,Dark - Roadway Not Lighted,Rural (<30% Developed),2 lanes,2,Straight - Level,State Secondary Route,Dry,"Two-Way, Not Divided",None,No Special Feature,Coarse Asphalt,Coastal,Rural,50 - 55  MPH,No Control Present,Clear,No,"35.00986, -78.04757"
252,253,No,10-Jun,6,No,With Traffic,C: Possible Injury,Travel Lane,White,Female,Raleigh,Wake,No,01-01-03,2007-04-25,Backing Vehicle,18,Non-Intersection,01-04-01,0001-01-01T13:19:58-04:56,Backing Vehicle,311600,2007,C: Possible Injury,Residential,40-49,41,No,0-5 mph,O: No Injury,White,Female,Passenger Car,No,No,Daylight,Urban (>70% Developed),1 lane,2,Straight - Level,Local Street,Dry,"Two-Way, Not Divided",None,No Special Feature,Coarse Asphalt,Piedmont,Urban,20 - 25  MPH,No Control Present,Clear,No,"35.844627, -78.63595"
255,256,No,10-Jun,7,No,Facing Traffic,C: Possible Injury,Travel Lane,Black,Female,Charlotte,Mecklenburg,No,01-01-04,2007-04-26,Head-On,17,Non-Intersection,01-04-01,0001-01-01T12:48:58-04:56,Head-On - Bicyclist,312250,2007,C: Possible Injury,Residential,40-49,41,No,16-20 mph,O: No Injury,White,Male,Pickup,No,No,Daylight,Urban (>70% Developed),2 lanes,2,Curve - Level,Local Street,Dry,"Two-Way, Not Divided",None,No Special Feature,Smooth Asphalt,Piedmont,Urban,30 - 35  MPH,No Control Present,Clear,No,"35.22301, -80.709564"
263,264,Yes,10-Jun,9,No,Facing Traffic,A: Disabling Injury,,Hispanic,Male,Monroe,Union,No,01-01-07,2007-04-29,Bicyclist Failed to Yield - Sign-Controlled Intersection,18,Intersection,01-04-01,0001-01-01T13:04:58-04:56,Bicyclist Ride Through - Sign-Controlled Intersection,192144,2007,A: Disabling Injury,Residential,0-19,17,No,31-35 mph,O: No Injury,Black,Female,Passenger Car,No,No,Daylight,Urban (>70% Developed),2 lanes,2,Straight - Level,Local Street,Dry,"Two-Way, Not Divided",None,Four-Way Intersection,Smooth Asphalt,Piedmont,Urban,30 - 35  MPH,Stop Sign,Clear,No,"34.9877, -80.52082"
266,267,Yes,15-Nov,13,No,With Traffic,C: Possible Injury,Travel Lane,Black,Male,Asheboro,Randolph,No,,2007-04-30,Bicyclist Failed to Yield - Sign-Controlled Intersection,16,Intersection,01-04-01,0001-01-01T11:36:58-04:56,Bicyclist Ride Through - Sign-Controlled Intersection,111144,2007,C: Possible Injury,Residential,40-49,43,No,16-20 mph,O: No Injury,White,Female,Passenger Car,No,No,Daylight,Mixed (30% To 70% Developed),2 lanes,2,Straight - Grade,Local Street,Dry,"Two-Way, Not Divided",None,T-Intersection,Smooth Asphalt,Piedmont,Urban,30 - 35  MPH,Stop Sign,Clear,No,"35.702316, -79.8219"
270,271,No,15-Nov,13,No,Facing Traffic,O: No Injury,Sidewalk / Crosswalk / Driveway Crossing,White,Male,Charlotte,Mecklenburg,No,,2007-04-30,Bicyclist Failed to Yield - Signalized Intersection,16,Intersection,01-04-01,0001-01-01T11:37:58-04:56,Bicyclist Ride Out - Signalized  Intersection,132153,2007,O: No Injury,Residential,50-59,57,No,16-20 mph,O: No Injury,Black,Male,Pickup,No,No,Daylight,Urban (>70% Developed),4 lanes,2,Straight - Level,Local Street,Dry,"Two-Way, Divided, Unprotected Median",None,No Special Feature,Smooth Asphalt,Piedmont,Urban,30 - 35  MPH,Stop And Go Signal,Clear,No,"35.030426, -80.82064"
274,275,No,25-29,28,No,With Traffic,C: Possible Injury,Travel Lane,White,Male,Charlotte,Mecklenburg,No,01-01-03,2007-05-02,Motorist Left Turn / Merge,9,Intersection,01-05-01,0001-01-01T04:59:58-04:56,Motorist Left Turn - Opposite Direction,111212,2007,C: Possible Injury,Commercial,30-39,36,No,0-5 mph,O: No Injury,Black,Male,"Single Unit Truck (2-Axle, 6-Tire)",No,No,Daylight,Urban (>70% Developed),7 lanes,2,Straight - Level,Local Street,Dry,"Two-Way, Not Divided",None,Four-Way Intersection,Smooth Asphalt,Piedmont,Urban,30 - 35  MPH,Stop And Go Signal,Clear,No,"35.213024, -80.82566"
275,276,No,40-49,47,No,Facing Traffic,O: No Injury,Sidewalk / Crosswalk / Driveway Crossing,White,Male,Charlotte,Mecklenburg,No,01-01-05,2007-04-27,Motorist Failed to Yield - Midblock,15,Non-Intersection,01-04-01,0001-01-01T10:05:58-04:56,Motorist Drive Out - Commercial Driveway / Alley,332322,2007,O: No Injury,Commercial,60-69,66,No,0-5 mph,O: No Injury,White,Female,Passenger Car,No,No,Daylight,Urban (>70% Developed),8 lanes,2,Straight - Level,Local Street,Dry,"Two-Way, Divided, Unprotected Median",None,No Special Feature,Smooth Asphalt,Piedmont,Urban,40 - 45  MPH,Stop Sign,Clear,No,"35.16513, -80.881874"
282,283,Yes,20-24,20,No,With Traffic,B: Evident Injury,Travel Lane,Asian,Male,Durham,Durham,No,01-01-03,2007-08-01,Motorist Failed to Yield - Sign-Controlled Intersection,10,Intersection,01-08-01,0001-01-01T05:52:58-04:56,Motorist Drive Out - Sign-Controlled Intersection,111141,2007,B: Evident Injury,Residential,25-29,26,No,0-5 mph,O: No Injury,Asian,Female,Passenger Car,No,No,Daylight,Urban (>70% Developed),2 lanes,2,Straight - Grade,Local Street,Dry,"Two-Way, Divided, Unprotected Median",None,T-Intersection,Coarse Asphalt,Piedmont,Urban,30 - 35  MPH,Stop Sign,Clear,No,"36.009567, -78.94863"
287,288,No,50-59,56,No,Facing Traffic,C: Possible Injury,Sidewalk / Crosswalk / Driveway Crossing,Black,Male,Charlotte,Mecklenburg,No,01-01-06,2007-07-21,Motorist Failed to Yield - Midblock,17,Non-Intersection,01-07-01,0001-01-01T12:12:58-04:56,Motorist Drive Out - Commercial Driveway / Alley,332322,2007,C: Possible Injury,Commercial,20-24,21,No,0-5 mph,O: No Injury,Black,Male,Passenger Car,No,No,Daylight,Urban (>70% Developed),4 lanes,2,Straight - Level,Local Street,Dry,"Two-Way, Not Divided",None,No Special Feature,Smooth Asphalt,Piedmont,Urban,30 - 35  MPH,No Control Present,Clear,No,"35.2545, -80.82469"
295,296,No,20-24,22,No,,O: No Injury,Non-Roadway,White,Male,Raleigh,Wake,No,01-01-04,2007-05-10,Non-Roadway,15,Non-Roadway,01-05-01,0001-01-01T10:41:58-04:56,Non-Roadway,460910,2007,O: No Injury,Residential,20-24,22,No,11-15 mph,O: No Injury,Hispanic,Female,Pickup,No,No,Daylight,Mixed (30% To 70% Developed),2 lanes,2,Straight - Level,Local Street,Dry,"Two-Way, Not Divided",None,No Special Feature,Grooved Concrete,Piedmont,Urban,30 - 35  MPH,No Control Present,Clear,No,"35.774277, -78.686226"
297,298,No,25-29,29,No,With Traffic,O: No Injury,Sidewalk / Crosswalk / Driveway Crossing,Hispanic,Male,Charlotte,Mecklenburg,No,01-01-06,2007-08-04,Motorist Right Turn / Merge,12,Non-Intersection,01-08-01,0001-01-01T07:32:58-04:56,Motorist Right Turn - Same Direction,331213,2007,O: No Injury,Commercial,20-24,23,No,0-5 mph,O: No Injury,Black,Female,Passenger Car,No,No,Daylight,Urban (>70% Developed),,2,Straight - Level,Public Vehicular Area,Dry,"Two-Way, Not Divided",None,No Special Feature,Smooth Asphalt,Piedmont,Urban,30 - 35  MPH,No Control Present,Clear,No,"35.213333, -80.855774"
300,301,No,30-39,32,No,With Traffic,C: Possible Injury,Travel Lane,White,Male,Raleigh,Wake,No,01-01-05,2007-05-11,Motorist Overtaking Bicyclist,9,Non-Intersection,01-05-01,0001-01-01T04:11:58-04:56,Motorist Overtaking - Other /,311239,2007,C: Possible Injury,Commercial,25-29,27,No,0-5 mph,O: No Injury,White,Male,Pickup,No,No,Daylight,Urban (>70% Developed),8 lanes,2,Straight - Level,Local Street,Dry,"One-Way, Not Divided",None,No Special Feature,Smooth Asphalt,Piedmont,Urban,30 - 35  MPH,Stop And Go Signal,Clear,No,"35.776566, -78.636665"
303,304,Yes,40-49,42,No,With Traffic,C: Possible Injury,Travel Lane,Black,Male,Kinston,Lenoir,No,01-01-06,2007-05-12,Motorist Overtaking Bicyclist,2,Non-Intersection,01-05-01,0000-12-31T21:54:58-04:56,Motorist Overtaking - Undetected Bicyclist,311231,2007,C: Possible Injury,Commercial,40-49,42,No,11-15 mph,O: No Injury,Black,Male,Passenger Car,No,No,Dark - Lighted Roadway,Urban (>70% Developed),2 lanes,2,Straight - Level,Local Street,Dry,"Two-Way, Not Divided",None,No Special Feature,Smooth Asphalt,Coastal,Urban,30 - 35  MPH,No Control Present,Clear,No,"35.26213, -77.57594"
304,305,Yes,40-49,44,No,With Traffic,B: Evident Injury,Travel Lane,Black,Male,Raleigh,Wake,No,01-01-06,2007-05-12,Motorist Overtaking Bicyclist,5,Non-Intersection,01-05-01,0001-01-01T00:03:58-04:56,Motorist Overtaking - Other /,311239,2007,B: Evident Injury,Commercial,,,Missing,16-20 mph,Injury,/Missing,,,No,Yes,Dark - Lighted Roadway,Urban (>70% Developed),4 lanes,2,Straight - Level,Local Street,Dry,"Two-Way, Divided, Positive Median Barrier",None,No Special Feature,Smooth Asphalt,Piedmont,Urban,40 - 45  MPH,No Control Present,Clear,No,"35.747086, -78.644646"
310,311,Yes,25-29,28,No,With Traffic,B: Evident Injury,Travel Lane,White,Male,Asheville,Buncombe,No,01-01-04,2007-05-10,Motorist Overtaking Bicyclist,18,Non-Intersection,01-05-01,0001-01-01T13:09:58-04:56,Motorist Overtaking - Other /,311239,2007,B: Evident Injury,Commercial,0-19,16,No,26-30 mph,O: No Injury,White,Female,,No,Yes,Daylight,Urban (>70% Developed),2 lanes,2,Straight - Level,Local Street,Dry,"Two-Way, Not Divided",None,Bridge,Concrete,Mountains,Urban,30 - 35  MPH,"Double Yellow Line, No Passing Zone",Clear,No,"35.567356, -82.50817"
321,322,Yes,50-59,55,No,Facing Traffic,C: Possible Injury,Travel Lane,Black,Male,Durham,Durham,No,01-01-05,2007-08-17,Bicyclist Failed to Yield - Signalized Intersection,19,Intersection,01-08-01,0001-01-01T14:33:58-04:56,Bicyclist Ride Through - Signalized Intersection,112155,2007,C: Possible Injury,Commercial,,,Missing,11-15 mph,Injury,/Missing,,Sport Utility,No,Yes,Dusk,Urban (>70% Developed),2 lanes,2,Straight - Level,Local Street,Dry,"Two-Way, Not Divided",None,Four-Way Intersection,Smooth Asphalt,Piedmont,Urban,30 - 35  MPH,Stop And Go Signal,Clear,No,"35.99196, -78.86576"
323,324,Yes,25-29,26,No,With Traffic,B: Evident Injury,Travel Lane,White,Male,Wilmington,New Hanover,No,01-01-05,2007-05-18,Motorist Failed to Yield - Sign-Controlled Intersection,14,Intersection,01-05-01,0001-01-01T09:19:58-04:56,Motorist Drive Out - Sign-Controlled Intersection,111141,2007,B: Evident Injury,Commercial,70,,No,11-15 mph,O: No Injury,White,Male,Pickup,No,No,Daylight,Urban (>70% Developed),3 lanes,2,Straight - Level,Local Street,Dry,"Two-Way, Not Divided",Other,Railroad Crossing,Smooth Asphalt,Coastal,Urban,30 - 35  MPH,Stop Sign,Clear,No,"34.222664, -77.947266"
328,329,Yes,40-49,40,No,With Traffic,B: Evident Injury,Travel Lane,White,Male,Cary,Wake,No,01-01-02,2007-08-21,Bicyclist Left Turn / Merge,18,Intersection,01-08-01,0001-01-01T13:54:58-04:56,Bicyclist Left Turn - Same Direction,111221,2007,B: Evident Injury,Residential,40-49,44,No,16-20 mph,O: No Injury,White,Female,Passenger Car,No,No,Daylight,Urban (>70% Developed),4 lanes,2,Straight - Level,Local Street,Wet,"Two-Way, Not Divided",None,No Special Feature,Coarse Asphalt,Piedmont,Urban,20 - 25  MPH,No Control Present,Cloudy,No,"35.78178, -78.76757"
329,330,Yes,40-49,45,No,With Traffic,O: No Injury,Bike Lane / Paved Shoulder,White,Male,Duck,Dare,No,01-01-05,2007-04-06,Motorist Left Turn / Merge,16,Non-Intersection,01-04-01,0001-01-01T11:33:58-04:56,Motorist Left Turn - Opposite Direction,321212,2007,O: No Injury,Commercial,40-49,49,No,16-20 mph,O: No Injury,White,Male,Van,No,No,Daylight,Urban (>70% Developed),3 lanes,3,Straight - Level,NC Route,Dry,"Two-Way, Divided, Unprotected Median",None,No Special Feature,Smooth Asphalt,Coastal,Rural,20 - 25  MPH,No Control Present,Clear,No,"36.16543, -75.75305"
331,332,Yes,16-19,18,No,Facing Traffic,B: Evident Injury,Travel Lane,White,Male,None - Rural Crash,Carteret,No,,2007-05-21,Motorist Overtaking Bicyclist,22,Non-Intersection,01-05-01,0001-01-01T17:18:58-04:56,Motorist Overtaking - Other /,312239,2007,B: Evident Injury,Residential,,,Missing,,Injury,/Missing,,Van,No,Yes,Dark - Roadway Not Lighted,Mixed (30% To 70% Developed),2 lanes,2,Curve - Level,State Secondary Route,Dry,"Two-Way, Not Divided",None,No Special Feature,Coarse Asphalt,Coastal,Rural,30 - 35  MPH,"Double Yellow Line, No Passing Zone",Clear,No,"34.721848, -76.93759"
338,339,Yes,25-29,28,No,Facing Traffic,C: Possible Injury,Sidewalk / Crosswalk / Driveway Crossing,Black,Female,Wilmington,New Hanover,No,01-01-02,2007-05-22,Motorist Failed to Yield - Midblock,11,Non-Intersection,01-05-01,0001-01-01T06:35:58-04:56,Motorist Drive Out - Commercial Driveway / Alley,332322,2007,C: Possible Injury,Commercial,50-59,52,No,0-5 mph,O: No Injury,White,Male,Pickup,No,No,Daylight,Urban (>70% Developed),5 lanes,2,Straight - Level,Local Street,Dry,"Two-Way, Not Divided",None,No Special Feature,Smooth Asphalt,Coastal,Urban,40 - 45  MPH,No Control Present,Clear,No,"34.24383, -77.882996"
344,345,Yes,50-59,51,Yes,Facing Traffic,B: Evident Injury,Travel Lane,White,Male,Kinston,Lenoir,Yes,01-01-06,2007-08-25,Bicyclist Right Turn / Merge,16,Non-Intersection,01-08-01,0001-01-01T11:52:58-04:56,Bicyclist Right Turn - Same Direction,312223,2007,B: Evident Injury,Commercial,0-19,17,No,31-35 mph,O: No Injury,White,Female,Pickup,No,No,Daylight,Urban (>70% Developed),5 lanes,2,Straight - Level,US Route,Dry,"Two-Way, Divided, Unprotected Median",None,No Special Feature,Smooth Asphalt,Coastal,Urban,30 - 35  MPH,No Control Present,Clear,No,"35.26905, -77.58668"
350,351,No,15-Nov,12,No,Facing Traffic,O: No Injury,Travel Lane,Other,Male,Charlotte,Mecklenburg,No,01-01-07,2007-08-26,Motorist Failed to Yield - Midblock,18,Non-Intersection,01-08-01,0001-01-01T13:41:58-04:56,Motorist Drive Out - Commercial Driveway / Alley,312322,2007,O: No Injury,Commercial,30-39,39,No,,O: No Injury,Black,Male,Passenger Car,No,No,Dawn,Urban (>70% Developed),2 lanes,2,Straight - Level,Local Street,Wet,"Two-Way, Divided, Positive Median Barrier",None,No Special Feature,Coarse Asphalt,Piedmont,Urban,5 - 15 MPH,No Control Present,Rain,No,"35.2047, -80.72006"
361,362,No,25-29,27,No,Facing Traffic,C: Possible Injury,Sidewalk / Crosswalk / Driveway Crossing,White,Male,Asheville,Buncombe,No,01-01-03,2007-05-02,Crossing Paths - Other Circumstances,17,Intersection,01-05-01,0001-01-01T12:18:58-04:56,Signalized Intersection - Other /,132158,2007,C: Possible Injury,Commercial,,,Missing,,Injury,/Missing,,,No,Yes,Daylight,Urban (>70% Developed),2 lanes,2,Straight - Level,Local Street,Dry,"Two-Way, Not Divided",None,Related To Intersection,Smooth Asphalt,Mountains,Urban,,Stop And Go Signal,Clear,No,"35.59406, -82.55698"
371,372,No,20-24,22,Yes,With Traffic,C: Possible Injury,Travel Lane,/Missing,Male,Chapel Hill,Orange,Yes,01-01-04,2007-05-31,Motorist Failed to Yield - Sign-Controlled Intersection,23,Intersection,01-05-01,0001-01-01T18:12:58-04:56,Motorist Drive Out - Sign-Controlled Intersection,111141,2007,C: Possible Injury,Residential,40-49,48,No,6-10 mph,O: No Injury,Black,Male,Sport Utility,No,No,Dark - Roadway Not Lighted,Urban (>70% Developed),4 lanes,2,Straight - Level,Local Street,Dry,"Two-Way, Not Divided",None,No Special Feature,Smooth Asphalt,Piedmont,Urban,20 - 25  MPH,Stop Sign,Clear,No,"35.91605, -79.048004"
377,378,Yes,40-49,48,No,With Traffic,B: Evident Injury,Travel Lane,White,Male,Lewisville,Forsyth,No,01-01-05,2007-06-01,Motorist Failed to Yield - Sign-Controlled Intersection,16,Intersection,01-06-01,0001-01-01T11:11:58-04:56,Motorist Drive Out - Sign-Controlled Intersection,111141,2007,B: Evident Injury,Residential,0-19,17,No,0-5 mph,O: No Injury,White,Male,Passenger Car,No,No,Daylight,Mixed (30% To 70% Developed),2 lanes,2,Straight - Level,State Secondary Route,Dry,"Two-Way, Not Divided",None,T-Intersection,Smooth Asphalt,Piedmont,Urban,40 - 45  MPH,Stop Sign,Clear,No,"36.112484, -80.403244"
383,384,Yes,40-49,44,No,With Traffic,B: Evident Injury,Travel Lane,White,Male,None - Rural Crash,Guilford,No,,2007-06-04,Motorist Failed to Yield - Sign-Controlled Intersection,6,Intersection,01-06-01,0001-01-01T01:23:58-04:56,Motorist Drive Out - Sign-Controlled Intersection,111141,2007,B: Evident Injury,Residential,50-59,50,No,11-15 mph,O: No Injury,White,Male,Passenger Car,No,No,Daylight,Mixed (30% To 70% Developed),2 lanes,2,Straight - Level,State Secondary Route,Dry,"Two-Way, Not Divided",None,T-Intersection,Smooth Asphalt,Piedmont,Rural,30 - 35  MPH,Stop Sign,Clear,No,"36.15143, -79.932045"
386,387,No,25-29,26,No,Facing Traffic,C: Possible Injury,Travel Lane,Black,Male,Raleigh,Wake,No,01-01-02,2007-06-05,Motorist Failed to Yield - Sign-Controlled Intersection,13,Intersection,01-06-01,0001-01-01T08:29:58-04:56,Motorist Drive Out - Sign-Controlled Intersection,112141,2007,C: Possible Injury,Commercial,40-49,41,No,0-5 mph,O: No Injury,White,Female,Passenger Car,No,No,Daylight,Urban (>70% Developed),2 lanes,2,Straight - Level,Public Vehicular Area,Dry,"Two-Way, Not Divided",None,No Special Feature,Smooth Asphalt,Piedmont,Urban,5 - 15 MPH,Stop Sign,Clear,No,"35.800056, -78.56247"
400,401,No,50-59,51,No,,C: Possible Injury,,Black,Male,Raleigh,Wake,No,01-01-06,2007-06-09,Non-Roadway,22,Non-Roadway,01-06-01,0001-01-01T17:03:58-04:56,Non-Roadway,490910,2007,C: Possible Injury,Commercial,,,Missing,0-5 mph,Injury,/Missing,,Pickup,No,Yes,Dark -  Lighting,Urban (>70% Developed),2 lanes,2,Straight - Level,Public Vehicular Area,Dry,"Two-Way, Not Divided",None,"Driveway, Public",Grooved Concrete,Piedmont,Urban,5 - 15 MPH,No Control Present,Cloudy,No,"35.797234, -78.57758"
409,410,Yes,16-19,18,No,Facing Traffic,C: Possible Injury,Travel Lane,White,Male,Jacksonville,Onslow,No,,2007-06-11,Motorist Failed to Yield - Midblock,16,Non-Intersection,01-06-01,0001-01-01T11:44:58-04:56,Motorist Drive Out - Commercial Driveway / Alley,312322,2007,C: Possible Injury,Commercial,20-24,23,No,0-5 mph,O: No Injury,White,Male,Passenger Car,No,No,Daylight,Urban (>70% Developed),4 lanes,2,Straight - Level,Local Street,Dry,"Two-Way, Not Divided",None,No Special Feature,Smooth Asphalt,Coastal,Urban,40 - 45  MPH,Stop Sign,Clear,No,"34.785446, -77.42511"
413,414,Yes,15-Nov,13,No,With Traffic,B: Evident Injury,Travel Lane,White,Male,Elon College,Alamance,No,,2007-06-11,Bicyclist Left Turn / Merge,14,Intersection,01-06-01,0001-01-01T09:53:58-04:56,Bicyclist Left Turn - Same Direction,111221,2007,B: Evident Injury,Residential,0-19,16,No,36-40 mph,O: No Injury,White,Female,Passenger Car,No,No,Daylight,Mixed (30% To 70% Developed),2 lanes,2,Straight - Level,Local Street,,"Two-Way, Divided, Unprotected Median",,No Special Feature,Smooth Asphalt,Piedmont,Urban,30 - 35  MPH,Stop Sign,Clear,No,"36.08698, -79.512054"
421,422,Yes,40-49,48,Yes,With Traffic,A: Disabling Injury,Travel Lane,White,Male,None - Rural Crash,Buncombe,Yes,01-01-04,2007-06-14,Motorist Overtaking Bicyclist,21,Non-Intersection,01-06-01,0001-01-01T16:48:58-04:56,Motorist Overtaking - Undetected Bicyclist,311231,2007,A: Disabling Injury,Commercial,30-39,37,No,41-45 mph,O: No Injury,Black,Female,Passenger Car,No,No,Dark - Roadway Not Lighted,Mixed (30% To 70% Developed),5 lanes,2,Straight - Level,NC Route,Wet,"Two-Way, Not Divided",None,No Special Feature,Coarse Asphalt,Mountains,Rural,40 - 45  MPH,No Control Present,Cloudy,No,"35.454765, -82.52196"
431,432,Yes,30-39,31,No,With Traffic,A: Disabling Injury,Travel Lane,Hispanic,Female,Charlotte,Mecklenburg,Yes,01-01-05,2007-05-04,Motorist Overtaking Bicyclist,23,Non-Intersection,01-05-01,0001-01-01T18:57:58-04:56,Motorist Overtaking - Other /,311239,2007,A: Disabling Injury,Residential,30-39,35,Yes,0-5 mph,O: No Injury,White,Male,Sport Utility,No,No,Dark - Roadway Not Lighted,Mixed (30% To 70% Developed),2 lanes,3,Straight - Level,Local Street,Dry,"Two-Way, Not Divided",None,No Special Feature,Coarse Asphalt,Piedmont,Urban,40 - 45  MPH,"Double Yellow Line, No Passing Zone",Cloudy,No,"35.374477, -80.80304"
436,437,Yes,15-Nov,15,No,With Traffic,K: Killed,Travel Lane,Black,Female,None - Rural Crash,Wake,No,01-01-02,2007-06-19,Bicyclist Failed to Yield - Signalized Intersection,19,Intersection,01-06-01,0001-01-01T14:22:58-04:56,Bicyclist Ride Through - Signalized Intersection,111155,2007,K: Killed,Residential,60-69,60,No,6-10 mph,O: No Injury,White,Female,Sport Utility,No,No,Daylight,Mixed (30% To 70% Developed),2 lanes,2,Straight - Level,State Secondary Route,Dry,"Two-Way, Not Divided",None,Four-Way Intersection,Smooth Asphalt,Piedmont,Rural,40 - 45  MPH,Stop And Go Signal,Clear,No,"35.88315, -78.51006"
451,452,No,30-39,30,Yes,Facing Traffic,B: Evident Injury,Travel Lane,White,Male,None - Rural Crash,Hyde,Yes,01-01-07,2007-06-24,Loss of Control / Turning Error,0,Non-Intersection,01-06-01,0000-12-31T19:52:58-04:56,Motorist Lost Control - Other /,312139,2007,B: Evident Injury,Commercial,40-49,48,Yes,31-35 mph,O: No Injury,White,Male,Passenger Car,No,No,Dark - Roadway Not Lighted,Mixed (30% To 70% Developed),2 lanes,2,Straight - Level,NC Route,Dry,"Two-Way, Not Divided",None,No Special Feature,Smooth Asphalt,Coastal,Rural,30 - 35  MPH,"Double Yellow Line, No Passing Zone",Clear,No,"35.407093, -76.33018"
465,466,No,,,Missing,,Injury,,/Missing,,Fayetteville,Cumberland,No,01-01-06,2007-06-23,Bicyclist Failed to Yield - Midblock,19,Non-Intersection,01-06-01,0001-01-01T14:14:58-04:56,Bicyclist Ride Out - Midblock -,399319,2007,O: No Injury,Commercial,30-39,36,No,0-5 mph,O: No Injury,White,Female,Sport Utility,No,No,Daylight,Urban (>70% Developed),3 lanes,2,Straight - Level,Local Street,Dry,"Two-Way, Not Divided",None,No Special Feature,Smooth Asphalt,Coastal,Urban,20 - 25  MPH,Stop And Go Signal,Clear,No,"35.044807, -78.95712"
467,468,No,70,,No,With Traffic,B: Evident Injury,Travel Lane,White,Male,Raleigh,Wake,No,01-01-02,2007-06-26,Bicyclist Failed to Yield - Sign-Controlled Intersection,8,Intersection,01-06-01,0001-01-01T03:05:58-04:56,Bicyclist Ride Out - Sign-Controlled Intersection,111142,2007,B: Evident Injury,Residential,20-24,22,No,21-25 mph,O: No Injury,Black,Male,Van,No,No,Daylight,Urban (>70% Developed),2 lanes,2,Straight - Grade,Local Street,Dry,"Two-Way, Not Divided",None,Four-Way Intersection,Smooth Asphalt,Piedmont,Urban,30 - 35  MPH,Stop Sign,Clear,No,"35.80053, -78.61585"
473,474,No,16-19,16,No,,C: Possible Injury,Travel Lane,Black,Male,None - Rural Crash,Guilford,No,01-01-04,2007-06-28,Non-Roadway,17,Non-Roadway,01-06-01,0001-01-01T12:46:58-04:56,Non-Roadway,410910,2007,C: Possible Injury,Residential,30-39,32,No,0-5 mph,O: No Injury,Hispanic,Male,Passenger Car,No,No,Daylight,Urban (>70% Developed),,2,Curve - Grade,Public Vehicular Area,Dry,"Two-Way, Not Divided",None,"Driveway, Public",Smooth Asphalt,Piedmont,Rural,5 - 15 MPH,No Control Present,Cloudy,No,"36.130672, -79.93471"
474,475,No,30-39,35,No,With Traffic,O: No Injury,Travel Lane,White,Male,Stallings,Union,No,01-01-03,2007-10-03,Motorist Overtaking Bicyclist,8,Non-Intersection,01-10-01,0001-01-01T03:38:58-04:56,Motorist Overtaking - Other /,311239,2007,O: No Injury,Commercial,,,Missing,11-15 mph,Injury,/Missing,,Pickup,No,Yes,Daylight,Urban (>70% Developed),2 lanes,2,Straight - Level,Local Street,Dry,"Two-Way, Not Divided",None,No Special Feature,Smooth Asphalt,Piedmont,Urban,30 - 35  MPH,No Control Present,Clear,No,"35.085304, -80.69663"
488,489,Yes,50-59,50,No,With Traffic,C: Possible Injury,Travel Lane,White,Male,None - Rural Crash,New Hanover,No,01-01-05,2007-09-21,Motorist Overtaking Bicyclist,9,Non-Intersection,01-09-01,0001-01-01T04:29:58-04:56,Motorist Overtaking - Misjudged Space,311232,2007,C: Possible Injury,Commercial,40-49,45,No,41-45 mph,O: No Injury,Black,Male,"Single Unit Truck (2-Axle, 6-Tire)",No,No,Daylight,Urban (>70% Developed),2 lanes,2,Straight - Level,NC Route,Dry,"Two-Way, Not Divided",None,No Special Feature,Smooth Asphalt,Coastal,Rural,50 - 55  MPH,No Control Present,Clear,No,"34.30819, -77.921936"
492,493,No,40-49,44,No,With Traffic,B: Evident Injury,Travel Lane,Black,Male,Rocky Mount,Nash,No,01-01-07,2007-07-01,Motorist Failed to Yield - Midblock,4,Non-Intersection,01-07-01,0000-12-31T23:45:58-04:56,Motorist Drive Out - Commercial Driveway / Alley,311322,2007,B: Evident Injury,Residential,,,No,0-5 mph,Injury,/Missing,,,No,Yes,Daylight,Urban (>70% Developed),2 lanes,2,Straight - Level,Local Street,Dry,"Two-Way, Not Divided",None,No Special Feature,Smooth Asphalt,Coastal,Urban,30 - 35  MPH,No Control Present,Cloudy,No,"35.953472, -77.79304"