FID,OBJECTID,AmbulanceR,BikeAge_Gr,Bike_Age,Bike_Alc_D,Bike_Dir,Bike_Injur,Bike_Pos,Bike_Race,Bike_Sex,City,County,CrashAlcoh,CrashDay,Crash_Date,Crash_Grp,Crash_Hour,Crash_Loc,Crash_Mont,Crash_Time,Crash_Type,Crash_Ty_1,Crash_Year,Crsh_Sevri,Developmen,DrvrAge_Gr,Drvr_Age,Drvr_Alc_D,Drvr_EstSp,Drvr_Injur,Drvr_Race,Drvr_Sex,Drvr_VehTy,ExcsSpdInd,Hit_Run,Light_Cond,Locality,Num_Lanes,Num_Units,Rd_Charact,Rd_Class,Rd_Conditi,Rd_Config,Rd_Defects,Rd_Feature,Rd_Surface,Region,Rural_Urba,Speed_Limi,Traff_Cntr,Weather,Workzone_I,Location
176,177,Yes,50-59,57,No,With Traffic,B: Evident Injury,Travel Lane,Black,Male,Durham,Durham,No,,2012-04-16,Crossing Paths - Other Circumstances,14,Intersection,01-04-01,0001-01-01T10:01:58-04:56,Signalized Intersection - Other /,,2012,B: Evident Injury,Commercial,60-69,61,No,0-5 mph,O: No Injury,White,Female,Sport Utility,No,No,Daylight,Urban (>70% Developed),4 lanes,2,Straight - Level,Local Street,Dry,"Two-Way, Not Divided",None,No Special Feature,Smooth Asphalt,Piedmont,Urban,20 - 25  MPH,Stop And Go Signal,Clear,No,"36.00232, -78.9129"
178,179,Yes,15-Nov,12,No,With Traffic,B: Evident Injury,Travel Lane,White,Male,None - Rural Crash,Davie,No,01-01-06,2012-04-14,Bicyclist Failed to Yield - Sign-Controlled Intersection,11,Intersection,01-04-01,0001-01-01T06:37:58-04:56,Bicyclist Ride Through - Sign-Controlled Intersection,,2012,B: Evident Injury,"Farms, Woods, Pastures",70,70,No,41-45 mph,O: No Injury,White,Male,Van,No,No,Daylight,Rural (<30% Developed),2 lanes,2,Curve - Level,US Route,Dry,"Two-Way, Not Divided",None,T-Intersection,Smooth Asphalt,Piedmont,Rural,40 - 45  MPH,Stop Sign,Clear,No,"35.94164, -80.6022"
179,180,Yes,70,0,No,With Traffic,B: Evident Injury,Travel Lane,White,Male,High Point,Guilford,No,01-01-02,2012-04-03,Bicyclist Left Turn / Merge,9,Non-Intersection,01-04-01,0001-01-01T04:21:58-04:56,Bicyclist Left Turn - Same Direction,,2012,B: Evident Injury,Commercial,40-49,42,No,31-35 mph,O: No Injury,White,Female,Sport Utility,No,No,Daylight,Urban (>70% Developed),4 lanes,2,Straight - Level,Local Street,Dry,"Two-Way, Not Divided",None,No Special Feature,Coarse Asphalt,Piedmont,Urban,30 - 35  MPH,No Control Present,Cloudy,No,"35.93655, -80.0298"
183,184,No,25-29,28,No,With Traffic,C: Possible Injury,Travel Lane,White,Male,None - Rural Crash,Onslow,No,,2012-04-16,Motorist Right Turn / Merge,16,Intersection,01-04-01,0001-01-01T11:31:58-04:56,Motorist Right Turn - Same Direction,,2012,C: Possible Injury,"Farms, Woods, Pastures",50-59,51,No,16-20 mph,O: No Injury,Black,Male,Sport Utility,No,No,Daylight,Rural (<30% Developed),2 lanes,2,Straight - Level,State Secondary Route,Dry,"Two-Way, Not Divided",None,T-Intersection,Coarse Asphalt,Coastal,Rural,40 - 45  MPH,"Double Yellow Line, No Passing Zone",Clear,No,"34.7275, -77.321"
184,185,No,40-49,43,No,,C: Possible Injury,,White,Female,Wilmington,New Hanover,No,01-01-04,2012-03-29,Other /  - Insufficient Details,17,Intersection-Related,01-03-01,0001-01-01T12:45:58-04:56,Approach Paths,,2012,C: Possible Injury,Commercial,50-59,56,No,0-5 mph,O: No Injury,White,Female,Sport Utility,No,No,Daylight,Urban (>70% Developed),6 lanes,2,Straight - Level,NC Route,Dry,"Two-Way, Not Divided",None,No Special Feature,Coarse Asphalt,Coastal,Urban,40 - 45  MPH,Stop And Go Signal,Clear,No,"34.2151, -77.886"
191,192,No,15-Nov,11,No,Facing Traffic,C: Possible Injury,Travel Lane,Black,Female,Greensboro,Guilford,No,,2012-03-26,Head-On,18,Non-Intersection,01-03-01,0001-01-01T13:56:58-04:56,Head-On - Bicyclist,,2012,C: Possible Injury,Residential,40-49,48,No,16-20 mph,Injury,Black,Male,Passenger Car,No,No,Daylight,Urban (>70% Developed),2 lanes,2,Straight - Level,Local Street,Dry,"Two-Way, Not Divided",None,No Special Feature,Smooth Asphalt,Piedmont,Urban,,No Control Present,Clear,No,"36.08663, -79.7469"
198,199,Yes,20-24,20,No,With Traffic,C: Possible Injury,Travel Lane,Black,Female,New Bern,Craven,No,01-01-05,2012-04-20,Bicyclist Failed to Yield - Sign-Controlled Intersection,13,Intersection,01-04-01,0001-01-01T08:26:58-04:56,Bicyclist Ride Through - Sign-Controlled Intersection,,2012,C: Possible Injury,Residential,60-69,63,No,11-15 mph,O: No Injury,Black,Male,Pickup,No,No,Daylight,Urban (>70% Developed),2 lanes,2,Straight - Level,Local Street,Dry,"Two-Way, Not Divided",None,Four-Way Intersection,Smooth Asphalt,Coastal,Urban,20 - 25  MPH,Stop Sign,Clear,No,"35.11413, -77.0523"
199,200,No,60-69,67,No,With Traffic,C: Possible Injury,Travel Lane,Black,Male,Southport,Brunswick,No,,2012-03-26,Bicyclist Left Turn / Merge,16,Non-Intersection,01-03-01,0001-01-01T11:43:58-04:56,Bicyclist Left Turn - Same Direction,,2012,C: Possible Injury,Commercial,0-19,18,No,,O: No Injury,White,Male,Pickup,No,No,Daylight,Urban (>70% Developed),,2,,.,Dry,"Two-Way, Divided, Unprotected Median",None,No Special Feature,Smooth Asphalt,Coastal,Rural,,No Control Present,Clear,No,"33.92113, -78.0202"
210,211,Yes,40-49,49,Yes,With Traffic,B: Evident Injury,Sidewalk / Crosswalk / Driveway Crossing,White,Male,Greensboro,Guilford,Yes,01-01-04,2012-04-26,Loss of Control / Turning Error,21,Non-Intersection,01-04-01,0001-01-01T16:32:58-04:56,Bicyclist Turning Error - Right Turn,,2012,B: Evident Injury,Commercial,60-69,66,No,0-5 mph,O: No Injury,White,Male,Passenger Car,No,No,Dusk,Urban (>70% Developed),,2,Straight - Bottom,Public Vehicular Area,Dry,,None,No Special Feature,Smooth Asphalt,Piedmont,Urban,5 - 15 MPH,No Control Present,Clear,No,"36.11516, -79.7814"
218,219,Yes,30-39,35,No,With Traffic,B: Evident Injury,Travel Lane,Black,Female,Greensboro,Guilford,No,01-01-06,2012-04-14,Motorist Overtaking Bicyclist,18,Intersection-Related,01-04-01,0001-01-01T13:57:58-04:56,Motorist Overtaking - Undetected Bicyclist,,2012,B: Evident Injury,Residential,40-49,49,No,21-25 mph,O: No Injury,Black,Male,Passenger Car,No,No,Daylight,Urban (>70% Developed),4 lanes,2,Straight - Grade,Local Street,Dry,"Two-Way, Not Divided",None,Four-Way Intersection,Coarse Asphalt,Piedmont,Urban,30 - 35  MPH,Stop And Go Signal,Other,No,"36.05188, -79.7983"
234,235,Yes,16-19,19,No,Facing Traffic,B: Evident Injury,Sidewalk / Crosswalk / Driveway Crossing,White,Female,Chapel Hill,Orange,No,01-01-05,2012-04-27,Motorist Failed to Yield - Sign-Controlled Intersection,13,Intersection,01-04-01,0001-01-01T08:58:58-04:56,Motorist Drive Out - Sign-Controlled Intersection,,2012,B: Evident Injury,Residential,60-69,60,No,,O: No Injury,White,Male,Pickup,No,No,Daylight,Urban (>70% Developed),5 lanes,2,Straight - Grade,Local Street,Dry,"Two-Way, Not Divided",None,T-Intersection,Smooth Asphalt,Piedmont,Urban,20 - 25  MPH,Stop Sign,Clear,No,"35.90454, -79.0647"
236,237,Yes,15-Nov,13,No,With Traffic,B: Evident Injury,Travel Lane,White,Male,Wilmington,New Hanover,No,01-01-06,2012-04-28,Motorist Overtaking Bicyclist,11,Intersection-Related,01-04-01,0001-01-01T06:14:58-04:56,Motorist Overtaking - Other /,,2012,B: Evident Injury,Residential,,,Missing,,Injury,/Missing,,,No,Yes,Daylight,Urban (>70% Developed),2 lanes,2,Straight - Level,.,Dry,"Two-Way, Not Divided",None,No Special Feature,Coarse Asphalt,Coastal,Urban,30 - 35  MPH,No Control Present,Clear,No,"34.22151, -77.8918"
240,241,No,50-59,53,No,With Traffic,B: Evident Injury,Travel Lane,White,Female,Raleigh,Wake,No,01-01-03,2012-04-11,Motorist Left Turn / Merge,15,Intersection-Related,01-04-01,0001-01-01T10:18:58-04:56,Motorist Left Turn - Opposite Direction,,2012,B: Evident Injury,Commercial,25-29,28,No,31-35 mph,O: No Injury,White,Female,Sport Utility,No,No,Daylight,Urban (>70% Developed),3 lanes,2,Straight - Hillcrest,Local Street,Dry,"Two-Way, Not Divided",None,No Special Feature,Coarse Asphalt,Piedmont,Urban,30 - 35  MPH,No Control Present,Clear,No,"35.79076, -78.6594"
244,245,Yes,20-24,21,No,Facing Traffic,B: Evident Injury,Travel Lane,Black,Male,Wilmington,New Hanover,No,01-01-03,2012-05-02,Other / Unusual Circumstances,16,Non-Intersection,01-05-01,0001-01-01T11:39:58-04:56,Motorist Intentionally Caused,,2012,B: Evident Injury,Residential,,,Missing,,Injury,/Missing,,,No,Yes,Daylight,Urban (>70% Developed),2 lanes,2,Straight - Level,Local Street,Dry,"Two-Way, Not Divided",None,No Special Feature,Coarse Asphalt,Coastal,Urban,,No Control Present,Clear,No,"34.2394, -77.9024"
247,248,Yes,30-39,30,No,With Traffic,B: Evident Injury,Travel Lane,Black,Male,Charlotte,Mecklenburg,No,01-01-04,2012-05-03,Motorist Overtaking Bicyclist,15,Non-Intersection,01-05-01,0001-01-01T10:49:58-04:56,Motorist Overtaking - Bicyclist Swerved,,2012,B: Evident Injury,Residential,40-49,48,No,31-35 mph,B: Evident Injury,White,Male,Motorcycle,No,No,Daylight,Urban (>70% Developed),2 lanes,2,Straight - Level,Local Street,Dry,"Two-Way, Not Divided",None,No Special Feature,Smooth Asphalt,Piedmont,Urban,30 - 35  MPH,No Control Present,Clear,No,"35.28304, -80.6966"
256,257,Yes,20-24,20,No,With Traffic,B: Evident Injury,Travel Lane,White,Female,Boone,Watauga,No,01-01-02,2012-05-08,Motorist Left Turn / Merge,10,Non-Intersection,01-05-01,0001-01-01T05:53:58-04:56,Motorist Left Turn - Opposite Direction,,2012,B: Evident Injury,Institutional,40-49,43,No,6-10 mph,O: No Injury,White,Female,Passenger Car,No,No,Daylight,Urban (>70% Developed),4 lanes,2,Straight - Level,Local Street,Wet,"Two-Way, Not Divided",None,No Special Feature,Smooth Asphalt,Mountains,Urban,20 - 25  MPH,No Control Present,Rain,No,"36.21435, -81.6826"
266,267,Yes,70,0,No,With Traffic,B: Evident Injury,Travel Lane,White,Male,None - Rural Crash,Dare,No,01-01-05,2012-05-11,Loss of Control / Turning Error,7,Intersection,01-05-01,0001-01-01T02:33:58-04:56,Bicyclist Turning Error - Left Turn,,2012,B: Evident Injury,Residential,50-59,58,No,21-25 mph,O: No Injury,White,Male,Passenger Car,No,No,Daylight,Urban (>70% Developed),2 lanes,2,Straight - Level,Public Vehicular Area,Dry,"Two-Way, Not Divided",None,T-Intersection,Coarse Asphalt,Coastal,Rural,20 - 25  MPH,Yield Sign,Clear,No,"36.11226, -75.7463"
268,269,No,40-49,47,No,Facing Traffic,C: Possible Injury,Sidewalk / Crosswalk / Driveway Crossing,Black,Male,Rocky Mount,Nash,No,01-01-02,2012-04-10,Motorist Failed to Yield - Midblock,15,Non-Intersection,01-04-01,0001-01-01T10:24:58-04:56,Motorist Drive Out - Commercial Driveway / Alley,,2012,C: Possible Injury,Commercial,0-19,18,No,0-5 mph,O: No Injury,White,Male,Sport Utility,No,No,Daylight,Urban (>70% Developed),2 lanes,2,Straight - Level,Local Street,Dry,"Two-Way, Not Divided",None,T-Intersection,Smooth Asphalt,Coastal,Urban,,No Control Present,Clear,No,"35.96307, -77.8387"
279,280,Yes,16-19,18,No,With Traffic,B: Evident Injury,Travel Lane,White,Female,Wilmington,New Hanover,No,01-01-02,2012-05-01,Crossing Paths - Other Circumstances,11,Intersection,01-05-01,0001-01-01T07:01:58-04:56,Crossing Paths - Intersection - Other /,,2012,B: Evident Injury,Commercial,60-69,61,No,41-45 mph,O: No Injury,Black,Male,Pickup,No,No,Daylight,Urban (>70% Developed),6 lanes,2,Straight - Level,Local Street,Dry,"One-Way, Not Divided",None,No Special Feature,Coarse Asphalt,Coastal,Urban,50 - 55  MPH,No Control Present,Clear,No,"34.19294, -77.9226"
292,293,Yes,10-Jun,9,No,With Traffic,B: Evident Injury,Travel Lane,White,Male,None - Rural Crash,Haywood,No,,2012-05-14,Bicyclist Failed to Yield - Sign-Controlled Intersection,15,Intersection,01-05-01,0001-01-01T10:33:58-04:56,Bicyclist Ride Through - Sign-Controlled Intersection,,2012,B: Evident Injury,Residential,50-59,51,No,0-5 mph,O: No Injury,White,Female,Sport Utility,No,No,Daylight,Urban (>70% Developed),2 lanes,2,Straight - Grade,State Secondary Route,Dry,"Two-Way, Not Divided",None,Alley Intersection,Coarse Asphalt,Mountains,Rural,20 - 25  MPH,Stop Sign,Clear,No,"35.53844, -82.8635"
302,303,Yes,10-Jun,9,No,Not Applicable,B: Evident Injury,Non-Roadway,White,Male,Cary,Wake,No,01-01-04,2012-05-03,Non-Roadway,18,Non-Roadway,01-05-01,0001-01-01T13:29:58-04:56,Non-Roadway,,2012,B: Evident Injury,Residential,70,70,No,16-20 mph,O: No Injury,Black,Female,Sport Utility,No,No,Daylight,Urban (>70% Developed),2 lanes,2,Straight - Level,Public Vehicular Area,Dry,"Two-Way, Not Divided",None,T-Intersection,Smooth Asphalt,Piedmont,Urban,,Stop Sign,Clear,No,"35.74909, -78.7504"
303,304,Yes,50-59,56,No,Facing Traffic,C: Possible Injury,Travel Lane,Black,Male,High Point,Guilford,No,01-01-03,2012-05-16,Bicyclist Failed to Yield - Signalized Intersection,14,Intersection,01-05-01,0001-01-01T09:36:58-04:56,Bicyclist Ride Through - Signalized Intersection,,2012,C: Possible Injury,Commercial,25-29,26,No,6-10 mph,C: Possible Injury,White,Male,Sport Utility,No,No,Daylight,Urban (>70% Developed),5 lanes,2,Straight - Level,Local Street,Dry,"Two-Way, Not Divided",None,Four-Way Intersection,Coarse Asphalt,Piedmont,Urban,30 - 35  MPH,Stop And Go Signal,Clear,No,"35.96576, -80.0125"
499,500,No,50-59,56,No,With Traffic,B: Evident Injury,Bike Lane / Paved Shoulder,White,Male,None - Rural Crash,Bladen,No,,2011-08-08,Motorist Overtaking Bicyclist,18,Non-Intersection,01-08-01,0001-01-01T13:33:58-04:56,Motorist Overtaking - Other /,321239,2011,B: Evident Injury,"Farms, Woods, Pastures",,,Missing,51-55 mph,Injury,/Missing,,Passenger Car,No,Yes,Daylight,Rural (<30% Developed),2 lanes,2,Straight - Level,State Secondary Route,Dry,"Two-Way, Not Divided",None,No Special Feature,Smooth Asphalt,Coastal,Rural,50 - 55  MPH,No Control Present,Clear,No,"34.62808, -78.663"
507,508,No,50-59,55,No,With Traffic,O: No Injury,Travel Lane,White,Male,Troutman,Iredell,No,01-01-06,2011-07-16,Backing Vehicle,10,Non-Intersection,01-07-01,0001-01-01T05:33:58-04:56,Backing Vehicle,311600,2011,O: No Injury,Residential,30-39,35,No,,O: No Injury,White,Male,Pickup,No,No,Daylight,Urban (>70% Developed),2 lanes,2,Straight - Level,Local Street,Dry,"Two-Way, Divided, Unprotected Median",None,No Special Feature,Coarse Asphalt,Piedmont,Rural,,No Control Present,Cloudy,No,"35.71136, -80.8928"
513,514,Yes,50-59,50,No,With Traffic,A: Disabling Injury,Travel Lane,White,Female,Summerfield,Guilford,No,01-01-05,2011-08-12,Motorist Left Turn / Merge,18,Intersection,01-08-01,0001-01-01T13:42:58-04:56,Motorist Left Turn - Opposite Direction,111212,2011,A: Disabling Injury,"Farms, Woods, Pastures",30-39,36,No,36-40 mph,O: No Injury,Other,Female,"Light Truck (Mini-Van, Panel)",No,No,Daylight,Rural (<30% Developed),2 lanes,2,Straight - Level,NC Route,Wet,"Two-Way, Not Divided",None,T-Intersection,Smooth Asphalt,Piedmont,Urban,40 - 45  MPH,"Double Yellow Line, No Passing Zone",Rain,No,"36.20944, -79.8259"
516,517,Yes,30-39,36,No,With Traffic,A: Disabling Injury,Travel Lane,White,Male,None - Rural Crash,Buncombe,No,01-01-07,2011-08-14,Motorist Left Turn / Merge,17,Intersection,01-08-01,0001-01-01T12:03:58-04:56,Motorist Left Turn - Opposite Direction,111212,2011,A: Disabling Injury,Residential,40-49,44,No,26-30 mph,O: No Injury,White,Female,Sport Utility,No,No,Daylight,Urban (>70% Developed),2 lanes,2,Straight - Grade,State Secondary Route,Dry,"Two-Way, Not Divided",None,T-Intersection,Coarse Asphalt,Mountains,Rural,30 - 35  MPH,"Double Yellow Line, No Passing Zone",Clear,No,"35.6329, -82.4184"
521,522,Yes,15-Nov,14,No,With Traffic,C: Possible Injury,Travel Lane,White,Male,None - Rural Crash,New Hanover,No,01-01-07,2011-08-14,Bicyclist Left Turn / Merge,14,Non-Intersection,01-08-01,0001-01-01T09:59:58-04:56,Bicyclist Left Turn - Same Direction,311221,2011,C: Possible Injury,Residential,40-49,48,No,41-45 mph,O: No Injury,White,Male,Pickup,No,No,Daylight,Mixed (30% To 70% Developed),2 lanes,2,Straight - Level,State Secondary Route,Dry,"Two-Way, Not Divided",None,Related To Intersection,Coarse Asphalt,Coastal,Rural,40 - 45  MPH,"Double Yellow Line, No Passing Zone",Clear,No,"34.13515, -77.8771"
526,527,Yes,25-29,25,No,With Traffic,B: Evident Injury,Travel Lane,White,Male,Winston-Salem,Forsyth,No,,2011-08-08,Motorist Failed to Yield - Signalized Intersection,9,Intersection,01-08-01,0001-01-01T04:40:58-04:56,Motorist Drive Through - Signalized Intersection,111154,2011,B: Evident Injury,Commercial,,,No,31-35 mph,Injury,/Missing,,,No,Yes,Daylight,Urban (>70% Developed),3 lanes,2,Straight - Level,Local Street,Dry,"Two-Way, Not Divided",None,Four-Way Intersection,Smooth Asphalt,Piedmont,Urban,40 - 45  MPH,Stop And Go Signal,Clear,No,"36.06984, -80.2772"
538,539,Yes,10-Jun,7,No,With Traffic,B: Evident Injury,Travel Lane,White,Female,Winston-Salem,Forsyth,No,01-01-04,2011-08-11,Bicyclist Failed to Yield - Sign-Controlled Intersection,20,Intersection,01-08-01,0001-01-01T15:11:58-04:56,Bicyclist Ride Out - Sign-Controlled Intersection,111142,2011,B: Evident Injury,Residential,40-49,47,No,6-10 mph,O: No Injury,White,Male,Passenger Car,No,No,Dusk,Urban (>70% Developed),4 lanes,2,Straight - Level,Local Street,Dry,"Two-Way, Not Divided",None,T-Intersection,Smooth Asphalt,Piedmont,Urban,30 - 35  MPH,Stop Sign,Clear,No,"36.05483, -80.2209"
539,540,No,20-24,21,No,With Traffic,O: No Injury,Travel Lane,White,Male,Boone,Watauga,No,01-01-06,2011-08-06,Motorist Overtaking Bicyclist,19,Non-Intersection,01-08-01,0001-01-01T14:26:58-04:56,Motorist Overtaking - Misjudged Space,311232,2011,O: No Injury,Commercial,,,Missing,,Injury,/Missing,,,No,Yes,Daylight,Urban (>70% Developed),2 lanes,2,Straight - Level,Local Street,Dry,"Two-Way, Not Divided",None,No Special Feature,Smooth Asphalt,Mountains,Urban,20 - 25  MPH,"Double Yellow Line, No Passing Zone",Clear,No,"36.19801, -81.6653"
541,542,No,16-19,17,No,With Traffic,A: Disabling Injury,Travel Lane,White,Male,Wilmington,New Hanover,No,01-01-02,2011-08-09,Bicyclist Failed to Yield - Sign-Controlled Intersection,22,Intersection,01-08-01,0001-01-01T17:04:58-04:56,Bicyclist Ride Out - Sign-Controlled Intersection,111142,2011,A: Disabling Injury,Commercial,60-69,68,No,21-25 mph,O: No Injury,White,Male,Pickup,No,No,Dark - Lighted Roadway,Urban (>70% Developed),,2,Straight - Grade,Local Street,Dry,"Two-Way, Not Divided",None,No Special Feature,Coarse Asphalt,Coastal,Urban,20 - 25  MPH,Stop Sign,Clear,No,"34.24311, -77.9504"
543,544,No,20-24,20,No,Facing Traffic,O: No Injury,Travel Lane,White,Male,Raleigh,Wake,No,01-01-03,2011-08-17,Motorist Left Turn / Merge,12,Non-Intersection,01-08-01,0001-01-01T07:44:58-04:56,Motorist Left Turn - Same Direction,312211,2011,O: No Injury,Commercial,40-49,47,No,6-10 mph,O: No Injury,Black,Male,Passenger Car,No,No,Daylight,Urban (>70% Developed),5 lanes,2,Straight - Level,Local Street,Dry,"Two-Way, Divided, Unprotected Median",None,No Special Feature,Smooth Asphalt,Piedmont,Urban,30 - 35  MPH,No Control Present,Clear,No,"35.78927, -78.6751"
544,545,Yes,50-59,56,No,With Traffic,B: Evident Injury,Travel Lane,Black,Male,Asheville,Buncombe,No,01-01-07,2011-08-14,Bicyclist Overtaking Motorist,13,Non-Intersection,01-08-01,0001-01-01T08:46:58-04:56,Bicyclist Overtaking - Parked Vehicle,311243,2011,B: Evident Injury,Residential,,,Missing,,Injury,/Missing,,Passenger Car,No,No,Daylight,Urban (>70% Developed),2 lanes,2,Straight - Grade,Local Street,Dry,"Two-Way, Not Divided",None,No Special Feature,Smooth Asphalt,Mountains,Urban,30 - 35  MPH,No Control Present,Clear,No,"35.59076, -82.559"
556,557,Yes,30-39,30,No,Not Applicable,C: Possible Injury,Non-Roadway,Black,Male,Durham,Durham,No,01-01-05,2011-08-26,Non-Roadway,16,Non-Roadway,01-08-01,0001-01-01T11:07:58-04:56,Non-Roadway,460910,2011,C: Possible Injury,Commercial,,,Missing,6-10 mph,Injury,/Missing,,Passenger Car,No,Yes,Daylight,Urban (>70% Developed),2 lanes,2,Straight - Level,Public Vehicular Area,Dry,"Two-Way, Not Divided",None,No Special Feature,Smooth Asphalt,Piedmont,Urban,20 - 25  MPH,No Control Present,Clear,No,"35.90216, -78.8956"
560,561,Yes,25-29,25,No,With Traffic,B: Evident Injury,Sidewalk / Crosswalk / Driveway Crossing,Hispanic,Male,Charlotte,Mecklenburg,No,,2011-08-22,Parallel Paths - Other Circumstances,19,Intersection-Related,01-08-01,0001-01-01T14:38:58-04:56,Bicyclist Ride Out - Parallel Path,231225,2011,B: Evident Injury,Commercial,20-24,20,No,16-20 mph,O: No Injury,White,Female,Passenger Car,No,No,Daylight,Urban (>70% Developed),6 lanes,2,Straight - Level,Local Street,Dry,"Two-Way, Divided, Unprotected Median",None,No Special Feature,Smooth Asphalt,Piedmont,Urban,40 - 45  MPH,No Control Present,Clear,No,"35.23435, -80.7332"
562,563,Yes,20-24,24,No,Facing Traffic,C: Possible Injury,Sidewalk / Crosswalk / Driveway Crossing,White,Male,Greensboro,Guilford,No,01-01-02,2011-08-23,Motorist Failed to Yield - Signalized Intersection,13,Intersection,01-08-01,0001-01-01T08:11:58-04:56,Motorist Drive Out - Signalized Intersection,132152,2011,C: Possible Injury,Commercial,60-69,68,No,6-10 mph,O: No Injury,White,Female,Passenger Car,No,Yes,Daylight,Urban (>70% Developed),,2,Straight - Level,Local Street,Dry,"Two-Way, Not Divided",None,Related To Intersection,Smooth Asphalt,Piedmont,Urban,30 - 35  MPH,Stop And Go Signal,Clear,No,"36.08508, -79.8212"
572,573,Yes,10-Jun,10,No,Not Applicable,B: Evident Injury,Travel Lane,White,Male,Winston-Salem,Forsyth,No,01-01-03,2011-08-24,Bicyclist Failed to Yield - Midblock,19,Non-Intersection,01-08-01,0001-01-01T14:12:58-04:56,Bicyclist Ride Out - Other Midblock,313318,2011,B: Evident Injury,Residential,50-59,55,No,26-30 mph,O: No Injury,White,Male,Passenger Car,No,No,Daylight,Urban (>70% Developed),2 lanes,2,Straight - Level,Local Street,Dry,"Two-Way, Not Divided",None,No Special Feature,Smooth Asphalt,Piedmont,Urban,20 - 25  MPH,No Control Present,Clear,No,"36.06325, -80.2252"
574,575,Yes,15-Nov,14,No,With Traffic,B: Evident Injury,Travel Lane,Black,Male,Cary,Wake,No,01-01-07,2011-08-21,Bicyclist Failed to Yield - Signalized Intersection,13,Intersection,01-08-01,0001-01-01T08:50:58-04:56,Bicyclist Ride Out - Signalized  Intersection,111153,2011,B: Evident Injury,Commercial,25-29,29,No,26-30 mph,O: No Injury,White,Male,Passenger Car,No,No,Daylight,Urban (>70% Developed),4 lanes,2,Straight - Level,State Secondary Route,Dry,"Two-Way, Not Divided",None,No Special Feature,Smooth Asphalt,Piedmont,Urban,30 - 35  MPH,Stop And Go Signal,Clear,No,"35.77137, -78.7853"
580,581,Yes,16-19,19,No,With Traffic,B: Evident Injury,Travel Lane,White,Male,Raleigh,Wake,No,01-01-03,2011-08-31,Loss of Control / Turning Error,11,Intersection,01-08-01,0001-01-01T06:58:58-04:56,Bicyclist Lost Control - Other /,111129,2011,B: Evident Injury,Institutional,,,Missing,0-5 mph,Injury,/Missing,,Pickup,No,No,Daylight,Urban (>70% Developed),3 lanes,2,Straight - Level,Local Street,Dry,"Two-Way, Divided, Positive Median Barrier",None,T-Intersection,Smooth Asphalt,Piedmont,Urban,20 - 25  MPH,Stop And Go Signal,Clear,No,"35.78753, -78.667"
588,589,Yes,70,,No,With Traffic,C: Possible Injury,Travel Lane,Black,Male,None - Rural Crash,Halifax,No,01-01-02,2011-09-06,Bicyclist Left Turn / Merge,10,Intersection,01-09-01,0001-01-01T05:05:58-04:56,Bicyclist Left Turn - Same Direction,111221,2011,C: Possible Injury,"Farms, Woods, Pastures",50-59,54,No,21-25 mph,O: No Injury,Black,Female,Passenger Car,No,No,Daylight,Rural (<30% Developed),2 lanes,2,Straight - Level,NC Route,Dry,"Two-Way, Not Divided",None,No Special Feature,Smooth Asphalt,Coastal,Rural,30 - 35  MPH,Stop Sign,Cloudy,No,"36.13284, -77.4292"
589,590,No,25-29,27,No,With Traffic,C: Possible Injury,Sidewalk / Crosswalk / Driveway Crossing,White,Male,Wilmington,New Hanover,No,01-01-05,2011-08-19,Motorist Failed to Yield - Midblock,17,Non-Intersection,01-08-01,0001-01-01T12:25:58-04:56,Motorist Drive Out - Commercial Driveway / Alley,331322,2011,C: Possible Injury,Commercial,30-39,35,No,6-10 mph,O: No Injury,White,Female,Passenger Car,No,No,Daylight,Urban (>70% Developed),2 lanes,2,Straight - Level,Public Vehicular Area,Dry,"Two-Way, Not Divided",None,"Driveway, Public",Smooth Asphalt,Coastal,Urban,30 - 35  MPH,No Control Present,Clear,No,"34.24074, -77.901"
590,591,Yes,60-69,61,No,With Traffic,B: Evident Injury,Travel Lane,White,Male,None - Rural Crash,Moore,No,01-01-03,2011-09-07,Motorist Overtaking Bicyclist,9,Non-Intersection,01-09-01,0001-01-01T04:19:58-04:56,Motorist Overtaking - Undetected Bicyclist,311231,2011,B: Evident Injury,"Farms, Woods, Pastures",40-49,45,No,41-45 mph,O: No Injury,White,Female,Passenger Car,No,No,Daylight,Rural (<30% Developed),2 lanes,2,Straight - Level,State Secondary Route,Dry,"Two-Way, Not Divided",None,No Special Feature,Smooth Asphalt,Piedmont,Rural,40 - 45  MPH,"Double Yellow Line, No Passing Zone",Clear,No,"35.27206, -79.5692"
596,597,Yes,50-59,55,No,With Traffic,B: Evident Injury,Travel Lane,White,Male,Stanfield,Stanly,No,,2011-08-29,Motorist Overtaking Bicyclist,18,Non-Intersection,01-08-01,0001-01-01T13:51:58-04:56,Motorist Overtaking - Misjudged Space,311232,2011,B: Evident Injury,Residential,0-19,19,No,41-45 mph,O: No Injury,White,Male,Pickup,No,No,Daylight,Mixed (30% To 70% Developed),2 lanes,3,Straight - Level,NC Route,Dry,"Two-Way, Not Divided",None,No Special Feature,Smooth Asphalt,Piedmont,Rural,40 - 45  MPH,No Control Present,Cloudy,No,"35.24518, -80.4248"