FID,OBJECTID,AmbulanceR,BikeAge_Gr,Bike_Age,Bike_Alc_D,Bike_Dir,Bike_Injur,Bike_Pos,Bike_Race,Bike_Sex,City,County,CrashAlcoh,CrashDay,Crash_Date,Crash_Grp,Crash_Hour,Crash_Loc,Crash_Mont,Crash_Time,Crash_Type,Crash_Ty_1,Crash_Year,Crsh_Sevri,Developmen,DrvrAge_Gr,Drvr_Age,Drvr_Alc_D,Drvr_EstSp,Drvr_Injur,Drvr_Race,Drvr_Sex,Drvr_VehTy,ExcsSpdInd,Hit_Run,Light_Cond,Locality,Num_Lanes,Num_Units,Rd_Charact,Rd_Class,Rd_Conditi,Rd_Config,Rd_Defects,Rd_Feature,Rd_Surface,Region,Rural_Urba,Speed_Limi,Traff_Cntr,Weather,Workzone_I,Location
601,602,Yes,50-59,57,No,With Traffic,B: Evident Injury,Travel Lane,Other,Male,Charlotte,Mecklenburg,No,01-01-05,2011-09-02,Bicyclist Failed to Yield - Sign-Controlled Intersection,19,Intersection,01-09-01,0001-01-01T14:12:58-04:56,Bicyclist Ride Through - Sign-Controlled Intersection,111144,2011,B: Evident Injury,Commercial,50-59,52,No,36-40 mph,O: No Injury,Black,Male,Van,No,No,Daylight,Mixed (30% To 70% Developed),4 lanes,2,Straight - Level,Local Street,Dry,"Two-Way, Not Divided",None,No Special Feature,Smooth Asphalt,Piedmont,Urban,40 - 45  MPH,Stop Sign,Cloudy,No,"35.26327, -80.8544"
604,605,No,50-59,59,No,With Traffic,C: Possible Injury,Bike Lane / Paved Shoulder,White,Male,None - Rural Crash,Randolph,No,,2011-09-05,Parallel Paths - Other Circumstances,12,Non-Intersection,01-09-01,0001-01-01T07:33:58-04:56,Parallel Paths - Other /,321280,2011,C: Possible Injury,"Farms, Woods, Pastures",,,No,51-55 mph,Injury,/Missing,,Pickup,No,Yes,Daylight,Mixed (30% To 70% Developed),2 lanes,2,Straight - Level,State Secondary Route,Dry,"Two-Way, Not Divided",None,No Special Feature,Coarse Asphalt,Piedmont,Rural,50 - 55  MPH,"Double Yellow Line, No Passing Zone",Clear,No,"35.86706, -79.5692"
605,606,Yes,40-49,43,No,Facing Traffic,C: Possible Injury,Sidewalk / Crosswalk / Driveway Crossing,Black,Male,Wilmington,New Hanover,No,01-01-05,2011-08-26,Motorist Left Turn / Merge,8,Non-Intersection,01-08-01,0001-01-01T03:31:58-04:56,Motorist Left Turn - Same Direction,332211,2011,C: Possible Injury,Commercial,50-59,59,No,6-10 mph,O: No Injury,White,Female,Pickup,No,No,Daylight,Urban (>70% Developed),,2,Straight - Level,Local Street,Wet,"Two-Way, Divided, Unprotected Median",None,No Special Feature,Smooth Asphalt,Coastal,Urban,30 - 35  MPH,No Control Present,Cloudy,No,"34.23136, -77.8789"
609,610,Yes,15-Nov,14,No,With Traffic,B: Evident Injury,Travel Lane,Black,Male,Reidsville,Rockingham,No,01-01-02,2011-08-09,Bicyclist Failed to Yield - Signalized Intersection,15,Intersection,01-08-01,0001-01-01T10:51:58-04:56,Bicyclist Ride Through - Signalized Intersection,111155,2011,B: Evident Injury,Commercial,50-59,54,No,31-35 mph,O: No Injury,Black,Female,Passenger Car,No,No,Daylight,Urban (>70% Developed),2 lanes,2,Straight - Level,Local Street,Dry,"Two-Way, Not Divided",None,Four-Way Intersection,Smooth Asphalt,Piedmont,Urban,30 - 35  MPH,Stop And Go Signal,Clear,No,"36.35851, -79.6767"
612,613,Yes,60-69,65,Yes,Not Applicable,K: Killed,Driveway / Alley,White,Male,None - Rural Crash,Hertford,Yes,01-01-03,2011-09-07,Bicyclist Failed to Yield - Midblock,17,Non-Intersection,01-09-01,0001-01-01T12:23:58-04:56,Bicyclist Ride Out - Residential Driveway,353311,2011,K: Killed,Residential,40-49,44,No,41-45 mph,O: No Injury,White,Male,Passenger Car,No,No,Daylight,Rural (<30% Developed),2 lanes,2,Straight - Level,US Route,Wet,"Two-Way, Not Divided",None,"Driveway, Private",Coarse Asphalt,Coastal,Rural,40 - 45  MPH,"Double Yellow Line, No Passing Zone",Cloudy,No,"36.43953, -77.1272"
618,619,Yes,40-49,45,Yes,With Traffic,B: Evident Injury,Travel Lane,White,Male,Carolina Beach,New Hanover,Yes,,2011-08-22,Bicyclist Left Turn / Merge,17,Intersection-Related,01-08-01,0001-01-01T12:37:58-04:56,Bicyclist Left Turn - Same Direction,211221,2011,B: Evident Injury,Commercial,40-49,44,No,16-20 mph,O: No Injury,White,Male,Passenger Car,No,No,Daylight,Urban (>70% Developed),2 lanes,2,Straight - Level,Local Street,Wet,"Two-Way, Not Divided",None,Four-Way Intersection,Smooth Asphalt,Coastal,Urban,20 - 25  MPH,Stop Sign,Rain,No,"34.02724, -77.8954"
623,624,No,40-49,48,No,With Traffic,O: No Injury,Travel Lane,Hispanic,Male,None - Rural Crash,New Hanover,No,01-01-05,2011-09-16,Motorist Overtaking Bicyclist,17,Non-Intersection,01-09-01,0001-01-01T12:52:58-04:56,Motorist Overtaking - Misjudged Space,311232,2011,O: No Injury,Commercial,50-59,55,No,41-45 mph,O: No Injury,White,Female,Passenger Car,No,No,Daylight,Urban (>70% Developed),4 lanes,2,Straight - Level,US Route,Dry,"Two-Way, Divided, Unprotected Median",None,No Special Feature,Smooth Asphalt,Coastal,Rural,50 - 55  MPH,No Control Present,Clear,No,"34.10539, -77.8998"
630,631,Yes,50-59,51,No,With Traffic,B: Evident Injury,Sidewalk / Crosswalk / Driveway Crossing,White,Male,Wilmington,New Hanover,No,01-01-03,2011-09-07,Motorist Failed to Yield - Midblock,18,Non-Intersection,01-09-01,0001-01-01T13:57:58-04:56,Motorist Drive Out - Other Midblock,331328,2011,B: Evident Injury,Residential,60-69,67,No,0-5 mph,O: No Injury,White,Female,Passenger Car,No,No,Daylight,Urban (>70% Developed),2 lanes,2,Straight - Level,Local Street,Dry,"Two-Way, Divided, Unprotected Median",,No Special Feature,Coarse Asphalt,Coastal,Urban,20 - 25  MPH,No Control Present,Clear,No,"34.19452, -77.88"
640,641,Yes,50-59,57,No,Facing Traffic,B: Evident Injury,Travel Lane,Hispanic,Male,Raleigh,Wake,No,01-01-02,2011-09-20,Crossing Paths - Other Circumstances,13,Intersection,01-09-01,0001-01-01T08:22:58-04:56,Signalized Intersection - Other /,112158,2011,B: Evident Injury,Commercial,40-49,46,No,16-20 mph,O: No Injury,White,Male,Sport Utility,No,No,Daylight,Urban (>70% Developed),6 lanes,2,Straight - Level,Local Street,Dry,"Two-Way, Divided, Unprotected Median",None,On or Off Ramp,Smooth Asphalt,Piedmont,Urban,40 - 45  MPH,Stop And Go Signal,Cloudy,No,"35.75152, -78.6483"
644,645,Yes,20-24,21,No,With Traffic,C: Possible Injury,Travel Lane,White,Male,Boone,Watauga,No,,2011-09-12,Bicyclist Left Turn / Merge,9,Non-Intersection,01-09-01,0001-01-01T04:46:58-04:56,Bicyclist Left Turn - Same Direction,311221,2011,C: Possible Injury,Commercial,20-24,20,No,41-45 mph,O: No Injury,White,Male,Passenger Car,No,No,Daylight,Urban (>70% Developed),4 lanes,2,Straight - Grade,US Route,Dry,"Two-Way, Not Divided",None,No Special Feature,Smooth Asphalt,Mountains,Urban,40 - 45  MPH,"Double Yellow Line, No Passing Zone",Clear,No,"36.18722, -81.6528"
648,649,Yes,25-29,28,No,With Traffic,B: Evident Injury,Travel Lane,White,Female,Chapel Hill,Orange,No,01-01-02,2011-09-20,Motorist Left Turn / Merge,22,Intersection,01-09-01,0001-01-01T17:54:58-04:56,Motorist Left Turn - Opposite Direction,111212,2011,B: Evident Injury,Commercial,0-19,19,No,0-5 mph,O: No Injury,White,Male,Passenger Car,No,No,Dark - Lighted Roadway,Urban (>70% Developed),4 lanes,2,Straight - Level,Local Street,Dry,"Two-Way, Not Divided",None,No Special Feature,Smooth Asphalt,Piedmont,Urban,20 - 25  MPH,No Control Present,Clear,No,"35.91121, -79.0605"
664,665,Yes,40-49,48,No,With Traffic,B: Evident Injury,Sidewalk / Crosswalk / Driveway Crossing,Hispanic,Female,Charlotte,Mecklenburg,No,01-01-04,2011-09-22,Motorist Failed to Yield - Signalized Intersection,19,Intersection,01-09-01,0001-01-01T14:05:58-04:56,Motorist Drive Out - Right Turn on Red,131151,2011,B: Evident Injury,Commercial,25-29,28,No,0-5 mph,O: No Injury,Black,Female,Passenger Car,No,No,Daylight,Urban (>70% Developed),5 lanes,2,Straight - Level,Local Street,Dry,"Two-Way, Divided, Unprotected Median",None,T-Intersection,Smooth Asphalt,Piedmont,Urban,30 - 35  MPH,Stop And Go Signal,Clear,No,"35.22437, -80.8911"
686,687,Yes,25-29,25,No,Not Applicable,B: Evident Injury,Non-Roadway,Hispanic,Male,Durham,Durham,No,01-01-05,2011-10-07,Non-Roadway,8,Non-Roadway,01-10-01,0001-01-01T04:02:58-04:56,Non-Roadway,460910,2011,B: Evident Injury,Commercial,40-49,41,No,0-5 mph,O: No Injury,White,Male,Pickup,No,No,Daylight,Urban (>70% Developed),1 lane,2,Straight - Level,Public Vehicular Area,Dry,"Two-Way, Not Divided",None,No Special Feature,Smooth Asphalt,Piedmont,Urban,5 - 15 MPH,No Control Present,Clear,No,"35.92397, -78.927"
692,693,Yes,15-Nov,15,No,With Traffic,B: Evident Injury,Travel Lane,White,Male,None - Rural Crash,Gaston,No,01-01-06,2011-09-24,Bicyclist Left Turn / Merge,10,Non-Intersection,01-09-01,0001-01-01T05:20:58-04:56,Bicyclist Left Turn - Same Direction,311221,2011,B: Evident Injury,"Farms, Woods, Pastures",50-59,52,No,41-45 mph,B: Evident Injury,White,Male,Motorcycle,No,No,Daylight,Rural (<30% Developed),2 lanes,2,Straight - Hillcrest,State Secondary Route,Dry,"Two-Way, Not Divided",None,No Special Feature,Smooth Asphalt,Piedmont,Rural,40 - 45  MPH,"Double Yellow Line, No Passing Zone",Clear,No,"35.37729, -81.0909"
697,698,No,20-24,22,No,Not Applicable,O: No Injury,Non-Roadway,White,Female,Greenville,Pitt,No,01-01-03,2011-09-21,Non-Roadway,10,Non-Roadway,01-09-01,0001-01-01T05:06:58-04:56,Non-Roadway,460910,2011,O: No Injury,Institutional,20-24,22,No,0-5 mph,O: No Injury,White,Female,Sport Utility,No,No,Daylight,Urban (>70% Developed),1 lane,2,Straight - Level,Public Vehicular Area,Dry,"One-Way, Not Divided",None,No Special Feature,Smooth Asphalt,Coastal,Urban,,No Control Present,Clear,No,"35.60521, -77.3609"
304,305,No,30-39,36,Yes,With Traffic,C: Possible Injury,Travel Lane,White,Male,Cornelius,Mecklenburg,Yes,01-01-02,2012-05-15,Loss of Control / Turning Error,16,Non-Intersection,01-05-01,0001-01-01T11:03:58-04:56,Bicyclist Lost Control - Other /,,2012,C: Possible Injury,Residential,,,Missing,,Injury,/Missing,,Passenger Car,No,No,Daylight,Urban (>70% Developed),2 lanes,2,Straight - Level,Local Street,Dry,"Two-Way, Not Divided",None,No Special Feature,Smooth Asphalt,Piedmont,Urban,20 - 25  MPH,No Control Present,Clear,No,"35.48853, -80.8668"
306,307,Yes,16-19,19,No,Facing Traffic,B: Evident Injury,Sidewalk / Crosswalk / Driveway Crossing,White,Female,Winston-Salem,Forsyth,No,01-01-06,2012-05-12,Motorist Failed to Yield - Sign-Controlled Intersection,10,Intersection,01-05-01,0001-01-01T05:06:58-04:56,Motorist Drive Out - Sign-Controlled Intersection,,2012,B: Evident Injury,Residential,20-24,23,No,6-10 mph,O: No Injury,White,Female,Sport Utility,No,No,Daylight,Urban (>70% Developed),2 lanes,2,Straight - Grade,Local Street,Dry,"Two-Way, Not Divided",None,Four-Way Intersection,Smooth Asphalt,Piedmont,Urban,30 - 35  MPH,Stop Sign,Cloudy,No,"36.08654, -80.2649"
795,796,Yes,10-Jun,9,No,Not Applicable,C: Possible Injury,Non-Roadway,Black,Male,Charlotte,Mecklenburg,No,01-01-04,2009-07-02,Non-Roadway,19,Non-Roadway,01-07-01,0001-01-01T14:42:58-04:56,Non-Roadway,460910,2009,C: Possible Injury,Residential,30-39,32,No,0-5 mph,O: No Injury,Black,Female,Passenger Car,No,No,Daylight,Urban (>70% Developed),1 lane,2,Straight - Level,Public Vehicular Area,Dry,"Two-Way, Not Divided",None,No Special Feature,Smooth Asphalt,Piedmont,Urban,5 - 15 MPH,No Control Present,Clear,No,"35.19995, -80.73841"
796,797,No,10-Jun,6,No,With Traffic,C: Possible Injury,Travel Lane,Black,Male,Charlotte,Mecklenburg,No,01-01-04,2009-07-09,Motorist Overtaking Bicyclist,17,Non-Intersection,01-07-01,0001-01-01T12:46:58-04:56,Motorist Overtaking - Other /,311239,2009,C: Possible Injury,Residential,0-19,18,No,21-25 mph,O: No Injury,Asian,Male,Sport Utility,No,Yes,Daylight,Urban (>70% Developed),2 lanes,2,Straight - Level,Local Street,Wet,"Two-Way, Not Divided",None,No Special Feature,Smooth Asphalt,Piedmont,Urban,20 - 25  MPH,No Control Present,Cloudy,No,"35.240658, -80.75871"
799,800,No,25-29,26,No,With Traffic,A: Disabling Injury,Travel Lane,White,Male,Charlotte,Mecklenburg,Yes,01-01-02,2009-05-26,Other /  - Insufficient Details,0,Intersection,01-05-01,0000-12-31T19:47:58-04:56,Approach Paths,111970,2009,A: Disabling Injury,Commercial,20-24,22,Yes,26-30 mph,O: No Injury,White,Female,Sport Utility,No,No,Dark - Lighted Roadway,Urban (>70% Developed),4 lanes,2,Straight - Level,Local Street,Dry,"Two-Way, Not Divided",None,Four-Way Intersection,Other,Piedmont,Urban,30 - 35  MPH,Stop And Go Signal,Clear,No,"35.223717, -80.83909"
800,801,Yes,,,No,,C: Possible Injury,,Black,Male,Charlotte,Mecklenburg,No,01-01-04,2009-05-14,Other /  - Insufficient Details,19,Intersection,01-05-01,0001-01-01T14:54:58-04:56,Approach Paths,199970,2009,C: Possible Injury,Commercial,40-49,44,No,0-5 mph,O: No Injury,Black,Male,Passenger Car,No,No,Daylight,Urban (>70% Developed),4 lanes,2,Straight - Level,Local Street,Dry,"Two-Way, Divided, Positive Median Barrier",None,No Special Feature,Concrete,Piedmont,Urban,5 - 15 MPH,Stop And Go Signal,Clear,No,"35.216057, -80.88382"
805,806,No,16-19,16,No,With Traffic,C: Possible Injury,Sidewalk / Crosswalk / Driveway Crossing,White,Male,Charlotte,Mecklenburg,No,01-01-07,2009-03-29,Motorist Left Turn / Merge,16,Non-Intersection,01-03-01,0001-01-01T11:47:58-04:56,Motorist Left Turn - Opposite Direction,331212,2009,C: Possible Injury,Commercial,40-49,44,No,31-35 mph,O: No Injury,Black,Female,Passenger Car,No,Yes,Daylight,Urban (>70% Developed),4 lanes,2,Straight - Level,Local Street,Dry,"Two-Way, Divided, Unprotected Median",None,No Special Feature,Smooth Asphalt,Piedmont,Urban,40 - 45  MPH,No Control Present,Clear,No,"35.21068, -80.90493"
810,811,No,50-59,51,No,Facing Traffic,C: Possible Injury,Travel Lane,White,Male,Charlotte,Mecklenburg,No,01-01-02,2009-01-13,Motorist Failed to Yield - Sign-Controlled Intersection,18,Intersection,,0001-01-01T13:50:58-04:56,Motorist Drive Out - Sign-Controlled Intersection,112141,2009,C: Possible Injury,Residential,20-24,22,No,0-5 mph,O: No Injury,Black,Female,Passenger Car,No,No,Dark - Roadway Not Lighted,Urban (>70% Developed),2 lanes,2,Straight - Level,Local Street,Dry,"Two-Way, Divided, Positive Median Barrier",None,T-Intersection,Smooth Asphalt,Piedmont,Urban,20 - 25  MPH,Stop Sign,Clear,No0,"35.15677, -80.92221"
4,5,No,60-69,61,No,With Traffic,C: Possible Injury,Travel Lane,White,Male,None - Rural Crash,Cumberland,No,01-01-05,2010-01-15,Motorist Overtaking Bicyclist,18,Non-Intersection,,0001-01-01T13:58:58-04:56,Motorist Overtaking - Bicyclist Swerved,0,2010,C: Possible Injury,"Farms, Woods, Pastures",40-49,44,No,51-55 mph,O: No Injury,White,Male,Pickup,No,No,Dark - Roadway Not Lighted,Mixed (30% To 70% Developed),2 lanes,2,Straight - Level,NC Route,Dry,"Two-Way, Not Divided",None,No Special Feature,Coarse Asphalt,Coastal,Rural,50 - 55  MPH,"Double Yellow Line, No Passing Zone",Clear,No,"35.01903, -78.71812"
11,12,Yes,40-49,47,No,With Traffic,C: Possible Injury,Bike Lane / Paved Shoulder,Black,Male,None - Rural Crash,Martin,No,01-01-04,2010-01-28,Motorist Overtaking Bicyclist,18,Non-Intersection,,0001-01-01T13:43:58-04:56,Motorist Overtaking - Misjudged Space,0,2010,C: Possible Injury,"Farms, Woods, Pastures",20-24,23,No,51-55 mph,O: No Injury,White,Male,Pickup,No,No,Dark - Roadway Not Lighted,Rural (<30% Developed),2 lanes,2,Straight - Level,NC Route,Dry,"Two-Way, Not Divided",None,No Special Feature,Coarse Asphalt,Coastal,Rural,50 - 55  MPH,No Control Present,Clear,No,"35.850315, -77.248055"
12,13,No,40-49,47,No,With Traffic,C: Possible Injury,Travel Lane,White,Male,None - Rural Crash,Pasquotank,No,01-01-07,2010-01-10,Motorist Failed to Yield - Midblock,16,Non-Intersection,,0001-01-01T11:13:58-04:56,Motorist Drive Out - Other Midblock,0,2010,C: Possible Injury,"Farms, Woods, Pastures",30-39,30,No,11-15 mph,O: No Injury,Black,Male,Passenger Car,No,No,Daylight,Rural (<30% Developed),2 lanes,2,Straight - Level,State Secondary Route,Dry,"Two-Way, Not Divided",None,"Driveway, Public",Smooth Asphalt,Coastal,Rural,50 - 55  MPH,"Double Yellow Line, No Passing Zone",Clear,No,"36.364285, -76.29191"
13,14,No,30-39,34,Yes,With Traffic,Injury,Travel Lane,Black,Male,None - Rural Crash,Edgecombe,Yes,01-01-02,2010-01-26,Bicyclist Left Turn / Merge,20,Non-Intersection,,0001-01-01T15:42:58-04:56,Bicyclist Left Turn - Same Direction,0,2010,O: No Injury,"Farms, Woods, Pastures",40-49,42,No,51-55 mph,O: No Injury,Black,Male,Passenger Car,No,No,Dark - Roadway Not Lighted,Rural (<30% Developed),2 lanes,2,Straight - Level,NC Route,Dry,"Two-Way, Not Divided",None,No Special Feature,Coarse Asphalt,Coastal,Rural,50 - 55  MPH,No Control Present,Clear,No,"35.831352, -77.41647"
15,16,Yes,20-24,22,No,With Traffic,C: Possible Injury,Travel Lane,White,Female,Spring Lake,Cumberland,No,01-01-04,2010-02-04,Bicyclist Left Turn / Merge,16,Non-Intersection,01-02-01,0001-01-01T11:52:58-04:56,Bicyclist Left Turn - Same Direction,0,2010,C: Possible Injury,Residential,40-49,42,No,31-35 mph,O: No Injury,Black,Female,Passenger Car,No,No,Dusk,Mixed (30% To 70% Developed),2 lanes,2,Straight - Hillcrest,State Secondary Route,Dry,"Two-Way, Not Divided",None,No Special Feature,Coarse Asphalt,Coastal,Urban,40 - 45  MPH,"Double Yellow Line, No Passing Zone",Clear,No,"35.183395, -78.977875"
21,22,No,15-Nov,14,No,With Traffic,O: No Injury,Sidewalk / Crosswalk / Driveway Crossing,White,Male,Cary,Wake,No,01-01-06,2010-02-06,Motorist Left Turn / Merge,22,Intersection,01-02-01,0001-01-01T17:47:58-04:56,Motorist Left Turn - Opposite Direction,0,2010,O: No Injury,Commercial,25-29,25,No,11-15 mph,O: No Injury,White,Male,Sport Utility,No,No,Dark - Lighted Roadway,Urban (>70% Developed),2 lanes,2,Straight - Grade,Public Vehicular Area,Dry,"Two-Way, Not Divided",Other,"Driveway, Public",Smooth Asphalt,Piedmont,Urban,5 - 15 MPH,No Control Present,Clear,No,"35.786266, -78.81007"
24,25,Yes,40-49,49,No,With Traffic,C: Possible Injury,Travel Lane,Black,Male,Wilmington,New Hanover,No,01-01-07,2010-01-17,Motorist Failed to Yield - Signalized Intersection,17,Intersection,,0001-01-01T12:53:58-04:56,Motorist Drive Out - Signalized Intersection,0,2010,C: Possible Injury,Commercial,20-24,20,No,0-5 mph,O: No Injury,White,Male,Passenger Car,No,No,Dark - Roadway Not Lighted,Urban (>70% Developed),6 lanes,2,Straight - Level,Local Street,Wet,"Two-Way, Not Divided",None,Four-Way Intersection,Smooth Asphalt,Coastal,Urban,30 - 35  MPH,Stop And Go Signal,Rain,No,"34.229527, -77.9047"
26,27,Yes,30-39,31,No,With Traffic,C: Possible Injury,Travel Lane,White,Male,Chapel Hill,Orange,No,01-01-04,2010-01-21,Motorist Right Turn / Merge,18,Non-Intersection,,0001-01-01T13:03:58-04:56,Motorist Right Turn - Same Direction,0,2010,C: Possible Injury,Residential,,,Missing,,Injury,/Missing,,,No,Yes,Dark - Lighted Roadway,Urban (>70% Developed),4 lanes,2,Straight - Grade,Local Street,Wet,"Two-Way, Not Divided",None,No Special Feature,Smooth Asphalt,Piedmont,Urban,30 - 35  MPH,No Control Present,Rain,No,"35.91675, -79.043335"
34,35,Yes,20-24,21,No,With Traffic,C: Possible Injury,Travel Lane,Hispanic,Male,Charlotte,Mecklenburg,No,,2010-01-25,Motorist Failed to Yield - Sign-Controlled Intersection,16,Intersection,,0001-01-01T11:53:58-04:56,Motorist Drive Out - Sign-Controlled Intersection,0,2010,C: Possible Injury,Commercial,,,Missing,6-10 mph,Injury,/Missing,,,No,Yes,Daylight,Urban (>70% Developed),4 lanes,2,Straight - Level,Local Street,Dry,"Two-Way, Divided, Unprotected Median",None,No Special Feature,Smooth Asphalt,Piedmont,Urban,30 - 35  MPH,Stop Sign,Clear,No,"35.250675, -80.79072"
37,38,Yes,20-24,20,No,Facing Traffic,B: Evident Injury,Travel Lane,Black,Male,Rocky Mount,Nash,No,01-01-02,2010-01-12,Motorist Left Turn / Merge,18,Non-Intersection,,0001-01-01T13:04:58-04:56,Motorist Left Turn - Same Direction,0,2010,B: Evident Injury,Residential,70,,No,26-30 mph,O: No Injury,Black,Male,Passenger Car,No,No,Dark - Roadway Not Lighted,Urban (>70% Developed),2 lanes,2,Straight - Level,Local Street,Dry,"Two-Way, Not Divided",None,No Special Feature,Smooth Asphalt,Coastal,Urban,30 - 35  MPH,No Control Present,Clear,No,"35.930485, -77.78356"
38,39,Yes,50-59,53,Yes,With Traffic,B: Evident Injury,Travel Lane,Black,Male,Greensboro,Guilford,Yes,01-01-03,2010-02-03,Bicyclist Left Turn / Merge,14,Non-Intersection,01-02-01,0001-01-01T09:16:58-04:56,Bicyclist Left Turn - Same Direction,0,2010,B: Evident Injury,Residential,30-39,31,No,36-40 mph,O: No Injury,Black,Female,Passenger Car,No,No,Daylight,Urban (>70% Developed),6 lanes,2,Straight - Level,Local Street,Wet,"Two-Way, Divided, Positive Median Barrier",None,No Special Feature,Smooth Asphalt,Piedmont,Urban,30 - 35  MPH,No Control Present,Clear,No,"36.0504, -79.79807"
51,52,Yes,40-49,42,Yes,With Traffic,C: Possible Injury,Bike Lane / Paved Shoulder,Native American,Male,None - Rural Crash,Robeson,Yes,01-01-03,2010-02-24,Bicyclist Left Turn / Merge,6,Non-Intersection,01-02-01,0001-01-01T01:58:58-04:56,Bicyclist Left Turn - Same Direction,0,2010,C: Possible Injury,"Farms, Woods, Pastures",40-49,40,No,51-55 mph,C: Possible Injury,Native American,Male,Pickup,No,No,Dark - Roadway Not Lighted,Rural (<30% Developed),2 lanes,2,Straight - Level,NC Route,Wet,"Two-Way, Not Divided",None,No Special Feature,Smooth Asphalt,Coastal,Rural,50 - 55  MPH,"Double Yellow Line, No Passing Zone",Cloudy,No,"34.67417, -79.18547"
56,57,Yes,16-19,17,No,With Traffic,B: Evident Injury,Travel Lane,White,Male,None - Rural Crash,Davidson,No,01-01-04,2010-02-18,Bicyclist Left Turn / Merge,8,Non-Intersection,01-02-01,0001-01-01T03:52:58-04:56,Bicyclist Left Turn - Same Direction,0,2010,B: Evident Injury,Residential,40-49,42,No,51-55 mph,O: No Injury,White,Male,Pickup,No,No,Daylight,Rural (<30% Developed),2 lanes,2,Straight - Level,NC Route,Dry,"Two-Way, Not Divided",None,No Special Feature,Smooth Asphalt,Piedmont,Rural,50 - 55  MPH,"Double Yellow Line, No Passing Zone",Clear,No,"35.649864, -80.205605"
58,59,No,50-59,53,No,With Traffic,B: Evident Injury,Travel Lane,White,Male,Charlotte,Mecklenburg,No,01-01-06,2010-02-20,Motorist Overtaking Bicyclist,17,Non-Intersection,01-02-01,0001-01-01T12:23:58-04:56,Motorist Overtaking - Undetected Bicyclist,0,2010,B: Evident Injury,Residential,70,,No,31-35 mph,O: No Injury,White,Male,Passenger Car,No,No,Daylight,Urban (>70% Developed),3 lanes,2,Straight - Level,Local Street,Dry,"Two-Way, Not Divided",None,No Special Feature,Smooth Asphalt,Piedmont,Urban,30 - 35  MPH,No Control Present,Clear,No,"35.111164, -80.79208"
60,61,No,10-Jun,10,No,Not Applicable,B: Evident Injury,Travel Lane,Asian,Male,Charlotte,Mecklenburg,No,01-01-07,2010-02-21,Crossing Paths - Other Circumstances,14,Intersection,01-02-01,0001-01-01T09:44:58-04:56,Crossing Paths - Uncontrolled Intersection,0,2010,B: Evident Injury,Residential,60-69,63,No,16-20 mph,O: No Injury,White,Male,Passenger Car,No,No,Daylight,Urban (>70% Developed),2 lanes,2,Straight - Level,Local Street,Dry,"Two-Way, Not Divided",None,"Driveway, Private",Smooth Asphalt,Piedmont,Urban,30 - 35  MPH,No Control Present,Clear,No,"35.214188, -80.79397"
66,67,Yes,15-Nov,11,No,With Traffic,B: Evident Injury,Bike Lane / Paved Shoulder,White,Male,Cary,Wake,No,01-01-03,2010-03-17,Motorist Overtaking Bicyclist,17,Non-Intersection,01-03-01,0001-01-01T12:13:58-04:56,Motorist Overtaking - Bicyclist Swerved,0,2010,B: Evident Injury,Residential,30-39,36,No,6-10 mph,O: No Injury,Asian,Male,Sport Utility,No,No,Daylight,Urban (>70% Developed),2 lanes,2,Straight - Level,Local Street,Dry,"Two-Way, Not Divided",None,No Special Feature,Smooth Asphalt,Piedmont,Urban,20 - 25  MPH,No Control Present,Cloudy,No,"35.807526, -78.86056"
71,72,Yes,60-69,64,No,,K: Killed,Travel Lane,Black,Male,Charlotte,Mecklenburg,No,,2010-02-08,Bicyclist Failed to Yield - Midblock,14,Non-Intersection,01-02-01,0001-01-01T09:51:58-04:56,Bicyclist Ride Out - Other Midblock,0,2010,K: Killed,Commercial,40-49,44,No,56-60 mph,O: No Injury,Hispanic,Male,Passenger Car,No,No,Daylight,Urban (>70% Developed),8 lanes,2,Straight - Level,US Route,Dry,"Two-Way, Divided, Positive Median Barrier",None,No Special Feature,Coarse Asphalt,Piedmont,Urban,50 - 55  MPH,No Control Present,Clear,No,"35.210632, -80.80127"
82,83,No,40-49,46,No,With Traffic,O: No Injury,Travel Lane,White,Male,Thomasville,Davidson,No,01-01-06,2010-03-06,Motorist Left Turn / Merge,15,Intersection,01-03-01,0001-01-01T10:18:58-04:56,Motorist Left Turn - Opposite Direction,0,2010,O: No Injury,Commercial,70,,No,,O: No Injury,Black,Male,Passenger Car,No,No,Daylight,Mixed (30% To 70% Developed),4 lanes,2,Straight - Level,Local Street,Dry,"Two-Way, Not Divided",None,Four-Way Intersection,Smooth Asphalt,Piedmont,Urban,,Stop And Go Signal,Clear,No,"35.881283, -80.09931"
92,93,Yes,30-39,35,No,With Traffic,K: Killed,Travel Lane,White,Male,Concord,Cabarrus,No,01-01-03,2010-03-17,Motorist Overtaking Bicyclist,7,Non-Intersection,01-03-01,0001-01-01T02:33:58-04:56,Motorist Overtaking - Misjudged Space,0,2010,K: Killed,Commercial,20-24,24,No,51-55 mph,O: No Injury,White,Female,Passenger Car,No,No,Daylight,Urban (>70% Developed),2 lanes,2,Straight - Level,NC Route,Dry,"Two-Way, Divided, Positive Median Barrier",None,No Special Feature,Coarse Asphalt,Piedmont,Urban,50 - 55  MPH,No Control Present,Clear,No,"35.373264, -80.55152"