FID,OBJECTID,AmbulanceR,BikeAge_Gr,Bike_Age,Bike_Alc_D,Bike_Dir,Bike_Injur,Bike_Pos,Bike_Race,Bike_Sex,City,County,CrashAlcoh,CrashDay,Crash_Date,Crash_Grp,Crash_Hour,Crash_Loc,Crash_Mont,Crash_Time,Crash_Type,Crash_Ty_1,Crash_Year,Crsh_Sevri,Developmen,DrvrAge_Gr,Drvr_Age,Drvr_Alc_D,Drvr_EstSp,Drvr_Injur,Drvr_Race,Drvr_Sex,Drvr_VehTy,ExcsSpdInd,Hit_Run,Light_Cond,Locality,Num_Lanes,Num_Units,Rd_Charact,Rd_Class,Rd_Conditi,Rd_Config,Rd_Defects,Rd_Feature,Rd_Surface,Region,Rural_Urba,Speed_Limi,Traff_Cntr,Weather,Workzone_I,Location
154,155,Yes,25-29,26,No,Not Applicable,C: Possible Injury,Non-Roadway,White,Male,None - Rural Crash,Pender,No,01-01-05,2009-05-08,Bicyclist Failed to Yield - Midblock,15,Non-Intersection,01-05-01,0001-01-01T10:33:58-04:56,Bicyclist Ride Out - Commercial Driveway / Alley,363312,2009,C: Possible Injury,Commercial,20-24,20,No,41-45 mph,O: No Injury,White,Male,Pickup,No,No,Daylight,Urban (>70% Developed),5 lanes,2,Straight - Level,US Route,Dry,"Two-Way, Not Divided",None,"Driveway, Public",Coarse Asphalt,Coastal,Rural,40 - 45  MPH,No Control Present,Clear,No,"34.390038, -77.68332"
158,159,Yes,15-Nov,12,No,With Traffic,B: Evident Injury,Sidewalk / Crosswalk / Driveway Crossing,Black,Male,Cary,Wake,No,01-01-02,2009-05-12,Motorist Right Turn / Merge,15,Intersection,01-05-01,0001-01-01T10:33:58-04:56,Motorist Right Turn - Same Direction,131213,2009,B: Evident Injury,Residential,70,,No,0-5 mph,O: No Injury,White,Female,Passenger Car,No,No,Daylight,Urban (>70% Developed),2 lanes,2,Straight - Grade,Local Street,Dry,"Two-Way, Not Divided",None,T-Intersection,Smooth Asphalt,Piedmont,Urban,20 - 25  MPH,Stop And Go Signal,Clear,No,"35.771008, -78.82089"
159,160,Yes,30-39,31,No,With Traffic,C: Possible Injury,Travel Lane,White,Female,Durham,Durham,No,01-01-03,2009-05-13,Motorist Failed to Yield - Sign-Controlled Intersection,12,Intersection,01-05-01,0001-01-01T07:11:58-04:56,Motorist Drive Out - Sign-Controlled Intersection,111141,2009,C: Possible Injury,Commercial,25-29,27,No,0-5 mph,O: No Injury,White,Male,Pickup,No,No,Daylight,Urban (>70% Developed),4 lanes,2,Straight - Level,Local Street,Dry,"Two-Way, Not Divided",None,Four-Way Intersection,Smooth Asphalt,Piedmont,Urban,30 - 35  MPH,Stop Sign,Clear,No,"35.87327, -78.8459"
163,164,Yes,30-39,35,No,Not Applicable,C: Possible Injury,,White,Male,Mebane,Alamance,No,01-01-05,2009-05-08,Bicyclist Failed to Yield - Midblock,19,Non-Intersection,01-05-01,0001-01-01T14:19:58-04:56,Bicyclist Ride Out - Residential Driveway,393311,2009,C: Possible Injury,Commercial,30-39,38,No,31-35 mph,O: No Injury,White,Male,Pickup,No,No,Daylight,Urban (>70% Developed),3 lanes,2,Straight - Level,Local Street,Dry,"Two-Way, Not Divided",None,No Special Feature,Smooth Asphalt,Piedmont,Urban,30 - 35  MPH,Stop And Go Signal,Clear,No,"36.0685, -79.270035"
170,171,Yes,40-49,45,No,With Traffic,A: Disabling Injury,Travel Lane,Black,Male,Gibson,Scotland,No,01-01-04,2009-04-30,Bicyclist Failed to Yield - Sign-Controlled Intersection,15,Intersection,01-04-01,0001-01-01T10:19:58-04:56,Bicyclist Ride Through - Sign-Controlled Intersection,111144,2009,A: Disabling Injury,Residential,30-39,30,No,31-35 mph,C: Possible Injury,White,Male,Pickup,No,No,Daylight,Rural (<30% Developed),2 lanes,2,Curve - Level,NC Route,Dry,"Two-Way, Not Divided",None,T-Intersection,Smooth Asphalt,Coastal,Rural,30 - 35  MPH,Stop Sign,Clear,No,"34.758793, -79.61536"
172,173,Yes,30-39,36,No,With Traffic,C: Possible Injury,Travel Lane,White,Female,Charlotte,Mecklenburg,No,01-01-04,2009-04-30,Crossing Paths - Other Circumstances,10,Intersection,01-04-01,0001-01-01T05:20:58-04:56,Signalized Intersection - Other /,111158,2009,C: Possible Injury,Residential,25-29,27,No,6-10 mph,O: No Injury,Asian,Male,Passenger Car,No,No,Daylight,Urban (>70% Developed),4 lanes,2,Straight - Level,Local Street,Dry,"Two-Way, Not Divided",None,Four-Way Intersection,Coarse Asphalt,Piedmont,Urban,30 - 35  MPH,Stop And Go Signal,Cloudy,No,"35.16829, -80.822395"
177,178,Yes,30-39,32,No,With Traffic,B: Evident Injury,Travel Lane,White,Male,Wilmington,New Hanover,No,01-01-03,2009-05-06,Motorist Left Turn / Merge,22,Intersection,01-05-01,0001-01-01T17:32:58-04:56,Motorist Left Turn - Opposite Direction,111212,2009,B: Evident Injury,Commercial,30-39,34,No,31-35 mph,O: No Injury,White,Male,Passenger Car,No,No,Dark - Roadway Not Lighted,Urban (>70% Developed),6 lanes,2,Straight - Level,US Route,Dry,"Two-Way, Not Divided",None,Four-Way Intersection,Coarse Asphalt,Coastal,Urban,40 - 45  MPH,Stop And Go Signal,Clear,No,"34.219433, -77.83266"
189,190,Yes,40-49,41,No,With Traffic,B: Evident Injury,Travel Lane,White,Male,Cary,Wake,No,01-01-04,2009-05-28,Motorist Overtaking Bicyclist,12,Intersection,01-05-01,0001-01-01T07:44:58-04:56,Motorist Overtaking - Bicyclist Swerved,111235,2009,B: Evident Injury,Commercial,20-24,22,No,36-40 mph,O: No Injury,White,Female,Sport Utility,No,No,Daylight,Urban (>70% Developed),4 lanes,2,Straight - Level,Local Street,Dry,"Two-Way, Divided, Unprotected Median",None,No Special Feature,Smooth Asphalt,Piedmont,Urban,40 - 45  MPH,No Control Present,Clear,No,"35.830093, -78.77439"
191,192,Yes,40-49,49,No,With Traffic,B: Evident Injury,Bike Lane / Paved Shoulder,White,Male,None - Rural Crash,Buncombe,No,01-01-04,2009-05-28,Motorist Overtaking Bicyclist,21,Non-Intersection,01-05-01,0001-01-01T16:09:58-04:56,Motorist Overtaking - Other /,321239,2009,B: Evident Injury,"Farms, Woods, Pastures",25-29,28,No,36-40 mph,O: No Injury,White,Male,Passenger Car,No,No,Dark - Roadway Not Lighted,Rural (<30% Developed),5 lanes,2,Straight - Level,NC Route,Dry,"Two-Way, Not Divided",None,No Special Feature,Smooth Asphalt,Mountains,Rural,50 - 55  MPH,No Control Present,Clear,No,"35.619415, -82.65276"
192,193,No,10-Jun,7,No,Not Applicable,C: Possible Injury,Non-Roadway,Black,Female,Statesville,Iredell,No,,2009-05-18,Bicyclist Failed to Yield - Midblock,19,Non-Intersection,01-05-01,0001-01-01T14:33:58-04:56,Multiple Threat - Midblock,363357,2009,C: Possible Injury,Residential,20-24,20,No,16-20 mph,O: No Injury,Hispanic,Male,Passenger Car,No,No,,Urban (>70% Developed),2 lanes,2,Straight - Level,Local Street,Dry,"Two-Way, Not Divided",None,No Special Feature,Smooth Asphalt,Piedmont,Urban,30 - 35  MPH,No Control Present,Clear,No,"35.768757, -80.88686"
195,196,Yes,10-Jun,10,No,Not Applicable,B: Evident Injury,Driveway / Alley,Black,Male,None - Rural Crash,Cabarrus,No,01-01-06,2009-05-16,Loss of Control / Turning Error,19,Non-Intersection,01-05-01,0001-01-01T14:33:58-04:56,Bicyclist Lost Control - Other /,353129,2009,B: Evident Injury,Residential,20-24,22,No,31-35 mph,O: No Injury,Black,Male,Passenger Car,No,No,Daylight,Mixed (30% To 70% Developed),2 lanes,2,Curve - Grade,State Secondary Route,Dry,"Two-Way, Not Divided",None,No Special Feature,Coarse Asphalt,Piedmont,Rural,30 - 35  MPH,No Control Present,Clear,No,"35.291553, -80.63521"
196,197,No,50-59,54,Yes,With Traffic,C: Possible Injury,Travel Lane,Black,Male,Rocky Mount,Edgecombe,Yes,01-01-05,2009-04-03,Bicyclist Failed to Yield - Sign-Controlled Intersection,14,Intersection,01-04-01,0001-01-01T09:11:58-04:56,Bicyclist Ride Out - Sign-Controlled Intersection,111142,2009,C: Possible Injury,Residential,30-39,35,No,26-30 mph,O: No Injury,Black,Female,Passenger Car,No,No,Daylight,Urban (>70% Developed),4 lanes,2,Straight - Level,Local Street,Dry,"Two-Way, Not Divided",None,No Special Feature,Smooth Asphalt,Coastal,Urban,30 - 35  MPH,Stop Sign,Clear,No,"35.946587, -77.78812"
198,199,Yes,50-59,58,No,Facing Traffic,C: Possible Injury,Non-Roadway,Black,Male,Asheville,Buncombe,No,01-01-07,2009-05-17,Bicyclist Failed to Yield - Midblock,12,Non-Intersection,01-05-01,0001-01-01T07:04:58-04:56,Bicyclist Ride Out - Other Midblock,362318,2009,C: Possible Injury,Commercial,60-69,63,No,6-10 mph,O: No Injury,White,Male,Passenger Car,No,No,Daylight,Urban (>70% Developed),2 lanes,2,Straight - Level,Local Street,Wet,"Two-Way, Not Divided",None,T-Intersection,Concrete,Mountains,Urban,20 - 25  MPH,No Control Present,Rain,No,"35.5868, -82.586754"
203,204,Yes,16-19,16,No,With Traffic,A: Disabling Injury,Travel Lane,Other,Male,Raleigh,Wake,No,01-01-06,2009-05-09,Bicyclist Left Turn / Merge,15,Non-Intersection,01-05-01,0001-01-01T10:20:58-04:56,Bicyclist Left Turn - Opposite Direction,311222,2009,A: Disabling Injury,Residential,40-49,42,No,31-35 mph,O: No Injury,Black,Female,Sport Utility,No,No,Daylight,Urban (>70% Developed),2 lanes,2,Straight - Bottom,Local Street,Dry,"Two-Way, Not Divided",None,No Special Feature,Smooth Asphalt,Piedmont,Urban,30 - 35  MPH,No Control Present,Clear,No,"35.830837, -78.67436"
204,205,No,60-69,64,No,With Traffic,C: Possible Injury,Bike Lane / Paved Shoulder,White,Male,None - Rural Crash,Orange,No,01-01-02,2009-06-02,Loss of Control / Turning Error,9,Non-Intersection,01-06-01,0001-01-01T04:16:58-04:56,Motorist Lost Control - Other /,321139,2009,C: Possible Injury,"Farms, Woods, Pastures",,,No,36-40 mph,Injury,/Missing,,,No,Yes,Daylight,Rural (<30% Developed),2 lanes,2,Straight - Level,NC Route,Dry,"Two-Way, Not Divided",None,No Special Feature,Smooth Asphalt,Piedmont,Rural,40 - 45  MPH,"Double Yellow Line, No Passing Zone",Clear,No,"35.921856, -79.10786"
205,206,No,30-39,36,No,With Traffic,O: No Injury,Bike Lane / Paved Shoulder,White,Female,None - Rural Crash,Chowan,No,,2009-06-01,Motorist Overtaking Bicyclist,11,Non-Intersection,01-06-01,0001-01-01T06:25:58-04:56,Motorist Overtaking - Misjudged Space,321232,2009,O: No Injury,"Farms, Woods, Pastures",50-59,59,No,31-35 mph,O: No Injury,Black,Male,Pickup,No,No,Daylight,Rural (<30% Developed),2 lanes,2,Straight - Level,State Secondary Route,Dry,"Two-Way, Not Divided",None,No Special Feature,Smooth Asphalt,Coastal,Rural,40 - 45  MPH,"Double Yellow Line, No Passing Zone",Clear,No,"36.07037, -76.64611"
216,217,Yes,40-49,46,No,Not Applicable,B: Evident Injury,Travel Lane,White,Male,Durham,Durham,No,01-01-05,2009-05-22,Non-Roadway,12,Non-Roadway,01-05-01,0001-01-01T07:54:58-04:56,Non-Roadway,410910,2009,B: Evident Injury,Institutional,40-49,41,No,0-5 mph,O: No Injury,White,Female,Passenger Car,No,No,Daylight,Urban (>70% Developed),2 lanes,2,Straight - Grade,Public Vehicular Area,Dry,"Two-Way, Not Divided",None,"Driveway, Private",Coarse Asphalt,Piedmont,Urban,20 - 25  MPH,No Control Present,Cloudy,No,"36.00432, -78.93957"
218,219,Yes,50-59,51,No,Facing Traffic,C: Possible Injury,Sidewalk / Crosswalk / Driveway Crossing,Black,Male,Chapel Hill,Orange,No,01-01-05,2009-05-22,Motorist Failed to Yield - Sign-Controlled Intersection,15,Intersection,01-05-01,0001-01-01T10:35:58-04:56,Motorist Drive Out - Sign-Controlled Intersection,132141,2009,C: Possible Injury,Commercial,60-69,61,No,0-5 mph,O: No Injury,White,Female,Passenger Car,No,No,Daylight,Urban (>70% Developed),2 lanes,2,Straight - Level,Local Street,Dry,"Two-Way, Not Divided",None,T-Intersection,Smooth Asphalt,Piedmont,Urban,20 - 25  MPH,Stop Sign,Clear,No,"35.911034, -79.06614"
219,220,Yes,15-Nov,13,No,With Traffic,B: Evident Injury,Travel Lane,White,Male,Tabor City,Columbus,No,01-01-05,2009-05-22,Bicyclist Left Turn / Merge,17,Non-Intersection,01-05-01,0001-01-01T12:20:58-04:56,Bicyclist Left Turn - Opposite Direction,311222,2009,B: Evident Injury,Commercial,60-69,68,No,41-45 mph,O: No Injury,White,Male,Van,No,No,Daylight,Urban (>70% Developed),3 lanes,2,Straight - Level,Local Street,Dry,"Two-Way, Divided, Unprotected Median",None,No Special Feature,Coarse Asphalt,Coastal,Rural,40 - 45  MPH,"Double Yellow Line, No Passing Zone",Clear,No,"34.154327, -78.86451"
220,221,Yes,50-59,50,No,With Traffic,B: Evident Injury,Travel Lane,White,Female,Pinehurst,Moore,No,01-01-05,2009-05-22,Parallel Paths - Other Circumstances,19,Intersection,01-05-01,0001-01-01T14:09:58-04:56,Parallel Paths - Other /,111280,2009,B: Evident Injury,Residential,50-59,50,No,16-20 mph,O: No Injury,White,Female,Passenger Car,No,No,Daylight,Mixed (30% To 70% Developed),4 lanes,3,Straight - Level,US Route,Dry,"Two-Way, Not Divided",None,Four-Way Intersection,Smooth Asphalt,Piedmont,Urban,30 - 35  MPH,Stop And Go Signal,Clear,No,"35.206585, -79.451"
223,224,Yes,20-24,23,Yes,Facing Traffic,C: Possible Injury,Other,Black,Male,Benson,Johnston,Yes,01-01-03,2009-05-20,Crossing Paths - Other Circumstances,7,Intersection,01-05-01,0001-01-01T02:38:58-04:56,Signalized Intersection - Other /,182158,2009,C: Possible Injury,Commercial,40-49,49,No,0-5 mph,O: No Injury,Black,Male,Passenger Car,No,No,Daylight,Mixed (30% To 70% Developed),2 lanes,2,Straight - Level,Local Street,Dry,"Two-Way, Not Divided",None,Four-Way Intersection,Smooth Asphalt,Coastal,Rural,30 - 35  MPH,Stop And Go Signal,Clear,No,"35.380676, -78.54679"
226,227,No,20-24,21,No,Facing Traffic,C: Possible Injury,Travel Lane,Black,Female,Charlotte,Mecklenburg,No,01-01-04,2009-05-21,Crossing Paths - Other Circumstances,19,Intersection,01-05-01,0001-01-01T14:12:58-04:56,Signalized Intersection - Other /,112158,2009,C: Possible Injury,Commercial,20-24,24,No,0-5 mph,O: No Injury,White,Male,Sport Utility,No,No,Daylight,Urban (>70% Developed),4 lanes,2,Straight - Level,Local Street,Dry,"Two-Way, Divided, Unprotected Median",None,No Special Feature,Smooth Asphalt,Piedmont,Urban,40 - 45  MPH,Stop And Go Signal,Clear,No,"35.087498, -80.85281"
230,231,No,40-49,47,No,Facing Traffic,B: Evident Injury,Sidewalk / Crosswalk / Driveway Crossing,Black,Male,Charlotte,Mecklenburg,No,01-01-05,2009-05-22,Motorist Failed to Yield - Midblock,17,Non-Intersection,01-05-01,0001-01-01T12:50:58-04:56,Motorist Drive Out - Other Midblock,332328,2009,B: Evident Injury,Commercial,,,No,0-5 mph,Injury,/Missing,,Sport Utility,No,Yes,Daylight,Urban (>70% Developed),,2,Straight - Grade,US Route,Dry,"Two-Way, Not Divided",None,"Driveway, Public",Concrete,Piedmont,Urban,5 - 15 MPH,No Control Present,Clear,No,"35.247284, -80.81786"
243,244,No,20-24,22,No,With Traffic,C: Possible Injury,Travel Lane,White,Male,Raleigh,Wake,No,01-01-04,2009-05-21,Motorist Overtaking Bicyclist,2,Non-Intersection,01-05-01,0000-12-31T21:57:58-04:56,Motorist Overtaking - Other /,311239,2009,C: Possible Injury,Commercial,,,Missing,31-35 mph,Injury,/Missing,,,No,Yes,Dark - Lighted Roadway,Urban (>70% Developed),2 lanes,2,Straight - Level,Local Street,Dry,"Two-Way, Not Divided",None,No Special Feature,Smooth Asphalt,Piedmont,Urban,30 - 35  MPH,No Control Present,Clear,Yes,"35.78782, -78.66822"
245,246,Yes,50-59,53,No,With Traffic,C: Possible Injury,Travel Lane,Black,Male,Raleigh,Wake,No,01-01-04,2009-04-23,Crossing Paths - Other Circumstances,17,Intersection,01-04-01,0001-01-01T12:19:58-04:56,Signalized Intersection - Other /,111158,2009,C: Possible Injury,Residential,20-24,22,No,16-20 mph,O: No Injury,Black,Female,Passenger Car,No,No,Daylight,Urban (>70% Developed),3 lanes,2,Straight - Level,Local Street,Dry,"One-Way, Not Divided",None,No Special Feature,Concrete,Piedmont,Urban,30 - 35  MPH,Stop And Go Signal,Clear,No,"35.7808, -78.62826"
252,253,No,0-5,5,No,Facing Traffic,B: Evident Injury,Sidewalk / Crosswalk / Driveway Crossing,Black,Male,Edenton,Chowan,No,01-01-07,2009-05-31,Motorist Failed to Yield - Midblock,14,Non-Intersection,01-05-01,0001-01-01T09:38:58-04:56,Motorist Drive Out - Commercial Driveway / Alley,332322,2009,B: Evident Injury,Residential,20-24,24,No,,O: No Injury,Black,Female,Van,No,No,Daylight,Mixed (30% To 70% Developed),2 lanes,2,Straight - Level,Local Street,Dry,"Two-Way, Divided, Unprotected Median",None,No Special Feature,Coarse Asphalt,Coastal,Urban,20 - 25  MPH,Stop Sign,Clear,No,"36.063137, -76.60346"
260,261,Yes,50-59,55,No,Facing Traffic,C: Possible Injury,Sidewalk / Crosswalk / Driveway Crossing,Black,Male,Winston-Salem,Forsyth,No,01-01-04,2009-06-04,Motorist Failed to Yield - Midblock,7,Non-Intersection,01-06-01,0001-01-01T02:57:58-04:56,Motorist Drive Out - Commercial Driveway / Alley,332322,2009,C: Possible Injury,Commercial,60-69,66,No,0-5 mph,O: No Injury,White,Male,Passenger Car,No,No,Daylight,Urban (>70% Developed),6 lanes,2,Straight - Level,Local Street,Dry,"Two-Way, Divided, Positive Median Barrier",None,"Driveway, Public",Smooth Asphalt,Piedmont,Urban,40 - 45  MPH,No Control Present,Cloudy,No,"36.071663, -80.258026"
265,266,No,16-19,19,No,With Traffic,B: Evident Injury,Travel Lane,White,Male,Raleigh,Wake,No,01-01-02,2009-06-02,Crossing Paths - Other Circumstances,11,Intersection,01-06-01,0001-01-01T06:22:58-04:56,Crossing Paths - Intersection - Other /,111180,2009,B: Evident Injury,"Farms, Woods, Pastures",25-29,27,No,0-5 mph,O: No Injury,Asian,Male,Passenger Car,No,No,Daylight,Mixed (30% To 70% Developed),2 lanes,2,Straight - Level,Local Street,Dry,"Two-Way, Not Divided",None,T-Intersection,Smooth Asphalt,Piedmont,Urban,20 - 25  MPH,Stop Sign,Clear,No,"35.784924, -78.67577"
268,269,Yes,30-39,38,No,With Traffic,B: Evident Injury,Travel Lane,Native American,Male,None - Rural Crash,Robeson,No,01-01-06,2009-06-20,Motorist Overtaking Bicyclist,22,Non-Intersection,01-06-01,0001-01-01T17:20:58-04:56,Motorist Overtaking - Misjudged Space,311232,2009,B: Evident Injury,"Farms, Woods, Pastures",40-49,40,No,51-55 mph,O: No Injury,White,Male,Pickup,No,No,Dark - Roadway Not Lighted,Rural (<30% Developed),2 lanes,2,Straight - Level,NC Route,Dry,"Two-Way, Not Divided",None,No Special Feature,Coarse Asphalt,Coastal,Rural,50 - 55  MPH,No Control Present,Clear,No,"34.770634, -79.20444"
271,272,No,25-29,25,No,With Traffic,B: Evident Injury,Travel Lane,White,Female,None - Rural Crash,Hyde,Yes,,2009-06-01,Motorist Left Turn / Merge,22,Intersection,01-06-01,0001-01-01T17:10:58-04:56,Motorist Left Turn - Opposite Direction,111212,2009,B: Evident Injury,Residential,30-39,39,Yes,6-10 mph,O: No Injury,White,Male,Passenger Car,No,No,Dark - Roadway Not Lighted,Mixed (30% To 70% Developed),2 lanes,2,Straight - Level,NC Route,Dry,"Two-Way, Not Divided",None,T-Intersection,Smooth Asphalt,Coastal,Rural,20 - 25  MPH,Stop Sign,Clear,No,"35.11083, -75.97992"
274,275,Yes,25-29,29,No,With Traffic,B: Evident Injury,Travel Lane,White,Male,None - Rural Crash,Dare,No,01-01-04,2009-06-04,Motorist Overtaking Bicyclist,17,Non-Intersection,01-06-01,0001-01-01T12:58:58-04:56,Motorist Overtaking - Other /,311239,2009,B: Evident Injury,"Farms, Woods, Pastures",20-24,22,No,31-35 mph,O: No Injury,White,Male,Pickup,No,No,Daylight,Rural (<30% Developed),2 lanes,2,Curve - Grade,NC Route,Dry,"Two-Way, Not Divided",None,No Special Feature,Smooth Asphalt,Coastal,Rural,40 - 45  MPH,"Double Yellow Line, No Passing Zone",Clear,No,"35.8678, -75.64972"
286,287,Yes,15-Nov,15,No,With Traffic,C: Possible Injury,Travel Lane,White,Male,None - Rural Crash,Cleveland,No,,2009-06-29,Bicyclist Failed to Yield - Sign-Controlled Intersection,18,Intersection,01-06-01,0001-01-01T13:22:58-04:56,Bicyclist Ride Through - Sign-Controlled Intersection,111144,2009,C: Possible Injury,Residential,20-24,21,No,31-35 mph,O: No Injury,White,Female,Passenger Car,No,No,Daylight,Mixed (30% To 70% Developed),2 lanes,2,Straight - Level,State Secondary Route,Dry,"Two-Way, Not Divided",None,T-Intersection,Coarse Asphalt,Mountains,Rural,30 - 35  MPH,Stop Sign,Clear,No,"35.33841, -81.51293"
322,323,Yes,30-39,38,No,With Traffic,A: Disabling Injury,Travel Lane,White,Male,Wilmington,New Hanover,No,01-01-03,2010-05-26,Crossing Paths - Other Circumstances,22,Intersection,01-05-01,0001-01-01T17:27:58-04:56,Signalized Intersection - Other /,0,2010,A: Disabling Injury,Commercial,0-19,18,No,41-45 mph,O: No Injury,White,Male,Passenger Car,No,No,Dark - Lighted Roadway,Urban (>70% Developed),7 lanes,2,Straight - Level,Local Street,Wet,"Two-Way, Divided, Positive Median Barrier",None,No Special Feature,Smooth Asphalt,Coastal,Urban,40 - 45  MPH,Stop And Go Signal,Cloudy,No,"34.23642, -77.87267"
332,333,Yes,30-39,38,No,Facing Traffic,B: Evident Injury,Sidewalk / Crosswalk / Driveway Crossing,White,Male,Charlotte,Mecklenburg,No,01-01-04,2010-05-27,Motorist Failed to Yield - Signalized Intersection,12,Intersection,01-05-01,0001-01-01T07:49:58-04:56,Motorist Drive Out - Right Turn on Red,0,2010,B: Evident Injury,Commercial,60-69,63,No,6-10 mph,O: No Injury,White,Male,Passenger Car,No,No,Daylight,Urban (>70% Developed),3 lanes,2,Straight - Grade,Local Street,Dry,"Two-Way, Not Divided",None,Four-Way Intersection,Smooth Asphalt,Piedmont,Urban,30 - 35  MPH,Stop And Go Signal,Clear,No,"35.16874, -80.85061"
335,336,Yes,40-49,47,No,With Traffic,A: Disabling Injury,Travel Lane,White,Male,None - Rural Crash,Cabarrus,No,01-01-03,2010-05-19,Head-On,19,Non-Intersection,01-05-01,0001-01-01T14:35:58-04:56,Head-On - Motorist,0,2010,A: Disabling Injury,Residential,20-24,21,No,51-55 mph,O: No Injury,White,Male,,No,Yes,Daylight,Rural (<30% Developed),2 lanes,7,Straight - Grade,State Secondary Route,Dry,"Two-Way, Not Divided",None,"Driveway, Private",Smooth Asphalt,Piedmont,Rural,50 - 55  MPH,"Double Yellow Line, No Passing Zone",Clear,No,"35.475925, -80.371414"
336,337,Yes,50-59,53,No,Not Applicable,B: Evident Injury,Bike Lane / Paved Shoulder,White,Male,Charlotte,Mecklenburg,No,01-01-04,2010-05-27,Crossing Paths - Other Circumstances,17,Intersection,01-05-01,0001-01-01T13:01:58-04:56,Crossing Paths - Intersection - Other /,0,2010,B: Evident Injury,Residential,30-39,35,No,11-15 mph,O: No Injury,White,Female,Passenger Car,No,No,Daylight,Urban (>70% Developed),2 lanes,2,Straight - Level,Local Street,Dry,"Two-Way, Not Divided",None,No Special Feature,Smooth Asphalt,Piedmont,Urban,30 - 35  MPH,No Control Present,Clear,No,"35.12698, -80.84903"
339,340,No,10-Jun,7,No,With Traffic,O: No Injury,Travel Lane,Black,Male,Charlotte,Mecklenburg,No,01-01-06,2010-05-29,Loss of Control / Turning Error,12,Non-Intersection,01-05-01,0001-01-01T07:55:58-04:56,"Motorist Lost Control - Oversteering, Improper Braking, Speed",0,2010,O: No Injury,Residential,,,Missing,46-50 mph,Injury,/Missing,,Passenger Car,Yes,Yes,Daylight,Urban (>70% Developed),2 lanes,3,Curve - Grade,Local Street,Dry,"Two-Way, Not Divided",None,No Special Feature,Smooth Asphalt,Piedmont,Urban,30 - 35  MPH,No Control Present,Cloudy,No,"35.23104, -80.87843"
340,341,Yes,40-49,45,Yes,With Traffic,B: Evident Injury,Travel Lane,White,Male,Shelby,Cleveland,Yes,01-01-07,2010-05-30,Motorist Overtaking Bicyclist,21,Non-Intersection,01-05-01,0001-01-01T16:26:58-04:56,Motorist Overtaking - Undetected Bicyclist,0,2010,B: Evident Injury,Residential,30-39,33,Yes,16-20 mph,O: No Injury,White,Male,Passenger Car,No,No,Dark - Lighted Roadway,Urban (>70% Developed),2 lanes,2,Straight - Grade,State Secondary Route,Dry,"Two-Way, Not Divided",None,No Special Feature,Smooth Asphalt,Mountains,Urban,30 - 35  MPH,No Control Present,Clear,No,"35.264584, -81.47558"
349,350,Yes,50-59,59,No,With Traffic,B: Evident Injury,Travel Lane,White,Male,Charlotte,Mecklenburg,No,01-01-02,2010-06-01,Crossing Paths - Other Circumstances,18,Intersection,01-06-01,0001-01-01T13:23:58-04:56,Sign-Controlled Intersection - Other /,0,2010,B: Evident Injury,Residential,,,Missing,16-20 mph,Injury,/Missing,,,No,Yes,Daylight,Urban (>70% Developed),4 lanes,2,Straight - Level,Local Street,Dry,"Two-Way, Not Divided",None,Four-Way Intersection,Smooth Asphalt,Piedmont,Urban,30 - 35  MPH,Stop Sign,Cloudy,No,"35.221603, -80.81058"
356,357,No,30-39,33,No,Not Applicable,B: Evident Injury,Sidewalk / Crosswalk / Driveway Crossing,Black,Male,High Point,Guilford,No,01-01-03,2010-06-09,Backing Vehicle,14,Intersection,01-06-01,0001-01-01T09:38:58-04:56,Backing Vehicle,0,2010,B: Evident Injury,Institutional,70,,No,,O: No Injury,White,Male,Pickup,No,No,Daylight,Urban (>70% Developed),4 lanes,2,Straight - Level,Local Street,Dry,"Two-Way, Divided, Positive Median Barrier",None,Related To Intersection,Smooth Asphalt,Piedmont,Urban,40 - 45  MPH,Stop And Go Signal,Clear,No,"35.979347, -79.99625"
358,359,Yes,50-59,51,No,With Traffic,C: Possible Injury,Bike Lane / Paved Shoulder,White,Female,Durham,Durham,No,,2010-06-21,Motorist Left Turn / Merge,18,Intersection,01-06-01,0001-01-01T13:41:58-04:56,Motorist Left Turn - Opposite Direction,0,2010,C: Possible Injury,Commercial,25-29,27,No,0-5 mph,O: No Injury,Black,Male,Sport Utility,No,No,Daylight,Urban (>70% Developed),3 lanes,2,Straight - Level,Local Street,Dry,"Two-Way, Not Divided",None,No Special Feature,Smooth Asphalt,Piedmont,Urban,40 - 45  MPH,No Control Present,Clear,No,"35.911633, -78.94339"
362,363,Yes,20-24,21,No,Facing Traffic,B: Evident Injury,Travel Lane,Black,Male,Fayetteville,Cumberland,No,01-01-03,2010-06-23,Head-On,16,Non-Intersection,01-06-01,0001-01-01T11:23:58-04:56,Head-On - Bicyclist,0,2010,B: Evident Injury,Residential,30-39,33,No,41-45 mph,O: No Injury,Black,Female,Passenger Car,No,No,Daylight,Urban (>70% Developed),4 lanes,2,Straight - Level,Local Street,Dry,"Two-Way, Not Divided",None,No Special Feature,Coarse Asphalt,Coastal,Urban,40 - 45  MPH,No Control Present,Clear,No,"35.084946, -78.883095"