FID,OBJECTID,AmbulanceR,BikeAge_Gr,Bike_Age,Bike_Alc_D,Bike_Dir,Bike_Injur,Bike_Pos,Bike_Race,Bike_Sex,City,County,CrashAlcoh,CrashDay,Crash_Date,Crash_Grp,Crash_Hour,Crash_Loc,Crash_Mont,Crash_Time,Crash_Type,Crash_Ty_1,Crash_Year,Crsh_Sevri,Developmen,DrvrAge_Gr,Drvr_Age,Drvr_Alc_D,Drvr_EstSp,Drvr_Injur,Drvr_Race,Drvr_Sex,Drvr_VehTy,ExcsSpdInd,Hit_Run,Light_Cond,Locality,Num_Lanes,Num_Units,Rd_Charact,Rd_Class,Rd_Conditi,Rd_Config,Rd_Defects,Rd_Feature,Rd_Surface,Region,Rural_Urba,Speed_Limi,Traff_Cntr,Weather,Workzone_I,Location
364,365,No,,,Missing,With Traffic,Injury,Travel Lane,/Missing,,Kannapolis,Rowan,No,01-01-06,2010-06-05,Bicyclist Overtaking Motorist,17,Non-Intersection,01-06-01,0001-01-01T12:10:58-04:56,Bicyclist Overtaking - Parked Vehicle,0,2010,Injury,Residential,,,Missing,,Injury,/Missing,,,No,Yes,Daylight,Urban (>70% Developed),2 lanes,2,Straight - Grade,Local Street,Dry,"Two-Way, Not Divided",None,No Special Feature,Smooth Asphalt,Piedmont,Urban,30 - 35  MPH,No Control Present,Cloudy,No,"35.50934, -80.62393"
365,366,Yes,30-39,31,No,Facing Traffic,C: Possible Injury,Travel Lane,White,Female,Greensboro,Guilford,No,,2010-06-07,Motorist Failed to Yield - Sign-Controlled Intersection,17,Intersection,01-06-01,0001-01-01T12:11:58-04:56,Motorist Drive Out - Sign-Controlled Intersection,0,2010,C: Possible Injury,Residential,40-49,48,No,0-5 mph,O: No Injury,Black,Male,Passenger Car,No,No,Daylight,Urban (>70% Developed),5 lanes,2,Straight - Level,Local Street,Dry,"Two-Way, Divided, Positive Median Barrier",None,No Special Feature,Smooth Asphalt,Piedmont,Urban,30 - 35  MPH,Stop Sign,Clear,No,"36.089703, -79.82724"
368,369,Yes,30-39,32,No,With Traffic,B: Evident Injury,Travel Lane,White,Male,High Point,Guilford,No,01-01-04,2010-06-17,Motorist Overtaking Bicyclist,17,Intersection-Related,01-06-01,0001-01-01T12:04:58-04:56,Motorist Overtaking - Other /,0,2010,B: Evident Injury,Commercial,,,Missing,31-35 mph,Injury,/Missing,,Passenger Car,No,Yes,Daylight,Urban (>70% Developed),4 lanes,2,Straight - Grade,Local Street,Dry,"Two-Way, Not Divided",None,No Special Feature,Smooth Asphalt,Piedmont,Urban,30 - 35  MPH,No Control Present,Clear,No,"35.94415, -80.023445"
373,374,No,40-49,40,No,With Traffic,O: No Injury,Travel Lane,White,Male,Charlotte,Mecklenburg,No,01-01-07,2010-06-06,Other / Unusual Circumstances,11,Intersection,01-06-01,0001-01-01T06:34:58-04:56,Motorist Intentionally Caused,0,2010,O: No Injury,Commercial,,,Missing,6-10 mph,Injury,/Missing,,,No,Yes,Daylight,Urban (>70% Developed),2 lanes,2,Straight - Level,Local Street,Dry,"Two-Way, Divided, Positive Median Barrier",None,Four-Way Intersection,Smooth Asphalt,Piedmont,Urban,40 - 45  MPH,Stop And Go Signal,Clear,No,"35.087543, -80.811775"
383,384,No,,,Missing,Facing Traffic,Injury,,/Missing,,Charlotte,Mecklenburg,No,01-01-03,2010-06-16,Crossing Paths - Other Circumstances,15,Intersection,01-06-01,0001-01-01T10:53:58-04:56,Crossing Paths - Uncontrolled Intersection,0,2010,O: No Injury,Residential,20-24,21,No,0-5 mph,O: No Injury,Hispanic,Male,Passenger Car,No,No,Daylight,Urban (>70% Developed),2 lanes,2,Straight - Level,Local Street,Dry,"Two-Way, Not Divided",None,No Special Feature,Smooth Asphalt,Piedmont,Urban,20 - 25  MPH,No Control Present,Clear,No,"35.228058, -80.738976"
401,402,Yes,16-19,17,No,With Traffic,B: Evident Injury,Travel Lane,Hispanic,Male,Raleigh,Wake,No,01-01-05,2010-05-28,Bicyclist Left Turn / Merge,19,Intersection-Related,01-05-01,0001-01-01T14:33:58-04:56,Bicyclist Left Turn - Same Direction,0,2010,B: Evident Injury,Residential,,,Missing,31-35 mph,Injury,/Missing,,,No,Yes,Daylight,Urban (>70% Developed),2 lanes,2,Straight - Level,Local Street,Dry,"Two-Way, Not Divided",None,No Special Feature,Smooth Asphalt,Piedmont,Urban,30 - 35  MPH,No Control Present,Clear,No,"35.779186, -78.61789"
404,405,Yes,30-39,33,No,With Traffic,B: Evident Injury,Travel Lane,Native American,Male,Raleigh,Wake,No,01-01-02,2010-06-01,Bicyclist Failed to Yield - Signalized Intersection,17,Intersection,01-06-01,0001-01-01T12:04:58-04:56,Bicyclist Ride Through - Signalized Intersection,0,2010,B: Evident Injury,Residential,50-59,58,No,6-10 mph,O: No Injury,White,Male,Passenger Car,No,No,Daylight,Urban (>70% Developed),9 or more lanes,2,Straight - Bottom,Local Street,Wet,"Two-Way, Divided, Positive Median Barrier",Road Surface Condition,No Special Feature,Smooth Asphalt,Piedmont,Urban,30 - 35  MPH,Stop And Go Signal,Rain,No,"35.79572, -78.65298"
408,409,Yes,25-29,28,No,With Traffic,C: Possible Injury,Travel Lane,Black,Male,Charlotte,Mecklenburg,No,01-01-02,2010-06-22,Bicyclist Failed to Yield - Sign-Controlled Intersection,11,Intersection,01-06-01,0001-01-01T06:52:58-04:56,Bicyclist Ride Through - Sign-Controlled Intersection,0,2010,C: Possible Injury,Commercial,25-29,28,No,21-25 mph,O: No Injury,Black,Female,Passenger Car,No,No,Daylight,Urban (>70% Developed),3 lanes,2,Curve - Bottom,Local Street,Dry,"Two-Way, Not Divided",None,No Special Feature,Smooth Asphalt,Piedmont,Urban,30 - 35  MPH,Stop Sign,Clear,No,"35.237503, -80.89051"
413,414,Yes,20-24,22,No,Facing Traffic,C: Possible Injury,Sidewalk / Crosswalk / Driveway Crossing,White,Male,Wilmington,New Hanover,No,01-01-04,2010-06-24,Motorist Failed to Yield - Midblock,8,Non-Intersection,01-06-01,0001-01-01T03:48:58-04:56,Motorist Drive Out - Commercial Driveway / Alley,0,2010,C: Possible Injury,Residential,20-24,21,No,0-5 mph,O: No Injury,White,Female,Passenger Car,No,No,Daylight,Urban (>70% Developed),5 lanes,2,Straight - Level,Local Street,Dry,"Two-Way, Not Divided",None,No Special Feature,Coarse Asphalt,Coastal,Urban,20 - 25  MPH,No Control Present,Clear,No,"34.23327, -77.870346"
422,423,Yes,60-69,60,No,Facing Traffic,B: Evident Injury,Travel Lane,Black,Male,Asheville,Buncombe,No,01-01-04,2010-07-01,Head-On,10,Non-Intersection,01-07-01,0001-01-01T05:36:58-04:56,Head-On - Bicyclist,0,2010,B: Evident Injury,Commercial,40-49,43,No,0-5 mph,O: No Injury,White,Male,Sport Utility,No,No,Daylight,Urban (>70% Developed),5 lanes,2,Straight - Level,Local Street,Dry,"Two-Way, Not Divided",None,No Special Feature,Smooth Asphalt,Mountains,Urban,40 - 45  MPH,"Double Yellow Line, No Passing Zone",Clear,No,"35.588806, -82.550644"
428,429,Yes,16-19,17,No,Facing Traffic,B: Evident Injury,Travel Lane,White,Female,None - Rural Crash,Martin,No,01-01-05,2010-07-16,Head-On,16,Non-Intersection,01-07-01,0001-01-01T11:53:58-04:56,Head-On - Bicyclist,0,2010,B: Evident Injury,"Farms, Woods, Pastures",60-69,61,No,16-20 mph,O: No Injury,White,Female,Van,No,No,Daylight,Rural (<30% Developed),2 lanes,2,Straight - Level,State Secondary Route,Dry,"Two-Way, Not Divided",None,T-Intersection,Smooth Asphalt,Coastal,Rural,50 - 55  MPH,Yield Sign,Clear,No,"35.77877, -77.11418"
430,431,Yes,15-Nov,15,No,Not Applicable,B: Evident Injury,Non-Roadway,Black,Male,High Point,Guilford,No,01-01-02,2010-07-06,Non-Roadway,15,Non-Roadway,01-07-01,0001-01-01T10:09:58-04:56,Non-Roadway,0,2010,B: Evident Injury,Commercial,70,,No,16-20 mph,O: No Injury,Black,Female,Pickup,No,No,Daylight,Urban (>70% Developed),,2,Straight - Level,Public Vehicular Area,Dry,"Two-Way, Not Divided",None,"Driveway, Public",Smooth Asphalt,Piedmont,Urban,5 - 15 MPH,No Control Present,Clear,No,"35.98165, -79.978165"
432,433,Yes,30-39,35,No,With Traffic,B: Evident Injury,Travel Lane,White,Male,Holly Springs,Wake,No,01-01-07,2010-07-11,Motorist Right Turn / Merge,13,Intersection,01-07-01,0001-01-01T09:01:58-04:56,Motorist Right Turn - Same Direction,0,2010,B: Evident Injury,Residential,,,No,31-35 mph,Injury,/Missing,,Sport Utility,No,Yes,Daylight,Urban (>70% Developed),2 lanes,2,Straight - Level,Local Street,Dry,"Two-Way, Not Divided",None,No Special Feature,Coarse Asphalt,Piedmont,Urban,30 - 35  MPH,No Control Present,Clear,No,"35.63168, -78.85611"
436,437,Yes,10-Jun,6,No,Not Applicable,O: No Injury,Driveway / Alley,Black,Male,Durham,Durham,No,01-01-05,2010-06-04,Bicyclist Failed to Yield - Midblock,20,Non-Intersection,01-06-01,0001-01-01T15:20:58-04:56,Bicyclist Ride Out - Residential Driveway,0,2010,O: No Injury,Residential,0-19,17,No,21-25 mph,O: No Injury,Black,Male,Passenger Car,No,No,Dusk,Urban (>70% Developed),2 lanes,2,Straight - Level,Local Street,Dry,"Two-Way, Not Divided",None,No Special Feature,Coarse Asphalt,Piedmont,Urban,20 - 25  MPH,No Control Present,Clear,No,"36.01932, -78.851746"
437,438,Yes,10-Jun,10,No,With Traffic,B: Evident Injury,Bike Lane / Paved Shoulder,White,Female,Charlotte,Mecklenburg,No,01-01-02,2010-06-29,Motorist Overtaking Bicyclist,18,Non-Intersection,01-06-01,0001-01-01T13:07:58-04:56,Motorist Overtaking - Bicyclist Swerved,0,2010,B: Evident Injury,Residential,50-59,59,No,41-45 mph,O: No Injury,Black,Female,Passenger Car,No,No,Daylight,Urban (>70% Developed),2 lanes,2,Straight - Level,Local Street,Dry,"Two-Way, Not Divided",None,No Special Feature,Smooth Asphalt,Piedmont,Urban,40 - 45  MPH,No Control Present,Cloudy,No,"35.160103, -80.95166"
447,448,Yes,60-69,61,No,Facing Traffic,B: Evident Injury,Travel Lane,Black,Male,Durham,Durham,No,01-01-05,2010-07-23,Motorist Failed to Yield - Signalized Intersection,20,Intersection,01-07-01,0001-01-01T15:27:58-04:56,Motorist Drive Out - Right Turn on Red,0,2010,B: Evident Injury,Commercial,25-29,25,No,26-30 mph,O: No Injury,Hispanic,Male,Pickup,No,No,Dark - Roadway Not Lighted,Urban (>70% Developed),4 lanes,2,Straight - Bottom,Local Street,Dry,"Two-Way, Divided, Unprotected Median",None,Four-Way Intersection,Smooth Asphalt,Piedmont,Urban,30 - 35  MPH,Stop And Go Signal,Clear,No,"35.986145, -78.89868"
448,449,No,20-24,21,No,Facing Traffic,C: Possible Injury,Sidewalk / Crosswalk / Driveway Crossing,White,Male,Raleigh,Wake,No,01-01-05,2010-07-02,Motorist Failed to Yield - Sign-Controlled Intersection,19,Intersection-Related,01-07-01,0001-01-01T14:18:58-04:56,Motorist Drive Out - Sign-Controlled Intersection,0,2010,C: Possible Injury,Residential,30-39,32,No,6-10 mph,O: No Injury,Black,Female,Passenger Car,No,No,Daylight,Urban (>70% Developed),4 lanes,2,Straight - Level,Local Street,Dry,"Two-Way, Divided, Unprotected Median",None,Four-Way Intersection,Coarse Asphalt,Piedmont,Urban,30 - 35  MPH,Stop Sign,Clear,No,"35.783493, -78.656685"
458,459,Yes,15-Nov,15,No,With Traffic,B: Evident Injury,Travel Lane,White,Male,None - Rural Crash,Pasquotank,No,01-01-02,2010-07-27,Bicyclist Left Turn / Merge,9,Non-Intersection,01-07-01,0001-01-01T04:38:58-04:56,Bicyclist Left Turn - Same Direction,0,2010,B: Evident Injury,Residential,0-19,18,No,41-45 mph,O: No Injury,White,Male,Passenger Car,No,No,Daylight,Mixed (30% To 70% Developed),2 lanes,2,Straight - Level,State Secondary Route,Dry,"Two-Way, Not Divided",None,No Special Feature,Smooth Asphalt,Coastal,Rural,40 - 45  MPH,"Double Yellow Line, No Passing Zone",Clear,No,"36.27996, -76.26013"
463,464,Yes,15-Nov,14,No,With Traffic,A: Disabling Injury,Travel Lane,Black,Male,None - Rural Crash,Durham,No,01-01-03,2010-07-28,Bicyclist Failed to Yield - Sign-Controlled Intersection,16,Intersection,01-07-01,0001-01-01T11:53:58-04:56,Bicyclist Ride Through - Sign-Controlled Intersection,0,2010,A: Disabling Injury,Residential,30-39,34,No,31-35 mph,O: No Injury,White,Male,Sport Utility,No,No,Daylight,Mixed (30% To 70% Developed),2 lanes,2,Straight - Level,State Secondary Route,Dry,"Two-Way, Not Divided",None,Four-Way Intersection,Smooth Asphalt,Piedmont,Rural,30 - 35  MPH,Stop Sign,Clear,No,"36.141495, -78.96489"
469,470,Yes,40-49,47,No,With Traffic,B: Evident Injury,Travel Lane,White,Male,None - Rural Crash,Johnston,No,01-01-05,2010-07-30,Motorist Overtaking Bicyclist,19,Non-Intersection,01-07-01,0001-01-01T14:49:58-04:56,Motorist Overtaking - Other /,0,2010,B: Evident Injury,"Farms, Woods, Pastures",,,Missing,46-50 mph,Injury,/Missing,,,No,Yes,Daylight,Rural (<30% Developed),2 lanes,2,Straight - Level,State Secondary Route,Dry,"Two-Way, Not Divided",None,No Special Feature,Coarse Asphalt,Coastal,Rural,40 - 45  MPH,"Double Yellow Line, No Passing Zone",Clear,No,"35.524525, -78.63152"
473,474,Yes,50-59,59,No,Facing Traffic,K: Killed,Travel Lane,White,Male,None - Rural Crash,Davie,No,01-01-06,2010-07-31,Motorist Overtaking Bicyclist,18,Non-Intersection,01-07-01,0001-01-01T13:24:58-04:56,Motorist Overtaking - Other /,0,2010,K: Killed,"Farms, Woods, Pastures",30-39,30,No,46-50 mph,O: No Injury,White,Male,Pickup,No,No,Daylight,Rural (<30% Developed),2 lanes,2,Curve - Level,US Route,Dry,"Two-Way, Not Divided",None,No Special Feature,Smooth Asphalt,Piedmont,Rural,50 - 55  MPH,"Double Yellow Line, No Passing Zone",Cloudy,No,"35.952137, -80.60873"
484,485,Yes,50-59,56,No,With Traffic,C: Possible Injury,Sidewalk / Crosswalk / Driveway Crossing,White,Male,Greensboro,Guilford,No,01-01-03,2010-07-21,Motorist Overtaking Bicyclist,15,Intersection,01-07-01,0001-01-01T10:41:58-04:56,Motorist Overtaking - Other /,0,2010,C: Possible Injury,Commercial,25-29,26,No,6-10 mph,O: No Injury,Black,Male,Pickup,No,No,Daylight,Mixed (30% To 70% Developed),5 lanes,2,Straight - Level,Local Street,Dry,"Two-Way, Not Divided",None,Related To Intersection,Smooth Asphalt,Piedmont,Urban,40 - 45  MPH,Stop And Go Signal,Clear,No,"36.071404, -79.777954"
493,494,Yes,60-69,66,No,With Traffic,C: Possible Injury,Sidewalk / Crosswalk / Driveway Crossing,Black,Male,Wilmington,New Hanover,No,01-01-03,2010-07-21,Motorist Left Turn / Merge,17,Intersection,01-07-01,0001-01-01T12:03:58-04:56,Motorist Left Turn - Opposite Direction,0,2010,C: Possible Injury,Residential,25-29,25,No,11-15 mph,O: No Injury,White,Male,Passenger Car,No,No,Daylight,Urban (>70% Developed),2 lanes,2,Straight - Level,Local Street,Dry,"Two-Way, Not Divided",None,No Special Feature,Smooth Asphalt,Coastal,Urban,20 - 25  MPH,No Control Present,Clear,No,"34.23737, -77.92319"
495,496,Yes,50-59,52,No,With Traffic,B: Evident Injury,Bike Lane / Paved Shoulder,White,Male,None - Rural Crash,Wake,No,01-01-04,2010-08-05,Motorist Overtaking Bicyclist,20,Non-Intersection,01-08-01,0001-01-01T15:49:58-04:56,Motorist Overtaking - Misjudged Space,0,2010,B: Evident Injury,"Farms, Woods, Pastures",,,No,51-55 mph,Injury,/Missing,,Sport Utility,No,Yes,Dusk,Rural (<30% Developed),2 lanes,2,Straight - Grade,NC Route,Wet,"Two-Way, Not Divided",None,No Special Feature,Smooth Asphalt,Piedmont,Rural,50 - 55  MPH,"Double Yellow Line, No Passing Zone",Rain,No,"35.588936, -78.64131"
496,497,No,40-49,41,No,With Traffic,C: Possible Injury,Travel Lane,White,Male,None - Rural Crash,Wake,No,01-01-04,2010-08-05,Motorist Right Turn / Merge,18,Intersection,01-08-01,0001-01-01T13:33:58-04:56,Motorist Right Turn - Same Direction,0,2010,C: Possible Injury,Residential,25-29,25,No,16-20 mph,O: No Injury,White,Male,Passenger Car,No,Yes,Daylight,Rural (<30% Developed),2 lanes,2,Straight - Level,State Secondary Route,Dry,"Two-Way, Not Divided",None,Four-Way Intersection,Smooth Asphalt,Piedmont,Rural,50 - 55  MPH,Stop Sign,Cloudy,No,"35.737293, -78.44435"
499,500,No,40-49,43,No,Facing Traffic,C: Possible Injury,Sidewalk / Crosswalk / Driveway Crossing,Black,Male,Charlotte,Mecklenburg,No,01-01-02,2010-07-27,Motorist Failed to Yield - Midblock,17,Non-Intersection,01-07-01,0001-01-01T12:13:58-04:56,Motorist Drive Out - Commercial Driveway / Alley,0,2010,C: Possible Injury,Commercial,50-59,50,No,6-10 mph,O: No Injury,White,Male,Van,No,No,Daylight,Urban (>70% Developed),,2,Straight - Level,Public Vehicular Area,Wet,"Two-Way, Not Divided",None,No Special Feature,Smooth Asphalt,Piedmont,Urban,5 - 15 MPH,No Control Present,Cloudy,No,"35.265244, -80.816574"
505,506,Yes,50-59,51,No,With Traffic,B: Evident Injury,Travel Lane,White,Male,Salisbury,Rowan,No,01-01-07,2010-08-08,Motorist Overtaking Bicyclist,22,Non-Intersection,01-08-01,0001-01-01T17:34:58-04:56,Motorist Overtaking - Other /,0,2010,B: Evident Injury,Commercial,50-59,50,No,31-35 mph,O: No Injury,White,Male,Pickup,No,No,Dark - Lighted Roadway,Urban (>70% Developed),4 lanes,2,Straight - Hillcrest,Local Street,Dry,"Two-Way, Divided, Unprotected Median",None,Bridge,Concrete,Piedmont,Urban,40 - 45  MPH,No Control Present,Clear,No,"35.64241, -80.48073"
510,511,Yes,20-24,21,No,With Traffic,C: Possible Injury,Sidewalk / Crosswalk / Driveway Crossing,Black,Female,Raleigh,Wake,No,01-01-02,2010-07-20,Motorist Failed to Yield - Midblock,17,Non-Intersection,01-07-01,0001-01-01T12:14:58-04:56,Motorist Drive Out - Commercial Driveway / Alley,0,2010,C: Possible Injury,Commercial,,,Missing,6-10 mph,Injury,/Missing,,,No,Yes,Daylight,Urban (>70% Developed),2 lanes,2,Straight - Level,Local Street,Dry,"One-Way, Not Divided",None,No Special Feature,Smooth Asphalt,Piedmont,Urban,5 - 15 MPH,No Control Present,Clear,No,"35.778873, -78.638115"
516,517,Yes,60-69,62,No,Facing Traffic,B: Evident Injury,Multi-use Path,White,Male,Emerald Isle,Carteret,No,01-01-05,2010-07-09,Motorist Failed to Yield - Signalized Intersection,13,Intersection,01-07-01,0001-01-01T08:55:58-04:56,Motorist Drive Out - Right Turn on Red,0,2010,B: Evident Injury,Commercial,40-49,40,No,0-5 mph,O: No Injury,White,Male,Sport Utility,No,No,Daylight,Urban (>70% Developed),9 or more lanes,2,Straight - Level,Local Street,Dry,"Two-Way, Not Divided",None,Four-Way Intersection,Smooth Asphalt,Coastal,Rural,20 - 25  MPH,Stop And Go Signal,Clear,No,"34.664825, -77.034874"
520,521,Yes,25-29,25,No,With Traffic,C: Possible Injury,Travel Lane,White,Male,Hendersonville,Henderson,No,01-01-05,2010-07-02,Bicyclist Left Turn / Merge,15,Intersection,01-07-01,0001-01-01T10:31:58-04:56,Bicyclist Left Turn - Same Direction,0,2010,C: Possible Injury,Commercial,50-59,59,No,21-25 mph,O: No Injury,White,Female,Passenger Car,No,No,Daylight,Urban (>70% Developed),2 lanes,2,Straight - Level,Local Street,Dry,"Two-Way, Not Divided",None,No Special Feature,Smooth Asphalt,Mountains,Urban,20 - 25  MPH,No Control Present,Clear,No,"35.313725, -82.45714"
522,523,No,30-39,36,No,Facing Traffic,B: Evident Injury,Sidewalk / Crosswalk / Driveway Crossing,White,Male,Greensboro,Guilford,No,,2010-08-02,Motorist Failed to Yield - Midblock,10,Non-Intersection,01-08-01,0001-01-01T05:03:58-04:56,Motorist Drive Out - Residential Driveway,0,2010,B: Evident Injury,Residential,70,,No,6-10 mph,O: No Injury,White,Female,Passenger Car,No,No,Daylight,Urban (>70% Developed),4 lanes,2,Straight - Level,"Private Road, Driveway",Dry,"Two-Way, Divided, Unprotected Median",None,"Driveway, Private",Concrete,Piedmont,Urban,,No Control Present,Cloudy,No,"36.090694, -79.85553"
525,526,Yes,40-49,49,No,,B: Evident Injury,Travel Lane,White,Male,Carolina Beach,New Hanover,No,01-01-06,2010-07-10,Crossing Paths - Other Circumstances,15,Intersection,01-07-01,0001-01-01T11:00:58-04:56,Crossing Paths - Intersection - Other /,0,2010,B: Evident Injury,Commercial,50-59,57,No,16-20 mph,O: No Injury,White,Female,Van,No,No,Daylight,Urban (>70% Developed),4 lanes,2,Straight - Level,US Route,Dry,"Two-Way, Not Divided",None,No Special Feature,Smooth Asphalt,Coastal,Urban,20 - 25  MPH,No Control Present,Cloudy,No,"34.03767, -77.89397"
526,527,Yes,50-59,50,No,Facing Traffic,B: Evident Injury,Sidewalk / Crosswalk / Driveway Crossing,White,Male,Wake Forest,Wake,No,01-01-02,2010-07-06,Motorist Failed to Yield - Midblock,17,Non-Intersection,01-07-01,0001-01-01T12:41:58-04:56,Motorist Drive Out - Midblock -,0,2010,B: Evident Injury,Commercial,40-49,46,No,0-5 mph,O: No Injury,White,Male,Sport Utility,No,No,Daylight,Urban (>70% Developed),4 lanes,2,Straight - Level,US Route,Dry,"Two-Way, Divided, Unprotected Median",None,No Special Feature,Smooth Asphalt,Piedmont,Urban,50 - 55  MPH,No Control Present,Clear,No,"35.921146, -78.544365"
532,533,No,30-39,37,No,With Traffic,B: Evident Injury,Travel Lane,White,Male,None - Rural Crash,Durham,No,01-01-05,2010-08-13,Motorist Failed to Yield - Sign-Controlled Intersection,18,Intersection,01-08-01,0001-01-01T13:03:58-04:56,Motorist Drive Out - Sign-Controlled Intersection,0,2010,B: Evident Injury,"Farms, Woods, Pastures",70,,No,0-5 mph,O: No Injury,White,Male,Sport Utility,No,No,Daylight,Rural (<30% Developed),2 lanes,2,Curve - Grade,State Secondary Route,Dry,"Two-Way, Not Divided",None,Four-Way Intersection,Coarse Asphalt,Piedmont,Rural,40 - 45  MPH,Stop Sign,Clear,No,"36.01005, -78.99004"
536,537,Yes,30-39,38,No,With Traffic,O: No Injury,Travel Lane,Black,Male,Smithfield,Johnston,No,01-01-03,2010-08-04,Bicyclist Failed to Yield - Sign-Controlled Intersection,15,Intersection,01-08-01,0001-01-01T10:26:58-04:56,Bicyclist Ride Out - Sign-Controlled Intersection,0,2010,O: No Injury,Commercial,50-59,57,No,31-35 mph,O: No Injury,White,Male,Pickup,No,No,Daylight,Rural (<30% Developed),5 lanes,2,Straight - Level,US Route,Dry,"Two-Way, Not Divided",None,T-Intersection,Grooved Concrete,Coastal,Urban,30 - 35  MPH,Stop Sign,Clear,No,"35.516544, -78.322495"
541,542,No,15-Nov,11,No,Facing Traffic,C: Possible Injury,Travel Lane,White,Male,Gastonia,Gaston,No,,2010-08-02,Head-On,15,Non-Intersection,01-08-01,0001-01-01T10:09:58-04:56,Head-On - Bicyclist,0,2010,C: Possible Injury,Residential,50-59,53,No,11-15 mph,O: No Injury,Black,Male,Passenger Car,No,No,Daylight,Urban (>70% Developed),2 lanes,2,Straight - Grade,Local Street,Dry,"Two-Way, Not Divided",None,No Special Feature,Smooth Asphalt,Piedmont,Urban,30 - 35  MPH,No Control Present,Cloudy,No,"35.22131, -81.214325"
542,543,No,16-19,18,No,Facing Traffic,C: Possible Injury,Travel Lane,Black,Male,Greensboro,Guilford,No,01-01-02,2010-08-03,Motorist Failed to Yield - Midblock,18,Non-Intersection,01-08-01,0001-01-01T13:06:58-04:56,Motorist Drive Out - Commercial Driveway / Alley,0,2010,C: Possible Injury,Commercial,,,Missing,0-5 mph,Injury,/Missing,,,No,Yes,Daylight,Urban (>70% Developed),4 lanes,2,Straight - Level,Local Street,Dry,"Two-Way, Not Divided",None,T-Intersection,Smooth Asphalt,Piedmont,Urban,,No Control Present,Clear,No,"36.076534, -79.75651"
544,545,Yes,40-49,48,Yes,With Traffic,A: Disabling Injury,Travel Lane,Black,Male,Rocky Mount,Edgecombe,Yes,,2010-06-07,Bicyclist Failed to Yield - Signalized Intersection,22,Intersection,01-06-01,0001-01-01T17:49:58-04:56,Bicyclist Ride Through - Signalized Intersection,0,2010,A: Disabling Injury,Residential,20-24,21,No,31-35 mph,O: No Injury,Black,Female,Passenger Car,No,No,Dark - Lighted Roadway,Urban (>70% Developed),4 lanes,3,Straight - Level,Local Street,Dry,"Two-Way, Not Divided",None,Four-Way Intersection,Grooved Concrete,Coastal,Urban,30 - 35  MPH,Stop And Go Signal,Clear,No,"35.948654, -77.786095"
547,548,Yes,50-59,52,No,With Traffic,B: Evident Injury,Travel Lane,White,Male,None - Rural Crash,Durham,No,01-01-02,2010-08-17,Motorist Overtaking Bicyclist,7,Non-Intersection,01-08-01,0001-01-01T02:20:58-04:56,Motorist Overtaking - Misjudged Space,0,2010,B: Evident Injury,"Farms, Woods, Pastures",40-49,49,No,41-45 mph,O: No Injury,White,Male,Passenger Car,No,No,Daylight,Rural (<30% Developed),2 lanes,2,Straight - Hillcrest,State Secondary Route,Dry,"Two-Way, Not Divided",Other,No Special Feature,Smooth Asphalt,Piedmont,Rural,40 - 45  MPH,"Double Yellow Line, No Passing Zone",Clear,No,"36.22539, -78.90293"
552,553,No,30-39,30,No,With Traffic,B: Evident Injury,Travel Lane,White,Male,None - Rural Crash,Guilford,No,01-01-06,2010-08-07,Bicyclist Overtaking Motorist,12,Non-Intersection,01-08-01,0001-01-01T07:48:58-04:56,Bicyclist Overtaking - Other /,0,2010,B: Evident Injury,Residential,,,Missing,,Injury,/Missing,,Van,No,No,Daylight,Mixed (30% To 70% Developed),2 lanes,3,Straight - Level,State Secondary Route,Dry,"Two-Way, Not Divided",None,Related To Intersection,Smooth Asphalt,Piedmont,Rural,40 - 45  MPH,"Double Yellow Line, No Passing Zone",Clear,No,"36.075817, -79.99516"
555,556,Yes,40-49,40,No,Facing Traffic,B: Evident Injury,Sidewalk / Crosswalk / Driveway Crossing,White,Female,Wilmington,New Hanover,No,01-01-06,2010-07-31,Motorist Failed to Yield - Sign-Controlled Intersection,17,Intersection,01-07-01,0001-01-01T13:02:58-04:56,Motorist Drive Out - Sign-Controlled Intersection,0,2010,B: Evident Injury,Commercial,70,,No,0-5 mph,O: No Injury,White,Male,Passenger Car,No,No,Daylight,Urban (>70% Developed),2 lanes,2,Straight - Level,Local Street,Dry,"Two-Way, Not Divided",None,T-Intersection,Smooth Asphalt,Coastal,Urban,20 - 25  MPH,Stop Sign,Clear,No,"34.251755, -77.82649"
562,563,No,40-49,44,No,With Traffic,B: Evident Injury,Travel Lane,White,Male,None - Rural Crash,Harnett,No,01-01-02,2010-08-17,Motorist Failed to Yield - Sign-Controlled Intersection,8,Intersection,01-08-01,0001-01-01T03:42:58-04:56,Motorist Drive Out - Sign-Controlled Intersection,0,2010,B: Evident Injury,Institutional,0-19,17,No,11-15 mph,O: No Injury,White,Female,Passenger Car,No,No,Daylight,Rural (<30% Developed),2 lanes,3,Straight - Level,State Secondary Route,Dry,"Two-Way, Not Divided",None,No Special Feature,Smooth Asphalt,Coastal,Rural,50 - 55  MPH,Stop Sign,Clear,No,"35.460594, -78.77848"
570,571,No,0-5,4,No,Not Applicable,C: Possible Injury,Non-Roadway,Black,Female,Greensboro,Guilford,No,,2010-08-09,Non-Roadway,19,Non-Roadway,01-08-01,0001-01-01T14:03:58-04:56,Non-Roadway,0,2010,C: Possible Injury,Residential,60-69,62,No,6-10 mph,O: No Injury,Black,Female,Passenger Car,No,No,Daylight,Urban (>70% Developed),,2,Straight - Level,Public Vehicular Area,Dry,,None,"Driveway, Public",Coarse Asphalt,Piedmont,Urban,5 - 15 MPH,No Control Present,Clear,No,"36.065228, -79.76195"