FID,OBJECTID,AmbulanceR,BikeAge_Gr,Bike_Age,Bike_Alc_D,Bike_Dir,Bike_Injur,Bike_Pos,Bike_Race,Bike_Sex,City,County,CrashAlcoh,CrashDay,Crash_Date,Crash_Grp,Crash_Hour,Crash_Loc,Crash_Mont,Crash_Time,Crash_Type,Crash_Ty_1,Crash_Year,Crsh_Sevri,Developmen,DrvrAge_Gr,Drvr_Age,Drvr_Alc_D,Drvr_EstSp,Drvr_Injur,Drvr_Race,Drvr_Sex,Drvr_VehTy,ExcsSpdInd,Hit_Run,Light_Cond,Locality,Num_Lanes,Num_Units,Rd_Charact,Rd_Class,Rd_Conditi,Rd_Config,Rd_Defects,Rd_Feature,Rd_Surface,Region,Rural_Urba,Speed_Limi,Traff_Cntr,Weather,Workzone_I,Location
834,835,Yes,10-Jun,10,No,Not Applicable,B: Evident Injury,Non-Roadway,Other,Male,Cary,Wake,No,01-01-06,2008-11-01,Non-Roadway,16,Non-Roadway,01-11-01,0001-01-01T11:53:58-04:56,Non-Roadway,460910,2008,B: Evident Injury,Residential,,,Missing,11-15 mph,Injury,/Missing,,Pickup,No,Yes,Daylight,Urban (>70% Developed),,2,Straight - Level,Public Vehicular Area,Dry,"Two-Way, Not Divided",None,"Driveway, Public",Smooth Asphalt,Piedmont,Urban,5 - 15 MPH,No Control Present,Clear,No,"0.0, 0.0"
836,837,Yes,40-49,43,No,With Traffic,C: Possible Injury,Travel Lane,Black,Male,Winston-Salem,Forsyth,No,01-01-05,2008-09-05,Parallel Paths - Other Circumstances,6,Intersection-Related,01-09-01,0001-01-01T01:24:58-04:56,Parallel Paths - Other /,211280,2008,C: Possible Injury,Commercial,,,No,11-15 mph,Injury,/Missing,,Passenger Car,No,Yes,Daylight,Urban (>70% Developed),6 lanes,2,Straight - Level,Local Street,Dry,"Two-Way, Divided, Positive Median Barrier",None,No Special Feature,Smooth Asphalt,Piedmont,Urban,40 - 45  MPH,Stop And Go Signal,Clear,No,"0.0, 0.0"
840,841,No,10-Jun,9,No,Not Applicable,Injury,Travel Lane,Hispanic,Male,Charlotte,Mecklenburg,No,01-01-02,2008-11-11,Bicyclist Failed to Yield - Midblock,17,Non-Intersection,01-11-01,0001-01-01T12:36:58-04:56,Bicyclist Ride Out - Midblock -,313319,2008,O: No Injury,Commercial,40-49,44,No,26-30 mph,O: No Injury,White,Female,Passenger Car,No,No,Dark - Lighted Roadway,Urban (>70% Developed),5 lanes,2,,Local Street,Dry,"Two-Way, Divided, Unprotected Median",None,No Special Feature,Smooth Asphalt,Piedmont,Urban,40 - 45  MPH,Stop And Go Signal,Clear,No,"0.0, 0.0"
845,846,Yes,40-49,44,No,With Traffic,B: Evident Injury,Travel Lane,White,Male,Wilmington,New Hanover,No,01-01-02,2008-10-21,Motorist Right Turn / Merge,15,Intersection-Related,01-10-01,0001-01-01T10:03:58-04:56,Motorist Right Turn - Same Direction,211213,2008,B: Evident Injury,Commercial,,,Missing,,Injury,/Missing,,,No,Yes,Daylight,Urban (>70% Developed),5 lanes,2,Straight - Level,Local Street,Dry,"Two-Way, Divided, Positive Median Barrier",None,No Special Feature,Smooth Asphalt,Coastal,Urban,,Stop And Go Signal,Clear,No,"0.0, 0.0"
846,847,Yes,70,,No,Not Applicable,B: Evident Injury,Non-Roadway,White,Male,Wilmington,New Hanover,No,01-01-02,2008-10-21,Non-Roadway,6,Non-Roadway,01-10-01,0001-01-01T01:54:58-04:56,Non-Roadway,460910,2008,B: Evident Injury,Commercial,40-49,44,No,6-10 mph,O: No Injury,Black,Male,Passenger Car,No,No,Dark - Lighted Roadway,Urban (>70% Developed),2 lanes,2,Curve - Level,"Private Road, Driveway",Dry,"Two-Way, Not Divided",None,T-Intersection,Coarse Asphalt,Coastal,Urban,,No Control Present,Clear,No,"0.0, 0.0"
267,268,Yes,20-24,20,No,With Traffic,A: Disabling Injury,Travel Lane,White,Male,Asheville,Buncombe,No,01-01-04,2008-04-24,Bicyclist Left Turn / Merge,13,Intersection,01-04-01,0001-01-01T08:36:58-04:56,Bicyclist Left Turn - Opposite Direction,111222,2008,A: Disabling Injury,Commercial,50-59,52,No,31-35 mph,O: No Injury,White,Male,Pickup,No,No,Daylight,Urban (>70% Developed),4 lanes,2,Straight - Grade,Local Street,Dry,"Two-Way, Not Divided",None,Four-Way Intersection,Coarse Asphalt,Mountains,Urban,30 - 35  MPH,Stop And Go Signal,Clear,No,"0.0, 0.0"
296,297,No,15-Nov,11,No,With Traffic,O: No Injury,Travel Lane,White,Female,Raleigh,Wake,No,,2008-05-05,Bicyclist Failed to Yield - Sign-Controlled Intersection,18,Intersection,01-05-01,0001-01-01T13:43:58-04:56,Bicyclist Ride Through - Sign-Controlled Intersection,111144,2008,O: No Injury,Residential,25-29,28,No,21-25 mph,O: No Injury,White,Male,Pickup,No,No,Daylight,Urban (>70% Developed),2 lanes,2,Straight - Grade,Local Street,Dry,"Two-Way, Not Divided",None,Four-Way Intersection,Smooth Asphalt,Piedmont,Urban,20 - 25  MPH,Stop Sign,Clear,No,"0.0, 0.0"
299,300,No,16-19,19,No,Not Applicable,O: No Injury,Non-Roadway,White,Male,Charlotte,Mecklenburg,No,01-01-05,2008-06-13,Non-Roadway,16,Non-Roadway,01-06-01,0001-01-01T11:42:58-04:56,Non-Roadway,460910,2008,O: No Injury,Commercial,70,,No,6-10 mph,O: No Injury,Black,Female,Passenger Car,No,No,Daylight,Urban (>70% Developed),2 lanes,2,Straight - Level,Public Vehicular Area,Dry,"Two-Way, Not Divided",None,No Special Feature,Smooth Asphalt,Piedmont,Urban,5 - 15 MPH,No Control Present,Clear,No,"0.0, 0.0"
301,302,Yes,10-Jun,7,No,With Traffic,C: Possible Injury,Travel Lane,Black,Male,Kinston,Lenoir,No,01-01-06,2008-06-14,Bicyclist Failed to Yield - Sign-Controlled Intersection,19,Intersection,01-06-01,0001-01-01T14:39:58-04:56,Bicyclist Ride Through - Sign-Controlled Intersection,111144,2008,C: Possible Injury,Residential,40-49,48,No,31-35 mph,O: No Injury,Black,Male,Pickup,No,No,Daylight,Urban (>70% Developed),4 lanes,2,Straight - Level,NC Route,Dry,"Two-Way, Divided, Unprotected Median",None,Four-Way Intersection,Coarse Asphalt,Coastal,Urban,30 - 35  MPH,Stop Sign,Clear,No,"0.0, 0.0"
303,304,No,15-Nov,14,No,With Traffic,B: Evident Injury,Travel Lane,Hispanic,Male,None - Rural Crash,Durham,No,01-01-03,2008-05-07,Motorist Overtaking Bicyclist,15,Non-Intersection,01-05-01,0001-01-01T10:20:58-04:56,Motorist Overtaking - Bicyclist Swerved,311235,2008,B: Evident Injury,"Farms, Woods, Pastures",50-59,50,No,41-45 mph,O: No Injury,Black,Female,Passenger Car,No,No,Daylight,Rural (<30% Developed),2 lanes,2,Straight - Level,State Secondary Route,Dry,"Two-Way, Not Divided",None,No Special Feature,Coarse Asphalt,Piedmont,Rural,40 - 45  MPH,"Double Yellow Line, No Passing Zone",Clear,No,"0.0, 0.0"
309,310,Yes,0-5,4,No,Not Applicable,C: Possible Injury,Non-Roadway,Black,Male,Burlington,Alamance,No,01-01-04,2008-05-08,Non-Roadway,15,Non-Roadway,01-05-01,0001-01-01T10:20:58-04:56,Non-Roadway,460910,2008,C: Possible Injury,Residential,25-29,27,No,0-5 mph,O: No Injury,White,Female,Passenger Car,No,No,Daylight,Urban (>70% Developed),,2,Straight - Level,Public Vehicular Area,Dry,"Two-Way, Not Divided",None,No Special Feature,Smooth Asphalt,Piedmont,Urban,,No Control Present,Clear,No,"0.0, 0.0"
310,311,Yes,50-59,51,No,With Traffic,Injury,Travel Lane,/Missing,Male,Roxboro,Person,No,01-01-04,2008-05-08,Bicyclist Failed to Yield - Sign-Controlled Intersection,20,Intersection,01-05-01,0001-01-01T15:35:58-04:56,Bicyclist Ride Through - Sign-Controlled Intersection,111144,2008,C: Possible Injury,Residential,20-24,24,No,31-35 mph,C: Possible Injury,Black,Female,Passenger Car,No,No,Dark - Lighted Roadway,Urban (>70% Developed),2 lanes,2,Straight - Level,Local Street,Dry,"Two-Way, Not Divided",None,Four-Way Intersection,Smooth Asphalt,Piedmont,Urban,30 - 35  MPH,Stop Sign,Clear,No,"0.0, 0.0"
316,317,Yes,60-69,60,Yes,With Traffic,K: Killed,Travel Lane,Native American,Male,Lumberton,Robeson,Yes,01-01-06,2008-05-10,Motorist Overtaking Bicyclist,3,Non-Intersection,01-05-01,0000-12-31T22:12:58-04:56,Motorist Overtaking - Other /,311239,2008,K: Killed,Residential,,,Missing,51-55 mph,Injury,/Missing,,,Yes,Yes,Dark - Lighted Roadway,Urban (>70% Developed),2 lanes,2,Curve - Level,Local Street,Dry,"Two-Way, Not Divided",None,No Special Feature,Coarse Asphalt,Coastal,Urban,40 - 45  MPH,No Control Present,Clear,No,"0.0, 0.0"
317,318,No,30-39,37,No,With Traffic,O: No Injury,Travel Lane,Black,Male,Raleigh,Wake,No,01-01-02,2008-05-13,Bicyclist Failed to Yield - Sign-Controlled Intersection,18,Intersection,01-05-01,0001-01-01T13:16:58-04:56,Bicyclist Ride Through - Sign-Controlled Intersection,111144,2008,O: No Injury,Residential,60-69,65,No,11-15 mph,O: No Injury,Black,Male,"Light Truck (Mini-Van, Panel)",No,No,Daylight,Urban (>70% Developed),2 lanes,2,Straight - Grade,Local Street,Dry,"Two-Way, Not Divided",None,Four-Way Intersection,Smooth Asphalt,Piedmont,Urban,20 - 25  MPH,Stop Sign,Clear,No,"0.0, 0.0"
318,319,Yes,40-49,43,No,With Traffic,B: Evident Injury,Travel Lane,Asian,Male,Raleigh,Wake,No,01-01-02,2008-05-13,Motorist Overtaking Bicyclist,20,Non-Intersection,01-05-01,0001-01-01T15:48:58-04:56,Motorist Overtaking - Misjudged Space,311232,2008,B: Evident Injury,Commercial,60-69,66,No,31-35 mph,O: No Injury,White,Male,Passenger Car,No,No,Dark - Roadway Not Lighted,Urban (>70% Developed),5 lanes,2,Straight - Level,Local Street,Dry,"Two-Way, Not Divided",None,No Special Feature,Smooth Asphalt,Piedmont,Urban,40 - 45  MPH,No Control Present,Clear,No,"0.0, 0.0"
320,321,No,16-19,18,No,With Traffic,O: No Injury,Sidewalk / Crosswalk / Driveway Crossing,White,Male,Raleigh,Wake,No,01-01-04,2008-05-01,Motorist Right Turn / Merge,19,Intersection,01-05-01,0001-01-01T14:43:58-04:56,Motorist Right Turn - Same Direction,131213,2008,O: No Injury,Commercial,,,Missing,,Injury,/Missing,,,No,Yes,Daylight,Urban (>70% Developed),,2,,Local Street,Dry,,None,No Special Feature,,Piedmont,Urban,,Missing,Clear,No,"0.0, 0.0"
326,327,Yes,20-24,23,No,With Traffic,C: Possible Injury,Travel Lane,White,Male,Raleigh,Wake,Yes,01-01-06,2008-04-19,Motorist Left Turn / Merge,2,Intersection,01-04-01,0000-12-31T21:38:58-04:56,Motorist Left Turn - Opposite Direction,111212,2008,C: Possible Injury,Residential,20-24,23,Yes,16-20 mph,O: No Injury,White,Female,Passenger Car,No,No,Dark - Lighted Roadway,Urban (>70% Developed),5 lanes,2,Straight - Level,Local Street,Dry,"Two-Way, Not Divided",None,T-Intersection,Smooth Asphalt,Piedmont,Urban,30 - 35  MPH,Stop And Go Signal,Clear,No,"0.0, 0.0"
329,330,Yes,16-19,16,No,Facing Traffic,C: Possible Injury,Travel Lane,Black,Male,Wilmington,New Hanover,No,01-01-02,2008-05-13,Motorist Failed to Yield - Midblock,16,Non-Intersection,01-05-01,0001-01-01T11:39:58-04:56,Motorist Drive Out - Other Midblock,312328,2008,C: Possible Injury,Commercial,25-29,27,No,,O: No Injury,White,Female,Sport Utility,No,No,Daylight,Urban (>70% Developed),6 lanes,2,Straight - Level,Local Street,Dry,"Two-Way, Divided, Unprotected Median",None,No Special Feature,Smooth Asphalt,Coastal,Urban,,No Control Present,Clear,No,"0.0, 0.0"
330,331,Yes,60-69,69,No,With Traffic,A: Disabling Injury,Travel Lane,White,Male,None - Rural Crash,Davidson,No,01-01-03,2008-05-14,Motorist Failed to Yield - Sign-Controlled Intersection,17,Intersection,01-05-01,0001-01-01T12:38:58-04:56,Motorist Drive Out - Sign-Controlled Intersection,111141,2008,A: Disabling Injury,"Farms, Woods, Pastures",40-49,40,No,0-5 mph,O: No Injury,White,Female,Passenger Car,No,No,Daylight,Rural (<30% Developed),2 lanes,2,Straight - Grade,State Secondary Route,Dry,"Two-Way, Not Divided",None,Four-Way Intersection,Smooth Asphalt,Piedmont,Rural,40 - 45  MPH,Stop Sign,Cloudy,No,"0.0, 0.0"
332,333,No,40-49,49,No,,C: Possible Injury,,Black,Male,Raleigh,Wake,No,01-01-05,2008-05-02,Crossing Paths - Other Circumstances,12,Non-Intersection,01-05-01,0001-01-01T07:22:58-04:56,Crossing Paths - Midblock - Other /,399380,2008,C: Possible Injury,Residential,,,Missing,31-35 mph,Injury,/Missing,,,No,Yes,Daylight,Urban (>70% Developed),2 lanes,3,Straight - Hillcrest,Local Street,Dry,"Two-Way, Not Divided",None,No Special Feature,Smooth Asphalt,Piedmont,Urban,30 - 35  MPH,Missing,Clear,No,"0.0, 0.0"
348,349,No,50-59,57,No,With Traffic,C: Possible Injury,Bike Lane / Paved Shoulder,White,Male,None - Rural Crash,Sampson,No,01-01-03,2008-05-21,Motorist Right Turn / Merge,5,Non-Intersection,01-05-01,0001-01-01T00:33:58-04:56,Motorist Right Turn - Same Direction,321213,2008,C: Possible Injury,"Farms, Woods, Pastures",,,Missing,51-55 mph,Injury,/Missing,,,No,Yes,Dawn,Rural (<30% Developed),2 lanes,2,Straight - Level,NC Route,Dry,"Two-Way, Not Divided",None,No Special Feature,Coarse Asphalt,Coastal,Rural,50 - 55  MPH,"Double Yellow Line, No Passing Zone",Clear,No,"0.0, 0.0"
352,353,Yes,40-49,47,No,Not Applicable,C: Possible Injury,Non-Roadway,Black,Male,Rocky Mount,Nash,No,01-01-03,2008-05-21,Non-Roadway,17,Non-Roadway,01-05-01,0001-01-01T12:11:58-04:56,Non-Roadway,460910,2008,C: Possible Injury,Commercial,0-19,15,No,0-5 mph,O: No Injury,White,Male,Sport Utility,No,No,Daylight,Urban (>70% Developed),2 lanes,2,Curve - Level,Public Vehicular Area,Dry,"Two-Way, Not Divided",None,"Driveway, Public",Smooth Asphalt,Coastal,Urban,30 - 35  MPH,No Control Present,Cloudy,No,"0.0, 0.0"
353,354,Yes,60-69,60,No,Facing Traffic,B: Evident Injury,Travel Lane,White,Female,High Point,Guilford,No,01-01-04,2008-05-22,Head-On,7,Intersection-Related,01-05-01,0001-01-01T02:40:58-04:56,Head-On - Bicyclist,212250,2008,B: Evident Injury,Residential,0-19,16,No,16-20 mph,O: No Injury,White,Female,Passenger Car,No,No,Daylight,Urban (>70% Developed),2 lanes,2,Straight - Grade,Local Street,Dry,"Two-Way, Not Divided",None,No Special Feature,Smooth Asphalt,Piedmont,Urban,20 - 25  MPH,Missing,Clear,No,"0.0, 0.0"
365,366,No,16-19,18,No,With Traffic,C: Possible Injury,Sidewalk / Crosswalk / Driveway Crossing,White,Female,Indian Trail,Union,No,,2008-05-26,Motorist Left Turn / Merge,19,Intersection,01-05-01,0001-01-01T14:09:58-04:56,Motorist Left Turn - Opposite Direction,131212,2008,C: Possible Injury,Residential,30-39,32,No,16-20 mph,O: No Injury,White,Male,Pickup,No,No,Daylight,Urban (>70% Developed),2 lanes,2,Straight - Grade,State Secondary Route,Dry,"Two-Way, Not Divided",None,Four-Way Intersection,Smooth Asphalt,Piedmont,Urban,30 - 35  MPH,"Double Yellow Line, No Passing Zone",Clear,No,"0.0, 0.0"
366,367,Yes,40-49,48,No,With Traffic,B: Evident Injury,Travel Lane,White,Male,Charlotte,Mecklenburg,No,01-01-06,2008-06-07,Motorist Failed to Yield - Sign-Controlled Intersection,12,Intersection,01-06-01,0001-01-01T07:13:58-04:56,Motorist Drive Out - Sign-Controlled Intersection,111141,2008,B: Evident Injury,Commercial,40-49,49,No,6-10 mph,O: No Injury,White,Female,Passenger Car,No,No,Daylight,Urban (>70% Developed),2 lanes,2,Straight - Level,Local Street,Dry,"Two-Way, Not Divided",None,Four-Way Intersection,Smooth Asphalt,Piedmont,Urban,30 - 35  MPH,Stop Sign,Clear,No,"0.0, 0.0"
373,374,No,50-59,51,Yes,With Traffic,C: Possible Injury,Travel Lane,White,Male,Greensboro,Guilford,Yes,01-01-04,2008-05-29,Bicyclist Left Turn / Merge,15,Intersection,01-05-01,0001-01-01T10:56:58-04:56,Bicyclist Left Turn - Opposite Direction,111222,2008,C: Possible Injury,Institutional,30-39,37,No,21-25 mph,O: No Injury,White,Female,Pickup,No,No,Daylight,Urban (>70% Developed),3 lanes,2,Straight - Bottom,Local Street,Dry,"Two-Way, Not Divided",None,Four-Way Intersection,Smooth Asphalt,Piedmont,Urban,30 - 35  MPH,Missing,Clear,No,"0.0, 0.0"
376,377,Yes,16-19,16,No,Facing Traffic,B: Evident Injury,Bike Lane / Paved Shoulder,Black,Male,Winston-Salem,Forsyth,No,01-01-04,2008-05-29,Motorist Failed to Yield - Midblock,18,Non-Intersection,01-05-01,0001-01-01T13:06:58-04:56,Motorist Drive Out - Other Midblock,322328,2008,B: Evident Injury,Commercial,30-39,35,No,0-5 mph,O: No Injury,Black,Male,Pickup,No,No,Daylight,Urban (>70% Developed),4 lanes,2,Curve - Grade,Local Street,Dry,"Two-Way, Divided, Positive Median Barrier",None,No Special Feature,Coarse Asphalt,Piedmont,Urban,30 - 35  MPH,Missing,Clear,No,"0.0, 0.0"
380,381,No,50-59,50,No,With Traffic,B: Evident Injury,Travel Lane,White,Male,Lewisville,Forsyth,No,01-01-06,2008-05-31,Motorist Failed to Yield - Midblock,9,Non-Intersection,01-05-01,0001-01-01T05:00:58-04:56,Motorist Drive Out - Residential Driveway,311321,2008,B: Evident Injury,Residential,70,,No,0-5 mph,O: No Injury,White,Female,Passenger Car,No,Yes,Daylight,Mixed (30% To 70% Developed),2 lanes,3,Curve - Level,State Secondary Route,Dry,"Two-Way, Not Divided",None,No Special Feature,Smooth Asphalt,Piedmont,Urban,30 - 35  MPH,"Double Yellow Line, No Passing Zone",Clear,No,"0.0, 0.0"
384,385,Yes,25-29,28,No,Not Applicable,B: Evident Injury,Non-Roadway,White,Male,Greensboro,Guilford,No,01-01-06,2008-06-07,Bicyclist Failed to Yield - Midblock,15,Non-Intersection,01-06-01,0001-01-01T10:12:58-04:56,Bicyclist Ride Out - Commercial Driveway / Alley,363312,2008,B: Evident Injury,Commercial,30-39,30,No,31-35 mph,O: No Injury,White,Female,Sport Utility,No,No,Daylight,Urban (>70% Developed),5 lanes,2,Straight - Level,Local Street,Dry,"Two-Way, Divided, Unprotected Median",None,No Special Feature,Smooth Asphalt,Piedmont,Urban,30 - 35  MPH,Missing,Clear,No,"0.0, 0.0"
386,387,No,50-59,57,Yes,Not Applicable,Injury,Non-Roadway,White,Male,Boone,Watauga,Yes,01-01-02,2008-06-03,Non-Roadway,10,Non-Roadway,01-06-01,0001-01-01T05:46:58-04:56,Non-Roadway,460910,2008,O: No Injury,Commercial,70,,No,16-20 mph,O: No Injury,White,Female,Passenger Car,No,No,Daylight,Urban (>70% Developed),,2,Straight - Level,Public Vehicular Area,Dry,"Two-Way, Not Divided",None,No Special Feature,Smooth Asphalt,Mountains,Urban,,Missing,Clear,No,"0.0, 0.0"
392,393,Yes,40-49,42,No,With Traffic,B: Evident Injury,Travel Lane,White,Male,Durham,Durham,No,01-01-07,2008-06-29,Motorist Left Turn / Merge,20,Intersection,01-06-01,0001-01-01T15:55:58-04:56,Motorist Left Turn - Opposite Direction,111212,2008,B: Evident Injury,Residential,30-39,36,No,6-10 mph,O: No Injury,Black,Male,Passenger Car,No,No,Dark - Lighted Roadway,Urban (>70% Developed),2 lanes,2,Straight - Level,Local Street,Wet,"Two-Way, Not Divided",None,No Special Feature,Concrete,Piedmont,Urban,20 - 25  MPH,Stop Sign,Rain,No,"0.0, 0.0"
402,403,No,10-Jun,9,No,,B: Evident Injury,,White,Male,None - Rural Crash,Nash,No,01-01-03,2008-06-18,Bicyclist Failed to Yield - Midblock,14,Non-Intersection,01-06-01,0001-01-01T09:52:58-04:56,Bicyclist Ride Out - Midblock -,399319,2008,B: Evident Injury,"Farms, Woods, Pastures",60-69,60,No,51-55 mph,O: No Injury,Black,Male,Passenger Car,No,No,Daylight,Rural (<30% Developed),2 lanes,2,Straight - Grade,US Route,Dry,"Two-Way, Not Divided",None,No Special Feature,Coarse Asphalt,Coastal,Rural,50 - 55  MPH,Missing,Clear,No,"0.0, 0.0"
410,411,No,16-19,17,No,Not Applicable,O: No Injury,Non-Roadway,White,Male,Fuquay-Varina,Wake,No,01-01-03,2008-06-04,Non-Roadway,20,Non-Roadway,01-06-01,0001-01-01T15:06:58-04:56,Non-Roadway,460910,2008,O: No Injury,Commercial,25-29,25,No,6-10 mph,O: No Injury,Black,Female,Passenger Car,No,No,Daylight,Urban (>70% Developed),,2,Straight - Level,Public Vehicular Area,Dry,"Two-Way, Not Divided",None,No Special Feature,Smooth Asphalt,Piedmont,Urban,20 - 25  MPH,No Control Present,Clear,No,"0.0, 0.0"
414,415,Yes,15-Nov,13,No,Not Applicable,A: Disabling Injury,Non-Roadway,Black,Male,Greensboro,Guilford,No,,2008-06-09,Bicyclist Failed to Yield - Sign-Controlled Intersection,9,Intersection,01-06-01,0001-01-01T04:52:58-04:56,Bicyclist Ride Through - Sign-Controlled Intersection,163144,2008,A: Disabling Injury,Residential,60-69,61,No,21-25 mph,O: No Injury,Black,Male,Passenger Car,No,No,Daylight,Urban (>70% Developed),1 lane,2,Straight - Level,Local Street,Dry,"Two-Way, Not Divided",None,Four-Way Intersection,Coarse Asphalt,Piedmont,Urban,20 - 25  MPH,Stop Sign,Clear,No,"0.0, 0.0"
417,418,Yes,15-Nov,14,No,Facing Traffic,B: Evident Injury,Travel Lane,White,Male,None - Rural Crash,Pender,No,01-01-05,2008-06-13,Bicyclist Failed to Yield - Sign-Controlled Intersection,15,Intersection,01-06-01,0001-01-01T10:18:58-04:56,Bicyclist Ride Out - Sign-Controlled Intersection,112142,2008,B: Evident Injury,Residential,40-49,41,No,26-30 mph,O: No Injury,White,Female,Passenger Car,No,No,Daylight,Urban (>70% Developed),2 lanes,2,Straight - Level,State Secondary Route,Dry,"Two-Way, Not Divided",None,T-Intersection,Smooth Asphalt,Coastal,Rural,30 - 35  MPH,Stop Sign,Clear,No,"0.0, 0.0"
425,426,Yes,16-19,19,No,With Traffic,C: Possible Injury,Travel Lane,White,Male,Raleigh,Wake,No,01-01-03,2008-06-18,Motorist Left Turn / Merge,19,Non-Intersection,01-06-01,0001-01-01T14:46:58-04:56,Motorist Left Turn - Opposite Direction,311212,2008,C: Possible Injury,Commercial,30-39,35,No,6-10 mph,O: No Injury,White,Male,Pickup,No,No,Daylight,Urban (>70% Developed),3 lanes,2,Straight - Level,Local Street,Dry,"Two-Way, Not Divided",None,No Special Feature,Coarse Asphalt,Piedmont,Urban,30 - 35  MPH,No Control Present,Clear,No,"0.0, 0.0"
429,430,Yes,25-29,25,No,With Traffic,C: Possible Injury,Travel Lane,White,Male,Sylva,Jackson,No,,2008-06-02,Bicyclist Failed to Yield - Signalized Intersection,18,Intersection,01-06-01,0001-01-01T13:13:58-04:56,Bicyclist Ride Through - Signalized Intersection,111155,2008,C: Possible Injury,Commercial,30-39,31,No,6-10 mph,O: No Injury,White,Male,Pickup,No,No,Daylight,Urban (>70% Developed),2 lanes,2,Straight - Level,NC Route,Dry,"Two-Way, Not Divided",None,Four-Way Intersection,Coarse Asphalt,Mountains,Rural,20 - 25  MPH,Stop And Go Signal,Clear,No,"0.0, 0.0"
430,431,Yes,16-19,17,No,Facing Traffic,B: Evident Injury,Sidewalk / Crosswalk / Driveway Crossing,Hispanic,Male,Charlotte,Mecklenburg,No,01-01-05,2008-06-06,Bicyclist Failed to Yield - Signalized Intersection,20,Intersection,01-06-01,0001-01-01T15:33:58-04:56,Bicyclist Ride Through - Signalized Intersection,132155,2008,B: Evident Injury,Residential,70,,No,0-5 mph,O: No Injury,White,Female,Sport Utility,No,No,Daylight,Urban (>70% Developed),2 lanes,2,Straight - Level,Local Street,Dry,"Two-Way, Not Divided",None,Four-Way Intersection,Smooth Asphalt,Piedmont,Urban,30 - 35  MPH,Stop And Go Signal,Clear,No,"0.0, 0.0"
433,434,No,50-59,58,No,Not Applicable,B: Evident Injury,Driveway / Alley,White,Male,None - Rural Crash,Union,No,,2008-06-16,Bicyclist Failed to Yield - Midblock,8,Non-Intersection,01-06-01,0001-01-01T03:31:58-04:56,Bicyclist Ride Out - Residential Driveway,353311,2008,B: Evident Injury,"Farms, Woods, Pastures",40-49,44,No,0-5 mph,O: No Injury,White,Female,Passenger Car,No,No,Daylight,Rural (<30% Developed),2 lanes,2,Straight - Level,State Secondary Route,Dry,"Two-Way, Not Divided",None,"Driveway, Private",Smooth Asphalt,Piedmont,Rural,50 - 55  MPH,No Control Present,Clear,No,"0.0, 0.0"
442,443,No,16-19,18,No,Not Applicable,O: No Injury,Non-Roadway,White,Male,None - Rural Crash,Chatham,No,01-01-04,2008-07-17,Non-Roadway,17,Non-Roadway,01-07-01,0001-01-01T12:38:58-04:56,Non-Roadway,460910,2008,O: No Injury,Commercial,30-39,36,No,11-15 mph,O: No Injury,White,Female,Van,No,No,Daylight,Rural (<30% Developed),,2,Straight - Level,Public Vehicular Area,Dry,"Two-Way, Not Divided",None,No Special Feature,Smooth Asphalt,Piedmont,Rural,5 - 15 MPH,No Control Present,Clear,No,"0.0, 0.0"
446,447,Yes,10-Jun,8,No,With Traffic,A: Disabling Injury,Travel Lane,Black,Male,Selma,Johnston,No,01-01-02,2008-06-24,Bicyclist Failed to Yield - Sign-Controlled Intersection,13,Intersection,01-06-01,0001-01-01T08:25:58-04:56,Bicyclist Ride Out - Sign-Controlled Intersection,111142,2008,A: Disabling Injury,Commercial,60-69,60,No,31-35 mph,O: No Injury,White,Male,Van,No,No,Daylight,Urban (>70% Developed),5 lanes,2,Straight - Level,US Route,Dry,"Two-Way, Divided, Unprotected Median",None,Four-Way Intersection,Smooth Asphalt,Coastal,Urban,30 - 35  MPH,Stop Sign,Clear,No,"0.0, 0.0"
454,455,Yes,16-19,18,No,With Traffic,K: Killed,Travel Lane,White,Male,Jacksonville,Onslow,Yes,01-01-06,2008-06-21,Motorist Overtaking Bicyclist,23,Non-Intersection,01-06-01,0001-01-01T18:35:58-04:56,Motorist Overtaking - Undetected Bicyclist,311231,2008,K: Killed,Commercial,20-24,23,Yes,56-60 mph,O: No Injury,Hispanic,Male,Passenger Car,No,Yes,Dark - Roadway Not Lighted,Urban (>70% Developed),6 lanes,3,Straight - Level,NC Route,Dry,"Two-Way, Divided, Positive Median Barrier",None,Bridge Approach,Coarse Asphalt,Coastal,Urban,50 - 55  MPH,No Control Present,Clear,No,"0.0, 0.0"
457,458,Yes,16-19,18,No,With Traffic,C: Possible Injury,Sidewalk / Crosswalk / Driveway Crossing,White,Male,Gastonia,Gaston,No,01-01-03,2008-06-25,Parallel Paths - Other Circumstances,12,Non-Intersection,01-06-01,0001-01-01T07:12:58-04:56,Bicyclist Ride Out - Parallel Path,331225,2008,C: Possible Injury,Residential,70,,No,36-40 mph,O: No Injury,White,Female,Passenger Car,No,No,Daylight,Urban (>70% Developed),5 lanes,2,Straight - Grade,Local Street,Dry,"Two-Way, Not Divided",None,No Special Feature,Coarse Asphalt,Piedmont,Urban,40 - 45  MPH,No Control Present,Clear,No,"0.0, 0.0"
464,465,No,25-29,28,No,With Traffic,B: Evident Injury,Bike Lane / Paved Shoulder,White,Male,Charlotte,Mecklenburg,No,,2008-07-07,Motorist Right Turn / Merge,7,Non-Intersection,01-07-01,0001-01-01T02:27:58-04:56,Motorist Right Turn - Same Direction,321213,2008,B: Evident Injury,Commercial,40-49,46,No,31-35 mph,O: No Injury,Black,Male,Passenger Car,No,No,Daylight,Urban (>70% Developed),2 lanes,2,Straight - Level,Local Street,Dry,"Two-Way, Divided, Unprotected Median",None,No Special Feature,Smooth Asphalt,Piedmont,Urban,30 - 35  MPH,No Control Present,Cloudy,No,"0.0, 0.0"