FID,OBJECTID,AmbulanceR,BikeAge_Gr,Bike_Age,Bike_Alc_D,Bike_Dir,Bike_Injur,Bike_Pos,Bike_Race,Bike_Sex,City,County,CrashAlcoh,CrashDay,Crash_Date,Crash_Grp,Crash_Hour,Crash_Loc,Crash_Mont,Crash_Time,Crash_Type,Crash_Ty_1,Crash_Year,Crsh_Sevri,Developmen,DrvrAge_Gr,Drvr_Age,Drvr_Alc_D,Drvr_EstSp,Drvr_Injur,Drvr_Race,Drvr_Sex,Drvr_VehTy,ExcsSpdInd,Hit_Run,Light_Cond,Locality,Num_Lanes,Num_Units,Rd_Charact,Rd_Class,Rd_Conditi,Rd_Config,Rd_Defects,Rd_Feature,Rd_Surface,Region,Rural_Urba,Speed_Limi,Traff_Cntr,Weather,Workzone_I,Location
332,333,No,20-24,21,No,Facing Traffic,O: No Injury,Sidewalk / Crosswalk / Driveway Crossing,/Missing,Male,Charlotte,Mecklenburg,No,01-01-04,2011-06-02,Motorist Failed to Yield - Sign-Controlled Intersection,7,Intersection,01-06-01,0001-01-01T02:33:58-04:56,Motorist Drive Out - Sign-Controlled Intersection,132141,2011,O: No Injury,Commercial,30-39,33,No,0-5 mph,O: No Injury,White,Male,Passenger Car,No,No,Daylight,Urban (>70% Developed),4 lanes,2,Straight - Grade,Local Street,Dry,"Two-Way, Not Divided",None,No Special Feature,Smooth Asphalt,Piedmont,Urban,30 - 35  MPH,Stop Sign,Clear,No,"35.21313, -80.8279"
335,336,Yes,40-49,45,No,With Traffic,B: Evident Injury,Travel Lane,White,Male,Winston-Salem,Forsyth,No,,2011-06-06,Motorist Left Turn / Merge,8,Intersection,01-06-01,0001-01-01T03:42:58-04:56,Motorist Left Turn - Opposite Direction,111212,2011,B: Evident Injury,Residential,70,,No,16-20 mph,O: No Injury,White,Female,Passenger Car,No,No,Daylight,Urban (>70% Developed),2 lanes,2,Straight - Level,Local Street,Dry,"Two-Way, Not Divided",None,T-Intersection,Smooth Asphalt,Piedmont,Urban,30 - 35  MPH,No Control Present,Clear,No,"36.11459, -80.2825"
338,339,Yes,50-59,52,No,With Traffic,B: Evident Injury,Travel Lane,White,Male,None - Rural Crash,Wake,No,01-01-03,2011-06-22,Bicyclist Left Turn / Merge,18,Non-Intersection,01-06-01,0001-01-01T13:34:58-04:56,Bicyclist Left Turn - Same Direction,311221,2011,B: Evident Injury,"Farms, Woods, Pastures",40-49,49,No,46-50 mph,O: No Injury,White,Female,Passenger Car,No,No,Daylight,Rural (<30% Developed),2 lanes,2,Straight - Level,NC Route,Dry,"Two-Way, Not Divided",None,No Special Feature,Coarse Asphalt,Piedmont,Rural,50 - 55  MPH,No Control Present,Clear,No,"35.95153, -78.6815"
342,343,Yes,30-39,35,No,Facing Traffic,B: Evident Injury,Sidewalk / Crosswalk / Driveway Crossing,White,Male,Charlotte,Mecklenburg,No,,2011-06-06,Motorist Failed to Yield - Midblock,10,Non-Intersection,01-06-01,0001-01-01T05:40:58-04:56,Motorist Drive Out - Commercial Driveway / Alley,332322,2011,B: Evident Injury,Commercial,30-39,39,No,6-10 mph,O: No Injury,White,Female,Passenger Car,No,No,Daylight,Urban (>70% Developed),6 lanes,2,Straight - Level,Local Street,Dry,"Two-Way, Divided, Unprotected Median",None,No Special Feature,Coarse Asphalt,Piedmont,Urban,30 - 35  MPH,Stop Sign,Clear,No,"35.2195, -80.8361"
345,346,Yes,70,,No,With Traffic,C: Possible Injury,Travel Lane,White,Male,None - Rural Crash,Transylvania,No,01-01-06,2011-06-25,Motorist Overtaking Bicyclist,12,Non-Intersection,01-06-01,0001-01-01T07:52:58-04:56,Motorist Overtaking - Bicyclist Swerved,311235,2011,C: Possible Injury,"Farms, Woods, Pastures",50-59,51,No,16-20 mph,O: No Injury,White,Male,Sport Utility,No,No,Daylight,Rural (<30% Developed),2 lanes,2,Straight - Level,State Secondary Route,Dry,"Two-Way, Not Divided",None,No Special Feature,Smooth Asphalt,Mountains,Rural,40 - 45  MPH,"Double Yellow Line, No Passing Zone",Clear,No,"35.23598, -82.6139"
348,349,No,15-Nov,12,No,With Traffic,O: No Injury,Travel Lane,White,Male,Asheville,Buncombe,No,01-01-06,2011-06-04,Bicyclist Failed to Yield - Sign-Controlled Intersection,12,Intersection,01-06-01,0001-01-01T07:53:58-04:56,Bicyclist Ride Out - Sign-Controlled Intersection,111142,2011,O: No Injury,Commercial,,,Missing,16-20 mph,Injury,/Missing,,,No,Yes,Daylight,Mixed (30% To 70% Developed),2 lanes,2,Straight - Level,Local Street,Dry,"Two-Way, Not Divided",None,Four-Way Intersection,Coarse Asphalt,Mountains,Urban,20 - 25  MPH,Stop Sign,Clear,No,"35.57783, -82.5796"
352,353,Yes,40-49,49,No,With Traffic,C: Possible Injury,,Black,Male,Winston-Salem,Forsyth,No,,2011-05-30,Crossing Paths - Other Circumstances,19,Intersection-Related,01-05-01,0001-01-01T14:13:58-04:56,Crossing Paths - Intersection - Other /,291180,2011,C: Possible Injury,Residential,20-24,23,No,6-10 mph,O: No Injury,Black,Male,Passenger Car,No,No,Daylight,Urban (>70% Developed),2 lanes,2,Straight - Level,Local Street,Dry,"Two-Way, Not Divided",None,Four-Way Intersection,Smooth Asphalt,Piedmont,Urban,30 - 35  MPH,Flashing Signal With Stop Sign,Clear,No,"36.12203, -80.2223"
354,355,Yes,50-59,50,No,Facing Traffic,B: Evident Injury,Sidewalk / Crosswalk / Driveway Crossing,White,Male,Wilmington,New Hanover,No,,2011-06-06,Bicyclist Right Turn / Merge,19,Non-Intersection,01-06-01,0001-01-01T14:30:58-04:56,Bicyclist Right Turn - Same Direction,332223,2011,B: Evident Injury,Commercial,40-49,49,No,31-35 mph,O: No Injury,White,Male,Pickup,No,No,Daylight,Urban (>70% Developed),5 lanes,2,Straight - Level,Local Street,Dry,"Two-Way, Not Divided",None,No Special Feature,Coarse Asphalt,Coastal,Urban,30 - 35  MPH,Stop And Go Signal,Clear,No,"34.24168, -77.8959"
356,357,No,15-Nov,14,No,With Traffic,O: No Injury,Travel Lane,White,Male,Mooresville,Iredell,No,01-01-04,2011-06-09,Motorist Overtaking Bicyclist,16,Non-Intersection,01-06-01,0001-01-01T11:26:58-04:56,Motorist Overtaking - Misjudged Space,311232,2011,O: No Injury,Residential,40-49,40,No,21-25 mph,O: No Injury,White,Female,Sport Utility,No,No,Daylight,Urban (>70% Developed),2 lanes,2,Straight - Hillcrest,Local Street,Dry,"Two-Way, Not Divided",None,No Special Feature,Coarse Asphalt,Piedmont,Urban,20 - 25  MPH,No Control Present,Clear,No,"35.53854, -80.7921"
360,361,Yes,60-69,60,No,With Traffic,K: Killed,Travel Lane,White,Male,None - Rural Crash,Brunswick,No,,2011-06-20,Bicyclist Left Turn / Merge,14,Non-Intersection,01-06-01,0001-01-01T09:05:58-04:56,Bicyclist Left Turn - Same Direction,311221,2011,K: Killed,"Farms, Woods, Pastures",50-59,51,No,51-55 mph,O: No Injury,White,Male,"Single Unit Truck (2-Axle, 6-Tire)",No,No,Daylight,Rural (<30% Developed),4 lanes,2,Straight - Level,US Route,Dry,"Two-Way, Divided, Unprotected Median",None,No Special Feature,Coarse Asphalt,Coastal,Rural,50 - 55  MPH,No Control Present,Clear,No,"34.131, -78.0991"
362,363,Yes,50-59,59,No,With Traffic,B: Evident Injury,Sidewalk / Crosswalk / Driveway Crossing,White,Male,None - Rural Crash,Johnston,No,01-01-05,2011-07-01,Motorist Left Turn / Merge,1,Non-Intersection,01-07-01,0000-12-31T21:00:58-04:56,Motorist Left Turn - Opposite Direction,331212,2011,B: Evident Injury,"Farms, Woods, Pastures",20-24,23,No,51-55 mph,O: No Injury,White,Male,Pickup,No,No,Dark - Roadway Not Lighted,Rural (<30% Developed),2 lanes,2,Straight - Level,State Secondary Route,Dry,"Two-Way, Not Divided",None,"Driveway, Public",Smooth Asphalt,Coastal,Rural,50 - 55  MPH,No Control Present,Clear,No,"35.57861, -78.1406"
367,368,Yes,20-24,20,No,With Traffic,C: Possible Injury,Sidewalk / Crosswalk / Driveway Crossing,Black,Male,Charlotte,Mecklenburg,No,01-01-02,2011-06-07,Motorist Failed to Yield - Midblock,15,Non-Intersection,01-06-01,0001-01-01T10:53:58-04:56,Motorist Drive Out - Residential Driveway,331321,2011,C: Possible Injury,Commercial,30-39,33,No,,O: No Injury,White,Male,Pickup,No,No,Dawn,Urban (>70% Developed),4 lanes,2,Curve - Hillcrest,Local Street,Dry,"Two-Way, Not Divided",None,"Driveway, Private",Smooth Asphalt,Piedmont,Urban,30 - 35  MPH,No Control Present,Clear,No,"35.26085, -80.8197"
369,370,No,70,,No,With Traffic,C: Possible Injury,Sidewalk / Crosswalk / Driveway Crossing,White,Male,Wilmington,New Hanover,No,01-01-03,2011-06-15,Motorist Failed to Yield - Signalized Intersection,11,Intersection,01-06-01,0001-01-01T06:10:58-04:56,Motorist Drive Out - Right Turn on Red,131151,2011,C: Possible Injury,Commercial,20-24,22,No,0-5 mph,O: No Injury,White,Female,Passenger Car,No,No,Daylight,Urban (>70% Developed),5 lanes,2,Straight - Level,Local Street,Dry,"Two-Way, Not Divided",None,No Special Feature,Coarse Asphalt,Coastal,Urban,40 - 45  MPH,Flashing Stop And Go Signal,Clear,No,"34.24015, -77.9044"
372,373,No,20-24,22,No,With Traffic,Injury,Travel Lane,Black,Male,Charlotte,Mecklenburg,No,01-01-05,2011-06-10,Motorist Overtaking Bicyclist,14,Non-Intersection,01-06-01,0001-01-01T09:18:58-04:56,Motorist Overtaking - Other /,311239,2011,Injury,Commercial,,,Missing,31-35 mph,Injury,/Missing,,,No,Yes,Daylight,Urban (>70% Developed),4 lanes,2,Straight - Level,Local Street,Dry,"Two-Way, Divided, Positive Median Barrier",None,Bridge,Coarse Asphalt,Piedmont,Urban,30 - 35  MPH,No Control Present,Clear,No,"35.20458, -80.7851"
375,376,No,16-19,19,No,Facing Traffic,B: Evident Injury,Travel Lane,White,Male,Fayetteville,Cumberland,No,01-01-02,2011-06-28,Motorist Failed to Yield - Signalized Intersection,17,Intersection,01-06-01,0001-01-01T12:46:58-04:56,Motorist Drive Out - Signalized Intersection,112152,2011,B: Evident Injury,Commercial,30-39,34,No,0-5 mph,O: No Injury,Hispanic,Female,"Light Truck (Mini-Van, Panel)",No,No,Daylight,Urban (>70% Developed),4 lanes,2,Straight - Hillcrest,Local Street,Dry,"One-Way, Not Divided",None,No Special Feature,Coarse Asphalt,Coastal,Urban,40 - 45  MPH,Stop And Go Signal,Cloudy,No,"35.07769, -78.9586"
383,384,No,30-39,38,No,With Traffic,O: No Injury,Travel Lane,Hispanic,Male,Siler City,Chatham,No,01-01-03,2011-06-15,Bicyclist Failed to Yield - Sign-Controlled Intersection,20,Intersection,01-06-01,0001-01-01T15:13:58-04:56,Bicyclist Ride Out - Sign-Controlled Intersection,111142,2011,O: No Injury,Commercial,60-69,65,No,31-35 mph,O: No Injury,Black,Female,Passenger Car,No,No,Daylight,Urban (>70% Developed),5 lanes,2,Straight - Level,Local Street,Dry,"Two-Way, Not Divided",None,Four-Way Intersection,Smooth Asphalt,Piedmont,Urban,30 - 35  MPH,Stop Sign,Clear,No,"35.72626, -79.464"
390,391,Yes,16-19,16,No,With Traffic,B: Evident Injury,Sidewalk / Crosswalk / Driveway Crossing,White,Male,Wrightsville Beach,New Hanover,No,01-01-04,2011-06-16,Parallel Paths - Other Circumstances,13,Intersection,01-06-01,0001-01-01T08:25:58-04:56,Bicyclist Ride Out - Parallel Path,131225,2011,B: Evident Injury,Residential,30-39,39,No,,O: No Injury,White,Male,"Light Truck (Mini-Van, Panel)",No,No,Daylight,Urban (>70% Developed),1 lane,2,Straight - Level,Local Street,Dry,"One-Way, Not Divided",None,No Special Feature,Smooth Asphalt,Coastal,Rural,5 - 15 MPH,No Control Present,Clear,No,"34.21608, -77.7929"
392,393,No,40-49,41,No,With Traffic,B: Evident Injury,Travel Lane,White,Male,Matthews,Mecklenburg,No,01-01-02,2011-06-21,Motorist Left Turn / Merge,20,Non-Intersection,01-06-01,0001-01-01T15:09:58-04:56,Motorist Left Turn - Opposite Direction,311212,2011,B: Evident Injury,Residential,30-39,36,No,21-25 mph,O: No Injury,White,Female,Passenger Car,No,No,Daylight,Urban (>70% Developed),2 lanes,2,Curve - Grade,Local Street,Dry,"Two-Way, Not Divided",None,No Special Feature,Smooth Asphalt,Piedmont,Urban,20 - 25  MPH,No Control Present,Clear,No,"35.13162, -80.6739"
399,400,Yes,15-Nov,12,No,With Traffic,C: Possible Injury,Travel Lane,White,Male,Ramseur,Randolph,No,01-01-07,2011-06-19,Bicyclist Failed to Yield - Signalized Intersection,21,Intersection,01-06-01,0001-01-01T16:17:58-04:56,Bicyclist Ride Out - Signalized  Intersection,111153,2011,C: Possible Injury,Commercial,50-59,54,No,21-25 mph,O: No Injury,White,Female,Passenger Car,No,No,Dark - Lighted Roadway,Urban (>70% Developed),5 lanes,2,Straight - Hillcrest,US Route,Dry,"Two-Way, Not Divided",None,Four-Way Intersection,Smooth Asphalt,Piedmont,Rural,30 - 35  MPH,Stop And Go Signal,Clear,No,"35.73758, -79.6553"
402,403,Yes,40-49,42,Yes,Facing Traffic,B: Evident Injury,Travel Lane,Black,Male,Winston-Salem,Forsyth,Yes,01-01-04,2011-06-23,Head-On,14,Intersection-Related,01-06-01,0001-01-01T09:22:58-04:56,Head-On - Bicyclist,212250,2011,B: Evident Injury,Commercial,40-49,42,No,0-5 mph,O: No Injury,Black,Male,Pickup,No,No,Daylight,Urban (>70% Developed),2 lanes,2,Curve - Hillcrest,Local Street,Dry,"Two-Way, Not Divided",None,No Special Feature,Smooth Asphalt,Piedmont,Urban,30 - 35  MPH,Stop And Go Signal,Cloudy,No,"36.10522, -80.2576"
707,708,Yes,30-39,38,No,With Traffic,B: Evident Injury,Travel Lane,Black,Female,High Point,Guilford,No,01-01-04,2011-10-06,Motorist Failed to Yield - Sign-Controlled Intersection,11,Intersection,01-10-01,0001-01-01T06:24:58-04:56,Motorist Drive Out - Sign-Controlled Intersection,111141,2011,B: Evident Injury,Commercial,70,,No,6-10 mph,O: No Injury,White,Female,Passenger Car,No,No,Daylight,Urban (>70% Developed),5 lanes,2,Straight - Grade,NC Route,Dry,"Two-Way, Not Divided",None,T-Intersection,Coarse Asphalt,Piedmont,Urban,30 - 35  MPH,Stop Sign,Clear,No,"35.98405, -80.0135"
710,711,Yes,30-39,30,No,With Traffic,C: Possible Injury,Sidewalk / Crosswalk / Driveway Crossing,White,Male,Morrisville,Wake,No,,2011-10-17,Motorist Right Turn / Merge,16,Intersection,01-10-01,0001-01-01T11:44:58-04:56,Motorist Right Turn - Same Direction,131213,2011,C: Possible Injury,Commercial,60-69,60,No,,O: No Injury,Black,Male,Sport Utility,No,No,Daylight,Urban (>70% Developed),2 lanes,2,Straight - Grade,State Secondary Route,Dry,"Two-Way, Divided, Unprotected Median",None,Four-Way Intersection,Smooth Asphalt,Piedmont,Urban,,Stop And Go Signal,Clear,No,"35.80485, -78.8133"
717,718,Yes,30-39,33,No,With Traffic,B: Evident Injury,Travel Lane,White,Male,Cary,Wake,No,,2011-10-10,Motorist Right Turn / Merge,8,Non-Intersection,01-10-01,0001-01-01T03:49:58-04:56,Motorist Right Turn - Same Direction,311213,2011,B: Evident Injury,Commercial,40-49,46,No,0-5 mph,O: No Injury,White,Male,Truck/Trailer,No,No,Daylight,Urban (>70% Developed),4 lanes,2,Straight - Level,State Secondary Route,Dry,"Two-Way, Divided, Unprotected Median",None,"Driveway, Public",Smooth Asphalt,Piedmont,Urban,40 - 45  MPH,No Control Present,Clear,No,"35.79008, -78.8506"
718,719,Yes,30-39,32,No,Not Applicable,B: Evident Injury,Travel Lane,White,Male,Greensboro,Guilford,No,01-01-07,2011-09-25,Bicyclist Failed to Yield - Signalized Intersection,19,Intersection-Related,01-09-01,0001-01-01T14:54:58-04:56,Bicyclist Ride Out - Signalized  Intersection,213153,2011,B: Evident Injury,Commercial,40-49,41,No,16-20 mph,O: No Injury,White,Female,Passenger Car,No,No,Dark - Lighted Roadway,Urban (>70% Developed),5 lanes,2,Straight - Level,Local Street,Wet,"Two-Way, Divided, Unprotected Median",None,No Special Feature,Smooth Asphalt,Piedmont,Urban,30 - 35  MPH,Stop And Go Signal,Rain,No,"36.06196, -79.8155"
739,740,No,20-24,22,No,With Traffic,B: Evident Injury,Travel Lane,White,Male,Mount Airy,Surry,No,,2011-10-17,Motorist Overtaking Bicyclist,21,Non-Intersection,01-10-01,0001-01-01T16:42:58-04:56,Motorist Overtaking - Other /,311239,2011,A: Disabling Injury,Residential,40-49,42,No,21-25 mph,O: No Injury,White,Male,Sport Utility,No,No,Dark - Lighted Roadway,Urban (>70% Developed),2 lanes,2,Straight - Grade,Local Street,Dry,"Two-Way, Not Divided",None,No Special Feature,Smooth Asphalt,Mountains,Urban,20 - 25  MPH,No Control Present,Clear,No,"36.48702, -80.6183"
753,754,Yes,40-49,45,No,With Traffic,K: Killed,Travel Lane,White,Male,None - Rural Crash,Davidson,No,01-01-02,2011-11-01,Motorist Overtaking Bicyclist,19,Non-Intersection,01-11-01,0001-01-01T14:14:58-04:56,Motorist Overtaking - Misjudged Space,311232,2011,K: Killed,Residential,30-39,30,No,51-55 mph,O: No Injury,White,Male,Pickup,No,Yes,Dark - Roadway Not Lighted,Rural (<30% Developed),2 lanes,2,Straight - Level,State Secondary Route,Dry,"Two-Way, Not Divided",None,No Special Feature,Smooth Asphalt,Piedmont,Rural,50 - 55  MPH,"Double Yellow Line, No Passing Zone",Clear,No,"35.73918, -80.1028"
754,755,Yes,40-49,45,No,Facing Traffic,C: Possible Injury,Travel Lane,Black,Male,Greensboro,Guilford,No,01-01-07,2011-10-09,Loss of Control / Turning Error,11,Intersection,01-10-01,0001-01-01T06:48:58-04:56,Bicyclist Turning Error - Left Turn,112114,2011,C: Possible Injury,Residential,30-39,30,No,0-5 mph,O: No Injury,Black,Female,Passenger Car,No,No,Daylight,Urban (>70% Developed),2 lanes,2,Straight - Level,Local Street,Dry,"Two-Way, Not Divided",None,No Special Feature,Smooth Asphalt,Piedmont,Urban,30 - 35  MPH,Stop Sign,Clear,No,"36.05145, -79.7645"
756,757,Yes,20-24,20,No,With Traffic,B: Evident Injury,Travel Lane,White,Male,Wilmington,New Hanover,No,,2011-10-17,Motorist Left Turn / Merge,22,Intersection,01-10-01,0001-01-01T17:59:58-04:56,Motorist Left Turn - Opposite Direction,111212,2011,B: Evident Injury,Commercial,20-24,21,No,6-10 mph,O: No Injury,White,Female,Sport Utility,No,No,Dark - Lighted Roadway,Urban (>70% Developed),2 lanes,2,Straight - Level,Local Street,Dry,"Two-Way, Not Divided",None,T-Intersection,Smooth Asphalt,Coastal,Urban,20 - 25  MPH,Stop Sign,Clear,No,"34.22363, -77.8728"
759,760,No,25-29,26,No,With Traffic,C: Possible Injury,Travel Lane,Black,Male,Greensboro,Guilford,No,01-01-06,2011-10-15,Motorist Overtaking Bicyclist,6,Non-Intersection,01-10-01,0001-01-01T01:07:58-04:56,Motorist Overtaking - Other /,311239,2011,C: Possible Injury,Residential,20-24,22,No,26-30 mph,O: No Injury,White,Male,Passenger Car,No,No,Dark - Roadway Not Lighted,Urban (>70% Developed),5 lanes,2,Straight - Bottom,Local Street,Dry,"Two-Way, Divided, Unprotected Median",None,No Special Feature,Smooth Asphalt,Piedmont,Urban,,No Control Present,Clear,No,"36.03917, -79.9004"
783,784,No,25-29,25,No,With Traffic,B: Evident Injury,Travel Lane,White,Male,Boone,Watauga,No,01-01-06,2011-11-12,Motorist Left Turn / Merge,10,Non-Intersection,01-11-01,0001-01-01T05:49:58-04:56,Motorist Left Turn - Opposite Direction,311212,2011,B: Evident Injury,Institutional,70,,No,0-5 mph,O: No Injury,White,Male,Sport Utility,No,No,Daylight,Urban (>70% Developed),4 lanes,2,Straight - Level,Local Street,Dry,"Two-Way, Not Divided",None,Other,Coarse Asphalt,Mountains,Urban,20 - 25  MPH,No Control Present,Clear,No,"36.21036, -81.6771"
786,787,No,40-49,40,No,With Traffic,C: Possible Injury,Travel Lane,Black,Male,Raleigh,Wake,No,01-01-07,2011-11-13,Crossing Paths - Other Circumstances,23,Intersection,01-11-01,0001-01-01T19:00:58-04:56,Signalized Intersection - Other /,111158,2011,C: Possible Injury,Commercial,,,Missing,6-10 mph,Injury,/Missing,,Passenger Car,No,Yes,Dark - Lighted Roadway,Urban (>70% Developed),7 lanes,2,Straight - Hillcrest,Local Street,Dry,"Two-Way, Divided, Unprotected Median",None,No Special Feature,Smooth Asphalt,Piedmont,Urban,40 - 45  MPH,Stop And Go Signal,Clear,No,"35.78424, -78.6938"
793,794,No,30-39,37,No,With Traffic,B: Evident Injury,Travel Lane,White,Male,None - Rural Crash,Pender,No,01-01-04,2011-10-06,Loss of Control / Turning Error,12,Non-Intersection,01-10-01,0001-01-01T07:15:58-04:56,Bicyclist Lost Control - Other /,311129,2011,B: Evident Injury,"Farms, Woods, Pastures",50-59,59,No,41-45 mph,O: No Injury,White,Female,Van,No,No,Daylight,Rural (<30% Developed),4 lanes,3,Straight - Level,US Route,Dry,"Two-Way, Divided, Unprotected Median",None,No Special Feature,Coarse Asphalt,Coastal,Rural,50 - 55  MPH,No Control Present,Cloudy,No,"34.31956, -77.7682"
797,798,Yes,60-69,67,No,With Traffic,A: Disabling Injury,Travel Lane,White,Female,Wilmington,New Hanover,No,01-01-03,2011-10-26,Motorist Failed to Yield - Sign-Controlled Intersection,17,Intersection,01-10-01,0001-01-01T12:29:58-04:56,Motorist Drive Out - Sign-Controlled Intersection,111141,2011,A: Disabling Injury,Residential,40-49,49,No,6-10 mph,O: No Injury,White,Female,Sport Utility,No,No,Daylight,Urban (>70% Developed),2 lanes,2,Straight - Level,Local Street,Dry,"Two-Way, Not Divided",None,Four-Way Intersection,Coarse Asphalt,Coastal,Urban,20 - 25  MPH,Yield Sign,Clear,No,"34.24399, -77.8377"
799,800,No,40-49,46,No,,C: Possible Injury,Sidewalk / Crosswalk / Driveway Crossing,Hispanic,Male,Charlotte,Mecklenburg,No,01-01-02,2011-11-15,Other /  - Insufficient Details,11,Intersection,01-11-01,0001-01-01T06:04:58-04:56,Approach Paths,139970,2011,C: Possible Injury,Commercial,50-59,53,No,41-45 mph,O: No Injury,White,Female,Pickup,No,No,Daylight,Urban (>70% Developed),2 lanes,2,Straight - Level,Local Street,Dry,"Two-Way, Divided, Positive Median Barrier",None,No Special Feature,Smooth Asphalt,Piedmont,Urban,40 - 45  MPH,Stop And Go Signal,Cloudy,No,"35.25988, -80.7771"
800,801,No,20-24,20,No,With Traffic,C: Possible Injury,Sidewalk / Crosswalk / Driveway Crossing,White,Male,Conover,Catawba,No,01-01-07,2011-11-20,Motorist Failed to Yield - Sign-Controlled Intersection,8,Intersection,01-11-01,0001-01-01T03:23:58-04:56,Motorist Drive Out - Sign-Controlled Intersection,131141,2011,C: Possible Injury,Residential,40-49,41,No,0-5 mph,O: No Injury,White,Male,Passenger Car,No,No,Daylight,Urban (>70% Developed),2 lanes,2,Straight - Hillcrest,Local Street,Dry,"Two-Way, Not Divided",None,T-Intersection,Smooth Asphalt,Piedmont,Urban,30 - 35  MPH,Stop Sign,Clear,No,"35.7065, -81.2005"
827,828,Yes,16-19,16,No,,C: Possible Injury,Travel Lane,Black,Male,Raleigh,Wake,No,01-01-04,2011-12-01,Motorist Failed to Yield - Sign-Controlled Intersection,19,Intersection,01-12-01,0001-01-01T14:14:58-04:56,Motorist Drive Out - Sign-Controlled Intersection,119141,2011,C: Possible Injury,Residential,20-24,20,No,16-20 mph,O: No Injury,Black,Male,Passenger Car,No,No,Dark - Lighted Roadway,Urban (>70% Developed),2 lanes,2,Straight - Level,Local Street,Dry,"Two-Way, Divided, Unprotected Median",None,T-Intersection,Smooth Asphalt,Piedmont,Urban,30 - 35  MPH,Stop Sign,Clear,No,"35.79022, -78.5475"
833,834,No,40-49,49,No,With Traffic,B: Evident Injury,Bike Lane / Paved Shoulder,White,Male,Charlotte,Mecklenburg,No,01-01-02,2011-11-08,Motorist Right Turn / Merge,10,Intersection,01-11-01,0001-01-01T05:50:58-04:56,Motorist Right Turn - Same Direction,121213,2011,B: Evident Injury,Commercial,50-59,52,No,0-5 mph,O: No Injury,Black,Male,Passenger Car,No,No,Daylight,Urban (>70% Developed),2 lanes,2,Straight - Level,Local Street,Dry,"Two-Way, Not Divided",None,Four-Way Intersection,Smooth Asphalt,Piedmont,Urban,30 - 35  MPH,Stop And Go Signal,Clear,No,"35.20493, -80.8485"
835,836,Yes,30-39,32,No,With Traffic,C: Possible Injury,Sidewalk / Crosswalk / Driveway Crossing,White,Male,Wilmington,New Hanover,Yes,01-01-07,2011-11-13,Loss of Control / Turning Error,1,Non-Intersection,01-11-01,0000-12-31T20:53:58-04:56,Motorist Lost Control - Alcohol / Drug Impairment,331133,2011,C: Possible Injury,Residential,20-24,21,Yes,81-85 mph,C: Possible Injury,White,Male,Passenger Car,No,No,Dark - Lighted Roadway,Urban (>70% Developed),4 lanes,2,Straight - Level,US Route,Dry,"Two-Way, Divided, Unprotected Median",None,No Special Feature,Smooth Asphalt,Coastal,Urban,40 - 45  MPH,No Control Present,Clear,No,"34.23992, -77.8535"
841,842,Yes,50-59,51,No,Not Applicable,C: Possible Injury,Non-Roadway,Black,Male,Charlotte,Mecklenburg,No,01-01-06,2011-12-10,Non-Roadway,16,Non-Roadway,01-12-01,0001-01-01T11:11:58-04:56,Non-Roadway,460910,2011,C: Possible Injury,Commercial,60-69,67,No,0-5 mph,O: No Injury,Black,Male,Passenger Car,No,No,Daylight,Urban (>70% Developed),,2,Straight - Level,Public Vehicular Area,Dry,"Two-Way, Not Divided",None,"Driveway, Private",Smooth Asphalt,Piedmont,Urban,5 - 15 MPH,No Control Present,Clear,No,"35.25392, -80.8036"
844,845,Yes,30-39,37,No,With Traffic,B: Evident Injury,Travel Lane,White,Male,None - Rural Crash,Mcdowell,No,01-01-02,2011-12-13,Motorist Overtaking Bicyclist,6,Non-Intersection,01-12-01,0001-01-01T01:35:58-04:56,Motorist Overtaking - Other /,311239,2011,B: Evident Injury,"Farms, Woods, Pastures",40-49,42,No,46-50 mph,O: No Injury,White,Male,Pickup,No,No,Dark - Roadway Not Lighted,Rural (<30% Developed),2 lanes,2,Straight - Grade,US Route,Dry,"Two-Way, Not Divided",None,No Special Feature,Smooth Asphalt,Mountains,Rural,50 - 55  MPH,"Double Yellow Line, No Passing Zone",Clear,No,"35.61779, -81.9858"
848,849,Yes,30-39,31,No,With Traffic,B: Evident Injury,Travel Lane,Black,Male,None - Rural Crash,Mecklenburg,No,01-01-03,2011-12-14,Motorist Overtaking Bicyclist,4,Intersection-Related,01-12-01,0000-12-31T23:56:58-04:56,Motorist Overtaking - Undetected Bicyclist,211231,2011,B: Evident Injury,Commercial,25-29,27,No,41-45 mph,O: No Injury,White,Male,Passenger Car,No,No,Dark - Lighted Roadway,Urban (>70% Developed),6 lanes,2,Straight - Level,Local Street,Dry,"Two-Way, Divided, Positive Median Barrier",None,No Special Feature,Smooth Asphalt,Piedmont,Rural,40 - 45  MPH,No Control Present,Clear,No,"35.22474, -80.9025"