FID,OBJECTID,AmbulanceR,BikeAge_Gr,Bike_Age,Bike_Alc_D,Bike_Dir,Bike_Injur,Bike_Pos,Bike_Race,Bike_Sex,City,County,CrashAlcoh,CrashDay,Crash_Date,Crash_Grp,Crash_Hour,Crash_Loc,Crash_Mont,Crash_Time,Crash_Type,Crash_Ty_1,Crash_Year,Crsh_Sevri,Developmen,DrvrAge_Gr,Drvr_Age,Drvr_Alc_D,Drvr_EstSp,Drvr_Injur,Drvr_Race,Drvr_Sex,Drvr_VehTy,ExcsSpdInd,Hit_Run,Light_Cond,Locality,Num_Lanes,Num_Units,Rd_Charact,Rd_Class,Rd_Conditi,Rd_Config,Rd_Defects,Rd_Feature,Rd_Surface,Region,Rural_Urba,Speed_Limi,Traff_Cntr,Weather,Workzone_I,Location
913,914,No,30-39,32,No,With Traffic,B: Evident Injury,Travel Lane,White,Male,Mount Holly,Gaston,No,01-01-02,2008-11-25,Motorist Overtaking Bicyclist,7,Non-Intersection,01-11-01,0001-01-01T02:58:58-04:56,Motorist Overtaking - Other /,311239,2008,B: Evident Injury,Residential,30-39,37,No,21-25 mph,O: No Injury,White,Male,Pickup,No,No,Daylight,Urban (>70% Developed),2 lanes,2,Straight - Level,Local Street,Wet,"Two-Way, Not Divided",None,No Special Feature,Smooth Asphalt,Piedmont,Urban,30 - 35  MPH,"Double Yellow Line, No Passing Zone",Clear,No,"0.0, 0.0"
915,916,No,40-49,40,No,With Traffic,C: Possible Injury,Travel Lane,White,Male,New Bern,Craven,No,01-01-04,2008-11-20,Motorist Right Turn / Merge,7,Intersection,01-11-01,0001-01-01T02:30:58-04:56,Motorist Right Turn - Same Direction,111213,2008,C: Possible Injury,Residential,30-39,32,No,31-35 mph,O: No Injury,Black,Female,Passenger Car,No,No,Daylight,Urban (>70% Developed),4 lanes,2,Straight - Level,NC Route,Dry,"Two-Way, Divided, Unprotected Median",None,T-Intersection,Smooth Asphalt,Coastal,Urban,30 - 35  MPH,Missing,Clear,No,"0.0, 0.0"
916,917,Yes,40-49,46,Yes,Facing Traffic,B: Evident Injury,Travel Lane,Hispanic,Male,Smithfield,Johnston,Yes,01-01-05,2008-11-14,Bicyclist Failed to Yield - Sign-Controlled Intersection,23,Intersection,01-11-01,0001-01-01T18:48:58-04:56,Bicyclist Ride Through - Sign-Controlled Intersection,112144,2008,B: Evident Injury,Residential,20-24,22,No,21-25 mph,O: No Injury,Black,Male,Passenger Car,No,No,Dark - Lighted Roadway,Urban (>70% Developed),2 lanes,2,Straight - Level,Local Street,Wet,"Two-Way, Not Divided",None,Four-Way Intersection,Coarse Asphalt,Coastal,Urban,20 - 25  MPH,Stop Sign,Cloudy,No,"0.0, 0.0"
919,920,Yes,16-19,17,No,With Traffic,C: Possible Injury,Sidewalk / Crosswalk / Driveway Crossing,White,Male,Lumberton,Robeson,No,01-01-05,2008-11-21,Motorist Failed to Yield - Sign-Controlled Intersection,15,Intersection,01-11-01,0001-01-01T10:30:58-04:56,Motorist Drive Out - Sign-Controlled Intersection,131141,2008,C: Possible Injury,Commercial,50-59,51,No,31-35 mph,O: No Injury,Black,Male,Pickup,No,No,Daylight,Urban (>70% Developed),4 lanes,2,Straight - Level,Local Street,Dry,"Two-Way, Not Divided",None,No Special Feature,Coarse Asphalt,Coastal,Urban,30 - 35  MPH,Stop Sign,Clear,No,"0.0, 0.0"
926,927,Yes,15-Nov,15,No,Facing Traffic,C: Possible Injury,Sidewalk / Crosswalk / Driveway Crossing,Black,Male,Durham,Durham,No,01-01-07,2008-12-14,Motorist Failed to Yield - Midblock,17,Non-Intersection,01-12-01,0001-01-01T12:48:58-04:56,Motorist Drive Out - Residential Driveway,332321,2008,C: Possible Injury,Residential,,,Missing,,Injury,/Missing,,Passenger Car,No,Yes,Dark - Lighted Roadway,Urban (>70% Developed),4 lanes,2,Straight - Level,Public Vehicular Area,Dry,"Two-Way, Not Divided",None,T-Intersection,Smooth Asphalt,Piedmont,Urban,,No Control Present,Clear,No,"0.0, 0.0"
927,928,Yes,50-59,57,No,Facing Traffic,C: Possible Injury,Travel Lane,White,Male,None - Rural Crash,Bertie,No,01-01-06,2008-12-20,Bicyclist Right Turn / Merge,10,Non-Intersection,01-12-01,0001-01-01T05:12:58-04:56,Bicyclist Right Turn - Same Direction,312223,2008,C: Possible Injury,"Farms, Woods, Pastures",70,,No,51-55 mph,O: No Injury,White,Male,Passenger Car,No,No,Daylight,Rural (<30% Developed),2 lanes,2,Straight - Level,State Secondary Route,Wet,"Two-Way, Not Divided",None,No Special Feature,Coarse Asphalt,Coastal,Rural,50 - 55  MPH,"Double Yellow Line, No Passing Zone",Cloudy,No,"0.0, 0.0"
930,931,Yes,40-49,40,No,With Traffic,B: Evident Injury,Travel Lane,White,Male,Charlotte,Mecklenburg,No,01-01-02,2008-10-14,Motorist Overtaking Bicyclist,18,Non-Intersection,01-10-01,0001-01-01T13:03:58-04:56,Motorist Overtaking - Undetected Bicyclist,311231,2008,B: Evident Injury,"Farms, Woods, Pastures",50-59,55,No,51-55 mph,O: No Injury,White,Female,Passenger Car,No,No,Daylight,Rural (<30% Developed),4 lanes,2,Straight - Level,Local Street,Dry,"Two-Way, Divided, Unprotected Median",None,No Special Feature,Coarse Asphalt,Piedmont,Urban,50 - 55  MPH,No Control Present,Clear,No,"0.0, 0.0"
939,940,No,25-29,27,No,With Traffic,O: No Injury,Travel Lane,White,Male,Raleigh,Wake,No,,2008-09-15,Motorist Overtaking Bicyclist,0,Non-Intersection,01-09-01,0000-12-31T19:18:58-04:56,Motorist Overtaking - Misjudged Space,311232,2008,O: No Injury,Residential,,,Missing,11-15 mph,Injury,/Missing,,,No,Yes,Dark - Lighted Roadway,Mixed (30% To 70% Developed),2 lanes,2,Straight - Grade,Local Street,Dry,"Two-Way, Not Divided",None,No Special Feature,Smooth Asphalt,Piedmont,Urban,20 - 25  MPH,Missing,Clear,No,"0.0, 0.0"
941,942,Yes,50-59,55,No,With Traffic,B: Evident Injury,Travel Lane,Black,Male,Raleigh,Wake,No,01-01-02,2008-10-21,Bicyclist Failed to Yield - Sign-Controlled Intersection,23,Intersection,01-10-01,0001-01-01T18:10:58-04:56,Bicyclist Ride Through - Sign-Controlled Intersection,111144,2008,B: Evident Injury,Residential,30-39,37,No,41-45 mph,O: No Injury,Black,Female,Passenger Car,No,No,Dark - Lighted Roadway,Mixed (30% To 70% Developed),3 lanes,2,Straight - Level,Local Street,Dry,"Two-Way, Not Divided",None,T-Intersection,Coarse Asphalt,Piedmont,Urban,40 - 45  MPH,Stop Sign,Clear,No,"0.0, 0.0"
946,947,No,40-49,48,No,Facing Traffic,C: Possible Injury,Sidewalk / Crosswalk / Driveway Crossing,White,Female,Raleigh,Wake,No,01-01-03,2008-12-03,Motorist Failed to Yield - Midblock,8,Non-Intersection,01-12-01,0001-01-01T03:16:58-04:56,Motorist Drive Out - Commercial Driveway / Alley,332322,2008,C: Possible Injury,Commercial,25-29,27,No,0-5 mph,O: No Injury,White,Male,Pickup,No,No,Daylight,Urban (>70% Developed),7 lanes,2,Straight - Level,Local Street,Dry,"Two-Way, Not Divided",None,No Special Feature,Smooth Asphalt,Piedmont,Urban,30 - 35  MPH,Missing,Clear,No,"0.0, 0.0"
953,954,Yes,30-39,38,Yes,With Traffic,O: No Injury,Travel Lane,Black,Male,None - Rural Crash,Camden,Yes,,2008-12-08,Motorist Overtaking Bicyclist,17,Non-Intersection,01-12-01,0001-01-01T12:33:58-04:56,Motorist Overtaking - Undetected Bicyclist,311231,2008,O: No Injury,"Farms, Woods, Pastures",60-69,64,No,51-55 mph,O: No Injury,White,Male,Passenger Car,No,No,Dark - Roadway Not Lighted,Rural (<30% Developed),2 lanes,2,Straight - Level,NC Route,Dry,"Two-Way, Not Divided",None,No Special Feature,Coarse Asphalt,Coastal,Rural,50 - 55  MPH,No Control Present,Clear,No,"0.0, 0.0"
965,966,Yes,30-39,30,No,With Traffic,B: Evident Injury,Travel Lane,White,Male,Asheville,Buncombe,No,,2008-12-15,Motorist Failed to Yield - Midblock,17,Non-Intersection,01-12-01,0001-01-01T12:51:58-04:56,Motorist Drive Out - Commercial Driveway / Alley,311322,2008,B: Evident Injury,Commercial,70,,No,0-5 mph,O: No Injury,White,Female,Passenger Car,No,No,Dark - Roadway Not Lighted,Urban (>70% Developed),3 lanes,2,Straight - Grade,Local Street,Wet,"Two-Way, Not Divided",None,No Special Feature,Smooth Asphalt,Mountains,Urban,30 - 35  MPH,"Double Yellow Line, No Passing Zone",Clear,No,"0.0, 0.0"
975,976,No,25-29,25,No,With Traffic,B: Evident Injury,Travel Lane,White,Male,Raleigh,Wake,No,01-01-02,2008-09-23,Loss of Control / Turning Error,17,Intersection,01-09-01,0001-01-01T12:16:58-04:56,Bicyclist Lost Control - Mechanical Problems,111121,2008,B: Evident Injury,Commercial,30-39,30,No,26-30 mph,O: No Injury,White,Male,Passenger Car,No,No,Daylight,Urban (>70% Developed),4 lanes,2,Straight - Grade,Local Street,Dry,"Two-Way, Not Divided",None,Four-Way Intersection,Smooth Asphalt,Piedmont,Urban,30 - 35  MPH,Stop And Go Signal,Clear,No,"0.0, 0.0"
976,977,No,50-59,53,No,With Traffic,C: Possible Injury,Travel Lane,Black,Male,Dunn,Harnett,No,01-01-03,2008-12-03,Bicyclist Failed to Yield - Sign-Controlled Intersection,19,Intersection,01-12-01,0001-01-01T14:23:58-04:56,Bicyclist Ride Through - Sign-Controlled Intersection,111144,2008,C: Possible Injury,Residential,,,Missing,,Injury,/Missing,,Passenger Car,No,Yes,Dark - Roadway Not Lighted,Urban (>70% Developed),2 lanes,2,Straight - Level,Local Street,Dry,"Two-Way, Not Divided",None,Four-Way Intersection,Coarse Asphalt,Coastal,Urban,30 - 35  MPH,Stop Sign,Clear,No,"0.0, 0.0"
981,982,No,50-59,54,Yes,With Traffic,B: Evident Injury,Travel Lane,Black,Male,Goldsboro,Wayne,Yes,01-01-03,2008-12-24,Loss of Control / Turning Error,20,Intersection,01-12-01,0001-01-01T15:42:58-04:56,Motorist Turning Error - Left Turn,111111,2008,B: Evident Injury,Commercial,25-29,26,No,6-10 mph,O: No Injury,White,Female,Sport Utility,No,No,Dark - Lighted Roadway,Urban (>70% Developed),2 lanes,2,Straight - Level,Local Street,Dry,"Two-Way, Not Divided",None,No Special Feature,Coarse Asphalt,Coastal,Urban,30 - 35  MPH,Stop And Go Signal,Clear,No,"0.0, 0.0"
983,984,Yes,40-49,45,No,With Traffic,A: Disabling Injury,Travel Lane,White,Male,None - Rural Crash,Pitt,No,01-01-02,2008-12-30,Motorist Overtaking Bicyclist,20,Non-Intersection,01-12-01,0001-01-01T15:07:58-04:56,Motorist Overtaking - Other /,311239,2008,A: Disabling Injury,Residential,,,Missing,51-55 mph,Injury,/Missing,,,No,Yes,Dark - Roadway Not Lighted,Mixed (30% To 70% Developed),2 lanes,2,Straight - Level,NC Route,Dry,"Two-Way, Not Divided",None,No Special Feature,Smooth Asphalt,Coastal,Rural,50 - 55  MPH,"Double Yellow Line, No Passing Zone",Clear,No,"0.0, 0.0"
1000,1001,Yes,50-59,58,No,Not Applicable,K: Killed,Travel Lane,Black,Male,Jacksonville,Onslow,No,01-01-05,2008-11-28,Bicyclist Failed to Yield - Midblock,21,Non-Intersection,01-11-01,0001-01-01T16:59:58-04:56,Bicyclist Ride Out - Other Midblock,313318,2008,K: Killed,Commercial,0-19,19,No,41-45 mph,O: No Injury,White,Male,Passenger Car,No,No,Dark - Roadway Not Lighted,Urban (>70% Developed),7 lanes,3,Straight - Level,Local Street,Dry,"Two-Way, Not Divided",None,No Special Feature,Coarse Asphalt,Coastal,Urban,40 - 45  MPH,Missing,Clear,No,"0.0, 0.0"
1001,1002,Yes,70,,No,With Traffic,B: Evident Injury,Sidewalk / Crosswalk / Driveway Crossing,Black,Male,Edenton,Chowan,No,01-01-02,2008-12-30,Motorist Left Turn / Merge,11,Intersection,01-12-01,0001-01-01T06:43:58-04:56,Motorist Left Turn - Opposite Direction,131212,2008,B: Evident Injury,Institutional,25-29,28,No,,O: No Injury,Black,Male,Passenger Car,No,No,Daylight,Mixed (30% To 70% Developed),2 lanes,2,Straight - Level,Local Street,Dry,"Two-Way, Not Divided",None,T-Intersection,Smooth Asphalt,Coastal,Urban,,Stop And Go Signal,Clear,No,"0.0, 0.0"
1006,1007,No,16-19,18,No,Not Applicable,C: Possible Injury,Non-Roadway,Black,Female,Wilmington,New Hanover,No,,2008-11-17,Non-Roadway,9,Non-Roadway,01-11-01,0001-01-01T05:02:58-04:56,Non-Roadway,460910,2008,C: Possible Injury,Institutional,20-24,24,No,0-5 mph,O: No Injury,/Missing,Male,Passenger Car,No,Yes,Daylight,Urban (>70% Developed),,2,Straight - Level,Public Vehicular Area,Dry,"Two-Way, Not Divided",None,No Special Feature,Smooth Asphalt,Coastal,Urban,5 - 15 MPH,Missing,Clear,No,"0.0, 0.0"
1009,1010,No,10-Jun,8,No,Not Applicable,C: Possible Injury,Non-Roadway,Black,Female,Raleigh,Wake,No,01-01-03,2008-08-06,Bicyclist Failed to Yield - Midblock,19,Non-Intersection,01-08-01,0001-01-01T14:17:58-04:56,Bicyclist Ride Out - Other Midblock,363318,2008,C: Possible Injury,Residential,40-49,43,No,11-15 mph,O: No Injury,Black,Male,"Light Truck (Mini-Van, Panel)",No,No,Daylight,Urban (>70% Developed),2 lanes,2,Straight - Hillcrest,Local Street,Dry,"Two-Way, Not Divided",None,No Special Feature,Smooth Asphalt,Piedmont,Urban,20 - 25  MPH,Missing,Clear,No,"0.0, 0.0"
1011,1012,No,40-49,47,No,With Traffic,K: Killed,Travel Lane,White,Male,Cornelius,Mecklenburg,No,01-01-02,2008-08-19,Parallel Paths - Other Circumstances,13,Non-Intersection,01-08-01,0001-01-01T08:11:58-04:56,Parallel Paths - Other /,311280,2008,K: Killed,Commercial,50-59,51,No,36-40 mph,O: No Injury,White,Male,Passenger Car,No,No,Daylight,Urban (>70% Developed),2 lanes,2,Straight - Level,Local Street,Dry,"Two-Way, Not Divided",None,No Special Feature,Smooth Asphalt,Piedmont,Urban,40 - 45  MPH,No Control Present,Clear,No,"0.0, 0.0"
5,6,Yes,25-29,26,No,With Traffic,C: Possible Injury,Travel Lane,White,Female,Durham,Durham,No,01-01-04,2009-01-22,Motorist Overtaking Bicyclist,16,Non-Intersection,,0001-01-01T11:42:58-04:56,Motorist Overtaking - Undetected Bicyclist,311231,2009,C: Possible Injury,Residential,20-24,23,No,31-35 mph,O: No Injury,Black,Female,Passenger Car,No,No,Daylight,Urban (>70% Developed),2 lanes,2,Straight - Grade,Local Street,Dry,"Two-Way, Not Divided",None,No Special Feature,Smooth Asphalt,Piedmont,Urban,30 - 35  MPH,No Control Present,Clear,No,"35.98429, -78.93355"
8,9,Yes,50-59,53,No,Facing Traffic,C: Possible Injury,Sidewalk / Crosswalk / Driveway Crossing,Black,Male,Fayetteville,Cumberland,No,01-01-03,2009-01-21,Bicyclist Failed to Yield - Signalized Intersection,13,Intersection,,0001-01-01T08:35:58-04:56,Bicyclist Ride Through - Signalized Intersection,132155,2009,C: Possible Injury,Commercial,70,,No,31-35 mph,O: No Injury,Native American,Male,Pickup,No,No,Daylight,Urban (>70% Developed),3 lanes,2,Straight - Level,Local Street,Snow,"Two-Way, Divided, Unprotected Median",None,Four-Way Intersection,Coarse Asphalt,Coastal,Urban,30 - 35  MPH,Stop And Go Signal,Clear,No,"35.0507, -78.87907"
11,12,Yes,40-49,47,Yes,With Traffic,B: Evident Injury,Travel Lane,White,Male,Burlington,Alamance,Yes,01-01-06,2009-01-03,Loss of Control / Turning Error,12,Non-Intersection,,0001-01-01T07:19:58-04:56,Bicyclist Lost Control - Other /,311129,2009,B: Evident Injury,Residential,20-24,23,No,21-25 mph,O: No Injury,Black,Female,Sport Utility,No,No,Daylight,Urban (>70% Developed),2 lanes,2,Straight - Grade,Local Street,Dry,"Two-Way, Not Divided",None,No Special Feature,Smooth Asphalt,Piedmont,Urban,20 - 25  MPH,No Control Present,Clear,No,"36.10063, -79.39131"
13,14,Yes,20-24,23,No,With Traffic,C: Possible Injury,Travel Lane,White,Male,Garner,Wake,No,01-01-05,2009-01-09,Bicyclist Left Turn / Merge,8,Non-Intersection,,0001-01-01T04:02:58-04:56,Bicyclist Left Turn - Same Direction,311221,2009,C: Possible Injury,Residential,,,Missing,,Injury,/Missing,,Passenger Car,No,Yes,Daylight,Urban (>70% Developed),4 lanes,2,Straight - Level,Local Street,Dry,"Two-Way, Divided, Unprotected Median",None,No Special Feature,Smooth Asphalt,Piedmont,Urban,,No Control Present,Clear,No,"35.702126, -78.618126"
15,16,Yes,40-49,48,No,With Traffic,C: Possible Injury,Travel Lane,Black,Male,Enfield,Halifax,No,01-01-02,2009-01-13,Motorist Overtaking Bicyclist,18,Intersection,,0001-01-01T13:18:58-04:56,Motorist Overtaking - Undetected Bicyclist,111231,2009,C: Possible Injury,Residential,25-29,27,No,21-25 mph,O: No Injury,Black,Female,Passenger Car,No,No,Dark - Roadway Not Lighted,Urban (>70% Developed),2 lanes,2,Straight - Level,Local Street,Wet,"Two-Way, Not Divided",None,Four-Way Intersection,Smooth Asphalt,Coastal,Rural,20 - 25  MPH,No Control Present,Cloudy,No,"36.177517, -77.672455"
22,23,Yes,50-59,51,No,Facing Traffic,C: Possible Injury,Sidewalk / Crosswalk / Driveway Crossing,Black,Male,Durham,Durham,No,01-01-05,2009-02-13,Motorist Failed to Yield - Sign-Controlled Intersection,17,Intersection,01-02-01,0001-01-01T12:57:58-04:56,Motorist Drive Out - Sign-Controlled Intersection,132141,2009,C: Possible Injury,Residential,30-39,33,No,0-5 mph,O: No Injury,Black,Male,Van,No,No,Daylight,Urban (>70% Developed),8 lanes,2,Straight - Grade,Local Street,Dry,"Two-Way, Not Divided",None,Four-Way Intersection,Smooth Asphalt,Piedmont,Urban,30 - 35  MPH,Stop Sign,Clear,No,"35.981182, -78.8994"
24,25,Yes,10-Jun,6,No,With Traffic,B: Evident Injury,Travel Lane,Hispanic,Male,Raleigh,Wake,No,01-01-06,2009-01-10,Crossing Paths - Other Circumstances,17,Intersection,,0001-01-01T12:51:58-04:56,Crossing Paths - Uncontrolled Intersection,111160,2009,B: Evident Injury,Residential,30-39,30,No,11-15 mph,O: No Injury,Hispanic,Male,Sport Utility,No,No,Daylight,Urban (>70% Developed),2 lanes,2,Straight - Level,"Private Road, Driveway",Dry,"Two-Way, Not Divided",None,No Special Feature,Smooth Asphalt,Piedmont,Urban,5 - 15 MPH,No Control Present,Clear,No,"35.742992, -78.636246"
26,27,No,15-Nov,11,No,With Traffic,A: Disabling Injury,Bike Lane / Paved Shoulder,Black,Male,Kannapolis,Rowan,No,01-01-06,2009-01-24,Motorist Overtaking Bicyclist,18,Non-Intersection,,0001-01-01T13:34:58-04:56,Motorist Overtaking - Bicyclist Swerved,321235,2009,A: Disabling Injury,Residential,60-69,60,No,31-35 mph,O: No Injury,White,Male,Passenger Car,No,No,Dark - Roadway Not Lighted,Urban (>70% Developed),2 lanes,2,Straight - Level,State Secondary Route,Dry,"Two-Way, Not Divided",None,No Special Feature,Smooth Asphalt,Piedmont,Urban,40 - 45  MPH,No Control Present,Clear,No,"35.52758, -80.6143"
37,38,No,10-Jun,8,No,With Traffic,O: No Injury,Travel Lane,Black,Male,Fayetteville,Cumberland,No,01-01-04,2009-02-05,Motorist Overtaking Bicyclist,14,Non-Intersection,01-02-01,0001-01-01T09:59:58-04:56,Motorist Overtaking - Bicyclist Swerved,311235,2009,O: No Injury,Residential,60-69,68,No,16-20 mph,O: No Injury,Black,Female,Passenger Car,No,No,Daylight,Urban (>70% Developed),2 lanes,2,Straight - Level,Local Street,Dry,"Two-Way, Not Divided",None,No Special Feature,Smooth Asphalt,Coastal,Urban,20 - 25  MPH,No Control Present,Clear,No,"35.0869, -78.89866"
41,42,Yes,25-29,28,No,With Traffic,C: Possible Injury,Travel Lane,Black,Male,None - Rural Crash,Nash,No,,2009-03-02,Motorist Overtaking Bicyclist,8,Non-Intersection,01-03-01,0001-01-01T03:50:58-04:56,Motorist Overtaking - Misjudged Space,311232,2009,C: Possible Injury,"Farms, Woods, Pastures",30-39,34,No,31-35 mph,O: No Injury,White,Female,Sport Utility,No,No,Daylight,Mixed (30% To 70% Developed),4 lanes,2,Straight - Hillcrest,US Route,Snow,"Two-Way, Divided, Unprotected Median",None,No Special Feature,Coarse Asphalt,Coastal,Rural,50 - 55  MPH,No Control Present,"Snow, Sleet, Hail, Freezing Rain/Drizzle",No,"35.881165, -77.82266"
49,50,Yes,50-59,51,No,With Traffic,K: Killed,Travel Lane,White,Male,Midway,Davidson,No,01-01-06,2009-03-07,Bicyclist Overtaking Motorist,11,Non-Intersection,01-03-01,0001-01-01T06:47:58-04:56,Bicyclist Overtaking - Other /,311249,2009,K: Killed,"Farms, Woods, Pastures",60-69,63,No,0-5 mph,O: No Injury,White,Male,Pickup,No,No,Daylight,Rural (<30% Developed),2 lanes,2,Curve - Level,State Secondary Route,Dry,"One-Way, Not Divided",None,"Driveway, Private",Smooth Asphalt,Piedmont,Rural,50 - 55  MPH,"Double Yellow Line, No Passing Zone",Clear,No,"35.986416, -80.22655"
52,53,Yes,25-29,27,No,With Traffic,C: Possible Injury,Travel Lane,White,Male,Chapel Hill,Orange,No,01-01-06,2009-02-21,Bicyclist Overtaking Motorist,12,Intersection-Related,01-02-01,0001-01-01T07:10:58-04:56,Bicyclist Overtaking - Passing on Right,211241,2009,C: Possible Injury,Institutional,20-24,22,No,0-5 mph,O: No Injury,White,Female,Passenger Car,No,No,Daylight,Urban (>70% Developed),2 lanes,2,Curve - Grade,Local Street,Dry,"Two-Way, Divided, Unprotected Median",None,No Special Feature,Smooth Asphalt,Piedmont,Urban,20 - 25  MPH,"Double Yellow Line, No Passing Zone",Clear,No,"35.914127, -79.04508"
55,56,Yes,50-59,55,Yes,With Traffic,C: Possible Injury,Travel Lane,Hispanic,Male,None - Rural Crash,Currituck,Yes,01-01-07,2009-02-15,Motorist Overtaking Bicyclist,20,Non-Intersection,01-02-01,0001-01-01T15:29:58-04:56,Motorist Overtaking - Bicyclist Swerved,311235,2009,C: Possible Injury,"Farms, Woods, Pastures",40-49,47,No,51-55 mph,O: No Injury,Black,Male,Passenger Car,No,No,Dark - Roadway Not Lighted,Rural (<30% Developed),2 lanes,2,Straight - Level,US Route,Dry,"Two-Way, Not Divided",None,No Special Feature,Smooth Asphalt,Coastal,Rural,50 - 55  MPH,No Control Present,Clear,No,"36.38721, -75.99718"
57,58,Yes,20-24,20,No,With Traffic,B: Evident Injury,Sidewalk / Crosswalk / Driveway Crossing,White,Male,Wilmington,New Hanover,No,01-01-06,2009-02-07,Motorist Failed to Yield - Midblock,17,Non-Intersection,01-02-01,0001-01-01T12:32:58-04:56,Motorist Drive Out - Commercial Driveway / Alley,331322,2009,B: Evident Injury,Commercial,30-39,37,No,0-5 mph,O: No Injury,White,Female,Pickup,No,No,Daylight,Urban (>70% Developed),5 lanes,2,Straight - Level,US Route,Dry,"Two-Way, Not Divided",None,"Driveway, Private",Smooth Asphalt,Coastal,Urban,,No Control Present,Clear,No,"34.242218, -77.89213"
82,83,No,50-59,53,No,With Traffic,C: Possible Injury,Travel Lane,White,Male,Aberdeen,Moore,No,,2009-03-23,Motorist Overtaking Bicyclist,10,Non-Intersection,01-03-01,0001-01-01T05:48:58-04:56,Motorist Overtaking - Misjudged Space,311232,2009,C: Possible Injury,Commercial,60-69,69,No,6-10 mph,O: No Injury,Black,Male,Pickup,No,No,Daylight,Urban (>70% Developed),5 lanes,2,Straight - Level,US Route,Dry,"Two-Way, Divided, Unprotected Median",None,Four-Way Intersection,Coarse Asphalt,Piedmont,Rural,40 - 45  MPH,Stop And Go Signal,Cloudy,No,"35.15558, -79.41452"
88,89,Yes,20-24,20,Yes,Facing Traffic,A: Disabling Injury,Bike Lane / Paved Shoulder,Black,Female,Elizabeth City,Pasquotank,Yes,01-01-06,2009-03-28,Crossing Paths - Other Circumstances,20,Intersection-Related,01-03-01,0001-01-01T15:18:58-04:56,Signalized Intersection - Other /,222158,2009,A: Disabling Injury,Commercial,25-29,27,No,31-35 mph,O: No Injury,Black,Male,Pickup,No,No,Dark - Lighted Roadway,Urban (>70% Developed),5 lanes,2,Straight - Level,US Route,Wet,"Two-Way, Divided, Unprotected Median",None,Four-Way Intersection,Smooth Asphalt,Coastal,Urban,30 - 35  MPH,Stop And Go Signal,Rain,No,"36.2965, -76.22356"
92,93,Yes,15-Nov,13,No,Facing Traffic,C: Possible Injury,Sidewalk / Crosswalk / Driveway Crossing,White,Male,Greensboro,Guilford,No,01-01-02,2009-03-31,Bicyclist Failed to Yield - Signalized Intersection,17,Intersection,01-03-01,0001-01-01T12:22:58-04:56,Bicyclist Ride Through - Signalized Intersection,132155,2009,C: Possible Injury,Commercial,30-39,39,No,0-5 mph,O: No Injury,White,Male,Passenger Car,No,No,Daylight,Urban (>70% Developed),3 lanes,2,Straight - Level,Local Street,Dry,"Two-Way, Not Divided",None,Four-Way Intersection,Smooth Asphalt,Piedmont,Urban,30 - 35  MPH,Stop And Go Signal,Clear,No,"36.102753, -79.78783"
95,96,Yes,25-29,26,No,With Traffic,C: Possible Injury,Travel Lane,White,Male,None - Rural Crash,Harnett,No,01-01-03,2009-03-04,Motorist Left Turn / Merge,18,Intersection,01-03-01,0001-01-01T13:28:58-04:56,Motorist Left Turn - Opposite Direction,111212,2009,C: Possible Injury,Commercial,70,,No,31-35 mph,O: No Injury,White,Male,Passenger Car,No,No,Daylight,Mixed (30% To 70% Developed),2 lanes,2,Straight - Level,NC Route,Dry,"Two-Way, Not Divided",None,Four-Way Intersection,Smooth Asphalt,Coastal,Rural,30 - 35  MPH,"Double Yellow Line, No Passing Zone",Clear,No,"35.56258, -78.87196"
101,102,Yes,20-24,22,No,With Traffic,A: Disabling Injury,Travel Lane,White,Male,None - Rural Crash,Rowan,No,01-01-06,2009-04-04,Motorist Overtaking Bicyclist,11,Non-Intersection,01-04-01,0001-01-01T06:38:58-04:56,Motorist Overtaking - Bicyclist Swerved,311235,2009,A: Disabling Injury,"Farms, Woods, Pastures",20-24,21,No,51-55 mph,O: No Injury,White,Male,"Light Truck (Mini-Van, Panel)",No,No,Daylight,Rural (<30% Developed),2 lanes,2,Straight - Level,State Secondary Route,Dry,"Two-Way, Not Divided",None,No Special Feature,Smooth Asphalt,Piedmont,Rural,50 - 55  MPH,No Control Present,Clear,No,"35.562016, -80.65856"
113,114,Yes,50-59,51,No,With Traffic,C: Possible Injury,Travel Lane,Black,Male,None - Rural Crash,Greene,No,01-01-03,2009-04-08,Motorist Overtaking Bicyclist,21,Non-Intersection,01-04-01,0001-01-01T16:25:58-04:56,Motorist Overtaking - Undetected Bicyclist,311231,2009,C: Possible Injury,"Farms, Woods, Pastures",40-49,40,No,31-35 mph,O: No Injury,White,Male,Police,No,No,Dark - Roadway Not Lighted,Mixed (30% To 70% Developed),2 lanes,2,Straight - Level,Interstate,Dry,"Two-Way, Not Divided",None,No Special Feature,Coarse Asphalt,Coastal,Rural,40 - 45  MPH,No Control Present,Clear,No,"35.4331, -77.66129"
114,115,Yes,40-49,48,No,With Traffic,A: Disabling Injury,Travel Lane,Other,Male,None - Rural Crash,Harnett,No,01-01-05,2009-04-17,Motorist Overtaking Bicyclist,15,Non-Intersection,01-04-01,0001-01-01T10:33:58-04:56,Motorist Overtaking - Other /,311239,2009,A: Disabling Injury,"Farms, Woods, Pastures",0-19,18,No,41-45 mph,O: No Injury,White,Female,Passenger Car,No,No,Daylight,Rural (<30% Developed),2 lanes,2,Straight - Grade,NC Route,Dry,"Two-Way, Not Divided",None,No Special Feature,Coarse Asphalt,Coastal,Rural,50 - 55  MPH,"Double Yellow Line, No Passing Zone",Clear,No,"35.414803, -78.703026"