FID,OBJECTID,AmbulanceR,BikeAge_Gr,Bike_Age,Bike_Alc_D,Bike_Dir,Bike_Injur,Bike_Pos,Bike_Race,Bike_Sex,City,County,CrashAlcoh,CrashDay,Crash_Date,Crash_Grp,Crash_Hour,Crash_Loc,Crash_Mont,Crash_Time,Crash_Type,Crash_Ty_1,Crash_Year,Crsh_Sevri,Developmen,DrvrAge_Gr,Drvr_Age,Drvr_Alc_D,Drvr_EstSp,Drvr_Injur,Drvr_Race,Drvr_Sex,Drvr_VehTy,ExcsSpdInd,Hit_Run,Light_Cond,Locality,Num_Lanes,Num_Units,Rd_Charact,Rd_Class,Rd_Conditi,Rd_Config,Rd_Defects,Rd_Feature,Rd_Surface,Region,Rural_Urba,Speed_Limi,Traff_Cntr,Weather,Workzone_I,Location
58,59,Yes,20-24,23,No,,C: Possible Injury,Travel Lane,Black,Male,Washington,Beaufort,No,,2007-01-29,Bicyclist Failed to Yield - Sign-Controlled Intersection,14,Intersection,,0001-01-01T09:35:58-04:56,Bicyclist Ride Out - Sign-Controlled Intersection,119142,2007,C: Possible Injury,Residential,60-69,61,No,26-30 mph,O: No Injury,White,Male,Pickup,No,No,Daylight,Urban (>70% Developed),4 lanes,2,Straight - Level,Local Street,Dry,"Two-Way, Not Divided",None,T-Intersection,Coarse Asphalt,Coastal,Urban,30 - 35  MPH,No Control Present,Clear,No,"35.552254, -77.04171"
61,62,Yes,15-Nov,15,No,Not Applicable,A: Disabling Injury,Driveway / Alley,White,Male,None - Rural Crash,Davidson,No,01-01-07,2007-02-04,Bicyclist Failed to Yield - Midblock,13,Non-Intersection,01-02-01,0001-01-01T08:55:58-04:56,Bicyclist Ride Out - Commercial Driveway / Alley,353312,2007,A: Disabling Injury,Residential,0-19,17,No,51-55 mph,C: Possible Injury,White,Female,Passenger Car,No,No,Daylight,Rural (<30% Developed),2 lanes,2,Curve - Grade,State Secondary Route,Dry,"Two-Way, Not Divided",None,"Driveway, Private",Smooth Asphalt,Piedmont,Rural,50 - 55  MPH,"Double Yellow Line, No Passing Zone",Clear,No,"35.69932, -80.24638"
67,68,Yes,15-Nov,15,No,With Traffic,C: Possible Injury,Travel Lane,White,Male,Raleigh,Wake,No,01-01-05,2007-02-09,Motorist Right Turn / Merge,15,Non-Intersection,01-02-01,0001-01-01T10:36:58-04:56,Motorist Right Turn - Same Direction,311213,2007,C: Possible Injury,Residential,40-49,45,No,0-5 mph,O: No Injury,White,Male,Passenger Car,No,No,Daylight,Urban (>70% Developed),4 lanes,2,Straight - Level,Local Street,Dry,"Two-Way, Divided, Positive Median Barrier",None,T-Intersection,Smooth Asphalt,Piedmont,Urban,30 - 35  MPH,Stop And Go Signal,Clear,No,"35.946255, -78.5663"
76,77,Yes,16-19,19,No,With Traffic,B: Evident Injury,Travel Lane,White,Male,None - Rural Crash,New Hanover,No,01-01-02,2007-02-20,Motorist Overtaking Bicyclist,7,Non-Intersection,01-02-01,0001-01-01T02:53:58-04:56,Motorist Overtaking - Other /,311239,2007,B: Evident Injury,"Farms, Woods, Pastures",30-39,36,No,46-50 mph,O: No Injury,White,Female,"Light Truck (Mini-Van, Panel)",No,No,Daylight,Rural (<30% Developed),2 lanes,2,Straight - Level,State Secondary Route,Dry,"Two-Way, Not Divided",None,No Special Feature,Coarse Asphalt,Coastal,Rural,50 - 55  MPH,No Control Present,Clear,No,"34.333782, -77.84164"
79,80,Yes,16-19,17,No,Not Applicable,B: Evident Injury,Driveway / Alley,Black,Male,Cary,Wake,No,01-01-05,2007-04-27,Bicyclist Failed to Yield - Midblock,17,Non-Intersection,01-04-01,0001-01-01T12:13:58-04:56,Multiple Threat - Midblock,353357,2007,B: Evident Injury,Commercial,40-49,49,No,11-15 mph,O: No Injury,White,Male,Pickup,No,No,Daylight,Urban (>70% Developed),2 lanes,2,Straight - Level,Local Street,Dry,"Two-Way, Not Divided",None,Four-Way Intersection,Smooth Asphalt,Piedmont,Urban,20 - 25  MPH,No Control Present,Cloudy,No,"35.769447, -78.782455"
91,92,No,15-Nov,15,No,With Traffic,C: Possible Injury,Travel Lane,Black,Male,Kannapolis,Cabarrus,No,01-01-03,2007-02-28,Bicyclist Left Turn / Merge,18,Intersection-Related,01-02-01,0001-01-01T13:26:58-04:56,Bicyclist Left Turn - Same Direction,211221,2007,C: Possible Injury,Residential,,,Missing,31-35 mph,Injury,/Missing,,,No,Yes,Daylight,Urban (>70% Developed),2 lanes,2,Straight - Level,Local Street,Dry,"Two-Way, Divided, Unprotected Median",None,No Special Feature,Smooth Asphalt,Piedmont,Urban,30 - 35  MPH,No Control Present,Clear,No,"35.48929, -80.60462"
95,96,Yes,20-24,20,No,With Traffic,C: Possible Injury,Travel Lane,White,Male,None - Rural Crash,Davie,No,01-01-02,2007-02-27,Motorist Overtaking Bicyclist,17,Intersection,01-02-01,0001-01-01T12:53:58-04:56,Motorist Overtaking - Undetected Bicyclist,111231,2007,C: Possible Injury,"Farms, Woods, Pastures",60-69,63,No,31-35 mph,O: No Injury,White,Male,Pickup,No,No,Daylight,Rural (<30% Developed),2 lanes,2,Straight - Level,State Secondary Route,Dry,"Two-Way, Not Divided",None,T-Intersection,Coarse Asphalt,Piedmont,Rural,40 - 45  MPH,"Double Yellow Line, No Passing Zone",Clear,No,"36.035133, -80.47386"
96,97,Yes,50-59,53,No,With Traffic,B: Evident Injury,Sidewalk / Crosswalk / Driveway Crossing,Black,Female,Wilson,Wilson,No,01-01-02,2007-02-27,Motorist Failed to Yield - Signalized Intersection,7,Intersection,01-02-01,0001-01-01T02:24:58-04:56,Motorist Drive Through - Signalized Intersection,131154,2007,B: Evident Injury,Residential,60-69,61,No,0-5 mph,C: Possible Injury,Black,Male,Pickup,No,No,Dawn,Urban (>70% Developed),4 lanes,2,Straight - Level,Local Street,Dry,"Two-Way, Divided, Unprotected Median",None,Four-Way Intersection,Coarse Asphalt,Coastal,Urban,30 - 35  MPH,Stop And Go Signal,Clear,No,"35.71948, -77.913704"
98,99,Yes,50-59,54,No,With Traffic,B: Evident Injury,Travel Lane,Black,Male,Charlotte,Mecklenburg,No,01-01-04,2007-03-01,Motorist Left Turn / Merge,9,Non-Intersection,01-03-01,0001-01-01T04:11:58-04:56,Motorist Left Turn - Opposite Direction,311212,2007,B: Evident Injury,Commercial,60-69,64,No,11-15 mph,O: No Injury,Black,Female,Passenger Car,No,No,Daylight,Urban (>70% Developed),4 lanes,2,Straight - Level,Local Street,Dry,"Two-Way, Not Divided",None,No Special Feature,Smooth Asphalt,Piedmont,Urban,30 - 35  MPH,No Control Present,Cloudy,No,"35.22181, -80.85026"
102,103,Yes,40-49,49,No,Facing Traffic,B: Evident Injury,Sidewalk / Crosswalk / Driveway Crossing,Black,Male,Durham,Durham,No,01-01-04,2007-05-17,Bicyclist Failed to Yield - Signalized Intersection,19,Intersection,01-05-01,0001-01-01T14:23:58-04:56,Bicyclist Ride Through - Signalized Intersection,132155,2007,B: Evident Injury,Commercial,25-29,25,No,0-5 mph,O: No Injury,White,Female,Passenger Car,No,No,Dusk,Urban (>70% Developed),8 lanes,2,Straight - Level,Local Street,Dry,"Two-Way, Not Divided",None,Four-Way Intersection,Smooth Asphalt,Piedmont,Urban,30 - 35  MPH,Stop And Go Signal,Clear,No,"35.902733, -78.95313"
109,110,No,30-39,32,No,With Traffic,C: Possible Injury,Travel Lane,Black,Male,Durham,Durham,No,01-01-06,2007-03-10,Motorist Overtaking Bicyclist,22,Non-Intersection,01-03-01,0001-01-01T17:30:58-04:56,Motorist Overtaking - Undetected Bicyclist,311231,2007,C: Possible Injury,Commercial,,,Missing,,Injury,/Missing,,,No,Yes,Dark - Roadway Not Lighted,Urban (>70% Developed),4 lanes,2,Straight - Level,US Route,Dry,"Two-Way, Divided, Unprotected Median",None,No Special Feature,Smooth Asphalt,Piedmont,Urban,40 - 45  MPH,No Control Present,Clear,No,"35.97225, -78.94338"
113,114,No,30-39,34,No,With Traffic,B: Evident Injury,Travel Lane,Black,Male,Charlotte,Mecklenburg,No,01-01-02,2007-03-13,Motorist Overtaking Bicyclist,0,Intersection,01-03-01,0000-12-31T19:18:58-04:56,Motorist Overtaking - Other /,111239,2007,B: Evident Injury,Commercial,30-39,38,No,21-25 mph,O: No Injury,Black,Female,Passenger Car,No,Yes,Dark - Roadway Not Lighted,Urban (>70% Developed),2 lanes,2,Straight - Hillcrest,Local Street,Dry,"Two-Way, Not Divided",None,T-Intersection,Smooth Asphalt,Piedmont,Urban,20 - 25  MPH,Stop Sign,Clear,No,"35.242477, -80.86091"
123,124,No,10-Jun,8,No,With Traffic,B: Evident Injury,Sidewalk / Crosswalk / Driveway Crossing,White,Male,Wilmington,New Hanover,No,01-01-04,2007-03-15,Motorist Failed to Yield - Midblock,7,Non-Intersection,01-03-01,0001-01-01T02:53:58-04:56,Motorist Drive Out - Residential Driveway,331321,2007,B: Evident Injury,Residential,50-59,56,No,0-5 mph,O: No Injury,White,Female,Passenger Car,No,No,Daylight,Urban (>70% Developed),2 lanes,2,Straight - Level,Local Street,Dry,"Two-Way, Not Divided",None,"Driveway, Private",Concrete,Coastal,Urban,5 - 15 MPH,No Control Present,Clear,No,"34.207157, -77.9137"
130,131,Yes,60-69,64,No,With Traffic,K: Killed,Travel Lane,White,Male,None - Rural Crash,Madison,No,01-01-07,2007-03-11,Motorist Overtaking Bicyclist,13,Non-Intersection,01-03-01,0001-01-01T08:25:58-04:56,Motorist Overtaking - Misjudged Space,311232,2007,K: Killed,"Farms, Woods, Pastures",20-24,20,No,31-35 mph,O: No Injury,White,Male,Pickup,No,No,Daylight,Rural (<30% Developed),2 lanes,2,Straight - Level,NC Route,Dry,"Two-Way, Not Divided",None,No Special Feature,Smooth Asphalt,Mountains,Rural,50 - 55  MPH,"Double Yellow Line, No Passing Zone",Clear,No,"35.986378, -82.68999"
136,137,No,20-24,20,No,With Traffic,C: Possible Injury,Sidewalk / Crosswalk / Driveway Crossing,White,Male,Greensboro,Guilford,No,,2007-03-19,Motorist Left Turn / Merge,14,Intersection,01-03-01,0001-01-01T09:03:58-04:56,Motorist Left Turn - Same Direction,131211,2007,C: Possible Injury,Commercial,,,Missing,6-10 mph,Injury,/Missing,,Passenger Car,No,No,Daylight,Urban (>70% Developed),4 lanes,2,Straight - Level,Local Street,Dry,"Two-Way, Not Divided",None,Four-Way Intersection,Smooth Asphalt,Piedmont,Urban,30 - 35  MPH,Stop And Go Signal,Clear,No,"36.073906, -79.797104"
137,138,Yes,15-Nov,12,No,With Traffic,C: Possible Injury,Travel Lane,Black,Female,Kinston,Lenoir,No,01-01-03,2007-06-06,Bicyclist Failed to Yield - Sign-Controlled Intersection,17,Intersection,01-06-01,0001-01-01T12:36:58-04:56,Bicyclist Ride Out - Sign-Controlled Intersection,111142,2007,C: Possible Injury,Residential,25-29,27,No,31-35 mph,O: No Injury,Black,Male,Passenger Car,No,No,Daylight,Urban (>70% Developed),4 lanes,2,Straight - Level,NC Route,Dry,"Two-Way, Not Divided",None,Four-Way Intersection,Coarse Asphalt,Coastal,Urban,30 - 35  MPH,Stop Sign,Clear,No,"35.261475, -77.57266"
142,143,Yes,16-19,16,No,With Traffic,K: Killed,Travel Lane,White,Male,None - Rural Crash,Burke,No,01-01-05,2007-03-23,Head-On,16,Non-Intersection,01-03-01,0001-01-01T11:40:58-04:56,Head-On - Bicyclist,311250,2007,K: Killed,Residential,50-59,50,No,26-30 mph,O: No Injury,White,Male,Pickup,No,No,Daylight,Rural (<30% Developed),2 lanes,2,Curve - Grade,State Secondary Route,Dry,"Two-Way, Not Divided",None,No Special Feature,Smooth Asphalt,Mountains,Rural,30 - 35  MPH,"Double Yellow Line, No Passing Zone",Clear,No,"35.720467, -81.572426"
144,145,No,40-49,49,No,Facing Traffic,B: Evident Injury,Sidewalk / Crosswalk / Driveway Crossing,Black,Male,Charlotte,Mecklenburg,No,01-01-05,2007-06-08,Head-On,16,Non-Intersection,01-06-01,0001-01-01T11:05:58-04:56,Head-On - Bicyclist,332250,2007,B: Evident Injury,Residential,60-69,67,No,21-25 mph,O: No Injury,Black,Female,Passenger Car,No,No,Daylight,Urban (>70% Developed),2 lanes,2,Straight - Level,Local Street,Dry,"Two-Way, Not Divided",None,No Special Feature,Smooth Asphalt,Piedmont,Urban,30 - 35  MPH,No Control Present,Clear,No,"35.262466, -80.85102"
146,147,Yes,15-Nov,13,No,With Traffic,A: Disabling Injury,Travel Lane,Black,Female,Statesville,Iredell,Yes,01-01-07,2007-03-25,Bicyclist Failed to Yield - Sign-Controlled Intersection,18,Intersection,01-03-01,0001-01-01T13:43:58-04:56,Bicyclist Ride Through - Sign-Controlled Intersection,111144,2007,A: Disabling Injury,Residential,0-19,19,Yes,41-45 mph,O: No Injury,Black,Female,Passenger Car,Yes,No,Daylight,Urban (>70% Developed),2 lanes,2,Straight - Grade,Local Street,Dry,"Two-Way, Not Divided",None,Four-Way Intersection,Coarse Asphalt,Piedmont,Urban,30 - 35  MPH,Stop Sign,Clear,No,"35.779594, -80.88761"
147,148,Yes,50-59,51,No,With Traffic,B: Evident Injury,Travel Lane,White,Male,Charlotte,Mecklenburg,No,01-01-07,2007-03-25,Motorist Right Turn / Merge,16,Intersection,01-03-01,0001-01-01T11:42:58-04:56,Motorist Right Turn - Same Direction,111213,2007,B: Evident Injury,Residential,25-29,26,No,31-35 mph,O: No Injury,White,Male,Passenger Car,No,No,Daylight,Urban (>70% Developed),4 lanes,2,Straight - Level,Local Street,Dry,"Two-Way, Divided, Positive Median Barrier",None,No Special Feature,Smooth Asphalt,Piedmont,Urban,30 - 35  MPH,Stop And Go Signal,Clear,No,"35.117256, -80.85951"
148,149,Yes,60-69,61,No,With Traffic,O: No Injury,Travel Lane,White,Male,Carolina Beach,New Hanover,No,01-01-07,2007-03-25,Motorist Right Turn / Merge,12,Intersection,01-03-01,0001-01-01T07:11:58-04:56,Motorist Right Turn - Same Direction,111213,2007,O: No Injury,Commercial,,,Missing,,Injury,/Missing,,,No,Yes,Daylight,Urban (>70% Developed),4 lanes,2,Straight - Level,Local Street,Dry,"Two-Way, Not Divided",None,Four-Way Intersection,Smooth Asphalt,Coastal,Urban,,Stop And Go Signal,Clear,No,"34.03346, -77.89409"
490,491,Yes,30-39,36,No,With Traffic,C: Possible Injury,Travel Lane,White,Male,None - Rural Crash,Wake,No,01-01-05,2009-09-04,Motorist Right Turn / Merge,13,Non-Intersection,01-09-01,0001-01-01T08:18:58-04:56,Motorist Right Turn - Same Direction,311213,2009,C: Possible Injury,"Farms, Woods, Pastures",30-39,36,No,41-45 mph,O: No Injury,Hispanic,Male,Pickup,No,No,Daylight,Rural (<30% Developed),2 lanes,2,Straight - Level,State Secondary Route,Dry,"Two-Way, Not Divided",None,"Driveway, Private",Smooth Asphalt,Piedmont,Rural,40 - 45  MPH,"Double Yellow Line, No Passing Zone",Clear,No,"35.706413, -78.80375"
491,492,Yes,15-Nov,15,No,With Traffic,C: Possible Injury,Travel Lane,White,Male,Durham,Durham,No,,2009-09-07,Loss of Control / Turning Error,18,Intersection,01-09-01,0001-01-01T13:10:58-04:56,Bicyclist Lost Control - Surface Conditions,111124,2009,C: Possible Injury,Residential,50-59,52,No,31-35 mph,O: No Injury,Black,Male,Sport Utility,No,No,Daylight,Urban (>70% Developed),2 lanes,2,Straight - Hillcrest,Local Street,Wet,"Two-Way, Not Divided",None,No Special Feature,Coarse Asphalt,Piedmont,Urban,30 - 35  MPH,Stop Sign,Rain,No,"35.97676, -78.906845"
498,499,Yes,16-19,16,No,Facing Traffic,C: Possible Injury,Sidewalk / Crosswalk / Driveway Crossing,White,Male,Apex,Wake,No,,2009-08-31,Motorist Left Turn / Merge,15,Intersection,01-08-01,0001-01-01T10:40:58-04:56,Motorist Left Turn - Same Direction,132211,2009,C: Possible Injury,Residential,40-49,40,No,41-45 mph,O: No Injury,White,Female,Sport Utility,No,No,Daylight,Urban (>70% Developed),3 lanes,2,Straight - Grade,Local Street,Wet,"Two-Way, Not Divided",None,Four-Way Intersection,Smooth Asphalt,Piedmont,Urban,40 - 45  MPH,No Control Present,Rain,No,"35.737278, -78.879875"
500,501,Yes,40-49,44,No,With Traffic,C: Possible Injury,Travel Lane,Native American,Female,Lumberton,Robeson,No,01-01-02,2009-08-18,Motorist Failed to Yield - Sign-Controlled Intersection,13,Intersection,01-08-01,0001-01-01T08:24:58-04:56,Motorist Drive Out - Sign-Controlled Intersection,111141,2009,C: Possible Injury,Residential,50-59,55,No,31-35 mph,O: No Injury,White,Female,Passenger Car,No,No,Daylight,Urban (>70% Developed),2 lanes,2,Straight - Level,Local Street,Dry,"Two-Way, Not Divided",None,Four-Way Intersection,Gravel,Coastal,Urban,30 - 35  MPH,Stop Sign,Clear,No,"34.62674, -79.0033"
505,506,Yes,25-29,29,No,Facing Traffic,O: No Injury,Travel Lane,Black,Male,Gastonia,Gaston,No,01-01-02,2009-09-01,Crossing Paths - Other Circumstances,20,Intersection,01-09-01,0001-01-01T15:26:58-04:56,Signalized Intersection - Other /,112158,2009,O: No Injury,Commercial,70,,No,0-5 mph,O: No Injury,White,Female,Passenger Car,No,No,Dark - Lighted Roadway,Rural (<30% Developed),2 lanes,2,Straight - Level,Local Street,Dry,"Two-Way, Divided, Positive Median Barrier",None,Four-Way Intersection,Coarse Asphalt,Piedmont,Urban,30 - 35  MPH,Stop And Go Signal,Clear,No,"35.262222, -81.15272"
509,510,No,20-24,22,No,Facing Traffic,B: Evident Injury,Sidewalk / Crosswalk / Driveway Crossing,White,Male,Raleigh,Wake,No,,2009-08-24,Motorist Left Turn / Merge,18,Intersection,01-08-01,0001-01-01T13:15:58-04:56,Motorist Left Turn - Same Direction,132211,2009,B: Evident Injury,Institutional,40-49,47,No,6-10 mph,O: No Injury,White,Male,Passenger Car,No,No,Daylight,Urban (>70% Developed),2 lanes,2,Straight - Grade,Local Street,Dry,"Two-Way, Not Divided",None,T-Intersection,Smooth Asphalt,Piedmont,Urban,20 - 25  MPH,Stop Sign,Clear,No,"35.78381, -78.67712"
513,514,Yes,20-24,24,No,With Traffic,A: Disabling Injury,Sidewalk / Crosswalk / Driveway Crossing,Hispanic,Male,Kill Devil Hills,Dare,No,01-01-07,2009-09-06,Motorist Left Turn / Merge,8,Intersection,01-09-01,0001-01-01T03:33:58-04:56,Motorist Left Turn - Opposite Direction,131212,2009,A: Disabling Injury,Commercial,40-49,44,No,16-20 mph,O: No Injury,White,Male,Pickup,No,No,Daylight,Urban (>70% Developed),5 lanes,2,Straight - Grade,US Route,Dry,"Two-Way, Not Divided",None,Four-Way Intersection,Coarse Asphalt,Coastal,Urban,50 - 55  MPH,Stop And Go Signal,Cloudy,No,"35.997616, -75.651375"
517,518,Yes,20-24,23,No,Not Applicable,B: Evident Injury,,White,Male,Hendersonville,Henderson,No,,2009-08-03,Bicyclist Failed to Yield - Midblock,15,Non-Intersection,01-08-01,0001-01-01T10:56:58-04:56,Multiple Threat - Midblock,393357,2009,B: Evident Injury,Commercial,70,,No,6-10 mph,C: Possible Injury,White,Female,Passenger Car,No,No,Daylight,Urban (>70% Developed),3 lanes,2,Straight - Level,Local Street,Dry,"Two-Way, Not Divided",None,No Special Feature,Coarse Asphalt,Mountains,Urban,30 - 35  MPH,Stop And Go Signal,Clear,No,"35.336945, -82.4458"
518,519,No,20-24,21,No,With Traffic,B: Evident Injury,Travel Lane,White,Male,Raleigh,Wake,No,01-01-03,2009-09-02,Backing Vehicle,12,Non-Intersection,01-09-01,0001-01-01T07:24:58-04:56,Backing Vehicle,311600,2009,B: Evident Injury,Institutional,0-19,19,No,6-10 mph,O: No Injury,White,Male,Pickup,No,No,Daylight,Urban (>70% Developed),2 lanes,2,Straight - Hillcrest,Local Street,Dry,"Two-Way, Not Divided",None,"Driveway, Private",Coarse Asphalt,Piedmont,Urban,20 - 25  MPH,No Control Present,Clear,No,"35.78113, -78.68073"
519,520,No,15-Nov,13,No,With Traffic,C: Possible Injury,Sidewalk / Crosswalk / Driveway Crossing,Black,Male,Charlotte,Mecklenburg,No,01-01-07,2009-08-30,Motorist Right Turn / Merge,16,Non-Intersection,01-08-01,0001-01-01T11:59:58-04:56,Motorist Right Turn - Same Direction,331213,2009,C: Possible Injury,Residential,60-69,63,No,6-10 mph,O: No Injury,Black,Female,Passenger Car,No,No,Daylight,Mixed (30% To 70% Developed),2 lanes,2,Straight - Hillcrest,Local Street,Dry,"Two-Way, Not Divided",None,"Driveway, Private",Smooth Asphalt,Piedmont,Urban,20 - 25  MPH,No Control Present,Clear,No,"35.23838, -80.71249"
520,521,Yes,15-Nov,14,No,Not Applicable,B: Evident Injury,Driveway / Alley,Black,Male,None - Rural Crash,Washington,No,01-01-05,2009-09-18,Bicyclist Failed to Yield - Midblock,18,Non-Intersection,01-09-01,0001-01-01T13:38:58-04:56,Bicyclist Ride Out - Residential Driveway,353311,2009,B: Evident Injury,Residential,70,,No,26-30 mph,O: No Injury,White,Female,Passenger Car,No,No,Daylight,Mixed (30% To 70% Developed),2 lanes,2,Straight - Level,State Secondary Route,Dry,"Two-Way, Not Divided",None,"Driveway, Private",Smooth Asphalt,Coastal,Rural,50 - 55  MPH,No Control Present,Clear,No,"35.865334, -76.39653"
521,522,Yes,20-24,21,No,With Traffic,B: Evident Injury,Travel Lane,White,Male,Chapel Hill,Orange,No,01-01-03,2009-09-09,Motorist Left Turn / Merge,10,Intersection,01-09-01,0001-01-01T05:55:58-04:56,Motorist Left Turn - Opposite Direction,111212,2009,B: Evident Injury,Institutional,40-49,40,No,6-10 mph,Injury,Black,Male,Pickup,No,No,,Urban (>70% Developed),6 lanes,2,Straight - Bottom,Local Street,Dry,"Two-Way, Divided, Unprotected Median",None,No Special Feature,Smooth Asphalt,Piedmont,Urban,20 - 25  MPH,No Control Present,Clear,No,"35.90214, -79.04427"
524,525,Yes,16-19,19,No,Not Applicable,B: Evident Injury,Travel Lane,White,Female,Nags Head,Dare,No,01-01-07,2009-06-14,Bicyclist Failed to Yield - Midblock,21,Non-Intersection,01-06-01,0001-01-01T16:47:58-04:56,Bicyclist Ride Out - Midblock -,313319,2009,B: Evident Injury,Commercial,60-69,68,No,46-50 mph,O: No Injury,White,Male,Van,No,No,Dark - Roadway Not Lighted,Urban (>70% Developed),5 lanes,2,Straight - Level,US Route,Dry,"Two-Way, Divided, Unprotected Median",None,No Special Feature,Smooth Asphalt,Coastal,Rural,50 - 55  MPH,No Control Present,Clear,No,"35.983757, -75.64382"
530,531,Yes,20-24,20,No,Facing Traffic,B: Evident Injury,Sidewalk / Crosswalk / Driveway Crossing,Black,Male,Charlotte,Mecklenburg,No,01-01-05,2009-09-04,Motorist Failed to Yield - Midblock,1,Non-Intersection,01-09-01,0000-12-31T20:15:58-04:56,Motorist Drive Out - Other Midblock,332328,2009,B: Evident Injury,Commercial,50-59,51,No,0-5 mph,O: No Injury,Black,Male,Taxicab,No,No,Dark - Lighted Roadway,Urban (>70% Developed),2 lanes,2,Straight - Grade,Public Vehicular Area,Dry,"Two-Way, Not Divided",None,"Driveway, Public",Concrete,Piedmont,Urban,20 - 25  MPH,No Control Present,Clear,No,"35.225685, -80.84321"
531,532,Yes,40-49,41,No,With Traffic,C: Possible Injury,Travel Lane,White,Male,Wilmington,New Hanover,No,01-01-04,2009-09-10,Motorist Left Turn / Merge,10,Intersection,01-09-01,0001-01-01T05:54:58-04:56,Motorist Left Turn - Opposite Direction,111212,2009,C: Possible Injury,Commercial,60-69,67,No,16-20 mph,O: No Injury,Black,Female,Passenger Car,No,No,Daylight,Urban (>70% Developed),2 lanes,2,Straight - Level,Local Street,Dry,"Two-Way, Not Divided",None,No Special Feature,Smooth Asphalt,Coastal,Urban,20 - 25  MPH,Stop And Go Signal,Cloudy,No,"34.238792, -77.9491"
538,539,No,50-59,55,No,With Traffic,B: Evident Injury,Travel Lane,White,Male,Durham,Durham,No,01-01-03,2009-09-23,Motorist Left Turn / Merge,17,Intersection,01-09-01,0001-01-01T13:00:58-04:56,Motorist Left Turn - Opposite Direction,111212,2009,B: Evident Injury,Commercial,60-69,61,No,6-10 mph,O: No Injury,Black,Female,Passenger Car,No,No,Daylight,Urban (>70% Developed),4 lanes,2,Straight - Level,Local Street,Dry,"Two-Way, Not Divided",None,No Special Feature,Smooth Asphalt,Piedmont,Urban,30 - 35  MPH,No Control Present,Clear,No,"35.971127, -78.9583"
553,554,No,16-19,18,No,Facing Traffic,C: Possible Injury,Travel Lane,Black,Male,Goldsboro,Wayne,No,01-01-06,2009-09-19,Crossing Paths - Other Circumstances,12,Intersection,01-09-01,0001-01-01T07:48:58-04:56,Signalized Intersection - Other /,112158,2009,C: Possible Injury,Commercial,60-69,65,No,6-10 mph,O: No Injury,Black,Female,Passenger Car,No,No,Dark - Lighted Roadway,Urban (>70% Developed),8 lanes,2,Straight - Hillcrest,Local Street,Dry,"Two-Way, Not Divided",None,Four-Way Intersection,Coarse Asphalt,Coastal,Urban,30 - 35  MPH,Stop And Go Signal,Clear,No,"35.39693, -77.966736"
555,556,Yes,30-39,37,Yes,Not Applicable,C: Possible Injury,Non-Roadway,White,Male,Kill Devil Hills,Dare,Yes,01-01-04,2009-09-17,Non-Roadway,16,Non-Roadway,01-09-01,0001-01-01T11:35:58-04:56,Non-Roadway,460910,2009,C: Possible Injury,Commercial,40-49,46,No,0-5 mph,O: No Injury,White,Male,Passenger Car,No,No,Daylight,Urban (>70% Developed),,2,Straight - Level,Public Vehicular Area,Dry,"Two-Way, Not Divided",None,"Driveway, Public",Coarse Asphalt,Coastal,Urban,,No Control Present,Clear,No,"36.013023, -75.661415"
567,568,Yes,16-19,19,No,With Traffic,B: Evident Injury,Travel Lane,Hispanic,Male,None - Rural Crash,New Hanover,No,01-01-02,2009-09-22,Motorist Overtaking Bicyclist,19,Non-Intersection,01-09-01,0001-01-01T14:53:58-04:56,Motorist Overtaking - Other /,311239,2009,B: Evident Injury,Residential,,,Missing,41-45 mph,Injury,/Missing,,,No,Yes,Dark - Roadway Not Lighted,Urban (>70% Developed),2 lanes,2,Straight - Level,State Secondary Route,Wet,"Two-Way, Not Divided",None,No Special Feature,Smooth Asphalt,Coastal,Rural,40 - 45  MPH,"Double Yellow Line, No Passing Zone",Cloudy,No,"34.12228, -77.87881"
584,585,Yes,40-49,47,No,With Traffic,C: Possible Injury,Travel Lane,Hispanic,Male,None - Rural Crash,Catawba,No,01-01-05,2009-10-09,Motorist Overtaking Bicyclist,20,Non-Intersection,01-10-01,0001-01-01T15:07:58-04:56,Motorist Overtaking - Misjudged Space,311232,2009,C: Possible Injury,Residential,,,No,41-45 mph,Injury,/Missing,,Pickup,No,Yes,Dark - Roadway Not Lighted,Mixed (30% To 70% Developed),2 lanes,2,Straight - Grade,State Secondary Route,Dry,"Two-Way, Not Divided",None,No Special Feature,Coarse Asphalt,Piedmont,Rural,40 - 45  MPH,"Double Yellow Line, No Passing Zone",Cloudy,No,"35.68663, -81.177505"
589,590,Yes,50-59,58,No,With Traffic,B: Evident Injury,Travel Lane,White,Male,Winston-Salem,Forsyth,No,01-01-06,2009-10-03,Motorist Left Turn / Merge,12,Intersection,01-10-01,0001-01-01T07:33:58-04:56,Motorist Left Turn - Opposite Direction,111212,2009,B: Evident Injury,Residential,50-59,55,No,31-35 mph,O: No Injury,White,Female,Passenger Car,No,No,Dawn,Urban (>70% Developed),2 lanes,2,Curve - Level,Local Street,Dry,"Two-Way, Not Divided",None,T-Intersection,Smooth Asphalt,Piedmont,Urban,30 - 35  MPH,Stop Sign,Clear,No,"36.109894, -80.325676"