FID,OBJECTID,AmbulanceR,BikeAge_Gr,Bike_Age,Bike_Alc_D,Bike_Dir,Bike_Injur,Bike_Pos,Bike_Race,Bike_Sex,City,County,CrashAlcoh,CrashDay,Crash_Date,Crash_Grp,Crash_Hour,Crash_Loc,Crash_Mont,Crash_Time,Crash_Type,Crash_Ty_1,Crash_Year,Crsh_Sevri,Developmen,DrvrAge_Gr,Drvr_Age,Drvr_Alc_D,Drvr_EstSp,Drvr_Injur,Drvr_Race,Drvr_Sex,Drvr_VehTy,ExcsSpdInd,Hit_Run,Light_Cond,Locality,Num_Lanes,Num_Units,Rd_Charact,Rd_Class,Rd_Conditi,Rd_Config,Rd_Defects,Rd_Feature,Rd_Surface,Region,Rural_Urba,Speed_Limi,Traff_Cntr,Weather,Workzone_I,Location
590,591,Yes,50-59,52,No,With Traffic,B: Evident Injury,Travel Lane,Black,Male,Greensboro,Guilford,No,01-01-03,2009-09-30,Motorist Overtaking Bicyclist,12,Intersection,01-09-01,0001-01-01T07:55:58-04:56,Motorist Overtaking - Misjudged Space,111232,2009,B: Evident Injury,Commercial,0-19,19,No,16-20 mph,O: No Injury,Black,Female,Passenger Car,No,No,Daylight,Urban (>70% Developed),6 lanes,2,Straight - Level,Local Street,Dry,"One-Way, Not Divided",None,Four-Way Intersection,Smooth Asphalt,Piedmont,Urban,20 - 25  MPH,Stop And Go Signal,Clear,No,"36.072445, -79.79034"
596,597,No,25-29,27,No,Facing Traffic,C: Possible Injury,Sidewalk / Crosswalk / Driveway Crossing,White,Male,Asheboro,Randolph,No,01-01-02,2009-08-18,Motorist Failed to Yield - Midblock,18,Non-Intersection,01-08-01,0001-01-01T13:03:58-04:56,Motorist Drive Out - Commercial Driveway / Alley,332322,2009,C: Possible Injury,Commercial,,,Missing,0-5 mph,Injury,/Missing,,,No,Yes,Daylight,Urban (>70% Developed),2 lanes,2,Straight - Level,Local Street,Dry,"Two-Way, Not Divided",None,"Driveway, Public",Smooth Asphalt,Piedmont,Urban,,No Control Present,Clear,No,"35.705738, -79.81549"
597,598,Yes,16-19,16,No,With Traffic,B: Evident Injury,Travel Lane,Black,Male,Statesville,Iredell,No,01-01-05,2009-10-02,Bicyclist Failed to Yield - Sign-Controlled Intersection,16,Intersection,01-10-01,0001-01-01T11:18:58-04:56,Bicyclist Ride Through - Sign-Controlled Intersection,111144,2009,B: Evident Injury,Residential,40-49,43,No,26-30 mph,O: No Injury,Black,Female,Passenger Car,No,No,Daylight,Urban (>70% Developed),2 lanes,2,Straight - Grade,Local Street,Dry,"Two-Way, Not Divided",None,No Special Feature,Smooth Asphalt,Piedmont,Urban,30 - 35  MPH,Stop Sign,Clear,No,"35.780945, -80.88372"
613,614,No,25-29,25,No,Facing Traffic,C: Possible Injury,Sidewalk / Crosswalk / Driveway Crossing,Black,Male,Raleigh,Wake,No,01-01-05,2009-09-25,Motorist Failed to Yield - Sign-Controlled Intersection,15,Intersection,01-09-01,0001-01-01T10:18:58-04:56,Motorist Drive Out - Sign-Controlled Intersection,132141,2009,C: Possible Injury,Residential,30-39,32,No,,O: No Injury,White,Female,Sport Utility,No,No,Daylight,Urban (>70% Developed),2 lanes,2,Straight - Level,Local Street,Dry,"Two-Way, Not Divided",None,T-Intersection,Smooth Asphalt,Piedmont,Urban,30 - 35  MPH,Stop Sign,Clear,No,"35.837452, -78.570435"
620,621,No,0-5,5,No,Not Applicable,C: Possible Injury,Non-Roadway,White,Male,Laurinburg,Scotland,No,01-01-03,2009-10-07,Non-Roadway,17,Non-Roadway,01-10-01,0001-01-01T12:35:58-04:56,Non-Roadway,460910,2009,C: Possible Injury,Residential,25-29,28,No,0-5 mph,O: No Injury,Black,Male,Passenger Car,No,No,Dusk,Urban (>70% Developed),,2,Straight - Level,Public Vehicular Area,Dry,"Two-Way, Not Divided",None,"Driveway, Public",Coarse Asphalt,Coastal,Urban,5 - 15 MPH,No Control Present,Clear,No,"34.76039, -79.47556"
626,627,Yes,16-19,18,No,With Traffic,C: Possible Injury,Sidewalk / Crosswalk / Driveway Crossing,White,Male,Goldsboro,Wayne,No,01-01-04,2009-10-08,Bicyclist Failed to Yield - Signalized Intersection,16,Intersection,01-10-01,0001-01-01T11:54:58-04:56,Bicyclist Ride Through - Signalized Intersection,131155,2009,C: Possible Injury,Commercial,50-59,52,No,21-25 mph,O: No Injury,Black,Male,Passenger Car,No,No,Daylight,Urban (>70% Developed),5 lanes,2,Straight - Level,Local Street,Dry,"Two-Way, Not Divided",None,Four-Way Intersection,Coarse Asphalt,Coastal,Urban,20 - 25  MPH,Stop And Go Signal,Clear,No,"35.378487, -77.970894"
631,632,Yes,40-49,46,No,Facing Traffic,C: Possible Injury,Travel Lane,Black,Male,Charlotte,Mecklenburg,No,01-01-03,2009-10-14,Bicyclist Failed to Yield - Signalized Intersection,8,Intersection,01-10-01,0001-01-01T03:33:58-04:56,Bicyclist Ride Through - Signalized Intersection,112155,2009,C: Possible Injury,Commercial,50-59,54,No,0-5 mph,O: No Injury,Black,Female,Passenger Car,No,No,Daylight,Urban (>70% Developed),6 lanes,2,Straight - Level,Local Street,Wet,"Two-Way, Not Divided",None,T-Intersection,Smooth Asphalt,Piedmont,Urban,40 - 45  MPH,Stop And Go Signal,Rain,No,"35.269943, -80.85425"
633,634,Yes,10-Jun,8,No,With Traffic,B: Evident Injury,Travel Lane,White,Male,Kannapolis,Cabarrus,No,01-01-05,2009-10-16,Bicyclist Failed to Yield - Sign-Controlled Intersection,18,Intersection,01-10-01,0001-01-01T13:17:58-04:56,Bicyclist Ride Through - Sign-Controlled Intersection,111144,2009,B: Evident Injury,Residential,70,,No,26-30 mph,O: No Injury,White,Male,Passenger Car,No,No,Daylight,Urban (>70% Developed),2 lanes,2,Straight - Grade,Local Street,Dry,"Two-Way, Not Divided",None,Four-Way Intersection,Smooth Asphalt,Piedmont,Urban,30 - 35  MPH,Stop Sign,Clear,No,"35.49856, -80.640205"
634,635,Yes,30-39,38,No,With Traffic,B: Evident Injury,Travel Lane,White,Male,Emerald Isle,Carteret,No,01-01-06,2009-10-17,Motorist Overtaking Bicyclist,8,Non-Intersection,01-10-01,0001-01-01T03:46:58-04:56,Motorist Overtaking - Other /,311239,2009,B: Evident Injury,Commercial,60-69,67,No,41-45 mph,O: No Injury,Black,Female,Sport Utility,No,No,Daylight,Urban (>70% Developed),3 lanes,2,Curve - Level,NC Route,Dry,"Two-Way, Not Divided",None,No Special Feature,Coarse Asphalt,Coastal,Rural,40 - 45  MPH,No Control Present,Cloudy,No,"34.66041, -77.057915"
639,640,Yes,50-59,50,No,With Traffic,B: Evident Injury,Travel Lane,White,Male,Beaufort,Carteret,Yes,01-01-02,2009-10-27,Motorist Left Turn / Merge,20,Intersection,01-10-01,0001-01-01T15:48:58-04:56,Motorist Left Turn - Opposite Direction,111212,2009,B: Evident Injury,Residential,30-39,36,Yes,21-25 mph,O: No Injury,Black,Male,Passenger Car,No,Yes,Dark - Lighted Roadway,Urban (>70% Developed),2 lanes,2,Straight - Level,Local Street,Dry,"Two-Way, Not Divided",None,Four-Way Intersection,Smooth Asphalt,Coastal,Rural,20 - 25  MPH,No Control Present,Clear,No,"34.72069, -76.65972"
641,642,Yes,50-59,50,No,Facing Traffic,C: Possible Injury,Travel Lane,White,Male,None - Rural Crash,Halifax,No,01-01-05,2009-10-23,Motorist Failed to Yield - Sign-Controlled Intersection,19,Intersection,01-10-01,0001-01-01T14:34:58-04:56,Motorist Drive Out - Sign-Controlled Intersection,112141,2009,C: Possible Injury,Commercial,40-49,44,No,31-35 mph,O: No Injury,Black,Female,Sport Utility,No,No,Dark - Lighted Roadway,Rural (<30% Developed),2 lanes,2,Straight - Level,State Secondary Route,Dry,"Two-Way, Not Divided",None,Four-Way Intersection,Smooth Asphalt,Coastal,Rural,30 - 35  MPH,Stop Sign,Clear,No,"36.416775, -77.60517"
644,645,Yes,20-24,20,No,With Traffic,B: Evident Injury,Bike Lane / Paved Shoulder,White,Female,Asheville,Buncombe,No,01-01-04,2009-10-22,Motorist Right Turn / Merge,11,Non-Intersection,01-10-01,0001-01-01T06:24:58-04:56,Motorist Right Turn - Same Direction,321213,2009,B: Evident Injury,Commercial,30-39,38,No,0-5 mph,O: No Injury,White,Male,Pickup,No,No,Daylight,Urban (>70% Developed),2 lanes,2,Straight - Grade,Local Street,Dry,"Two-Way, Divided, Positive Median Barrier",None,No Special Feature,Smooth Asphalt,Mountains,Urban,20 - 25  MPH,"Double Yellow Line, No Passing Zone",Clear,No,"35.596436, -82.54866"
649,650,Yes,15-Nov,14,No,Facing Traffic,B: Evident Injury,Travel Lane,White,Male,Durham,Durham,No,01-01-05,2009-11-06,Head-On,18,Non-Intersection,01-11-01,0001-01-01T13:54:58-04:56,Head-On - Bicyclist,312250,2009,B: Evident Injury,Residential,20-24,22,No,41-45 mph,O: No Injury,White,Male,"Light Truck (Mini-Van, Panel)",No,No,Dark - Roadway Not Lighted,Rural (<30% Developed),2 lanes,2,Straight - Level,Local Street,Dry,"Two-Way, Not Divided",None,No Special Feature,Smooth Asphalt,Piedmont,Urban,40 - 45  MPH,No Control Present,Clear,No,"36.09128, -78.93309"
655,656,No,30-39,38,Yes,With Traffic,C: Possible Injury,Travel Lane,White,Male,None - Rural Crash,Guilford,Yes,,2009-11-09,Loss of Control / Turning Error,21,Non-Intersection,01-11-01,0001-01-01T16:34:58-04:56,Bicyclist Lost Control - Other /,311129,2009,C: Possible Injury,"Farms, Woods, Pastures",70,,No,31-35 mph,O: No Injury,White,Male,Pickup,No,No,Dark - Roadway Not Lighted,Rural (<30% Developed),2 lanes,2,Straight - Level,State Secondary Route,Dry,"Two-Way, Not Divided",None,No Special Feature,Coarse Asphalt,Piedmont,Rural,40 - 45  MPH,"Double Yellow Line, No Passing Zone",Clear,No,"36.107716, -79.69417"
658,659,Yes,15-Nov,12,No,With Traffic,B: Evident Injury,Travel Lane,White,Female,None - Rural Crash,Richmond,No,01-01-06,2009-10-24,Bicyclist Left Turn / Merge,17,Non-Intersection,01-10-01,0001-01-01T12:10:58-04:56,Bicyclist Left Turn - Same Direction,311221,2009,B: Evident Injury,Residential,40-49,44,No,41-45 mph,O: No Injury,White,Male,Pickup,No,No,Daylight,Urban (>70% Developed),2 lanes,2,Straight - Level,State Secondary Route,Dry,"Two-Way, Not Divided",None,No Special Feature,Smooth Asphalt,Piedmont,Rural,50 - 55  MPH,"Double Yellow Line, No Passing Zone",Clear,No,"34.90425, -79.81298"
661,662,Yes,50-59,56,Yes,With Traffic,B: Evident Injury,Travel Lane,Black,Male,Raleigh,Wake,Yes,01-01-02,2009-10-13,Motorist Left Turn / Merge,15,Intersection-Related,01-10-01,0001-01-01T10:54:58-04:56,Motorist Left Turn - Opposite Direction,211212,2009,B: Evident Injury,Residential,50-59,57,No,6-10 mph,O: No Injury,White,Male,Pickup,No,No,Daylight,Urban (>70% Developed),4 lanes,2,Straight - Level,Local Street,Dry,"One-Way, Not Divided",None,No Special Feature,Smooth Asphalt,Piedmont,Urban,30 - 35  MPH,No Control Present,Clear,No,"35.787743, -78.6136"
665,666,Yes,25-29,28,Yes,Not Applicable,B: Evident Injury,Travel Lane,White,Male,Greensboro,Guilford,Yes,,2009-11-02,Bicyclist Failed to Yield - Midblock,22,Non-Intersection,01-11-01,0001-01-01T17:56:58-04:56,Bicyclist Ride Out - Midblock -,313319,2009,B: Evident Injury,Commercial,,,Missing,,Injury,/Missing,,,No,Yes,Dark - Lighted Roadway,Urban (>70% Developed),5 lanes,2,Straight - Level,Local Street,Dry,"Two-Way, Not Divided",None,No Special Feature,Coarse Asphalt,Piedmont,Urban,30 - 35  MPH,No Control Present,Clear,No,"36.06335, -79.80675"
666,667,Yes,16-19,18,No,With Traffic,C: Possible Injury,Travel Lane,Asian,Female,Raleigh,Wake,No,01-01-05,2009-10-30,Motorist Failed to Yield - Sign-Controlled Intersection,10,Intersection,01-10-01,0001-01-01T05:10:58-04:56,Motorist Drive Out - Sign-Controlled Intersection,111141,2009,C: Possible Injury,Residential,50-59,54,No,0-5 mph,O: No Injury,White,Male,Sport Utility,No,No,,Urban (>70% Developed),2 lanes,2,Straight - Level,Local Street,Dry,"Two-Way, Divided, Unprotected Median",None,No Special Feature,Smooth Asphalt,Piedmont,Urban,20 - 25  MPH,Stop Sign,Clear,No,"35.78136, -78.67506"
667,668,No,20-24,24,No,With Traffic,C: Possible Injury,Travel Lane,White,Male,None - Rural Crash,Cleveland,No,01-01-05,2009-10-16,Motorist Overtaking Bicyclist,8,Non-Intersection,01-10-01,0001-01-01T03:04:58-04:56,Motorist Overtaking - Other /,311239,2009,C: Possible Injury,"Farms, Woods, Pastures",70,,No,41-45 mph,O: No Injury,White,Male,Pickup,No,No,Daylight,Mixed (30% To 70% Developed),2 lanes,2,Straight - Grade,NC Route,Dry,"Two-Way, Not Divided",None,No Special Feature,Coarse Asphalt,Mountains,Rural,50 - 55  MPH,"Double Yellow Line, No Passing Zone",Cloudy,No,"35.47599, -81.631256"
688,689,Yes,40-49,47,No,With Traffic,C: Possible Injury,Travel Lane,White,Male,None - Rural Crash,Rowan,No,,2009-11-30,Motorist Overtaking Bicyclist,17,Non-Intersection,01-11-01,0001-01-01T12:31:58-04:56,Motorist Overtaking - Misjudged Space,311232,2009,C: Possible Injury,Residential,70,,No,21-25 mph,O: No Injury,White,Female,Passenger Car,No,No,Dusk,Mixed (30% To 70% Developed),2 lanes,2,Straight - Grade,State Secondary Route,Wet,"Two-Way, Not Divided",None,No Special Feature,Smooth Asphalt,Piedmont,Rural,40 - 45  MPH,"Double Yellow Line, No Passing Zone",Rain,No,"35.571667, -80.45902"
695,696,Yes,20-24,21,No,With Traffic,B: Evident Injury,Travel Lane,Hispanic,Male,Salisbury,Rowan,No,,2009-11-30,Motorist Overtaking Bicyclist,22,Non-Intersection,01-11-01,0001-01-01T17:14:58-04:56,Motorist Overtaking - Other /,311239,2009,B: Evident Injury,Commercial,25-29,26,No,26-30 mph,O: No Injury,Black,Female,Passenger Car,No,No,Dark - Roadway Not Lighted,Urban (>70% Developed),2 lanes,2,Straight - Level,Local Street,Dry,"Two-Way, Divided, Unprotected Median",None,No Special Feature,Smooth Asphalt,Piedmont,Urban,40 - 45  MPH,"Double Yellow Line, No Passing Zone",Clear,No,"35.65004, -80.4726"
704,705,Yes,25-29,25,No,With Traffic,B: Evident Injury,Travel Lane,White,Male,None - Rural Crash,Buncombe,No,01-01-05,2009-11-20,Motorist Failed to Yield - Sign-Controlled Intersection,16,Intersection,01-11-01,0001-01-01T11:49:58-04:56,Motorist Drive Out - Sign-Controlled Intersection,111141,2009,B: Evident Injury,Residential,70,,No,0-5 mph,O: No Injury,White,Male,Van,No,No,Daylight,Rural (<30% Developed),2 lanes,2,Straight - Level,State Secondary Route,Dry,"Two-Way, Not Divided",None,Four-Way Intersection,Smooth Asphalt,Mountains,Rural,40 - 45  MPH,Stop Sign,Clear,No,"35.520428, -82.43664"
708,709,Yes,25-29,29,No,With Traffic,B: Evident Injury,Bike Lane / Paved Shoulder,White,Male,Cornelius,Mecklenburg,No,01-01-03,2009-11-18,Parallel Paths - Other Circumstances,17,Non-Intersection,01-11-01,0001-01-01T12:32:58-04:56,Bicyclist Ride Out - Parallel Path,321225,2009,B: Evident Injury,Commercial,30-39,30,No,31-35 mph,O: No Injury,White,Female,Passenger Car,No,No,Dark - Lighted Roadway,Urban (>70% Developed),,2,Straight - Level,NC Route,Wet,"Two-Way, Divided, Unprotected Median",None,No Special Feature,Coarse Asphalt,Piedmont,Urban,30 - 35  MPH,No Control Present,Rain,Yes,"35.48204, -80.85802"
711,712,No,25-29,28,No,Not Applicable,Injury,,White,Male,Durham,Durham,No,01-01-04,2009-12-10,Crossing Paths - Other Circumstances,15,Intersection-Related,01-12-01,0001-01-01T10:03:58-04:56,Signalized Intersection - Other /,293158,2009,Injury,Commercial,50-59,54,No,0-5 mph,Injury,White,Female,Passenger Car,No,No,Daylight,Urban (>70% Developed),4 lanes,2,Straight - Level,Local Street,Dry,"Two-Way, Not Divided",None,Four-Way Intersection,Smooth Asphalt,Piedmont,Urban,30 - 35  MPH,Stop And Go Signal,Clear,No,"36.008984, -78.942696"
716,717,Yes,60-69,60,No,With Traffic,B: Evident Injury,Bike Lane / Paved Shoulder,White,Male,Rocky Mount,Edgecombe,No,01-01-06,2009-10-31,Motorist Overtaking Bicyclist,9,Non-Intersection,01-10-01,0001-01-01T04:27:58-04:56,Motorist Overtaking - Bicyclist Swerved,321235,2009,B: Evident Injury,Commercial,40-49,49,No,11-15 mph,O: No Injury,White,Male,Passenger Car,No,No,Daylight,Urban (>70% Developed),1 lane,2,Straight - Level,US Route,Dry,"One-Way, Not Divided",None,No Special Feature,Smooth Asphalt,Coastal,Urban,30 - 35  MPH,No Control Present,Clear,No,"35.94718, -77.75941"
717,718,No,16-19,16,No,With Traffic,C: Possible Injury,Travel Lane,Black,Male,Kinston,Lenoir,No,,2009-11-09,Motorist Left Turn / Merge,18,Non-Intersection,01-11-01,0001-01-01T13:21:58-04:56,Motorist Left Turn - Opposite Direction,311212,2009,C: Possible Injury,Residential,50-59,57,No,0-5 mph,O: No Injury,Black,Female,Van,No,No,Dark -  Lighting,Urban (>70% Developed),2 lanes,2,Straight - Level,Local Street,Dry,"Two-Way, Not Divided",None,"Driveway, Private",Coarse Asphalt,Coastal,Urban,20 - 25  MPH,No Control Present,Clear,No,"35.278347, -77.58811"
725,726,No,16-19,18,No,With Traffic,B: Evident Injury,Travel Lane,White,Male,Wilmington,New Hanover,No,,2009-09-28,Motorist Right Turn / Merge,16,Intersection,01-09-01,0001-01-01T11:34:58-04:56,Motorist Right Turn - Same Direction,111213,2009,B: Evident Injury,Residential,,,Missing,11-15 mph,Injury,/Missing,,Passenger Car,No,Yes,Daylight,Urban (>70% Developed),5 lanes,2,Straight - Level,Local Street,Dry,"Two-Way, Not Divided",None,T-Intersection,Coarse Asphalt,Coastal,Urban,30 - 35  MPH,Stop And Go Signal,Clear,No,"34.207565, -77.878426"
726,727,Yes,40-49,47,No,With Traffic,B: Evident Injury,Travel Lane,White,Male,Mount Holly,Gaston,No,,2009-11-16,Motorist Overtaking Bicyclist,16,Non-Intersection,01-11-01,0001-01-01T11:57:58-04:56,Motorist Overtaking - Undetected Bicyclist,311231,2009,B: Evident Injury,Residential,50-59,55,No,41-45 mph,B: Evident Injury,White,Female,Pickup,No,No,Daylight,Urban (>70% Developed),2 lanes,2,Straight - Level,Local Street,Dry,"Two-Way, Not Divided",None,No Special Feature,Smooth Asphalt,Piedmont,Urban,40 - 45  MPH,"Double Yellow Line, No Passing Zone",Clear,No,"35.270767, -81.03505"
733,734,Yes,25-29,29,No,Facing Traffic,C: Possible Injury,Travel Lane,Black,Male,Fayetteville,Cumberland,No,01-01-05,2009-11-27,Motorist Failed to Yield - Midblock,10,Non-Intersection,01-11-01,0001-01-01T05:07:58-04:56,Motorist Drive Out - Midblock -,312329,2009,C: Possible Injury,Commercial,,,Missing,0-5 mph,Injury,/Missing,,,No,Yes,Daylight,Urban (>70% Developed),,2,Straight - Level,Public Vehicular Area,Dry,"Two-Way, Not Divided",None,"Driveway, Public",Smooth Asphalt,Coastal,Urban,40 - 45  MPH,No Control Present,Clear,No,"35.045475, -78.92669"
740,741,Yes,50-59,53,No,With Traffic,C: Possible Injury,Travel Lane,Black,Male,Elizabeth City,Pasquotank,Yes,01-01-02,2009-12-01,Bicyclist Failed to Yield - Signalized Intersection,20,Intersection,01-12-01,0001-01-01T15:26:58-04:56,Bicyclist Ride Out - Signalized  Intersection,111153,2009,C: Possible Injury,Residential,30-39,38,Yes,6-10 mph,O: No Injury,White,Male,Passenger Car,No,No,Dark - Lighted Roadway,Rural (<30% Developed),2 lanes,2,Straight - Level,Local Street,Dry,"Two-Way, Divided, Unprotected Median",None,Four-Way Intersection,Grooved Concrete,Coastal,Urban,30 - 35  MPH,Stop And Go Signal,Clear,No,"36.28155, -76.22344"
748,749,Yes,16-19,18,No,With Traffic,C: Possible Injury,Travel Lane,White,Male,Fayetteville,Cumberland,No,01-01-04,2009-11-19,Motorist Overtaking Bicyclist,7,Non-Intersection,01-11-01,0001-01-01T02:17:58-04:56,Motorist Overtaking - Other /,311239,2009,K: Killed,Residential,40-49,44,No,46-50 mph,B: Evident Injury,White,Male,Pickup,No,No,Daylight,Urban (>70% Developed),2 lanes,3,Straight - Level,Local Street,Wet,"Two-Way, Not Divided",None,No Special Feature,Coarse Asphalt,Coastal,Urban,50 - 55  MPH,No Control Present,Cloudy,No,"35.009605, -79.02425"
752,753,No,60-69,62,No,Facing Traffic,C: Possible Injury,Sidewalk / Crosswalk / Driveway Crossing,Black,Male,Greensboro,Guilford,No,01-01-03,2009-12-16,Motorist Failed to Yield - Midblock,10,Non-Intersection,01-12-01,0001-01-01T05:56:58-04:56,Motorist Drive Out - Commercial Driveway / Alley,332322,2009,C: Possible Injury,Commercial,40-49,48,No,,O: No Injury,White,Male,Passenger Car,No,No,Daylight,Urban (>70% Developed),5 lanes,2,Straight - Level,Local Street,Dry,"Two-Way, Not Divided",None,No Special Feature,Smooth Asphalt,Piedmont,Urban,30 - 35  MPH,No Control Present,Clear,No,"36.07862, -79.752594"
753,754,Yes,25-29,27,No,Facing Traffic,B: Evident Injury,Sidewalk / Crosswalk / Driveway Crossing,Black,Male,Southern Pines,Moore,No,01-01-05,2009-12-04,Motorist Right Turn / Merge,10,Non-Intersection,01-12-01,0001-01-01T05:25:58-04:56,Motorist Right Turn - Opposite Direction,332214,2009,B: Evident Injury,Commercial,40-49,40,No,0-5 mph,O: No Injury,White,Male,Passenger Car,No,No,Daylight,Urban (>70% Developed),2 lanes,2,Straight - Grade,Public Vehicular Area,Dry,"Two-Way, Not Divided",None,"Driveway, Public",Coarse Asphalt,Piedmont,Urban,30 - 35  MPH,No Control Present,Clear,No,"35.176678, -79.39465"
755,756,Yes,40-49,40,No,With Traffic,B: Evident Injury,Travel Lane,White,Male,None - Rural Crash,Pender,No,01-01-04,2009-12-17,Motorist Overtaking Bicyclist,17,Non-Intersection,01-12-01,0001-01-01T12:55:58-04:56,Motorist Overtaking - Other /,311239,2009,B: Evident Injury,"Farms, Woods, Pastures",,,Missing,51-55 mph,Injury,/Missing,,,No,Yes,Dark - Roadway Not Lighted,Rural (<30% Developed),2 lanes,2,Straight - Level,State Secondary Route,Dry,"Two-Way, Not Divided",None,No Special Feature,Smooth Asphalt,Coastal,Rural,50 - 55  MPH,No Control Present,Clear,No,"34.695683, -78.01032"
765,766,No,50-59,55,No,Facing Traffic,O: No Injury,Travel Lane,White,Male,Atlantic Beach,Carteret,No,01-01-02,2009-12-29,Parallel Paths - Other Circumstances,8,Non-Intersection,01-12-01,0001-01-01T03:47:58-04:56,Parallel Paths - Other /,312280,2009,O: No Injury,Commercial,60-69,60,No,0-5 mph,O: No Injury,White,Male,"Single Unit Truck (2-Axle, 6-Tire)",No,No,Daylight,Urban (>70% Developed),6 lanes,2,Straight - Level,NC Route,Dry,"Two-Way, Divided, Unprotected Median",None,"Driveway, Public",Smooth Asphalt,Coastal,Rural,30 - 35  MPH,No Control Present,Clear,No,"34.701153, -76.73853"
766,767,Yes,60-69,60,No,With Traffic,C: Possible Injury,Travel Lane,White,Male,Pineville,Mecklenburg,No,01-01-02,2009-12-29,Motorist Failed to Yield - Sign-Controlled Intersection,16,Intersection,01-12-01,0001-01-01T11:11:58-04:56,Motorist Drive Out - Sign-Controlled Intersection,111141,2009,C: Possible Injury,Commercial,70,,No,6-10 mph,O: No Injury,White,Female,Passenger Car,No,No,Daylight,Urban (>70% Developed),1 lane,2,Curve - Level,Public Vehicular Area,Dry,"Two-Way, Not Divided",None,Traffic Circle/Roundabout,Smooth Asphalt,Piedmont,Rural,30 - 35  MPH,Yield Sign,Clear,No,"35.0705, -80.880806"
777,778,Yes,16-19,17,No,With Traffic,B: Evident Injury,Travel Lane,Black,Male,Charlotte,Mecklenburg,No,01-01-02,2009-11-24,Motorist Overtaking Bicyclist,16,Non-Intersection,01-11-01,0001-01-01T11:28:58-04:56,Motorist Overtaking - Other /,311239,2009,B: Evident Injury,Residential,,,Missing,26-30 mph,Injury,/Missing,,,No,Yes,Daylight,Urban (>70% Developed),2 lanes,2,Straight - Level,Local Street,Dry,"Two-Way, Not Divided",None,No Special Feature,Smooth Asphalt,Piedmont,Urban,20 - 25  MPH,No Control Present,Cloudy,No,"35.282585, -80.82256"
783,784,No,60-69,62,No,Not Applicable,B: Evident Injury,,Black,Male,Charlotte,Mecklenburg,Yes,,2009-09-28,Bicyclist Failed to Yield - Midblock,20,Non-Intersection,01-09-01,0001-01-01T15:54:58-04:56,Bicyclist Ride Out - Midblock -,393319,2009,B: Evident Injury,Residential,60-69,65,Yes,31-35 mph,O: No Injury,Black,Male,Passenger Car,No,No,Dark - Lighted Roadway,Rural (<30% Developed),2 lanes,2,Straight - Level,Local Street,Dry,"Two-Way, Not Divided",None,No Special Feature,Coarse Asphalt,Piedmont,Urban,30 - 35  MPH,No Control Present,Clear,No,"35.245888, -80.897484"
803,804,No,40-49,44,No,With Traffic,B: Evident Injury,Travel Lane,White,Male,Charlotte,Mecklenburg,No,01-01-06,2009-05-30,Motorist Right Turn / Merge,13,Intersection,01-05-01,0001-01-01T08:39:58-04:56,Motorist Right Turn - Same Direction,111213,2009,B: Evident Injury,Commercial,20-24,21,No,21-25 mph,O: No Injury,White,Female,Sport Utility,No,No,Daylight,Urban (>70% Developed),2 lanes,2,Straight - Level,Local Street,Dry,"Two-Way, Not Divided",None,T-Intersection,Smooth Asphalt,Piedmont,Urban,30 - 35  MPH,No Control Present,Clear,No,"35.20066, -80.843"
807,808,No,30-39,35,Yes,With Traffic,B: Evident Injury,Sidewalk / Crosswalk / Driveway Crossing,Hispanic,Male,Charlotte,Mecklenburg,Yes,01-01-07,2009-03-22,Motorist Overtaking Bicyclist,20,Intersection,01-03-01,0001-01-01T15:48:58-04:56,Motorist Overtaking - Bicyclist Swerved,131235,2009,B: Evident Injury,Commercial,30-39,30,No,6-10 mph,O: No Injury,Black,Male,Passenger Car,No,No,Dark - Lighted Roadway,Urban (>70% Developed),3 lanes,2,Straight - Level,Local Street,Dry,"Two-Way, Divided, Unprotected Median",None,No Special Feature,Smooth Asphalt,Piedmont,Urban,30 - 35  MPH,Stop Sign,Clear,No,"35.246716, -80.7524"
808,809,Yes,30-39,35,No,With Traffic,B: Evident Injury,Travel Lane,White,Male,Charlotte,Mecklenburg,No,01-01-06,2009-03-07,Motorist Left Turn / Merge,10,Intersection,01-03-01,0001-01-01T05:33:58-04:56,Motorist Left Turn - Opposite Direction,111212,2009,B: Evident Injury,Residential,,,Missing,0-5 mph,Injury,/Missing,,,No,Yes,Daylight,Urban (>70% Developed),4 lanes,2,Straight - Level,Local Street,Dry,"Two-Way, Divided, Unprotected Median",Road Surface Condition,No Special Feature,Smooth Asphalt,Piedmont,Urban,30 - 35  MPH,Stop Sign,Clear,No,"35.21063, -80.83439"
5,6,Yes,15-Nov,12,No,Facing Traffic,C: Possible Injury,Sidewalk / Crosswalk / Driveway Crossing,White,Male,Cary,Wake,No,01-01-06,2010-01-16,Bicyclist Failed to Yield - Signalized Intersection,18,Intersection,,0001-01-01T13:40:58-04:56,Bicyclist Ride Out - Signalized  Intersection,0,2010,C: Possible Injury,Commercial,40-49,43,No,21-25 mph,O: No Injury,Asian,Male,Passenger Car,No,No,Dark - Lighted Roadway,Urban (>70% Developed),3 lanes,2,Straight - Level,State Secondary Route,Dry,"Two-Way, Not Divided",None,Four-Way Intersection,Smooth Asphalt,Piedmont,Urban,30 - 35  MPH,Stop And Go Signal,Clear,No,"35.791798, -78.78332"