FID,OBJECTID,AmbulanceR,BikeAge_Gr,Bike_Age,Bike_Alc_D,Bike_Dir,Bike_Injur,Bike_Pos,Bike_Race,Bike_Sex,City,County,CrashAlcoh,CrashDay,Crash_Date,Crash_Grp,Crash_Hour,Crash_Loc,Crash_Mont,Crash_Time,Crash_Type,Crash_Ty_1,Crash_Year,Crsh_Sevri,Developmen,DrvrAge_Gr,Drvr_Age,Drvr_Alc_D,Drvr_EstSp,Drvr_Injur,Drvr_Race,Drvr_Sex,Drvr_VehTy,ExcsSpdInd,Hit_Run,Light_Cond,Locality,Num_Lanes,Num_Units,Rd_Charact,Rd_Class,Rd_Conditi,Rd_Config,Rd_Defects,Rd_Feature,Rd_Surface,Region,Rural_Urba,Speed_Limi,Traff_Cntr,Weather,Workzone_I,Location
8,9,No,60-69,63,No,With Traffic,C: Possible Injury,Travel Lane,White,Female,Durham,Durham,No,,2010-01-18,Bicyclist Left Turn / Merge,13,Intersection-Related,,0001-01-01T08:41:58-04:56,Bicyclist Left Turn - Same Direction,0,2010,C: Possible Injury,Commercial,60-69,64,No,11-15 mph,O: No Injury,Black,Male,Sport Utility,No,No,Daylight,Urban (>70% Developed),2 lanes,2,Straight - Level,Local Street,Dry,"Two-Way, Not Divided",None,No Special Feature,Smooth Asphalt,Piedmont,Urban,30 - 35  MPH,Stop Sign,Clear,No,"35.95755, -78.87871"
14,15,Yes,50-59,50,Yes,With Traffic,B: Evident Injury,Travel Lane,White,Male,None - Rural Crash,Brunswick,Yes,,2010-01-11,Parallel Paths - Other Circumstances,18,Non-Intersection,,0001-01-01T13:20:58-04:56,Bicyclist Ride Out - Parallel Path,0,2010,B: Evident Injury,"Farms, Woods, Pastures",40-49,40,No,41-45 mph,O: No Injury,White,Male,"Single Unit Truck (2-Axle, 6-Tire)",No,No,Dark - Roadway Not Lighted,Rural (<30% Developed),2 lanes,2,Curve - Level,State Secondary Route,Dry,"Two-Way, Not Divided",None,No Special Feature,Smooth Asphalt,Coastal,Rural,50 - 55  MPH,"Double Yellow Line, No Passing Zone",Clear,No,"34.23165, -78.05655"
17,18,Yes,25-29,26,No,With Traffic,C: Possible Injury,Travel Lane,White,Male,Chapel Hill,Orange,No,01-01-04,2010-01-14,Motorist Right Turn / Merge,11,Intersection,,0001-01-01T06:16:58-04:56,Motorist Right Turn - Same Direction,0,2010,C: Possible Injury,Residential,50-59,59,No,16-20 mph,O: No Injury,Black,Male,Pickup,No,No,Daylight,Urban (>70% Developed),2 lanes,2,Straight - Level,Local Street,Dry,"Two-Way, Not Divided",None,No Special Feature,Smooth Asphalt,Piedmont,Urban,20 - 25  MPH,Other,Clear,No,"35.90739, -79.06315"
25,26,No,10-Jun,6,No,With Traffic,B: Evident Injury,Travel Lane,Black,Male,Charlotte,Mecklenburg,No,01-01-02,2010-01-19,Bicyclist Failed to Yield - Sign-Controlled Intersection,17,Intersection,,0001-01-01T12:27:58-04:56,Bicyclist Ride Through - Sign-Controlled Intersection,0,2010,B: Evident Injury,Commercial,20-24,23,No,6-10 mph,O: No Injury,Black,Female,Passenger Car,No,No,Dusk,Urban (>70% Developed),,2,Straight - Grade,Public Vehicular Area,Dry,"Two-Way, Not Divided",None,Four-Way Intersection,Smooth Asphalt,Piedmont,Urban,,Stop Sign,Cloudy,No,"35.215828, -80.721855"
30,31,Yes,25-29,26,No,With Traffic,B: Evident Injury,Travel Lane,White,Male,Wilmington,New Hanover,No,01-01-03,2010-01-27,Motorist Left Turn / Merge,20,Intersection,,0001-01-01T15:44:58-04:56,Motorist Left Turn - Opposite Direction,0,2010,B: Evident Injury,Commercial,20-24,21,No,6-10 mph,O: No Injury,White,Female,Passenger Car,No,No,Dark - Lighted Roadway,Urban (>70% Developed),4 lanes,2,Straight - Level,Local Street,Dry,"Two-Way, Not Divided",,No Special Feature,Coarse Asphalt,Coastal,Urban,20 - 25  MPH,No Control Present,Clear,No,"34.234184, -77.94852"
31,32,No,20-24,23,No,With Traffic,C: Possible Injury,Sidewalk / Crosswalk / Driveway Crossing,White,Male,Greensboro,Guilford,No,,2010-01-25,Motorist Left Turn / Merge,11,Intersection,,0001-01-01T06:37:58-04:56,Motorist Left Turn - Opposite Direction,0,2010,C: Possible Injury,Commercial,,,Missing,6-10 mph,Injury,/Missing,,,No,Yes,Daylight,Urban (>70% Developed),3 lanes,2,Straight - Level,Local Street,Dry,"Two-Way, Not Divided",None,No Special Feature,Coarse Asphalt,Piedmont,Urban,30 - 35  MPH,Stop And Go Signal,Clear,No,"36.063858, -79.82378"
33,34,Yes,15-Nov,15,No,With Traffic,B: Evident Injury,Travel Lane,Black,Male,Hickory,Catawba,No,,2010-01-25,Bicyclist Failed to Yield - Signalized Intersection,11,Intersection,,0001-01-01T06:08:58-04:56,Bicyclist Ride Out - Signalized  Intersection,0,2010,B: Evident Injury,Residential,50-59,57,No,6-10 mph,O: No Injury,White,Male,Van,No,No,Daylight,Mixed (30% To 70% Developed),4 lanes,2,Straight - Grade,Local Street,Dry,"Two-Way, Divided, Unprotected Median",None,Four-Way Intersection,Smooth Asphalt,Piedmont,Urban,30 - 35  MPH,Stop And Go Signal,Clear,No,"35.73597, -81.35213"
36,37,No,20-24,24,No,With Traffic,Injury,Travel Lane,White,Male,Greenville,Pitt,No,01-01-02,2010-01-26,Motorist Overtaking Bicyclist,13,Non-Intersection,,0001-01-01T08:13:58-04:56,Motorist Overtaking - Misjudged Space,0,2010,O: No Injury,Institutional,50-59,56,No,26-30 mph,O: No Injury,White,Female,Passenger Car,No,No,Daylight,Mixed (30% To 70% Developed),2 lanes,2,Straight - Level,Local Street,Dry,"Two-Way, Divided, Unprotected Median",None,No Special Feature,Concrete,Coastal,Urban,30 - 35  MPH,Stop And Go Signal,Clear,No,"35.607727, -77.36305"
39,40,No,60-69,61,No,With Traffic,B: Evident Injury,Other,Hispanic,Male,Charlotte,Mecklenburg,No,01-01-04,2010-02-11,Motorist Overtaking Bicyclist,17,Non-Intersection,01-02-01,0001-01-01T12:47:58-04:56,Motorist Overtaking - Bicyclist Swerved,0,2010,B: Evident Injury,Residential,40-49,45,No,21-25 mph,C: Possible Injury,Black,Male,Sport Utility,No,No,Daylight,Urban (>70% Developed),2 lanes,2,Straight - Level,Local Street,Dry,"Two-Way, Not Divided",None,No Special Feature,Smooth Asphalt,Piedmont,Urban,40 - 45  MPH,No Control Present,Clear,No,"35.175068, -80.71852"
42,43,Yes,40-49,42,No,With Traffic,C: Possible Injury,Travel Lane,Black,Male,Charlotte,Mecklenburg,No,01-01-07,2010-01-31,Loss of Control / Turning Error,21,Non-Intersection,,0001-01-01T16:23:58-04:56,Motorist Lost Control - Surface Conditions,0,2010,C: Possible Injury,Commercial,30-39,34,No,16-20 mph,O: No Injury,Black,Female,Passenger Car,No,No,Dark - Roadway Not Lighted,Urban (>70% Developed),2 lanes,2,Straight - Level,Local Street,Ice,"Two-Way, Not Divided",Road Surface Condition,No Special Feature,Smooth Asphalt,Piedmont,Urban,40 - 45  MPH,No Control Present,Clear,No,"35.313454, -80.78617"
45,46,No,20-24,21,No,With Traffic,O: No Injury,Travel Lane,Hispanic,Male,Zebulon,Wake,No,,2010-02-08,Bicyclist Left Turn / Merge,16,Non-Intersection,01-02-01,0001-01-01T11:03:58-04:56,Bicyclist Left Turn - Same Direction,0,2010,O: No Injury,Residential,70,,No,31-35 mph,O: No Injury,Black,Female,Passenger Car,No,No,Daylight,Urban (>70% Developed),2 lanes,2,Straight - Level,Local Street,Dry,"Two-Way, Not Divided",None,No Special Feature,Smooth Asphalt,Piedmont,Rural,30 - 35  MPH,No Control Present,Clear,No,"35.815792, -78.31502"
48,49,Yes,16-19,16,No,Facing Traffic,A: Disabling Injury,Travel Lane,White,Male,None - Rural Crash,Pitt,No,01-01-03,2010-01-20,Bicyclist Right Turn / Merge,15,Non-Intersection,,0001-01-01T10:21:58-04:56,Bicyclist Right Turn - Same Direction,0,2010,A: Disabling Injury,"Farms, Woods, Pastures",40-49,48,No,,O: No Injury,Black,Female,Sport Utility,No,No,Daylight,Urban (>70% Developed),2 lanes,2,Straight - Level,State Secondary Route,Dry,"Two-Way, Not Divided",None,No Special Feature,Coarse Asphalt,Coastal,Rural,,"Double Yellow Line, No Passing Zone",Clear,No,"35.60398, -77.468414"
55,56,No,60-69,63,No,With Traffic,O: No Injury,Travel Lane,White,Male,Boone,Watauga,No,01-01-07,2010-02-21,Bicyclist Left Turn / Merge,12,Non-Intersection,01-02-01,0001-01-01T07:09:58-04:56,Bicyclist Left Turn - Same Direction,0,2010,O: No Injury,Commercial,,,Missing,,Injury,/Missing,,,No,Yes,Dark - Roadway Not Lighted,Urban (>70% Developed),2 lanes,2,Straight - Level,Local Street,Wet,"Two-Way, Not Divided",,No Special Feature,Smooth Asphalt,Mountains,Urban,20 - 25  MPH,No Control Present,Clear,No,"36.199165, -81.6703"
135,136,Yes,15-Nov,14,No,Facing Traffic,B: Evident Injury,Sidewalk / Crosswalk / Driveway Crossing,Black,Male,Raleigh,Wake,No,01-01-02,2012-04-03,Bicyclist Failed to Yield - Signalized Intersection,15,Intersection,01-04-01,0001-01-01T10:17:58-04:56,Bicyclist Ride Through - Signalized Intersection,,2012,B: Evident Injury,Residential,,,Missing,16-20 mph,Injury,/Missing,,Passenger Car,No,Yes,Daylight,Urban (>70% Developed),2 lanes,2,Straight - Level,Local Street,Dry,"Two-Way, Not Divided",None,Related To Intersection,Smooth Asphalt,Piedmont,Urban,30 - 35  MPH,Stop And Go Signal,Clear,No,"35.78403, -78.6132"
143,144,Yes,20-24,22,No,Not Applicable,B: Evident Injury,Travel Lane,Black,Male,Wilmington,New Hanover,No,,2012-03-19,Bicyclist Failed to Yield - Midblock,10,Non-Intersection,01-03-01,0001-01-01T05:55:58-04:56,Bicyclist Ride Out - Other Midblock,,2012,B: Evident Injury,Commercial,60-69,62,No,31-35 mph,O: No Injury,Black,Male,Passenger Car,No,No,Daylight,Urban (>70% Developed),4 lanes,2,Straight - Level,Local Street,Dry,"Two-Way, Divided, Unprotected Median",None,No Special Feature,Smooth Asphalt,Coastal,Urban,30 - 35  MPH,No Control Present,Clear,No,"34.22687, -77.9157"
144,145,Yes,60-69,61,Yes,Not Applicable,B: Evident Injury,Non-Roadway,Black,Male,Raleigh,Wake,Yes,01-01-06,2012-04-07,Non-Roadway,19,Non-Roadway,01-04-01,0001-01-01T14:05:58-04:56,Non-Roadway,,2012,B: Evident Injury,Commercial,30-39,36,No,0-5 mph,O: No Injury,White,Male,Pickup,No,No,Daylight,Urban (>70% Developed),,2,Straight - Grade,Public Vehicular Area,Dry,"Two-Way, Not Divided",None,No Special Feature,Smooth Asphalt,Piedmont,Urban,30 - 35  MPH,No Control Present,Clear,No,"35.78855, -78.6466"
145,146,Yes,30-39,37,No,Not Applicable,B: Evident Injury,Non-Roadway,White,Male,Greensboro,Guilford,No,01-01-05,2012-03-23,Crossing Paths - Other Circumstances,7,Intersection-Related,01-03-01,0001-01-01T02:55:58-04:56,Crossing Paths - Uncontrolled Intersection,,2012,B: Evident Injury,Commercial,30-39,32,No,0-5 mph,O: No Injury,White,Female,Passenger Car,No,No,Daylight,Urban (>70% Developed),4 lanes,2,Straight - Grade,Local Street,Dry,"Two-Way, Not Divided",None,Four-Way Intersection,Smooth Asphalt,Piedmont,Urban,30 - 35  MPH,Stop And Go Signal,Clear,No,"36.0767, -79.8936"
146,147,Yes,16-19,19,No,With Traffic,B: Evident Injury,Travel Lane,White,Male,None - Rural Crash,Buncombe,No,01-01-06,2012-03-31,Bicyclist Left Turn / Merge,17,Non-Intersection,01-03-01,0001-01-01T12:58:58-04:56,Bicyclist Left Turn - Same Direction,,2012,B: Evident Injury,"Farms, Woods, Pastures",30-39,36,No,26-30 mph,O: No Injury,White,Female,Passenger Car,No,No,Daylight,Rural (<30% Developed),2 lanes,2,Straight - Level,State Secondary Route,Dry,"Two-Way, Not Divided",None,No Special Feature,Coarse Asphalt,Mountains,Rural,30 - 35  MPH,"Double Yellow Line, No Passing Zone",Clear,No,"35.51917, -82.4039"
150,151,No,15-Nov,14,No,Not Applicable,C: Possible Injury,Non-Roadway,White,Male,None - Rural Crash,Avery,No,01-01-03,2012-04-04,Bicyclist Failed to Yield - Midblock,18,Non-Intersection,01-04-01,0001-01-01T14:02:58-04:56,Bicyclist Ride Out - Commercial Driveway / Alley,,2012,C: Possible Injury,Residential,50-59,57,No,31-35 mph,O: No Injury,White,Female,Passenger Car,No,No,Daylight,Mixed (30% To 70% Developed),2 lanes,2,Straight - Level,NC Route,Dry,"Two-Way, Not Divided",None,No Special Feature,Smooth Asphalt,Mountains,Rural,30 - 35  MPH,"Double Yellow Line, No Passing Zone",Clear,No,"36.16939, -81.8551"
151,152,Yes,60-69,64,No,With Traffic,B: Evident Injury,Sidewalk / Crosswalk / Driveway Crossing,White,Male,Wilmington,New Hanover,No,01-01-02,2012-04-10,Motorist Right Turn / Merge,12,Non-Intersection,01-04-01,0001-01-01T07:52:58-04:56,Motorist Right Turn - Same Direction,,2012,B: Evident Injury,Institutional,20-24,21,No,0-5 mph,O: No Injury,White,Female,Passenger Car,No,No,Daylight,Urban (>70% Developed),2 lanes,2,Straight - Grade,Local Street,Dry,"Two-Way, Not Divided",None,No Special Feature,Smooth Asphalt,Coastal,Urban,5 - 15 MPH,No Control Present,Clear,No,"34.22908, -77.8732"
153,154,Yes,30-39,34,No,With Traffic,B: Evident Injury,Travel Lane,Other,Male,None - Rural Crash,Orange,No,,2012-03-26,Motorist Right Turn / Merge,19,Intersection,01-03-01,0001-01-01T14:37:58-04:56,Motorist Right Turn - Same Direction,,2012,B: Evident Injury,Residential,40-49,41,No,31-35 mph,O: No Injury,Black,Female,Passenger Car,No,No,Daylight,Mixed (30% To 70% Developed),2 lanes,2,Straight - Grade,State Secondary Route,Dry,"Two-Way, Not Divided",None,T-Intersection,Smooth Asphalt,Piedmont,Rural,40 - 45  MPH,Stop Sign,Clear,No,"35.98131, -78.998"
154,155,Yes,10-Jun,6,No,Not Applicable,B: Evident Injury,Driveway / Alley,Black,Male,Clinton,Sampson,Yes,01-01-03,2012-04-11,Bicyclist Failed to Yield - Midblock,14,Non-Intersection,01-04-01,0001-01-01T09:42:58-04:56,Bicyclist Ride Out - Residential Driveway,,2012,B: Evident Injury,Residential,60-69,63,Yes,21-25 mph,O: No Injury,Black,Male,Pickup,No,No,Daylight,Urban (>70% Developed),2 lanes,2,Straight - Grade,Local Street,Dry,"Two-Way, Not Divided",None,No Special Feature,Smooth Asphalt,Coastal,Urban,30 - 35  MPH,No Control Present,Clear,No,"34.99031, -78.3239"
155,156,Yes,16-19,16,No,Facing Traffic,A: Disabling Injury,Bike Lane / Paved Shoulder,Black,Male,None - Rural Crash,Wake,No,01-01-06,2012-04-07,Loss of Control / Turning Error,15,Non-Intersection,01-04-01,0001-01-01T11:00:58-04:56,Motorist Lost Control - Other /,,2012,A: Disabling Injury,Residential,20-24,21,No,41-45 mph,O: No Injury,Black,Female,Passenger Car,No,No,Daylight,Urban (>70% Developed),2 lanes,2,Curve - Level,State Secondary Route,Dry,"Two-Way, Not Divided",None,"Driveway, Private",Smooth Asphalt,Piedmont,Rural,40 - 45  MPH,"Double Yellow Line, No Passing Zone",Clear,No,"35.73879, -78.549"
157,158,Yes,20-24,20,No,Not Applicable,B: Evident Injury,Driveway / Alley,White,Male,Raleigh,Wake,No,01-01-04,2012-03-22,Bicyclist Failed to Yield - Midblock,10,Non-Intersection,01-03-01,0001-01-01T05:13:58-04:56,Bicyclist Ride Out - Residential Driveway,,2012,B: Evident Injury,Residential,20-24,23,No,16-20 mph,O: No Injury,White,Male,Sport Utility,No,No,Daylight,Urban (>70% Developed),2 lanes,2,Straight - Level,Local Street,Dry,"Two-Way, Not Divided",None,T-Intersection,Smooth Asphalt,Piedmont,Urban,20 - 25  MPH,No Control Present,Clear,No,"35.80977, -78.6775"
165,166,Yes,40-49,46,No,With Traffic,B: Evident Injury,Travel Lane,White,Male,None - Rural Crash,Davidson,No,01-01-06,2012-04-14,Motorist Right Turn / Merge,9,Non-Intersection,01-04-01,0001-01-01T04:30:58-04:56,Motorist Right Turn - Same Direction,,2012,B: Evident Injury,Residential,60-69,65,No,51-55 mph,O: No Injury,White,Male,Pickup,No,No,Daylight,Mixed (30% To 70% Developed),2 lanes,2,Straight - Level,State Secondary Route,Dry,"Two-Way, Not Divided",None,No Special Feature,Smooth Asphalt,Piedmont,Rural,50 - 55  MPH,No Control Present,Clear,No,"35.72748, -80.0684"
168,169,Yes,20-24,21,No,Facing Traffic,C: Possible Injury,Sidewalk / Crosswalk / Driveway Crossing,White,Male,Siler City,Chatham,No,01-01-04,2012-03-29,Motorist Failed to Yield - Midblock,10,Non-Intersection,01-03-01,0001-01-01T05:48:58-04:56,Motorist Drive Out - Commercial Driveway / Alley,,2012,C: Possible Injury,Commercial,30-39,34,No,0-5 mph,O: No Injury,White,Male,Sport Utility,No,No,Daylight,Urban (>70% Developed),,2,Straight - Level,Public Vehicular Area,Dry,"Two-Way, Not Divided",None,"Driveway, Public",Smooth Asphalt,Piedmont,Urban,,No Control Present,Clear,No,"35.73307, -79.4423"
172,173,Yes,40-49,40,No,Facing Traffic,B: Evident Injury,Travel Lane,Black,Male,Wilmington,New Hanover,No,01-01-07,2012-03-25,Motorist Failed to Yield - Midblock,13,Non-Intersection,01-03-01,0001-01-01T08:44:58-04:56,Motorist Drive Out - Commercial Driveway / Alley,,2012,B: Evident Injury,Residential,,,Missing,21-25 mph,Injury,/Missing,,,No,Yes,Daylight,Urban (>70% Developed),3 lanes,2,Straight - Level,Local Street,Dry,"Two-Way, Not Divided",None,"Driveway, Private",Smooth Asphalt,Coastal,Urban,30 - 35  MPH,No Control Present,Cloudy,No,"34.23188, -77.8806"
175,176,Yes,25-29,27,No,With Traffic,C: Possible Injury,Travel Lane,White,Male,Durham,Durham,No,01-01-05,2012-04-13,Bicyclist Failed to Yield - Signalized Intersection,9,Intersection,01-04-01,0001-01-01T04:32:58-04:56,Bicyclist Ride Through - Signalized Intersection,,2012,C: Possible Injury,Commercial,25-29,26,No,31-35 mph,O: No Injury,White,Female,Passenger Car,No,No,Daylight,Urban (>70% Developed),2 lanes,2,Straight - Level,US Route,Dry,"Two-Way, Not Divided",None,Four-Way Intersection,Smooth Asphalt,Piedmont,Urban,30 - 35  MPH,Stop And Go Signal,Clear,No,"35.98717, -78.9264"
185,186,No,40-49,48,No,Facing Traffic,C: Possible Injury,Sidewalk / Crosswalk / Driveway Crossing,White,Male,Wilmington,New Hanover,No,01-01-02,2012-03-27,Motorist Failed to Yield - Midblock,15,Non-Intersection,01-03-01,0001-01-01T10:41:58-04:56,Motorist Drive Out - Commercial Driveway / Alley,,2012,C: Possible Injury,Commercial,40-49,46,No,0-5 mph,O: No Injury,White,Female,Passenger Car,No,No,Daylight,Urban (>70% Developed),,2,Straight - Grade,Public Vehicular Area,Dry,"Two-Way, Not Divided",None,"Driveway, Public",Concrete,Coastal,Urban,5 - 15 MPH,No Control Present,Clear,No,"34.24417, -77.881"
188,189,Yes,40-49,45,No,With Traffic,B: Evident Injury,Travel Lane,Black,Male,Fayetteville,Cumberland,No,01-01-06,2012-04-07,Bicyclist Failed to Yield - Sign-Controlled Intersection,21,Intersection,01-04-01,0001-01-01T16:24:58-04:56,Bicyclist Ride Out - Sign-Controlled Intersection,,2012,B: Evident Injury,Commercial,20-24,22,No,36-40 mph,O: No Injury,Black,Female,Passenger Car,No,No,Dark - Lighted Roadway,Urban (>70% Developed),6 lanes,2,Straight - Level,Local Street,Dry,"Two-Way, Divided, Unprotected Median",None,No Special Feature,Smooth Asphalt,Coastal,Urban,30 - 35  MPH,Stop Sign,Clear,No,"35.08169, -78.9024"
192,193,Yes,15-Nov,15,No,With Traffic,B: Evident Injury,Travel Lane,Hispanic,Male,None - Rural Crash,Robeson,No,01-01-02,2012-04-17,Motorist Overtaking Bicyclist,23,Non-Intersection,01-04-01,0001-01-01T18:08:58-04:56,Motorist Overtaking - Other /,,2012,B: Evident Injury,Residential,0-19,19,No,41-45 mph,O: No Injury,Native American,Female,Passenger Car,No,No,Dark - Roadway Not Lighted,Mixed (30% To 70% Developed),2 lanes,2,Straight - Level,US Route,Dry,"Two-Way, Not Divided",None,No Special Feature,Smooth Asphalt,Coastal,Rural,50 - 55  MPH,"Double Yellow Line, No Passing Zone",Cloudy,No,"34.70936, -79.0062"
194,195,No,40-49,49,No,Facing Traffic,C: Possible Injury,Travel Lane,White,Male,Sanford,Lee,No,01-01-02,2012-04-10,Motorist Failed to Yield - Signalized Intersection,15,Intersection,01-04-01,0001-01-01T10:49:58-04:56,Motorist Drive Out - Right Turn on Red,,2012,C: Possible Injury,Commercial,60-69,60,No,6-10 mph,O: No Injury,Black,Female,Sport Utility,No,No,Daylight,Urban (>70% Developed),6 lanes,2,Straight - Grade,Local Street,Dry,"Two-Way, Not Divided",None,Four-Way Intersection,Smooth Asphalt,Piedmont,Urban,40 - 45  MPH,Stop And Go Signal,Clear,No,"35.46008, -79.1162"
197,198,Yes,40-49,44,No,With Traffic,B: Evident Injury,Travel Lane,White,Male,Wilmington,New Hanover,No,01-01-02,2012-04-10,Motorist Left Turn / Merge,17,Intersection,01-04-01,0001-01-01T12:39:58-04:56,Motorist Left Turn - Opposite Direction,,2012,B: Evident Injury,Residential,20-24,22,No,6-10 mph,O: No Injury,White,Male,Passenger Car,No,No,Daylight,Urban (>70% Developed),3 lanes,2,Curve - Grade,Local Street,Dry,"Two-Way, Not Divided",None,T-Intersection,Smooth Asphalt,Coastal,Urban,40 - 45  MPH,Stop And Go Signal,Clear,No,"34.19515, -77.8708"
203,204,Yes,40-49,47,No,With Traffic,A: Disabling Injury,Travel Lane,White,Male,Lincolnton,Lincoln,No,01-01-05,2012-04-13,Bicyclist Failed to Yield - Signalized Intersection,15,Intersection,01-04-01,0001-01-01T10:48:58-04:56,Bicyclist Ride Through - Signalized Intersection,,2012,A: Disabling Injury,Commercial,50-59,56,No,21-25 mph,O: No Injury,White,Male,Pickup,No,No,Daylight,Urban (>70% Developed),2 lanes,2,Straight - Level,Local Street,Dry,"Two-Way, Not Divided",None,Four-Way Intersection,Coarse Asphalt,Piedmont,Urban,20 - 25  MPH,Stop And Go Signal,Clear,No,"35.47, -81.2563"
209,210,Yes,25-29,26,No,With Traffic,B: Evident Injury,Bike Lane / Paved Shoulder,White,Female,Vass,Moore,No,01-01-05,2012-04-27,Motorist Overtaking Bicyclist,11,Non-Intersection,01-04-01,0001-01-01T07:01:58-04:56,Motorist Overtaking - Other /,,2012,B: Evident Injury,Commercial,50-59,53,No,56-60 mph,O: No Injury,White,Male,Passenger Car,No,No,Daylight,Rural (<30% Developed),4 lanes,2,Straight - Level,US Route,Dry,"Two-Way, Divided, Positive Median Barrier",None,No Special Feature,Smooth Asphalt,Piedmont,Rural,60 - 75 MPH,No Control Present,Clear,No,"35.24705, -79.2792"
213,214,Yes,40-49,42,No,With Traffic,B: Evident Injury,Travel Lane,White,Male,None - Rural Crash,Henderson,No,01-01-03,2012-04-25,Head-On,20,Non-Intersection,01-04-01,0001-01-01T15:04:58-04:56,Head-On - Motorist,,2012,B: Evident Injury,"Farms, Woods, Pastures",20-24,24,No,36-40 mph,O: No Injury,Hispanic,Male,Passenger Car,No,No,Dusk,Rural (<30% Developed),2 lanes,2,Curve - Level,State Secondary Route,Wet,"Two-Way, Not Divided",None,Bridge,Concrete,Mountains,Rural,40 - 45  MPH,"Double Yellow Line, No Passing Zone",Rain,No,"35.40588, -82.5157"
215,216,No,40-49,49,No,Not Applicable,B: Evident Injury,Travel Lane,Black,Male,Raleigh,Wake,No,,2012-04-16,Bicyclist Failed to Yield - Midblock,4,Non-Intersection,01-04-01,0000-12-31T23:27:58-04:56,Bicyclist Ride Out - Midblock -,,2012,B: Evident Injury,Residential,25-29,28,No,31-35 mph,O: No Injury,Hispanic,Female,Passenger Car,No,No,Daylight,Urban (>70% Developed),3 lanes,2,Straight - Level,Local Street,Dry,"One-Way, Not Divided",None,No Special Feature,Smooth Asphalt,Piedmont,Urban,30 - 35  MPH,No Control Present,Clear,No,"35.78005, -78.627"
217,218,Yes,16-19,18,No,Facing Traffic,B: Evident Injury,Travel Lane,Black,Female,Charlotte,Mecklenburg,No,01-01-03,2012-03-28,Motorist Failed to Yield - Sign-Controlled Intersection,14,Intersection,01-03-01,0001-01-01T09:53:58-04:56,Motorist Drive Out - Sign-Controlled Intersection,,2012,B: Evident Injury,Residential,40-49,42,No,0-5 mph,O: No Injury,Hispanic,Male,Pickup,No,No,Daylight,Rural (<30% Developed),2 lanes,2,Straight - Level,Local Street,Dry,"Two-Way, Not Divided",None,T-Intersection,Smooth Asphalt,Piedmont,Urban,40 - 45  MPH,Stop Sign,Clear,No,"35.28219, -80.734"
226,227,Yes,10-Jun,10,No,With Traffic,B: Evident Injury,Travel Lane,Hispanic,Male,Siler City,Chatham,No,,2012-04-16,Bicyclist Failed to Yield - Sign-Controlled Intersection,16,Intersection,01-04-01,0001-01-01T11:39:58-04:56,Bicyclist Ride Through - Sign-Controlled Intersection,,2012,B: Evident Injury,Residential,0-19,17,No,21-25 mph,O: No Injury,Black,Male,Sport Utility,No,No,Daylight,Urban (>70% Developed),2 lanes,2,Straight - Grade,Local Street,Dry,"Two-Way, Not Divided",None,T-Intersection,Smooth Asphalt,Piedmont,Urban,30 - 35  MPH,Stop Sign,Clear,No,"35.72874, -79.4516"
229,230,Yes,25-29,25,No,,C: Possible Injury,Travel Lane,Black,Male,Wilson,Wilson,No,01-01-02,2012-03-13,Crossing Paths - Other Circumstances,11,Intersection,01-03-01,0001-01-01T06:03:58-04:56,Signalized Intersection - Other /,,2012,C: Possible Injury,Residential,,,No,0-5 mph,Injury,/Missing,,,No,Yes,Dark -  Lighting,Urban (>70% Developed),2 lanes,2,Straight - Level,Local Street,Dry,"Two-Way, Not Divided",None,Related To Intersection,Coarse Asphalt,Coastal,Urban,30 - 35  MPH,Stop And Go Signal,Clear,No,"35.72762, -77.9152"
237,238,Yes,50-59,52,Yes,Facing Traffic,B: Evident Injury,Travel Lane,White,Male,None - Rural Crash,New Hanover,Yes,01-01-04,2012-05-03,Head-On,20,Non-Intersection,01-05-01,0001-01-01T15:14:58-04:56,Head-On - Bicyclist,,2012,B: Evident Injury,Residential,25-29,26,No,46-50 mph,O: No Injury,White,Male,Pickup,No,No,Dark - Roadway Not Lighted,Mixed (30% To 70% Developed),4 lanes,2,Straight - Level,US Route,Dry,"Two-Way, Divided, Unprotected Median",None,No Special Feature,Smooth Asphalt,Coastal,Rural,50 - 55  MPH,No Control Present,Clear,No,"34.08462, -77.8957"
238,239,Yes,15-Nov,15,No,With Traffic,B: Evident Injury,Travel Lane,White,Male,None - Rural Crash,Iredell,No,01-01-03,2012-05-02,Bicyclist Failed to Yield - Sign-Controlled Intersection,16,Intersection,01-05-01,0001-01-01T11:47:58-04:56,Bicyclist Ride Out - Sign-Controlled Intersection,,2012,B: Evident Injury,Commercial,70,70,No,26-30 mph,O: No Injury,White,Male,Pickup,No,No,Daylight,Urban (>70% Developed),2 lanes,2,Straight - Level,NC Route,Dry,"Two-Way, Not Divided",None,T-Intersection,Smooth Asphalt,Piedmont,Rural,30 - 35  MPH,"Double Yellow Line, No Passing Zone",Clear,No,"35.85786, -81.0414"
245,246,Yes,50-59,50,No,With Traffic,B: Evident Injury,Bike Lane / Paved Shoulder,White,Male,None - Rural Crash,Wilson,Yes,,2012-05-07,Loss of Control / Turning Error,11,Non-Intersection,01-05-01,0001-01-01T06:13:58-04:56,Motorist Lost Control - Other /,,2012,B: Evident Injury,"Farms, Woods, Pastures",30-39,33,Yes,51-55 mph,O: No Injury,Hispanic,Male,Pickup,No,Yes,Daylight,Rural (<30% Developed),4 lanes,2,Straight - Grade,US Route,Dry,"Two-Way, Divided, Unprotected Median",None,No Special Feature,Coarse Asphalt,Coastal,Rural,50 - 55  MPH,No Control Present,Cloudy,No,"35.77935, -77.8576"