FID,OBJECTID,AmbulanceR,BikeAge_Gr,Bike_Age,Bike_Alc_D,Bike_Dir,Bike_Injur,Bike_Pos,Bike_Race,Bike_Sex,City,County,CrashAlcoh,CrashDay,Crash_Date,Crash_Grp,Crash_Hour,Crash_Loc,Crash_Mont,Crash_Time,Crash_Type,Crash_Ty_1,Crash_Year,Crsh_Sevri,Developmen,DrvrAge_Gr,Drvr_Age,Drvr_Alc_D,Drvr_EstSp,Drvr_Injur,Drvr_Race,Drvr_Sex,Drvr_VehTy,ExcsSpdInd,Hit_Run,Light_Cond,Locality,Num_Lanes,Num_Units,Rd_Charact,Rd_Class,Rd_Conditi,Rd_Config,Rd_Defects,Rd_Feature,Rd_Surface,Region,Rural_Urba,Speed_Limi,Traff_Cntr,Weather,Workzone_I,Location
249,250,No,40-49,47,No,Facing Traffic,C: Possible Injury,Sidewalk / Crosswalk / Driveway Crossing,Black,Male,Charlotte,Mecklenburg,No,,2012-05-07,Crossing Paths - Other Circumstances,16,Intersection-Related,01-05-01,0001-01-01T11:31:58-04:56,Crossing Paths - Uncontrolled Intersection,,2012,C: Possible Injury,Residential,50-59,55,No,0-5 mph,O: No Injury,Black,Female,Passenger Car,No,No,Daylight,Rural (<30% Developed),1 lane,2,Straight - Level,Local Street,Dry,"Two-Way, Not Divided",None,No Special Feature,Smooth Asphalt,Piedmont,Urban,20 - 25  MPH,No Control Present,Clear,No,"35.20236, -80.7302"
250,251,No,50-59,51,No,With Traffic,B: Evident Injury,Travel Lane,White,Male,None - Rural Crash,Gaston,No,01-01-04,2012-05-03,Motorist Overtaking Bicyclist,19,Non-Intersection,01-05-01,0001-01-01T14:48:58-04:56,Motorist Overtaking - Misjudged Space,,2012,B: Evident Injury,Commercial,30-39,33,No,51-55 mph,O: No Injury,White,Male,Pickup,No,No,Daylight,Mixed (30% To 70% Developed),4 lanes,2,Straight - Grade,NC Route,Dry,"Two-Way, Divided, Unprotected Median",None,No Special Feature,Smooth Asphalt,Piedmont,Rural,50 - 55  MPH,No Control Present,Clear,No,"35.40177, -81.3357"
257,258,Yes,40-49,49,Yes,Facing Traffic,C: Possible Injury,Travel Lane,Black,Male,Knightdale,Wake,Yes,01-01-03,2012-05-02,Motorist Failed to Yield - Signalized Intersection,16,Intersection,01-05-01,0001-01-01T11:26:58-04:56,Motorist Drive Out - Right Turn on Red,,2012,C: Possible Injury,Commercial,50-59,57,No,0-5 mph,O: No Injury,White,Female,Passenger Car,No,No,Daylight,Mixed (30% To 70% Developed),2 lanes,2,Straight - Level,Local Street,Dry,"Two-Way, Divided, Unprotected Median",None,Four-Way Intersection,Coarse Asphalt,Piedmont,Urban,20 - 25  MPH,Stop And Go Signal,Clear,No,"35.79827, -78.492"
265,266,Yes,50-59,59,No,Facing Traffic,C: Possible Injury,Sidewalk / Crosswalk / Driveway Crossing,Black,Male,Kinston,Lenoir,No,01-01-02,2012-05-08,Motorist Failed to Yield - Midblock,14,Non-Intersection,01-05-01,0001-01-01T09:23:58-04:56,Motorist Drive Out - Commercial Driveway / Alley,,2012,C: Possible Injury,Commercial,40-49,46,No,0-5 mph,O: No Injury,White,Female,Passenger Car,No,No,Daylight,Urban (>70% Developed),4 lanes,2,Straight - Level,Local Street,Dry,"Two-Way, Not Divided",None,Four-Way Intersection,Smooth Asphalt,Coastal,Urban,30 - 35  MPH,Stop Sign,Clear,No,"35.2842, -77.589"
269,270,Yes,20-24,23,No,Facing Traffic,C: Possible Injury,Sidewalk / Crosswalk / Driveway Crossing,White,Male,Fayetteville,Cumberland,No,01-01-04,2012-05-03,Motorist Failed to Yield - Midblock,10,Non-Intersection,01-05-01,0001-01-01T05:30:58-04:56,Motorist Drive Out - Commercial Driveway / Alley,,2012,C: Possible Injury,Commercial,30-39,32,No,0-5 mph,O: No Injury,Black,Female,Passenger Car,No,No,Daylight,Urban (>70% Developed),,2,Straight - Level,Public Vehicular Area,Dry,"Two-Way, Not Divided",None,No Special Feature,Coarse Asphalt,Coastal,Urban,5 - 15 MPH,No Control Present,Clear,No,"35.05775, -78.8787"
271,272,Yes,10-Jun,10,No,Facing Traffic,C: Possible Injury,Travel Lane,Black,Male,Williamston,Martin,No,01-01-05,2012-04-13,Bicyclist Failed to Yield - Sign-Controlled Intersection,13,Intersection,01-04-01,0001-01-01T08:38:58-04:56,Bicyclist Ride Through - Sign-Controlled Intersection,,2012,C: Possible Injury,Residential,25-29,27,No,21-25 mph,O: No Injury,White,Female,Passenger Car,No,No,Daylight,Mixed (30% To 70% Developed),4 lanes,2,Straight - Level,Local Street,Dry,"Two-Way, Not Divided",None,No Special Feature,Smooth Asphalt,Coastal,Urban,20 - 25  MPH,Stop Sign,Clear,No,"35.85217, -77.0531"
273,274,Yes,20-24,22,No,With Traffic,B: Evident Injury,Travel Lane,White,Male,Raleigh,Wake,No,01-01-02,2012-04-24,Motorist Right Turn / Merge,10,Intersection,01-04-01,0001-01-01T05:19:58-04:56,Motorist Right Turn - Same Direction,,2012,B: Evident Injury,Institutional,,,Missing,11-15 mph,Injury,/Missing,,,No,Yes,Daylight,Urban (>70% Developed),4 lanes,2,Straight - Level,Local Street,Dry,"Two-Way, Divided, Unprotected Median",None,T-Intersection,Coarse Asphalt,Piedmont,Urban,20 - 25  MPH,Stop Sign,Clear,No,"35.77476, -78.6798"
277,278,Yes,30-39,33,No,With Traffic,C: Possible Injury,,Hispanic,Male,None - Rural Crash,Rowan,No,,2012-05-14,Motorist Overtaking Bicyclist,20,Non-Intersection,01-05-01,0001-01-01T15:27:58-04:56,Motorist Overtaking - Misjudged Space,,2012,C: Possible Injury,Commercial,40-49,43,No,31-35 mph,O: No Injury,White,Female,Passenger Car,No,No,Dusk,Urban (>70% Developed),2 lanes,2,Straight - Hillcrest,State Secondary Route,Dry,"Two-Way, Not Divided",None,No Special Feature,Smooth Asphalt,Piedmont,Rural,40 - 45  MPH,"Double Yellow Line, No Passing Zone",Cloudy,No,"35.56983, -80.4264"
278,279,No,40-49,49,No,With Traffic,C: Possible Injury,Bike Lane / Paved Shoulder,White,Male,None - Rural Crash,Davidson,No,01-01-02,2012-05-15,Motorist Overtaking Bicyclist,6,Non-Intersection,01-05-01,0001-01-01T01:04:58-04:56,Motorist Overtaking - Misjudged Space,,2012,C: Possible Injury,Residential,50-59,58,No,41-45 mph,O: No Injury,White,Female,Passenger Car,No,No,Daylight,Mixed (30% To 70% Developed),2 lanes,2,Straight - Level,NC Route,Wet,"Two-Way, Not Divided",None,No Special Feature,Smooth Asphalt,Piedmont,Rural,50 - 55  MPH,"Double Yellow Line, No Passing Zone",Cloudy,No,"35.84377, -80.3332"
281,282,Yes,20-24,22,No,With Traffic,B: Evident Injury,Travel Lane,Hispanic,Male,None - Rural Crash,Johnston,No,01-01-05,2012-05-11,Motorist Overtaking Bicyclist,16,Non-Intersection,01-05-01,0001-01-01T11:43:58-04:56,Motorist Overtaking - Bicyclist Swerved,,2012,B: Evident Injury,Residential,0-19,19,No,41-45 mph,O: No Injury,White,Female,Sport Utility,No,No,Daylight,Rural (<30% Developed),2 lanes,2,Straight - Level,State Secondary Route,Dry,"Two-Way, Not Divided",None,"Driveway, Public",Coarse Asphalt,Coastal,Rural,50 - 55  MPH,"Double Yellow Line, No Passing Zone",Clear,No,"35.40848, -78.5917"
282,283,No,16-19,18,No,With Traffic,B: Evident Injury,Bike Lane / Paved Shoulder,White,Female,Macclesfield,Edgecombe,No,01-01-03,2012-03-14,Motorist Overtaking Bicyclist,16,Non-Intersection,01-03-01,0001-01-01T12:00:58-04:56,Motorist Overtaking - Misjudged Space,,2012,B: Evident Injury,Residential,,,No,26-30 mph,Injury,/Missing,,Passenger Car,No,Yes,Daylight,Urban (>70% Developed),2 lanes,2,Straight - Level,Local Street,Dry,"Two-Way, Not Divided",None,No Special Feature,Coarse Asphalt,Coastal,Rural,30 - 35  MPH,"Double Yellow Line, No Passing Zone",Clear,No,"35.75139, -77.6721"
284,285,Yes,15-Nov,11,No,Not Applicable,B: Evident Injury,Driveway / Alley,Black,Male,Eden,Rockingham,No,01-01-07,2012-05-06,Bicyclist Failed to Yield - Midblock,17,Non-Intersection,01-05-01,0001-01-01T12:08:58-04:56,Bicyclist Ride Out - Residential Driveway,,2012,B: Evident Injury,Residential,0-19,17,No,21-25 mph,O: No Injury,White,Male,Passenger Car,No,No,Daylight,Urban (>70% Developed),2 lanes,2,Straight - Level,Local Street,Dry,"Two-Way, Not Divided",None,No Special Feature,Coarse Asphalt,Piedmont,Urban,20 - 25  MPH,No Control Present,Clear,No,"36.48974, -79.7825"
290,291,Yes,20-24,21,No,,C: Possible Injury,,Black,Male,Greensboro,Guilford,No,01-01-03,2012-05-16,Bicyclist Failed to Yield - Midblock,16,Non-Intersection,01-05-01,0001-01-01T11:52:58-04:56,Bicyclist Ride Out - Other Midblock,,2012,C: Possible Injury,Commercial,30-39,33,No,0-5 mph,O: No Injury,Black,Male,Passenger Car,No,No,Daylight,Mixed (30% To 70% Developed),6 lanes,2,Straight - Level,Local Street,Dry,"Two-Way, Divided, Unprotected Median",None,Four-Way Intersection,Smooth Asphalt,Piedmont,Urban,30 - 35  MPH,Stop And Go Signal,Clear,No,"36.05351, -79.8324"
291,292,Yes,10-Jun,9,No,Not Applicable,C: Possible Injury,Sidewalk / Crosswalk / Driveway Crossing,Black,Female,Asheville,Buncombe,No,01-01-02,2012-04-24,Bicyclist Failed to Yield - Midblock,16,Non-Intersection,01-04-01,0001-01-01T11:24:58-04:56,Bicyclist Ride Out - Other Midblock,,2012,C: Possible Injury,Residential,25-29,27,No,11-15 mph,O: No Injury,White,Male,Passenger Car,No,No,Daylight,Urban (>70% Developed),2 lanes,2,Straight - Level,Local Street,Dry,"Two-Way, Not Divided",None,No Special Feature,Coarse Asphalt,Mountains,Urban,20 - 25  MPH,No Control Present,Clear,No,"35.59503, -82.5708"
301,302,No,30-39,39,Yes,Facing Traffic,B: Evident Injury,Sidewalk / Crosswalk / Driveway Crossing,Hispanic,Male,Whiteville,Columbus,Yes,,2012-05-14,Motorist Failed to Yield - Midblock,15,Non-Intersection,01-05-01,0001-01-01T11:01:58-04:56,Motorist Drive Out - Commercial Driveway / Alley,,2012,B: Evident Injury,Commercial,40-49,41,No,,O: No Injury,White,Male,Pickup,No,No,Daylight,Urban (>70% Developed),5 lanes,2,Straight - Level,Public Vehicular Area,Dry,"Two-Way, Not Divided",None,"Driveway, Public",Smooth Asphalt,Coastal,Urban,5 - 15 MPH,No Control Present,Cloudy,No,"34.33579, -78.7084"
405,406,Yes,20-24,21,No,Facing Traffic,C: Possible Injury,Travel Lane,White,Male,Wilmington,New Hanover,No,01-01-07,2011-05-22,Motorist Failed to Yield - Sign-Controlled Intersection,17,Intersection,01-05-01,0001-01-01T12:35:58-04:56,Motorist Drive Out - Sign-Controlled Intersection,112141,2011,C: Possible Injury,Commercial,20-24,20,No,0-5 mph,O: No Injury,White,Male,Passenger Car,No,No,Daylight,Urban (>70% Developed),,2,Straight - Grade,Local Street,Dry,"Two-Way, Not Divided",None,Related To Intersection,Coarse Asphalt,Coastal,Urban,30 - 35  MPH,Stop Sign,Clear,No,"34.21879, -77.8137"
406,407,Yes,15-Nov,15,No,Facing Traffic,B: Evident Injury,Travel Lane,White,Male,Carolina Beach,New Hanover,No,01-01-06,2011-06-18,Motorist Left Turn / Merge,14,Non-Intersection,01-06-01,0001-01-01T09:23:58-04:56,Motorist Left Turn - Opposite Direction,312212,2011,B: Evident Injury,Residential,50-59,58,No,0-5 mph,O: No Injury,White,Male,Sport Utility,No,No,Daylight,Urban (>70% Developed),2 lanes,2,Straight - Level,US Route,Dry,"Two-Way, Divided, Unprotected Median",None,No Special Feature,Coarse Asphalt,Coastal,Urban,30 - 35  MPH,No Control Present,Clear,No,"34.0143, -77.9002"
414,415,Yes,25-29,25,No,With Traffic,C: Possible Injury,Travel Lane,Black,Male,Raleigh,Wake,No,01-01-05,2011-07-15,Bicyclist Failed to Yield - Signalized Intersection,0,Intersection,01-07-01,0000-12-31T19:40:58-04:56,Bicyclist Failed to Clear - Trapped,111156,2011,C: Possible Injury,Commercial,25-29,28,No,0-5 mph,O: No Injury,Black,Female,Sport Utility,No,No,Dark - Lighted Roadway,Mixed (30% To 70% Developed),9 or more lanes,2,Straight - Level,Local Street,Dry,"Two-Way, Divided, Unprotected Median",None,Four-Way Intersection,Smooth Asphalt,Piedmont,Urban,40 - 45  MPH,Stop And Go Signal,Clear,No,"35.83955, -78.6422"
416,417,Yes,15-Nov,15,No,With Traffic,B: Evident Injury,Travel Lane,Black,Male,Fayetteville,Cumberland,No,01-01-06,2011-04-09,Head-On,13,Non-Intersection,01-04-01,0001-01-01T08:30:58-04:56,Head-On - Bicyclist,311250,2011,B: Evident Injury,Residential,30-39,38,No,21-25 mph,O: No Injury,Black,Female,Passenger Car,No,No,Daylight,Urban (>70% Developed),2 lanes,2,Curve - Grade,Local Street,Dry,"Two-Way, Not Divided",None,No Special Feature,Coarse Asphalt,Coastal,Urban,20 - 25  MPH,No Control Present,Clear,No,"35.06244, -79.0"
425,426,Yes,40-49,47,Yes,With Traffic,C: Possible Injury,Travel Lane,White,Male,None - Rural Crash,Jones,Yes,,2011-07-11,Motorist Overtaking Bicyclist,16,Non-Intersection,01-07-01,0001-01-01T11:59:58-04:56,Motorist Overtaking - Other /,311239,2011,C: Possible Injury,"Farms, Woods, Pastures",30-39,34,No,46-50 mph,O: No Injury,Other,Male,Sport Utility,No,No,Daylight,Rural (<30% Developed),2 lanes,2,Straight - Level,US Route,Dry,"Two-Way, Not Divided",None,No Special Feature,Coarse Asphalt,Coastal,Rural,50 - 55  MPH,"Double Yellow Line, No Passing Zone",Clear,No,"34.94962, -77.2424"
428,429,Yes,50-59,50,No,,C: Possible Injury,Travel Lane,Black,Male,Wilson,Wilson,No,01-01-07,2011-05-15,Other /  - Insufficient Details,0,Intersection-Related,01-05-01,0000-12-31T19:03:58-04:56,Approach Paths,219970,2011,C: Possible Injury,Residential,,,Missing,31-35 mph,Injury,/Missing,,,No,Yes,Dark - Lighted Roadway,Mixed (30% To 70% Developed),2 lanes,2,Straight - Level,Local Street,,"Two-Way, Not Divided",None,Y-Intersection,Coarse Asphalt,Coastal,Urban,30 - 35  MPH,Stop And Go Signal,Cloudy,No,"35.723, -77.9044"
429,430,Yes,16-19,17,No,With Traffic,C: Possible Injury,Travel Lane,White,Male,None - Rural Crash,Carteret,No,01-01-04,2011-07-21,Bicyclist Left Turn / Merge,11,Non-Intersection,01-07-01,0001-01-01T06:33:58-04:56,Bicyclist Left Turn - Same Direction,311221,2011,C: Possible Injury,"Farms, Woods, Pastures",25-29,25,No,26-30 mph,O: No Injury,White,Female,Passenger Car,No,No,Daylight,Mixed (30% To 70% Developed),5 lanes,2,Straight - Level,NC Route,Dry,"Two-Way, Not Divided",None,No Special Feature,Smooth Asphalt,Coastal,Rural,30 - 35  MPH,No Control Present,Clear,No,"34.68857, -77.0703"
438,439,No,10-Jun,10,No,With Traffic,Injury,Travel Lane,/Missing,,Cramerton,Gaston,No,01-01-02,2011-07-05,Motorist Overtaking Bicyclist,11,Non-Intersection,01-07-01,0001-01-01T06:23:58-04:56,Motorist Overtaking - Other /,311239,2011,Injury,Residential,,,Missing,31-35 mph,Injury,/Missing,,,No,Yes,Daylight,Mixed (30% To 70% Developed),2 lanes,2,Straight - Grade,Local Street,Dry,"Two-Way, Divided, Unprotected Median",None,No Special Feature,Smooth Asphalt,Piedmont,Rural,30 - 35  MPH,No Control Present,Cloudy,No,"35.24774, -81.0818"
439,440,Yes,50-59,55,No,With Traffic,A: Disabling Injury,Travel Lane,Black,Male,None - Rural Crash,Edgecombe,No,01-01-07,2011-07-24,Motorist Overtaking Bicyclist,6,Non-Intersection,01-07-01,0001-01-01T01:14:58-04:56,Motorist Overtaking - Other /,311239,2011,A: Disabling Injury,"Farms, Woods, Pastures",70,,No,51-55 mph,O: No Injury,White,Male,Pickup,No,No,Dawn,Mixed (30% To 70% Developed),2 lanes,2,Straight - Level,NC Route,Dry,"Two-Way, Not Divided",None,No Special Feature,Coarse Asphalt,Coastal,Rural,50 - 55  MPH,No Control Present,Cloudy,No,"35.96194, -77.6586"
441,442,Yes,50-59,50,No,With Traffic,B: Evident Injury,Travel Lane,White,Female,None - Rural Crash,Currituck,No,01-01-06,2011-07-23,Motorist Overtaking Bicyclist,5,Non-Intersection,01-07-01,0001-01-01T00:44:58-04:56,Motorist Overtaking - Undetected Bicyclist,311231,2011,B: Evident Injury,"Farms, Woods, Pastures",40-49,46,No,51-55 mph,O: No Injury,White,Male,"Single Unit Truck (2-Axle, 6-Tire)",No,No,Dark - Roadway Not Lighted,Rural (<30% Developed),2 lanes,2,Straight - Level,US Route,Dry,"Two-Way, Not Divided",None,No Special Feature,Coarse Asphalt,Coastal,Rural,50 - 55  MPH,No Control Present,Clear,No,"36.30074, -76.2022"
445,446,Yes,10-Jun,10,No,Not Applicable,B: Evident Injury,Travel Lane,Black,Female,Charlotte,Mecklenburg,No,01-01-04,2011-07-07,Crossing Paths - Other Circumstances,13,Intersection,01-07-01,0001-01-01T09:02:58-04:56,Crossing Paths - Intersection - Other /,113180,2011,B: Evident Injury,Residential,40-49,45,No,0-5 mph,O: No Injury,White,Male,Passenger Car,No,No,Daylight,Urban (>70% Developed),2 lanes,2,Straight - Hillcrest,Local Street,Dry,"Two-Way, Not Divided",None,Four-Way Intersection,Smooth Asphalt,Piedmont,Urban,5 - 15 MPH,Stop Sign,Clear,No,"35.08204, -80.8326"
449,450,Yes,70,,No,With Traffic,K: Killed,Travel Lane,White,Male,Carrboro,Orange,No,01-01-06,2011-07-09,Motorist Overtaking Bicyclist,10,Non-Intersection,01-07-01,0001-01-01T05:15:58-04:56,Motorist Overtaking - Bicyclist Swerved,311235,2011,K: Killed,Commercial,70,,No,11-15 mph,O: No Injury,White,Male,Passenger Car,No,No,Daylight,Urban (>70% Developed),,2,Straight - Level,State Secondary Route,Dry,"Two-Way, Not Divided",None,No Special Feature,Smooth Asphalt,Piedmont,Urban,20 - 25  MPH,No Control Present,Clear,No,"35.91006, -79.0745"
457,458,Yes,50-59,57,No,With Traffic,K: Killed,Travel Lane,White,Male,None - Rural Crash,Onslow,No,01-01-03,2011-07-27,Motorist Overtaking Bicyclist,16,Non-Intersection,01-07-01,0001-01-01T11:55:58-04:56,Motorist Overtaking - Bicyclist Swerved,311235,2011,K: Killed,Residential,50-59,52,No,51-55 mph,O: No Injury,White,Male,Motorcycle,No,No,Daylight,Urban (>70% Developed),2 lanes,2,Straight - Level,State Secondary Route,Dry,"Two-Way, Not Divided",None,No Special Feature,Smooth Asphalt,Coastal,Rural,50 - 55  MPH,No Control Present,Clear,No,"34.75514, -77.5517"
459,460,No,30-39,30,No,With Traffic,C: Possible Injury,Bike Lane / Paved Shoulder,White,Male,Durham,Durham,No,01-01-04,2011-07-28,Motorist Right Turn / Merge,18,Intersection,01-07-01,0001-01-01T13:20:58-04:56,Motorist Right Turn - Same Direction,121213,2011,C: Possible Injury,Residential,,,Missing,21-25 mph,Injury,/Missing,,Sport Utility,No,Yes,Daylight,Urban (>70% Developed),6 lanes,2,Straight - Level,Local Street,Dry,"Two-Way, Divided, Unprotected Median",None,Four-Way Intersection,Smooth Asphalt,Piedmont,Urban,40 - 45  MPH,Stop And Go Signal,Clear,No,"35.94793, -78.9238"
465,466,Yes,16-19,18,No,With Traffic,B: Evident Injury,Travel Lane,White,Male,None - Rural Crash,New Hanover,No,01-01-06,2011-07-30,Backing Vehicle,17,Non-Intersection,01-07-01,0001-01-01T12:43:58-04:56,Backing Vehicle,311600,2011,B: Evident Injury,Residential,70,,No,0-5 mph,O: No Injury,White,Female,Passenger Car,No,No,Daylight,Urban (>70% Developed),2 lanes,2,Curve - Level,State Secondary Route,Dry,"Two-Way, Not Divided",None,"Driveway, Private",Coarse Asphalt,Coastal,Rural,30 - 35  MPH,No Control Present,Clear,No,"34.25867, -77.8604"
466,467,No,16-19,17,No,Not Applicable,O: No Injury,Travel Lane,Black,Male,None - Rural Crash,Cumberland,No,01-01-03,2011-07-27,Bicyclist Failed to Yield - Midblock,16,Non-Intersection,01-07-01,0001-01-01T12:00:58-04:56,Bicyclist Ride Out - Other Midblock,313318,2011,O: No Injury,"Farms, Woods, Pastures",60-69,62,No,36-40 mph,O: No Injury,White,Male,Sport Utility,No,No,Daylight,Mixed (30% To 70% Developed),4 lanes,2,Straight - Level,State Secondary Route,Dry,"Two-Way, Divided, Unprotected Median",None,No Special Feature,Smooth Asphalt,Coastal,Rural,40 - 45  MPH,No Control Present,Clear,No,"34.99952, -78.8978"
470,471,Yes,10-Jun,10,No,Not Applicable,B: Evident Injury,Non-Roadway,Black,Male,Charlotte,Mecklenburg,No,01-01-06,2011-07-16,Non-Roadway,20,Non-Roadway,01-07-01,0001-01-01T15:16:58-04:56,Non-Roadway,460910,2011,B: Evident Injury,Residential,40-49,40,No,6-10 mph,O: No Injury,Hispanic,Male,Pickup,No,No,Daylight,Urban (>70% Developed),,2,Straight - Level,Public Vehicular Area,Dry,"Two-Way, Not Divided",None,No Special Feature,Smooth Asphalt,Piedmont,Urban,5 - 15 MPH,No Control Present,Clear,No,"35.27299, -80.7721"
476,477,No,40-49,40,No,With Traffic,C: Possible Injury,Travel Lane,Black,Male,Fayetteville,Cumberland,No,01-01-03,2011-07-06,Motorist Failed to Yield - Sign-Controlled Intersection,6,Intersection-Related,01-07-01,0001-01-01T01:43:58-04:56,Motorist Drive Out - Sign-Controlled Intersection,211141,2011,C: Possible Injury,Residential,20-24,22,No,6-10 mph,O: No Injury,Black,Male,Passenger Car,No,No,Daylight,Urban (>70% Developed),2 lanes,2,Straight - Level,Local Street,Dry,"Two-Way, Not Divided",None,No Special Feature,Coarse Asphalt,Coastal,Urban,30 - 35  MPH,Stop Sign,Cloudy,No,"35.02066, -78.9401"
481,482,Yes,60-69,61,No,With Traffic,B: Evident Injury,Bike Lane / Paved Shoulder,White,Male,Concord,Cabarrus,No,01-01-04,2011-07-21,Motorist Failed to Yield - Sign-Controlled Intersection,18,Intersection,01-07-01,0001-01-01T13:38:58-04:56,Motorist Drive Out - Sign-Controlled Intersection,121141,2011,B: Evident Injury,Residential,60-69,68,No,0-5 mph,O: No Injury,White,Female,Passenger Car,No,No,Daylight,Urban (>70% Developed),2 lanes,2,Straight - Level,Local Street,Dry,"Two-Way, Not Divided",None,T-Intersection,Smooth Asphalt,Piedmont,Urban,30 - 35  MPH,Stop Sign,Clear,No,"35.39624, -80.5678"
482,483,Yes,20-24,22,No,Facing Traffic,B: Evident Injury,Sidewalk / Crosswalk / Driveway Crossing,Black,Male,Charlotte,Mecklenburg,No,01-01-05,2011-07-22,Motorist Failed to Yield - Sign-Controlled Intersection,17,Intersection,01-07-01,0001-01-01T12:24:58-04:56,Motorist Drive Out - Sign-Controlled Intersection,132141,2011,B: Evident Injury,Residential,60-69,64,No,0-5 mph,O: No Injury,Black,Male,Van,No,No,Daylight,Urban (>70% Developed),2 lanes,2,Straight - Level,Local Street,Dry,"Two-Way, Not Divided",Obstruction In Roadway,T-Intersection,Smooth Asphalt,Piedmont,Urban,20 - 25  MPH,No Control Present,Clear,No,"35.27883, -80.7759"
502,503,Yes,50-59,50,No,With Traffic,C: Possible Injury,Travel Lane,White,Male,Carolina Beach,New Hanover,No,01-01-07,2011-07-24,Motorist Failed to Yield - Midblock,9,Non-Intersection,01-07-01,0001-01-01T04:07:58-04:56,Motorist Drive Out - Other Midblock,311328,2011,C: Possible Injury,Residential,30-39,36,No,6-10 mph,O: No Injury,White,Male,Passenger Car,No,No,Daylight,Urban (>70% Developed),,2,Straight - Level,Public Vehicular Area,Dry,"Two-Way, Not Divided",None,"Driveway, Public",Smooth Asphalt,Coastal,Urban,30 - 35  MPH,No Control Present,Clear,No,"34.01814, -77.8987"
511,512,Yes,40-49,45,No,With Traffic,B: Evident Injury,Travel Lane,White,Female,None - Rural Crash,Union,No,01-01-04,2011-08-11,Motorist Failed to Yield - Sign-Controlled Intersection,12,Intersection,01-08-01,0001-01-01T07:36:58-04:56,Motorist Drive Out - Sign-Controlled Intersection,111141,2011,B: Evident Injury,"Farms, Woods, Pastures",30-39,34,No,0-5 mph,O: No Injury,White,Male,Pickup,No,No,Daylight,Rural (<30% Developed),2 lanes,2,Straight - Level,State Secondary Route,Dry,"Two-Way, Not Divided",None,Four-Way Intersection,Coarse Asphalt,Piedmont,Rural,40 - 45  MPH,Stop Sign,Clear,No,"34.9572, -80.6026"
512,513,Yes,10-Jun,7,No,Not Applicable,B: Evident Injury,Non-Roadway,Black,Male,None - Rural Crash,Pasquotank,No,01-01-03,2011-08-10,Bicyclist Failed to Yield - Midblock,15,Non-Intersection,01-08-01,0001-01-01T10:39:58-04:56,Bicyclist Ride Out - Commercial Driveway / Alley,363312,2011,B: Evident Injury,"Farms, Woods, Pastures",70,,No,31-35 mph,O: No Injury,White,Male,Sport Utility,No,No,Daylight,Rural (<30% Developed),2 lanes,2,Straight - Level,State Secondary Route,Dry,"Two-Way, Not Divided",None,"Driveway, Private",Coarse Asphalt,Coastal,Rural,50 - 55  MPH,No Control Present,Clear,No,"36.41223, -76.3349"
515,516,Yes,15-Nov,12,No,With Traffic,B: Evident Injury,Travel Lane,Hispanic,Female,None - Rural Crash,Hertford,No,01-01-07,2011-08-07,Bicyclist Failed to Yield - Sign-Controlled Intersection,11,Intersection,01-08-01,0001-01-01T06:59:58-04:56,Bicyclist Ride Through - Sign-Controlled Intersection,111144,2011,B: Evident Injury,"Farms, Woods, Pastures",20-24,20,No,51-55 mph,O: No Injury,Black,Female,Passenger Car,No,No,Daylight,Rural (<30% Developed),2 lanes,2,Straight - Level,State Secondary Route,Dry,"Two-Way, Not Divided",None,Four-Way Intersection,Coarse Asphalt,Coastal,Rural,50 - 55  MPH,Stop Sign,Clear,No,"36.25546, -76.9878"
525,526,Yes,16-19,17,No,With Traffic,C: Possible Injury,Travel Lane,White,Male,Hendersonville,Henderson,No,01-01-03,2011-07-20,Bicyclist Left Turn / Merge,11,Non-Intersection,01-07-01,0001-01-01T06:56:58-04:56,Bicyclist Left Turn - Opposite Direction,311222,2011,C: Possible Injury,Commercial,50-59,52,No,6-10 mph,O: No Injury,White,Male,Pickup,No,No,Daylight,Urban (>70% Developed),5 lanes,2,Straight - Level,Local Street,Dry,"Two-Way, Divided, Unprotected Median",None,No Special Feature,Coarse Asphalt,Mountains,Urban,30 - 35  MPH,Stop And Go Signal,Clear,No,"35.30681, -82.455"
528,529,No,40-49,46,No,Not Applicable,O: No Injury,Travel Lane,Black,Male,Fayetteville,Cumberland,No,01-01-06,2011-08-06,Motorist Left Turn / Merge,13,Non-Intersection,01-08-01,0001-01-01T08:48:58-04:56,Motorist Left Turn - Opposite Direction,313212,2011,O: No Injury,Commercial,50-59,57,No,16-20 mph,O: No Injury,Black,Male,Pickup,No,No,Daylight,Urban (>70% Developed),6 lanes,2,Straight - Level,Local Street,Dry,"Two-Way, Divided, Unprotected Median",None,No Special Feature,Coarse Asphalt,Coastal,Urban,40 - 45  MPH,No Control Present,Clear,No,"35.09897, -78.9144"