FID,OBJECTID,AmbulanceR,BikeAge_Gr,Bike_Age,Bike_Alc_D,Bike_Dir,Bike_Injur,Bike_Pos,Bike_Race,Bike_Sex,City,County,CrashAlcoh,CrashDay,Crash_Date,Crash_Grp,Crash_Hour,Crash_Loc,Crash_Mont,Crash_Time,Crash_Type,Crash_Ty_1,Crash_Year,Crsh_Sevri,Developmen,DrvrAge_Gr,Drvr_Age,Drvr_Alc_D,Drvr_EstSp,Drvr_Injur,Drvr_Race,Drvr_Sex,Drvr_VehTy,ExcsSpdInd,Hit_Run,Light_Cond,Locality,Num_Lanes,Num_Units,Rd_Charact,Rd_Class,Rd_Conditi,Rd_Config,Rd_Defects,Rd_Feature,Rd_Surface,Region,Rural_Urba,Speed_Limi,Traff_Cntr,Weather,Workzone_I,Location
442,443,No,15-Nov,15,No,Facing Traffic,O: No Injury,Sidewalk / Crosswalk / Driveway Crossing,Black,Male,Raleigh,Wake,No,01-01-02,2009-07-28,Motorist Right Turn / Merge,0,Non-Intersection,01-07-01,0000-12-31T19:42:58-04:56,Motorist Right Turn - Opposite Direction,332214,2009,O: No Injury,Residential,40-49,41,No,6-10 mph,O: No Injury,White,Male,Police,No,No,Dark - Roadway Not Lighted,Urban (>70% Developed),2 lanes,2,Straight - Level,Local Street,Wet,"Two-Way, Not Divided",None,No Special Feature,Smooth Asphalt,Piedmont,Urban,20 - 25  MPH,No Control Present,Clear,No,"35.784035, -78.62924"
448,449,Yes,15-Nov,13,No,With Traffic,B: Evident Injury,Travel Lane,Native American,Male,Cherokee,Swain,No,01-01-05,2009-08-21,Bicyclist Failed to Yield - Sign-Controlled Intersection,17,Intersection,01-08-01,0001-01-01T12:58:58-04:56,Bicyclist Ride Through - Sign-Controlled Intersection,111144,2009,B: Evident Injury,"Farms, Woods, Pastures",50-59,57,No,26-30 mph,O: No Injury,Native American,Female,Van,No,No,Daylight,Rural (<30% Developed),2 lanes,2,Straight - Level,Local Street,Dry,"Two-Way, Not Divided",None,T-Intersection,Smooth Asphalt,Mountains,Rural,30 - 35  MPH,Stop Sign,Clear,No,"35.46527, -83.36369"
450,451,Yes,40-49,49,No,With Traffic,O: No Injury,Travel Lane,White,Female,None - Rural Crash,Wake,No,01-01-02,2009-08-18,Crossing Paths - Other Circumstances,18,Intersection,01-08-01,0001-01-01T13:44:58-04:56,Crossing Paths - Intersection - Other /,111180,2009,B: Evident Injury,Residential,50-59,56,No,31-35 mph,B: Evident Injury,White,Male,Motorcycle,No,No,Daylight,Mixed (30% To 70% Developed),2 lanes,2,Straight - Level,State Secondary Route,Dry,"Two-Way, Not Divided",None,Four-Way Intersection,Coarse Asphalt,Piedmont,Rural,40 - 45  MPH,Stop And Go Signal,Clear,No,"35.682327, -78.74294"
452,453,Yes,16-19,19,No,With Traffic,B: Evident Injury,Travel Lane,Black,Male,Winston-Salem,Forsyth,No,,2009-07-27,Bicyclist Left Turn / Merge,22,Non-Intersection,01-07-01,0001-01-01T17:38:58-04:56,Bicyclist Left Turn - Same Direction,311221,2009,B: Evident Injury,Residential,25-29,25,No,41-45 mph,O: No Injury,White,Male,Passenger Car,No,No,Dark - Lighted Roadway,Mixed (30% To 70% Developed),2 lanes,2,Straight - Level,Local Street,Dry,"Two-Way, Not Divided",None,No Special Feature,Smooth Asphalt,Piedmont,Urban,40 - 45  MPH,No Control Present,Clear,No,"36.157673, -80.20154"
458,459,No,40-49,44,No,,C: Possible Injury,Sidewalk / Crosswalk / Driveway Crossing,Black,Male,Elizabeth City,Pasquotank,No,01-01-03,2009-08-19,Bicyclist Failed to Yield - Midblock,12,Non-Intersection,01-08-01,0001-01-01T07:46:58-04:56,Bicyclist Ride Out - Other Midblock,339318,2009,C: Possible Injury,Residential,60-69,61,No,31-35 mph,O: No Injury,White,Male,Pickup,No,No,Daylight,Mixed (30% To 70% Developed),5 lanes,2,Straight - Level,Local Street,Dry,"Two-Way, Divided, Unprotected Median",None,No Special Feature,Smooth Asphalt,Coastal,Urban,30 - 35  MPH,Flashing Stop And Go Signal,Clear,No,"36.296604, -76.22391"
461,462,Yes,70,,No,With Traffic,B: Evident Injury,Travel Lane,Hispanic,Male,None - Rural Crash,Union,No,01-01-07,2009-08-09,Motorist Overtaking Bicyclist,9,Non-Intersection,01-08-01,0001-01-01T04:11:58-04:56,Motorist Overtaking - Bicyclist Swerved,311235,2009,B: Evident Injury,Residential,40-49,40,No,51-55 mph,O: No Injury,White,Male,Motorcycle,No,No,Daylight,Mixed (30% To 70% Developed),2 lanes,2,Straight - Level,NC Route,Dry,"Two-Way, Not Divided",None,No Special Feature,Smooth Asphalt,Piedmont,Rural,50 - 55  MPH,"Double Yellow Line, No Passing Zone",Clear,No,"34.980988, -80.575165"
468,469,Yes,16-19,18,No,Facing Traffic,C: Possible Injury,Travel Lane,White,Male,Charlotte,Mecklenburg,No,01-01-02,2009-08-25,Crossing Paths - Other Circumstances,17,Intersection,01-08-01,0001-01-01T12:44:58-04:56,Crossing Paths - Intersection - Other /,112180,2009,C: Possible Injury,Residential,30-39,35,No,0-5 mph,O: No Injury,White,Male,Sport Utility,No,No,Daylight,Urban (>70% Developed),4 lanes,2,Straight - Level,NC Route,Dry,"Two-Way, Divided, Positive Median Barrier",None,T-Intersection,Smooth Asphalt,Piedmont,Urban,40 - 45  MPH,No Control Present,Clear,No,"35.113285, -80.96774"
472,473,Yes,15-Nov,15,No,Facing Traffic,C: Possible Injury,Sidewalk / Crosswalk / Driveway Crossing,/Missing,Male,Greensboro,Guilford,No,01-01-03,2009-08-19,Motorist Failed to Yield - Midblock,20,Non-Intersection,01-08-01,0001-01-01T16:02:58-04:56,Motorist Drive Out - Commercial Driveway / Alley,332322,2009,C: Possible Injury,Commercial,40-49,43,No,0-5 mph,O: No Injury,White,Female,Passenger Car,No,No,Dusk,Urban (>70% Developed),2 lanes,3,Straight - Level,Local Street,Wet,"One-Way, Not Divided",None,T-Intersection,Smooth Asphalt,Piedmont,Urban,30 - 35  MPH,Stop Sign,Cloudy,No,"36.09455, -79.81639"
476,477,Yes,15-Nov,12,No,With Traffic,B: Evident Injury,Travel Lane,Black,Male,None - Rural Crash,Columbus,No,01-01-04,2009-09-03,Motorist Overtaking Bicyclist,16,Non-Intersection,01-09-01,0001-01-01T11:26:58-04:56,Motorist Overtaking - Bicyclist Swerved,311235,2009,B: Evident Injury,"Farms, Woods, Pastures",20-24,22,No,31-35 mph,O: No Injury,Black,Female,Passenger Car,No,No,Daylight,Rural (<30% Developed),2 lanes,2,Straight - Level,State Secondary Route,Dry,"Two-Way, Not Divided",None,No Special Feature,Grooved Concrete,Coastal,Rural,30 - 35  MPH,No Control Present,Clear,No,"34.310635, -78.83144"
789,790,Yes,30-39,34,No,With Traffic,Injury,Travel Lane,/Missing,,Erwin,Harnett,No,,2009-08-17,Bicyclist Left Turn / Merge,18,Non-Intersection,01-08-01,0001-01-01T13:19:58-04:56,Bicyclist Left Turn - Same Direction,311221,2009,Injury,Commercial,,,Missing,31-35 mph,Injury,/Missing,,,No,Yes,Daylight,Urban (>70% Developed),2 lanes,2,Curve - Level,Local Street,Dry,"Two-Way, Not Divided",None,No Special Feature,Smooth Asphalt,Coastal,Rural,30 - 35  MPH,No Control Present,Clear,No,"35.31984, -78.67709"
790,791,No,30-39,35,No,With Traffic,C: Possible Injury,Travel Lane,White,Male,Charlotte,Mecklenburg,No,01-01-02,2009-09-29,Motorist Failed to Yield - Sign-Controlled Intersection,19,Intersection,01-09-01,0001-01-01T14:43:58-04:56,Motorist Drive Out - Sign-Controlled Intersection,111141,2009,C: Possible Injury,Commercial,70,,No,6-10 mph,O: No Injury,Black,Female,Passenger Car,No,No,Dark - Lighted Roadway,Urban (>70% Developed),2 lanes,2,Straight - Level,Local Street,Dry,"Two-Way, Not Divided",None,No Special Feature,Smooth Asphalt,Piedmont,Urban,30 - 35  MPH,Flashing Signal With Stop Sign,Clear,No,"35.214695, -80.85696"
791,792,No,20-24,23,No,Facing Traffic,C: Possible Injury,Sidewalk / Crosswalk / Driveway Crossing,Black,Male,Fayetteville,Cumberland,No,01-01-03,2009-08-19,Motorist Left Turn / Merge,8,Non-Intersection,01-08-01,0001-01-01T03:42:58-04:56,Motorist Left Turn - Same Direction,332211,2009,C: Possible Injury,Commercial,50-59,57,No,6-10 mph,Injury,White,Male,Pickup,No,No,Daylight,Urban (>70% Developed),3 lanes,2,Straight - Level,Local Street,Dry,"Two-Way, Not Divided",None,No Special Feature,Grooved Concrete,Coastal,Urban,30 - 35  MPH,No Control Present,Clear,No,"35.089836, -78.98565"
792,793,No,20-24,24,No,,B: Evident Injury,Travel Lane,White,Male,Charlotte,Mecklenburg,No,01-01-06,2009-08-08,Other /  - Insufficient Details,14,Intersection-Related,01-08-01,0001-01-01T09:17:58-04:56,Approach Paths,219970,2009,B: Evident Injury,Residential,30-39,34,No,0-5 mph,O: No Injury,White,Male,Sport Utility,No,No,Daylight,Urban (>70% Developed),6 lanes,2,Straight - Grade,Local Street,Dry,"Two-Way, Not Divided",None,Four-Way Intersection,Smooth Asphalt,Piedmont,Urban,30 - 35  MPH,Stop And Go Signal,Clear,No,"35.21531, -80.85819"
798,799,Yes,16-19,16,No,Not Applicable,B: Evident Injury,Non-Roadway,White,Male,Charlotte,Mecklenburg,No,01-01-02,2009-06-16,Non-Roadway,14,Non-Roadway,01-06-01,0001-01-01T09:11:58-04:56,Non-Roadway,460910,2009,B: Evident Injury,Commercial,25-29,27,No,21-25 mph,O: No Injury,Black,Male,Passenger Car,No,No,Daylight,Urban (>70% Developed),4 lanes,2,Straight - Level,Local Street,Dry,"Two-Way, Divided, Unprotected Median",None,No Special Feature,Concrete,Piedmont,Urban,20 - 25  MPH,No Control Present,Clear,No,"35.213398, -80.82827"
806,807,Yes,50-59,50,No,With Traffic,A: Disabling Injury,Sidewalk / Crosswalk / Driveway Crossing,Black,Male,Charlotte,Mecklenburg,No,01-01-05,2009-03-27,Motorist Right Turn / Merge,12,Intersection,01-03-01,0001-01-01T07:25:58-04:56,Motorist Right Turn - Same Direction,131213,2009,A: Disabling Injury,Commercial,30-39,39,No,0-5 mph,O: No Injury,White,Male,Sport Utility,No,No,Daylight,Urban (>70% Developed),4 lanes,2,Straight - Level,Local Street,Wet,"Two-Way, Not Divided",None,No Special Feature,Smooth Asphalt,Piedmont,Urban,40 - 45  MPH,Stop Sign,Rain,No,"35.15543, -80.74819"
1,2,No,30-39,30,No,With Traffic,C: Possible Injury,Travel Lane,White,Male,None - Rural Crash,Hoke,No,01-01-03,2010-01-06,Motorist Overtaking Bicyclist,8,Non-Intersection,,0001-01-01T04:00:58-04:56,Motorist Overtaking - Other /,0,2010,C: Possible Injury,Residential,40-49,41,No,16-20 mph,O: No Injury,Native American,Male,Van,No,No,Daylight,Mixed (30% To 70% Developed),2 lanes,2,Straight - Level,State Secondary Route,Dry,"Two-Way, Not Divided",None,No Special Feature,Smooth Asphalt,Coastal,Rural,50 - 55  MPH,"Double Yellow Line, No Passing Zone",Clear,No,"35.03229, -79.146164"
2,3,Yes,40-49,46,No,With Traffic,C: Possible Injury,Travel Lane,Black,Female,Speed,Edgecombe,No,01-01-05,2010-01-15,Bicyclist Left Turn / Merge,12,Non-Intersection,,0001-01-01T07:54:58-04:56,Bicyclist Left Turn - Same Direction,0,2010,C: Possible Injury,"Farms, Woods, Pastures",60-69,60,No,31-35 mph,O: No Injury,Black,Female,Passenger Car,No,No,Daylight,Rural (<30% Developed),2 lanes,2,Straight - Level,NC Route,Dry,"Two-Way, Not Divided",None,No Special Feature,Coarse Asphalt,Coastal,Rural,30 - 35  MPH,"Double Yellow Line, No Passing Zone",Clear,No,"35.96978, -77.44352"
7,8,Yes,30-39,34,No,With Traffic,B: Evident Injury,Travel Lane,White,Male,Indian Trail,Union,No,01-01-03,2010-01-20,Motorist Left Turn / Merge,9,Intersection,,0001-01-01T04:54:58-04:56,Motorist Left Turn - Opposite Direction,0,2010,B: Evident Injury,Commercial,60-69,64,No,11-15 mph,O: No Injury,White,Male,Pickup,No,No,Daylight,Urban (>70% Developed),2 lanes,2,Straight - Level,State Secondary Route,Dry,"Two-Way, Not Divided",None,Four-Way Intersection,Smooth Asphalt,Piedmont,Urban,30 - 35  MPH,"Double Yellow Line, No Passing Zone",Clear,No,"35.029774, -80.63376"
10,11,No,15-Nov,14,No,Not Applicable,O: No Injury,Travel Lane,Black,Male,Durham,Durham,No,,2010-01-25,Non-Roadway,20,Non-Roadway,,0001-01-01T15:23:58-04:56,Non-Roadway,0,2010,O: No Injury,Residential,,,Missing,0-5 mph,Injury,/Missing,,Passenger Car,No,Yes,Dark - Lighted Roadway,Urban (>70% Developed),,2,Straight - Level,Public Vehicular Area,Dry,"Two-Way, Not Divided",None,No Special Feature,Smooth Asphalt,Piedmont,Urban,5 - 15 MPH,No Control Present,Clear,No,"36.051144, -78.911606"
20,21,No,25-29,29,No,With Traffic,C: Possible Injury,Travel Lane,White,Male,None - Rural Crash,Rutherford,No,01-01-06,2010-02-06,Motorist Failed to Yield - Sign-Controlled Intersection,14,Intersection,01-02-01,0001-01-01T10:02:58-04:56,Motorist Drive Out - Sign-Controlled Intersection,0,2010,C: Possible Injury,Residential,30-39,33,No,0-5 mph,O: No Injury,Black,Male,Passenger Car,No,No,Daylight,Urban (>70% Developed),2 lanes,2,Straight - Level,State Secondary Route,Dry,"Two-Way, Not Divided",None,T-Intersection,Smooth Asphalt,Mountains,Rural,30 - 35  MPH,Stop Sign,Cloudy,No,"35.335503, -81.92347"
27,28,Yes,60-69,68,No,With Traffic,K: Killed,Travel Lane,Black,Female,Plymouth,Washington,No,01-01-03,2010-01-27,Bicyclist Left Turn / Merge,18,Non-Intersection,,0001-01-01T13:12:58-04:56,Bicyclist Left Turn - Same Direction,0,2010,K: Killed,Commercial,50-59,53,No,41-45 mph,O: No Injury,White,Male,Pickup,No,No,Dark - Lighted Roadway,Urban (>70% Developed),5 lanes,2,Straight - Level,US Route,Dry,"Two-Way, Divided, Unprotected Median",None,No Special Feature,Smooth Asphalt,Coastal,Rural,40 - 45  MPH,No Control Present,Clear,No,"35.857212, -76.748024"
28,29,Yes,60-69,60,No,With Traffic,B: Evident Injury,Travel Lane,White,Male,Washington,Beaufort,No,01-01-03,2010-01-20,Bicyclist Failed to Yield - Sign-Controlled Intersection,17,Intersection,,0001-01-01T12:31:58-04:56,Bicyclist Ride Through - Sign-Controlled Intersection,0,2010,B: Evident Injury,Residential,50-59,57,No,21-25 mph,O: No Injury,Black,Female,Van,No,No,Daylight,Urban (>70% Developed),2 lanes,2,Straight - Level,Local Street,Dry,"Two-Way, Not Divided",None,Four-Way Intersection,Coarse Asphalt,Coastal,Urban,20 - 25  MPH,Stop Sign,Clear,No,"35.556255, -77.05299"
43,44,No,50-59,50,No,Facing Traffic,O: No Injury,Sidewalk / Crosswalk / Driveway Crossing,Black,Male,Fayetteville,Cumberland,No,01-01-02,2010-02-23,Bicyclist Failed to Yield - Signalized Intersection,13,Intersection,01-02-01,0001-01-01T08:07:58-04:56,Bicyclist Ride Out - Signalized  Intersection,0,2010,O: No Injury,Institutional,50-59,50,No,11-15 mph,O: No Injury,Black,Female,Passenger Car,No,No,Daylight,Urban (>70% Developed),4 lanes,2,Straight - Level,Local Street,Dry,"Two-Way, Divided, Unprotected Median",None,Four-Way Intersection,Smooth Asphalt,Coastal,Urban,20 - 25  MPH,Stop And Go Signal,Clear,No,"35.071583, -78.89436"
44,45,No,30-39,34,No,Facing Traffic,O: No Injury,Sidewalk / Crosswalk / Driveway Crossing,Hispanic,Male,Raleigh,Wake,No,01-01-04,2010-02-04,Motorist Failed to Yield - Sign-Controlled Intersection,17,Intersection,01-02-01,0001-01-01T12:43:58-04:56,Motorist Drive Out - Sign-Controlled Intersection,0,2010,O: No Injury,Commercial,60-69,60,No,,O: No Injury,White,Male,Passenger Car,No,No,Daylight,Urban (>70% Developed),2 lanes,2,Straight - Level,Local Street,Dry,"Two-Way, Not Divided",None,T-Intersection,Smooth Asphalt,Piedmont,Urban,5 - 15 MPH,Stop Sign,Clear,No,"35.82043, -78.62626"
49,50,No,50-59,56,No,With Traffic,C: Possible Injury,Travel Lane,White,Male,None - Rural Crash,Craven,No,01-01-07,2010-02-07,Motorist Overtaking Bicyclist,16,Non-Intersection,01-02-01,0001-01-01T11:21:58-04:56,Motorist Overtaking - Misjudged Space,0,2010,C: Possible Injury,Residential,30-39,37,No,51-55 mph,O: No Injury,White,Female,Passenger Car,No,No,Daylight,Mixed (30% To 70% Developed),4 lanes,2,Straight - Level,US Route,Dry,"Two-Way, Divided, Unprotected Median",None,No Special Feature,Coarse Asphalt,Coastal,Rural,50 - 55  MPH,No Control Present,Clear,No,"35.080017, -77.16165"
50,51,Yes,40-49,45,Yes,With Traffic,C: Possible Injury,Bike Lane / Paved Shoulder,Black,Male,Kannapolis,Cabarrus,Yes,01-01-02,2010-02-09,Bicyclist Left Turn / Merge,16,Non-Intersection,01-02-01,0001-01-01T11:23:58-04:56,Bicyclist Left Turn - Same Direction,0,2010,C: Possible Injury,Commercial,20-24,20,No,36-40 mph,O: No Injury,White,Male,Pickup,No,No,Daylight,Urban (>70% Developed),4 lanes,2,Straight - Grade,US Route,Wet,"Two-Way, Divided, Unprotected Median",None,No Special Feature,Smooth Asphalt,Piedmont,Urban,40 - 45  MPH,No Control Present,Cloudy,No,"35.4748, -80.60979"
52,53,Yes,50-59,55,No,With Traffic,B: Evident Injury,Travel Lane,Hispanic,Male,Burlington,Alamance,No,,2010-02-15,Motorist Failed to Yield - Sign-Controlled Intersection,18,Intersection,01-02-01,0001-01-01T13:28:58-04:56,Motorist Drive Out - Sign-Controlled Intersection,0,2010,B: Evident Injury,Commercial,25-29,28,No,0-5 mph,O: No Injury,White,Female,Sport Utility,No,No,Dark - Lighted Roadway,Urban (>70% Developed),5 lanes,2,Straight - Level,US Route,Wet,"Two-Way, Divided, Unprotected Median",None,No Special Feature,Smooth Asphalt,Piedmont,Urban,30 - 35  MPH,Stop Sign,Cloudy,Yes,"36.084953, -79.453476"
53,54,Yes,20-24,21,No,Not Applicable,B: Evident Injury,Travel Lane,White,Female,None - Rural Crash,New Hanover,No,01-01-04,2010-02-18,Non-Roadway,20,Non-Roadway,01-02-01,0001-01-01T15:18:58-04:56,Non-Roadway,0,2010,B: Evident Injury,Commercial,30-39,36,No,6-10 mph,O: No Injury,White,Male,Passenger Car,No,No,Dark - Lighted Roadway,Urban (>70% Developed),,2,Curve - Level,Public Vehicular Area,Dry,"Two-Way, Not Divided",None,"Driveway, Public",Coarse Asphalt,Coastal,Rural,,Other,Clear,No,"34.14609, -77.89476"
54,55,Yes,15-Nov,12,No,With Traffic,B: Evident Injury,Travel Lane,White,Male,Thomasville,Davidson,No,01-01-05,2010-02-19,Motorist Failed to Yield - Sign-Controlled Intersection,16,Intersection,01-02-01,0001-01-01T11:10:58-04:56,Motorist Drive Through - Sign-Controlled Intersection,0,2010,B: Evident Injury,Residential,20-24,24,No,21-25 mph,O: No Injury,White,Female,Sport Utility,No,No,Daylight,Urban (>70% Developed),2 lanes,2,Straight - Grade,Local Street,Dry,"Two-Way, Not Divided",None,T-Intersection,Coarse Asphalt,Piedmont,Urban,30 - 35  MPH,Stop Sign,Clear,No,"35.879124, -80.08897"
59,60,No,25-29,26,No,With Traffic,B: Evident Injury,Sidewalk / Crosswalk / Driveway Crossing,White,Female,Charlotte,Mecklenburg,No,01-01-05,2010-02-19,Motorist Right Turn / Merge,22,Intersection,01-02-01,0001-01-01T18:02:58-04:56,Motorist Right Turn - Same Direction,0,2010,B: Evident Injury,Commercial,,,Missing,16-20 mph,Injury,/Missing,,,No,Yes,Dark - Lighted Roadway,Urban (>70% Developed),4 lanes,2,Straight - Level,Local Street,Dry,"Two-Way, Divided, Positive Median Barrier",None,No Special Feature,Smooth Asphalt,Piedmont,Urban,30 - 35  MPH,Stop And Go Signal,Clear,No,"35.213238, -80.83372"
64,65,Yes,15-Nov,15,No,Facing Traffic,A: Disabling Injury,Travel Lane,Black,Male,None - Rural Crash,Bladen,No,01-01-07,2010-03-14,Bicyclist Right Turn / Merge,17,Non-Intersection,01-03-01,0001-01-01T12:23:58-04:56,Bicyclist Right Turn - Same Direction,0,2010,A: Disabling Injury,"Farms, Woods, Pastures",50-59,57,No,51-55 mph,O: No Injury,Black,Female,Pickup,No,No,Daylight,Rural (<30% Developed),2 lanes,2,Straight - Level,State Secondary Route,Dry,"Two-Way, Not Divided",None,No Special Feature,Coarse Asphalt,Coastal,Rural,50 - 55  MPH,No Control Present,Clear,No,"34.749287, -78.73587"
73,74,Yes,60-69,63,No,With Traffic,B: Evident Injury,Travel Lane,White,Male,None - Rural Crash,Burke,No,01-01-06,2010-03-20,Bicyclist Left Turn / Merge,13,Non-Intersection,01-03-01,0001-01-01T08:30:58-04:56,Bicyclist Left Turn - Same Direction,0,2010,B: Evident Injury,Residential,0-19,17,No,41-45 mph,O: No Injury,White,Female,Sport Utility,No,No,Daylight,Mixed (30% To 70% Developed),2 lanes,2,Straight - Grade,State Secondary Route,Dry,"Two-Way, Not Divided",None,"Driveway, Private",Smooth Asphalt,Mountains,Rural,40 - 45  MPH,"Double Yellow Line, No Passing Zone",Clear,No,"35.77079, -81.61622"
74,75,Yes,10-Jun,6,No,.,B: Evident Injury,.,Black,Male,None - Rural Crash,Camden,No,01-01-02,2010-03-09,.,18,.,01-03-01,0001-01-01T13:27:58-04:56,.,0,2010,B: Evident Injury,"Farms, Woods, Pastures",60-69,63,No,6-10 mph,O: No Injury,White,Male,Passenger Car,No,No,Dark - Roadway Not Lighted,Rural (<30% Developed),2 lanes,2,Straight - Level,State Secondary Route,Dry,"Two-Way, Not Divided",None,No Special Feature,Smooth Asphalt,Coastal,Rural,50 - 55  MPH,No Control Present,Clear,No,"36.302483, -76.07173"
76,77,No,16-19,17,No,With Traffic,B: Evident Injury,Travel Lane,Black,Male,Asheville,Buncombe,No,01-01-04,2010-02-25,Bicyclist Overtaking Motorist,9,Non-Intersection,01-02-01,0001-01-01T04:46:58-04:56,Bicyclist Overtaking - Other /,0,2010,B: Evident Injury,Commercial,30-39,38,No,0-5 mph,O: No Injury,White,Female,Sport Utility,No,No,Daylight,Urban (>70% Developed),2 lanes,2,Straight - Level,US Route,Dry,"Two-Way, Not Divided",None,No Special Feature,Smooth Asphalt,Mountains,Urban,20 - 25  MPH,Stop And Go Signal,Cloudy,No,"35.578358, -82.59001"
78,79,Yes,10-Jun,7,No,With Traffic,C: Possible Injury,Travel Lane,Black,Male,Durham,Durham,No,01-01-07,2010-03-21,Loss of Control / Turning Error,18,Intersection,01-03-01,0001-01-01T13:44:58-04:56,Bicyclist Turning Error - Right Turn,0,2010,C: Possible Injury,Residential,25-29,27,No,11-15 mph,O: No Injury,White,Male,Passenger Car,No,No,Daylight,Urban (>70% Developed),2 lanes,2,Straight - Level,Local Street,Dry,"Two-Way, Not Divided",None,No Special Feature,Smooth Asphalt,Piedmont,Urban,5 - 15 MPH,Stop Sign,Cloudy,No,"35.918495, -78.80944"
91,92,Yes,40-49,48,No,Facing Traffic,B: Evident Injury,Sidewalk / Crosswalk / Driveway Crossing,White,Male,None - Rural Crash,Moore,No,01-01-05,2010-03-12,Motorist Failed to Yield - Sign-Controlled Intersection,14,Intersection,01-03-01,0001-01-01T09:13:58-04:56,Motorist Drive Out - Sign-Controlled Intersection,0,2010,B: Evident Injury,Commercial,50-59,57,No,0-5 mph,O: No Injury,White,Male,Passenger Car,No,No,Daylight,Urban (>70% Developed),,2,Straight - Level,Public Vehicular Area,Dry,"Two-Way, Not Divided",None,"Driveway, Public",Coarse Asphalt,Piedmont,Rural,,Stop Sign,Cloudy,No,"35.14933, -79.41874"
93,94,No,25-29,28,No,,O: No Injury,,Black,Male,Raleigh,Wake,No,01-01-06,2010-02-13,Loss of Control / Turning Error,22,Intersection-Related,01-02-01,0001-01-01T17:33:58-04:56,Motorist Lost Control - Surface Conditions,0,2010,O: No Injury,Residential,30-39,34,No,16-20 mph,O: No Injury,White,Male,Police,No,No,Dark - Lighted Roadway,Urban (>70% Developed),2 lanes,2,Straight - Level,Local Street,Wet,"Two-Way, Not Divided",Road Surface Condition,No Special Feature,Coarse Asphalt,Piedmont,Urban,30 - 35  MPH,No Control Present,Clear,No,"35.78104, -78.62571"
97,98,Yes,16-19,16,No,With Traffic,B: Evident Injury,Travel Lane,White,Male,None - Rural Crash,Rowan,No,01-01-03,2010-03-31,Bicyclist Left Turn / Merge,15,Non-Intersection,01-03-01,0001-01-01T10:58:58-04:56,Bicyclist Left Turn - Same Direction,0,2010,B: Evident Injury,"Farms, Woods, Pastures",20-24,24,No,46-50 mph,O: No Injury,Black,Male,Passenger Car,No,No,Daylight,Rural (<30% Developed),2 lanes,2,Straight - Grade,State Secondary Route,Dry,"Two-Way, Not Divided",None,No Special Feature,Coarse Asphalt,Piedmont,Rural,50 - 55  MPH,"Double Yellow Line, No Passing Zone",Clear,No,"35.715168, -80.43542"
99,100,No,,,Missing,With Traffic,Injury,Travel Lane,/Missing,,High Point,Guilford,No,01-01-04,2010-03-18,Bicyclist Failed to Yield - Signalized Intersection,20,Intersection,01-03-01,0001-01-01T15:29:58-04:56,Bicyclist Ride Out - Signalized  Intersection,0,2010,O: No Injury,Commercial,30-39,34,No,21-25 mph,O: No Injury,Black,Male,Passenger Car,No,No,Dark - Lighted Roadway,Urban (>70% Developed),2 lanes,2,Straight - Grade,Local Street,Dry,"One-Way, Not Divided",None,Four-Way Intersection,Smooth Asphalt,Piedmont,Urban,30 - 35  MPH,Stop And Go Signal,Clear,No,"35.973045, -80.01462"
100,101,Yes,30-39,30,No,With Traffic,C: Possible Injury,Travel Lane,Black,Male,Greensboro,Guilford,No,01-01-04,2010-03-04,Motorist Right Turn / Merge,17,Intersection,01-03-01,0001-01-01T12:11:58-04:56,Motorist Right Turn - Same Direction,0,2010,C: Possible Injury,Residential,0-19,18,No,11-15 mph,O: No Injury,White,Female,Passenger Car,No,No,Daylight,Urban (>70% Developed),2 lanes,2,Straight - Level,Local Street,Dry,"Two-Way, Not Divided",None,Four-Way Intersection,Coarse Asphalt,Piedmont,Urban,30 - 35  MPH,No Control Present,Clear,No,"36.068756, -79.83184"
112,113,Yes,16-19,17,No,Facing Traffic,C: Possible Injury,Travel Lane,Black,Male,Laurinburg,Scotland,No,01-01-03,2010-03-31,Motorist Failed to Yield - Signalized Intersection,8,Intersection,01-03-01,0001-01-01T03:24:58-04:56,Motorist Drive Through - Signalized Intersection,0,2010,C: Possible Injury,Residential,20-24,23,No,0-5 mph,C: Possible Injury,Native American,Female,Passenger Car,No,No,Dusk,Urban (>70% Developed),2 lanes,2,Straight - Level,US Route,Dry,"Two-Way, Not Divided",None,No Special Feature,Smooth Asphalt,Coastal,Urban,30 - 35  MPH,Stop And Go Signal,Clear,No,"34.77226, -79.457596"
113,114,No,16-19,16,No,With Traffic,B: Evident Injury,Travel Lane,White,Male,None - Rural Crash,Burke,No,01-01-06,2010-03-20,Motorist Overtaking Bicyclist,15,Non-Intersection,01-03-01,0001-01-01T10:38:58-04:56,Motorist Overtaking - Other /,0,2010,B: Evident Injury,Residential,50-59,51,No,26-30 mph,O: No Injury,Asian,Female,Sport Utility,No,No,Daylight,Mixed (30% To 70% Developed),2 lanes,2,Straight - Grade,State Secondary Route,Dry,"Two-Way, Not Divided",None,No Special Feature,Smooth Asphalt,Mountains,Rural,40 - 45  MPH,"Double Yellow Line, No Passing Zone",Clear,No,"35.767826, -81.62588"