FID,OBJECTID,AmbulanceR,BikeAge_Gr,Bike_Age,Bike_Alc_D,Bike_Dir,Bike_Injur,Bike_Pos,Bike_Race,Bike_Sex,City,County,CrashAlcoh,CrashDay,Crash_Date,Crash_Grp,Crash_Hour,Crash_Loc,Crash_Mont,Crash_Time,Crash_Type,Crash_Ty_1,Crash_Year,Crsh_Sevri,Developmen,DrvrAge_Gr,Drvr_Age,Drvr_Alc_D,Drvr_EstSp,Drvr_Injur,Drvr_Race,Drvr_Sex,Drvr_VehTy,ExcsSpdInd,Hit_Run,Light_Cond,Locality,Num_Lanes,Num_Units,Rd_Charact,Rd_Class,Rd_Conditi,Rd_Config,Rd_Defects,Rd_Feature,Rd_Surface,Region,Rural_Urba,Speed_Limi,Traff_Cntr,Weather,Workzone_I,Location
946,947,No,30-39,32,No,With Traffic,O: No Injury,Travel Lane,Black,Male,Raleigh,Wake,No,01-01-06,2010-12-18,Motorist Overtaking Bicyclist,8,Non-Intersection,01-12-01,0001-01-01T04:02:58-04:56,Motorist Overtaking - Bicyclist Swerved,0,2010,O: No Injury,Commercial,30-39,35,No,36-40 mph,O: No Injury,Black,Male,Passenger Car,No,No,Daylight,Urban (>70% Developed),9 or more lanes,2,Straight - Level,Local Street,Dry,"Two-Way, Divided, Positive Median Barrier",None,No Special Feature,Smooth Asphalt,Piedmont,Urban,40 - 45  MPH,No Control Present,Cloudy,No,"35.83592, -78.58204"
26,27,Yes,25-29,28,Yes,Not Applicable,K: Killed,Driveway / Alley,Black,Female,None - Rural Crash,Bertie,Yes,01-01-07,2011-01-30,Bicyclist Failed to Yield - Midblock,18,Non-Intersection,,0001-01-01T13:39:58-04:56,Bicyclist Ride Out - Residential Driveway,353311,2011,K: Killed,"Farms, Woods, Pastures",30-39,33,No,51-55 mph,O: No Injury,White,Male,Pickup,No,No,Dark - Roadway Not Lighted,Rural (<30% Developed),2 lanes,2,Straight - Level,NC Route,Dry,"Two-Way, Not Divided",None,"Driveway, Private",Smooth Asphalt,Coastal,Rural,50 - 55  MPH,No Control Present,Clear,No,"36.22697, -76.7707"
44,45,No,40-49,48,Yes,Not Applicable,C: Possible Injury,Non-Roadway,White,Male,Charlotte,Mecklenburg,Yes,,2011-02-14,Loss of Control / Turning Error,18,Non-Intersection,01-02-01,0001-01-01T13:38:58-04:56,Bicylist Lost Control - Alcohol / Drug Impairment,363123,2011,C: Possible Injury,Commercial,20-24,20,No,21-25 mph,O: No Injury,Black,Female,Passenger Car,No,No,Dark - Lighted Roadway,Urban (>70% Developed),4 lanes,2,Straight - Level,Local Street,Dry,"Two-Way, Not Divided",None,No Special Feature,Smooth Asphalt,Piedmont,Urban,30 - 35  MPH,No Control Present,Clear,No,"35.24629, -80.8995"
49,50,Yes,,,No,With Traffic,B: Evident Injury,Travel Lane,Black,Male,Wilmington,New Hanover,No,01-01-02,2011-02-08,Bicyclist Failed to Yield - Signalized Intersection,17,Intersection,01-02-01,0001-01-01T12:28:58-04:56,Bicyclist Ride Through - Signalized Intersection,111155,2011,B: Evident Injury,Commercial,30-39,33,No,41-45 mph,Injury,Black,Male,Sport Utility,No,No,Daylight,Urban (>70% Developed),5 lanes,2,Straight - Level,NC Route,Dry,"Two-Way, Not Divided",None,No Special Feature,Coarse Asphalt,Coastal,Urban,40 - 45  MPH,Stop And Go Signal,Clear,No,"34.2424, -77.8923"
62,63,Yes,40-49,40,No,With Traffic,K: Killed,Travel Lane,White,Male,None - Rural Crash,Brunswick,No,01-01-04,2011-03-03,Motorist Overtaking Bicyclist,18,Non-Intersection,01-03-01,0001-01-01T13:57:58-04:56,Motorist Overtaking - Other /,311239,2011,K: Killed,"Farms, Woods, Pastures",50-59,53,No,51-55 mph,O: No Injury,White,Male,Passenger Car,No,No,Dark - Roadway Not Lighted,Rural (<30% Developed),4 lanes,4,Straight - Level,US Route,Dry,"Two-Way, Divided, Unprotected Median",None,No Special Feature,Smooth Asphalt,Coastal,Rural,50 - 55  MPH,No Control Present,Clear,No,"34.16698, -78.089"
66,67,Yes,40-49,49,No,With Traffic,B: Evident Injury,Non-Roadway,White,Male,Apex,Wake,No,,2011-03-07,Motorist Left Turn / Merge,6,Intersection,01-03-01,0001-01-01T01:41:58-04:56,Motorist Left Turn - Opposite Direction,161212,2011,B: Evident Injury,Commercial,25-29,28,No,16-20 mph,O: No Injury,White,Male,Pickup,No,No,Daylight,Mixed (30% To 70% Developed),1 lane,2,Straight - Grade,US Route,Dry,"One-Way, Not Divided",None,Four-Way Intersection,Smooth Asphalt,Piedmont,Urban,50 - 55  MPH,Stop And Go Signal,Clear,No,"35.72718, -78.8541"
70,71,Yes,25-29,27,No,Facing Traffic,A: Disabling Injury,Travel Lane,Black,Male,Rocky Mount,Edgecombe,No,01-01-02,2011-02-15,Head-On,7,Intersection,01-02-01,0001-01-01T02:53:58-04:56,Head-On - Bicyclist,112250,2011,A: Disabling Injury,Residential,40-49,42,No,11-15 mph,O: No Injury,Black,Male,Pickup,No,No,Daylight,Urban (>70% Developed),2 lanes,2,Straight - Level,Local Street,Dry,"Two-Way, Not Divided",None,T-Intersection,Coarse Asphalt,Coastal,Urban,30 - 35  MPH,Stop Sign,Clear,No,"35.945, -77.7824"
72,73,Yes,16-19,19,No,With Traffic,B: Evident Injury,Bike Lane / Paved Shoulder,White,Male,Greensboro,Guilford,No,01-01-05,2011-02-18,Bicyclist Overtaking Motorist,9,Non-Intersection,01-02-01,0001-01-01T05:01:58-04:56,Bicyclist Overtaking - Other /,321249,2011,B: Evident Injury,Commercial,30-39,38,No,,O: No Injury,Black,Male,Commercial Bus,No,No,Daylight,Urban (>70% Developed),2 lanes,2,Straight - Level,Local Street,Dry,"Two-Way, Not Divided",None,No Special Feature,Smooth Asphalt,Piedmont,Urban,30 - 35  MPH,No Control Present,Cloudy,No,"36.06381, -79.822"
76,77,No,50-59,54,Yes,With Traffic,O: No Injury,Non-Roadway,Black,Male,Fayetteville,Cumberland,Yes,01-01-05,2011-03-11,Motorist Overtaking Bicyclist,19,Non-Intersection,01-03-01,0001-01-01T14:14:58-04:56,Motorist Overtaking - Other /,361239,2011,O: No Injury,"Farms, Woods, Pastures",25-29,27,No,41-45 mph,O: No Injury,Black,Female,Passenger Car,No,No,Dark - Roadway Not Lighted,Mixed (30% To 70% Developed),2 lanes,2,Straight - Level,Local Street,Dry,"Two-Way, Not Divided",None,No Special Feature,Coarse Asphalt,Coastal,Urban,40 - 45  MPH,No Control Present,Cloudy,No,"35.05761, -79.0178"
79,80,Yes,40-49,44,No,With Traffic,C: Possible Injury,Travel Lane,White,Male,Clemmons,Forsyth,No,,2011-03-07,Bicyclist Failed to Yield - Signalized Intersection,13,Intersection,01-03-01,0001-01-01T08:54:58-04:56,Bicyclist Ride Through - Signalized Intersection,111155,2011,C: Possible Injury,Commercial,50-59,50,No,11-15 mph,O: No Injury,White,Male,Pickup,No,No,Daylight,Urban (>70% Developed),4 lanes,2,Straight - Level,Local Street,Dry,"Two-Way, Not Divided",None,On or Off Ramp,Smooth Asphalt,Piedmont,Urban,60 - 75 MPH,Stop And Go Signal,Clear,No,"36.03409, -80.3841"
84,85,No,0-5,2,No,Not Applicable,C: Possible Injury,Travel Lane,Black,Male,Salisbury,Rowan,No,01-01-04,2011-03-17,Other / Unusual Circumstances,19,Non-Intersection,01-03-01,0001-01-01T14:39:58-04:56,Play Vehicle-Related,313700,2011,C: Possible Injury,Residential,60-69,66,No,0-5 mph,O: No Injury,Black,Female,Pickup,No,No,Dusk,Urban (>70% Developed),2 lanes,2,Straight - Level,Local Street,Dry,"Two-Way, Not Divided",None,No Special Feature,Smooth Asphalt,Piedmont,Urban,30 - 35  MPH,No Control Present,Clear,No,"35.67492, -80.4935"
85,86,Yes,40-49,48,No,With Traffic,A: Disabling Injury,Travel Lane,White,Male,None - Rural Crash,Gates,No,01-01-03,2011-03-09,Bicyclist Failed to Yield - Sign-Controlled Intersection,16,Intersection,01-03-01,0001-01-01T11:23:58-04:56,Bicyclist Ride Through - Sign-Controlled Intersection,111144,2011,A: Disabling Injury,Residential,20-24,22,No,51-55 mph,B: Evident Injury,Black,Female,Passenger Car,No,No,Daylight,Mixed (30% To 70% Developed),2 lanes,2,Straight - Level,State Secondary Route,Dry,"Two-Way, Not Divided",None,T-Intersection,Coarse Asphalt,Coastal,Rural,50 - 55  MPH,Stop Sign,Clear,No,"36.49847, -76.7303"
89,90,No,15-Nov,15,No,Not Applicable,Injury,Non-Roadway,Black,Male,Fayetteville,Cumberland,No,01-01-05,2011-03-11,Non-Roadway,16,Non-Roadway,01-03-01,0001-01-01T11:30:58-04:56,Non-Roadway,460910,2011,Injury,Commercial,,,Missing,,Injury,/Missing,,,No,Yes,Daylight,Urban (>70% Developed),,2,Straight - Level,Public Vehicular Area,Dry,,None,No Special Feature,Coarse Asphalt,Coastal,Urban,20 - 25  MPH,No Control Present,Clear,No,"35.09831, -78.918"
99,100,Yes,20-24,20,No,,B: Evident Injury,Travel Lane,Black,Male,Charlotte,Mecklenburg,No,,2011-03-21,Parallel Paths - Other Circumstances,15,Non-Intersection,01-03-01,0001-01-01T10:08:58-04:56,Motorist Turn / Merge - Other /,319219,2011,B: Evident Injury,Commercial,20-24,22,No,0-5 mph,O: No Injury,Black,Female,Passenger Car,No,No,Daylight,Urban (>70% Developed),4 lanes,2,Straight - Level,Local Street,Dry,"Two-Way, Not Divided",None,No Special Feature,Smooth Asphalt,Piedmont,Urban,20 - 25  MPH,No Control Present,Clear,No,"35.22641, -80.8442"
102,103,No,15-Nov,15,No,With Traffic,O: No Injury,Sidewalk / Crosswalk / Driveway Crossing,Black,Male,Charlotte,Mecklenburg,No,01-01-06,2011-03-19,Motorist Right Turn / Merge,15,Non-Intersection,01-03-01,0001-01-01T10:43:58-04:56,Motorist Right Turn - Same Direction,331213,2011,O: No Injury,Commercial,50-59,55,No,16-20 mph,O: No Injury,Black,Male,Passenger Car,No,No,Daylight,Urban (>70% Developed),,2,Straight - Grade,Local Street,Dry,"Two-Way, Not Divided",None,No Special Feature,Smooth Asphalt,Piedmont,Urban,40 - 45  MPH,No Control Present,Clear,No,"35.25276, -80.8081"
110,111,Yes,15-Nov,15,No,With Traffic,C: Possible Injury,Travel Lane,White,Male,None - Rural Crash,Catawba,No,,2011-03-21,Bicyclist Left Turn / Merge,13,Intersection,01-03-01,0001-01-01T08:36:58-04:56,Bicyclist Left Turn - Same Direction,111221,2011,C: Possible Injury,Residential,,,Missing,36-40 mph,Injury,/Missing,,Van,No,Yes,Daylight,Mixed (30% To 70% Developed),2 lanes,2,Straight - Level,State Secondary Route,Dry,"Two-Way, Not Divided",None,No Special Feature,Coarse Asphalt,Piedmont,Rural,50 - 55  MPH,"Double Yellow Line, No Passing Zone",Clear,No,"35.75388, -81.1481"
120,121,Yes,20-24,20,No,Facing Traffic,C: Possible Injury,Sidewalk / Crosswalk / Driveway Crossing,Black,Male,Cary,Wake,No,,2011-04-04,Motorist Failed to Yield - Midblock,15,Non-Intersection,01-04-01,0001-01-01T10:17:58-04:56,Motorist Drive Out - Commercial Driveway / Alley,332322,2011,C: Possible Injury,Commercial,40-49,49,No,6-10 mph,O: No Injury,White,Female,Passenger Car,No,No,Daylight,Urban (>70% Developed),4 lanes,2,Straight - Level,State Secondary Route,Dry,"Two-Way, Not Divided",None,No Special Feature,Coarse Asphalt,Piedmont,Urban,30 - 35  MPH,No Control Present,Clear,No,"35.77122, -78.7817"
166,167,No,20-24,21,No,With Traffic,O: No Injury,Bike Lane / Paved Shoulder,White,Male,Durham,Durham,No,01-01-03,2011-04-27,Motorist Right Turn / Merge,7,Non-Intersection,01-04-01,0001-01-01T02:17:58-04:56,Motorist Right Turn - Same Direction,321213,2011,O: No Injury,Residential,,,Missing,26-30 mph,Injury,/Missing,,Passenger Car,No,Yes,Daylight,Urban (>70% Developed),2 lanes,2,Straight - Level,Local Street,Dry,"Two-Way, Not Divided",None,No Special Feature,Coarse Asphalt,Piedmont,Urban,30 - 35  MPH,No Control Present,Clear,No,"36.01779, -78.9578"
168,169,No,30-39,30,No,Facing Traffic,Injury,Travel Lane,White,Male,Wrightsville Beach,New Hanover,No,,2011-04-18,Motorist Failed to Yield - Midblock,13,Non-Intersection,01-04-01,0001-01-01T08:43:58-04:56,Motorist Drive Out - Commercial Driveway / Alley,312322,2011,O: No Injury,Residential,25-29,26,No,,O: No Injury,White,Male,Van,No,No,Daylight,Urban (>70% Developed),5 lanes,2,Straight - Level,US Route,Dry,"Two-Way, Divided, Unprotected Median",None,T-Intersection,Coarse Asphalt,Coastal,Rural,5 - 15 MPH,Stop Sign,Clear,No,"34.21386, -77.8058"
186,187,Yes,0-5,5,No,With Traffic,B: Evident Injury,Travel Lane,Black,Male,Wilmington,New Hanover,No,01-01-07,2011-04-17,Motorist Overtaking Bicyclist,17,Intersection-Related,01-04-01,0001-01-01T12:12:58-04:56,Motorist Overtaking - Other /,211239,2011,B: Evident Injury,Residential,,,Missing,,Injury,/Missing,,,No,Yes,Daylight,Urban (>70% Developed),2 lanes,2,Straight - Level,Local Street,Dry,"Two-Way, Not Divided",None,No Special Feature,Coarse Asphalt,Coastal,Urban,20 - 25  MPH,No Control Present,Clear,No,"34.24618, -77.9007"
189,190,Yes,40-49,49,No,Facing Traffic,B: Evident Injury,Travel Lane,Native American,Male,None - Rural Crash,Columbus,No,01-01-04,2011-04-28,Motorist Left Turn / Merge,20,Non-Intersection,01-04-01,0001-01-01T15:27:58-04:56,Motorist Left Turn - Same Direction,312211,2011,B: Evident Injury,"Farms, Woods, Pastures",,,Missing,51-55 mph,Injury,/Missing,,Passenger Car,No,Yes,Dark - Roadway Not Lighted,Rural (<30% Developed),2 lanes,2,Straight - Level,State Secondary Route,Dry,"Two-Way, Not Divided",None,No Special Feature,Coarse Asphalt,Coastal,Rural,50 - 55  MPH,No Control Present,Cloudy,No,"34.32218, -78.881"
191,192,Yes,40-49,43,No,Facing Traffic,B: Evident Injury,Sidewalk / Crosswalk / Driveway Crossing,White,Male,Wilmington,New Hanover,No,01-01-03,2011-04-20,Motorist Failed to Yield - Midblock,9,Non-Intersection,01-04-01,0001-01-01T04:47:58-04:56,Motorist Drive Out - Commercial Driveway / Alley,332322,2011,B: Evident Injury,Commercial,60-69,67,No,0-5 mph,O: No Injury,White,Male,Passenger Car,No,No,Daylight,Urban (>70% Developed),5 lanes,2,Straight - Level,US Route,Dry,"Two-Way, Not Divided",None,No Special Feature,Smooth Asphalt,Coastal,Urban,40 - 45  MPH,No Control Present,Clear,No,"34.19537, -77.9367"
203,204,Yes,40-49,41,No,With Traffic,C: Possible Injury,Travel Lane,White,Male,None - Rural Crash,Lee,No,,2011-05-09,Motorist Overtaking Bicyclist,16,Non-Intersection,01-05-01,0001-01-01T11:28:58-04:56,Motorist Overtaking - Undetected Bicyclist,311231,2011,C: Possible Injury,"Farms, Woods, Pastures",70,,No,36-40 mph,O: No Injury,White,Male,Passenger Car,No,No,Daylight,Mixed (30% To 70% Developed),2 lanes,2,Straight - Level,State Secondary Route,Dry,"Two-Way, Not Divided",None,No Special Feature,Smooth Asphalt,Piedmont,Rural,50 - 55  MPH,No Control Present,Clear,No,"35.44503, -79.1638"
675,676,No,20-24,21,No,With Traffic,C: Possible Injury,Sidewalk / Crosswalk / Driveway Crossing,Asian,Female,Carrboro,Orange,No,01-01-04,2010-09-09,Bicyclist Left Turn / Merge,7,Intersection,01-09-01,0001-01-01T02:52:58-04:56,Bicyclist Left Turn - Opposite Direction,0,2010,C: Possible Injury,Commercial,40-49,47,No,6-10 mph,O: No Injury,Black,Female,Passenger Car,No,No,Daylight,Urban (>70% Developed),2 lanes,2,Curve - Grade,Local Street,Dry,"Two-Way, Not Divided",None,T-Intersection,Smooth Asphalt,Piedmont,Urban,20 - 25  MPH,Stop And Go Signal,Clear,No,"35.907063, -79.06389"
699,700,Yes,50-59,55,Yes,With Traffic,C: Possible Injury,Travel Lane,Black,Male,None - Rural Crash,New Hanover,Yes,,2010-09-20,Loss of Control / Turning Error,19,Non-Intersection,01-09-01,0001-01-01T14:39:58-04:56,Bicyclist Lost Control - Other /,0,2010,C: Possible Injury,Commercial,50-59,52,No,21-25 mph,O: No Injury,Black,Female,Passenger Car,No,No,Dark - Roadway Not Lighted,Urban (>70% Developed),8 lanes,2,Straight - Level,Local Street,Dry,"Two-Way, Divided, Positive Median Barrier",None,No Special Feature,Smooth Asphalt,Coastal,Rural,40 - 45  MPH,No Control Present,Clear,No,"34.19585, -77.906334"
701,702,Yes,25-29,27,No,With Traffic,C: Possible Injury,Sidewalk / Crosswalk / Driveway Crossing,Black,Male,Gastonia,Gaston,No,01-01-07,2010-09-19,Bicyclist Failed to Yield - Signalized Intersection,16,Intersection,01-09-01,0001-01-01T11:54:58-04:56,Bicyclist Ride Out - Signalized  Intersection,0,2010,C: Possible Injury,Commercial,50-59,52,No,0-5 mph,O: No Injury,White,Female,Passenger Car,No,No,Daylight,Urban (>70% Developed),5 lanes,2,Straight - Grade,US Route,Dry,"Two-Way, Not Divided",None,Four-Way Intersection,Smooth Asphalt,Piedmont,Urban,30 - 35  MPH,Stop And Go Signal,Clear,No,"35.23873, -81.194756"
706,707,Yes,60-69,61,No,With Traffic,O: No Injury,Travel Lane,White,Male,None - Rural Crash,Brunswick,No,01-01-07,2010-09-26,Bicyclist Left Turn / Merge,12,Non-Intersection,01-09-01,0001-01-01T07:12:58-04:56,Bicyclist Left Turn - Same Direction,0,2010,B: Evident Injury,"Farms, Woods, Pastures",40-49,40,No,31-35 mph,O: No Injury,White,Female,Passenger Car,No,No,Daylight,Rural (<30% Developed),2 lanes,2,Straight - Level,State Secondary Route,Wet,"Two-Way, Not Divided",None,"Driveway, Public",Smooth Asphalt,Coastal,Rural,50 - 55  MPH,No Control Present,Rain,No,"33.99479, -78.58056"
707,708,Yes,20-24,21,No,Facing Traffic,B: Evident Injury,Bike Lane / Paved Shoulder,Black,Male,Charlotte,Mecklenburg,No,01-01-06,2010-09-18,Crossing Paths - Other Circumstances,5,Intersection,01-09-01,0001-01-01T00:48:58-04:56,Signalized Intersection - Other /,0,2010,B: Evident Injury,Residential,20-24,23,No,26-30 mph,O: No Injury,Black,Female,Passenger Car,No,No,Dark - Roadway Not Lighted,Urban (>70% Developed),3 lanes,2,Straight - Level,Local Street,Dry,"One-Way, Not Divided",None,No Special Feature,Smooth Asphalt,Piedmont,Urban,30 - 35  MPH,Stop And Go Signal,Clear,No,"35.229065, -80.831375"
714,715,No,40-49,40,No,With Traffic,C: Possible Injury,Travel Lane,Black,Male,High Point,Guilford,No,01-01-04,2010-09-23,Bicyclist Overtaking Motorist,12,Non-Intersection,01-09-01,0001-01-01T08:00:58-04:56,Bicyclist Overtaking - Passing on Left,0,2010,C: Possible Injury,Commercial,30-39,35,No,,O: No Injury,White,Male,Police,No,No,Daylight,Urban (>70% Developed),5 lanes,2,Straight - Level,US Route,Dry,"Two-Way, Not Divided",None,"Driveway, Public",Smooth Asphalt,Piedmont,Urban,30 - 35  MPH,No Control Present,Clear,No,"35.97435, -80.01821"
715,716,Yes,50-59,52,No,With Traffic,C: Possible Injury,Travel Lane,Black,Male,Farmville,Pitt,No,01-01-05,2010-09-24,Motorist Overtaking Bicyclist,7,Non-Intersection,01-09-01,0001-01-01T02:18:58-04:56,Motorist Overtaking - Misjudged Space,0,2010,C: Possible Injury,"Farms, Woods, Pastures",60-69,63,No,36-40 mph,O: No Injury,White,Male,Pickup,No,No,Daylight,Mixed (30% To 70% Developed),2 lanes,2,Straight - Level,NC Route,Dry,"Two-Way, Not Divided",None,No Special Feature,Smooth Asphalt,Coastal,Rural,40 - 45  MPH,No Control Present,Clear,No,"35.58661, -77.606255"
717,718,Yes,50-59,54,No,With Traffic,B: Evident Injury,Travel Lane,White,Male,Chapel Hill,Orange,No,01-01-03,2010-09-22,Motorist Overtaking Bicyclist,5,Intersection,01-09-01,0001-01-01T00:47:58-04:56,Motorist Overtaking - Other /,0,2010,B: Evident Injury,Commercial,50-59,55,No,16-20 mph,O: No Injury,White,Male,Passenger Car,No,No,Dark - Roadway Not Lighted,Urban (>70% Developed),5 lanes,2,Straight - Hillcrest,Local Street,Dry,"Two-Way, Divided, Unprotected Median",None,T-Intersection,Coarse Asphalt,Piedmont,Urban,40 - 45  MPH,Stop And Go Signal,Clear,No,"35.969707, -79.07503"
718,719,Yes,10-Jun,10,No,With Traffic,C: Possible Injury,Travel Lane,White,Male,None - Rural Crash,Dare,No,01-01-03,2010-09-29,Bicyclist Left Turn / Merge,16,Non-Intersection,01-09-01,0001-01-01T11:25:58-04:56,Bicyclist Left Turn - Same Direction,0,2010,C: Possible Injury,Residential,60-69,65,No,31-35 mph,O: No Injury,White,Female,Sport Utility,No,No,Daylight,Mixed (30% To 70% Developed),2 lanes,2,Straight - Level,NC Route,Dry,"Two-Way, Not Divided",None,No Special Feature,Coarse Asphalt,Coastal,Rural,30 - 35  MPH,"Double Yellow Line, No Passing Zone",Cloudy,No,"35.97032, -75.636086"
721,722,Yes,15-Nov,15,No,Facing Traffic,C: Possible Injury,Sidewalk / Crosswalk / Driveway Crossing,White,Male,Concord,Cabarrus,No,01-01-02,2010-09-21,Crossing Paths - Other Circumstances,18,Intersection,01-09-01,0001-01-01T13:37:58-04:56,Sign-Controlled Intersection - Other /,0,2010,C: Possible Injury,Residential,70,,No,0-5 mph,O: No Injury,White,Female,Passenger Car,No,No,Daylight,Urban (>70% Developed),1 lane,2,Straight - Level,Local Street,Dry,"One-Way, Not Divided",None,No Special Feature,Coarse Asphalt,Piedmont,Urban,30 - 35  MPH,Stop Sign,Clear,No,"35.4157, -80.58694"
743,744,Yes,40-49,48,No,With Traffic,B: Evident Injury,Travel Lane,White,Male,None - Rural Crash,Henderson,No,01-01-07,2010-10-10,Motorist Left Turn / Merge,15,Intersection,01-10-01,0001-01-01T10:45:58-04:56,Motorist Left Turn - Opposite Direction,0,2010,B: Evident Injury,"Farms, Woods, Pastures",70,,No,0-5 mph,O: No Injury,White,Female,Passenger Car,No,No,Daylight,Rural (<30% Developed),2 lanes,2,Curve - Grade,State Secondary Route,Dry,"Two-Way, Not Divided",None,T-Intersection,Coarse Asphalt,Mountains,Rural,30 - 35  MPH,"Double Yellow Line, No Passing Zone",Clear,No,"35.340958, -82.53002"
755,756,Yes,20-24,20,No,Facing Traffic,O: No Injury,Bike Lane / Paved Shoulder,White,Male,Kitty Hawk,Dare,No,01-01-02,2010-09-21,Motorist Failed to Yield - Sign-Controlled Intersection,15,Intersection,01-09-01,0001-01-01T10:07:58-04:56,Motorist Drive Out - Sign-Controlled Intersection,0,2010,O: No Injury,Commercial,0-19,16,No,0-5 mph,O: No Injury,White,Male,Sport Utility,No,No,Daylight,Urban (>70% Developed),5 lanes,2,Straight - Level,US Route,Dry,"Two-Way, Not Divided",None,T-Intersection,Coarse Asphalt,Coastal,Rural,20 - 25  MPH,Stop Sign,Clear,No,"36.060024, -75.689224"
757,758,Yes,50-59,53,No,With Traffic,B: Evident Injury,Travel Lane,Black,Male,Wilmington,New Hanover,No,,2010-10-04,Motorist Overtaking Bicyclist,21,Non-Intersection,01-10-01,0001-01-01T16:50:58-04:56,Motorist Overtaking - Undetected Bicyclist,0,2010,B: Evident Injury,Commercial,20-24,22,No,21-25 mph,O: No Injury,White,Female,Sport Utility,No,No,Dark - Roadway Not Lighted,Urban (>70% Developed),2 lanes,2,Straight - Level,Local Street,Dry,"Two-Way, Not Divided",None,No Special Feature,Coarse Asphalt,Coastal,Urban,30 - 35  MPH,No Control Present,Clear,No,"34.243687, -77.862274"
762,763,Yes,50-59,50,No,With Traffic,A: Disabling Injury,Travel Lane,White,Male,Lenoir,Caldwell,No,,2010-10-11,Motorist Left Turn / Merge,9,Intersection,01-10-01,0001-01-01T04:10:58-04:56,Motorist Left Turn - Opposite Direction,0,2010,A: Disabling Injury,Commercial,70,,No,6-10 mph,O: No Injury,White,Male,Sport Utility,No,No,Daylight,Urban (>70% Developed),2 lanes,2,Straight - Grade,US Route,Dry,"Two-Way, Not Divided",None,No Special Feature,Smooth Asphalt,Mountains,Urban,30 - 35  MPH,No Control Present,Clear,No,"35.905914, -81.52867"
174,175,Yes,30-39,34,No,Facing Traffic,B: Evident Injury,Bike Lane / Paved Shoulder,Hispanic,Male,None - Rural Crash,Wake,No,01-01-04,2010-04-22,Motorist Failed to Yield - Signalized Intersection,14,Intersection,01-04-01,0001-01-01T09:21:58-04:56,Motorist Drive Out - Signalized Intersection,0,2010,B: Evident Injury,Commercial,40-49,42,No,0-5 mph,O: No Injury,White,Male,Passenger Car,No,No,Daylight,Urban (>70% Developed),8 lanes,2,Straight - Level,US Route,Dry,"Two-Way, Divided, Unprotected Median",None,T-Intersection,Smooth Asphalt,Piedmont,Rural,40 - 45  MPH,Stop And Go Signal,Clear,No,"35.877384, -78.57469"
180,181,Yes,40-49,44,No,With Traffic,C: Possible Injury,Travel Lane,Hispanic,Male,Whiteville,Columbus,No,01-01-07,2010-04-18,Loss of Control / Turning Error,20,Intersection,01-04-01,0001-01-01T15:22:58-04:56,Bicyclist Turning Error - Right Turn,0,2010,C: Possible Injury,Residential,60-69,63,No,0-5 mph,O: No Injury,White,Male,Pickup,No,No,Dark - Lighted Roadway,Urban (>70% Developed),4 lanes,2,Straight - Level,Local Street,Dry,"Two-Way, Not Divided",None,Four-Way Intersection,Coarse Asphalt,Coastal,Urban,30 - 35  MPH,Stop And Go Signal,Clear,No,"34.33894, -78.70591"
185,186,No,20-24,21,No,Not Applicable,B: Evident Injury,Sidewalk / Crosswalk / Driveway Crossing,White,Male,Charlotte,Mecklenburg,No,01-01-03,2010-04-21,Bicyclist Failed to Yield - Sign-Controlled Intersection,20,Intersection,01-04-01,0001-01-01T15:36:58-04:56,Bicyclist Ride Through - Sign-Controlled Intersection,0,2010,B: Evident Injury,Commercial,0-19,18,No,41-45 mph,O: No Injury,White,Female,Passenger Car,No,No,Dark - Lighted Roadway,Mixed (30% To 70% Developed),7 lanes,2,Straight - Level,Local Street,Dry,"Two-Way, Divided, Unprotected Median",None,No Special Feature,Smooth Asphalt,Piedmont,Urban,40 - 45  MPH,Stop And Go Signal,Clear,No,"35.302452, -80.729"
194,195,No,30-39,37,No,With Traffic,B: Evident Injury,Travel Lane,White,Male,Charlotte,Mecklenburg,No,01-01-07,2010-04-25,Motorist Failed to Yield - Signalized Intersection,14,Intersection,01-04-01,0001-01-01T09:53:58-04:56,Motorist Drive Out - Signalized Intersection,0,2010,B: Evident Injury,Commercial,70,,No,6-10 mph,O: No Injury,White,Male,Pickup,No,No,Daylight,Mixed (30% To 70% Developed),2 lanes,2,Straight - Level,Local Street,Dry,"Two-Way, Not Divided",None,T-Intersection,Smooth Asphalt,Piedmont,Urban,40 - 45  MPH,Stop Sign,Clear,No,"35.226692, -80.9699"
195,196,No,20-24,23,No,With Traffic,B: Evident Injury,Travel Lane,White,Male,None - Rural Crash,Catawba,No,01-01-02,2010-05-04,Motorist Overtaking Bicyclist,7,Non-Intersection,01-05-01,0001-01-01T02:12:58-04:56,Motorist Overtaking - Bicyclist Swerved,0,2010,B: Evident Injury,Residential,40-49,42,No,16-20 mph,O: No Injury,White,Female,Passenger Car,No,No,Daylight,Mixed (30% To 70% Developed),2 lanes,2,Straight - Level,State Secondary Route,Dry,"Two-Way, Not Divided",None,No Special Feature,Smooth Asphalt,Piedmont,Rural,40 - 45  MPH,"Double Yellow Line, No Passing Zone",Clear,No,"35.673836, -81.11265"