FID,OBJECTID,AmbulanceR,BikeAge_Gr,Bike_Age,Bike_Alc_D,Bike_Dir,Bike_Injur,Bike_Pos,Bike_Race,Bike_Sex,City,County,CrashAlcoh,CrashDay,Crash_Date,Crash_Grp,Crash_Hour,Crash_Loc,Crash_Mont,Crash_Time,Crash_Type,Crash_Ty_1,Crash_Year,Crsh_Sevri,Developmen,DrvrAge_Gr,Drvr_Age,Drvr_Alc_D,Drvr_EstSp,Drvr_Injur,Drvr_Race,Drvr_Sex,Drvr_VehTy,ExcsSpdInd,Hit_Run,Light_Cond,Locality,Num_Lanes,Num_Units,Rd_Charact,Rd_Class,Rd_Conditi,Rd_Config,Rd_Defects,Rd_Feature,Rd_Surface,Region,Rural_Urba,Speed_Limi,Traff_Cntr,Weather,Workzone_I,Location
420,421,Yes,50-59,54,No,Facing Traffic,C: Possible Injury,Sidewalk / Crosswalk / Driveway Crossing,White,Male,Charlotte,Mecklenburg,No,01-01-03,2012-06-27,Motorist Failed to Yield - Midblock,20,Non-Intersection,01-06-01,0001-01-01T15:26:58-04:56,Motorist Drive Out - Commercial Driveway / Alley,,2012,C: Possible Injury,Residential,25-29,29,No,11-15 mph,O: No Injury,Black,Male,Passenger Car,No,No,Dusk,Urban (>70% Developed),2 lanes,2,Straight - Hillcrest,Public Vehicular Area,Dry,"Two-Way, Not Divided",None,No Special Feature,Smooth Asphalt,Piedmont,Urban,5 - 15 MPH,Stop Sign,Clear,No,"35.20857, -80.7577"
423,424,Yes,15-Nov,11,No,With Traffic,A: Disabling Injury,Travel Lane,Black,Male,Fayetteville,Cumberland,No,01-01-04,2012-06-21,Bicyclist Failed to Yield - Sign-Controlled Intersection,14,Intersection,01-06-01,0001-01-01T09:25:58-04:56,Bicyclist Ride Through - Sign-Controlled Intersection,,2012,A: Disabling Injury,Residential,60-69,60,No,21-25 mph,O: No Injury,Black,Female,Passenger Car,No,No,Daylight,Urban (>70% Developed),2 lanes,2,Straight - Level,Local Street,Dry,"Two-Way, Not Divided",None,T-Intersection,Coarse Asphalt,Coastal,Urban,20 - 25  MPH,Stop Sign,Clear,No,"35.09342, -78.9246"
426,427,Yes,30-39,33,No,With Traffic,B: Evident Injury,Travel Lane,Hispanic,Male,Newport,Carteret,No,01-01-07,2012-06-24,Motorist Overtaking Bicyclist,23,Non-Intersection,01-06-01,0001-01-01T18:14:58-04:56,Motorist Overtaking - Other /,,2012,B: Evident Injury,Residential,,,Missing,,Injury,/Missing,,,No,Yes,Dark - Roadway Not Lighted,Mixed (30% To 70% Developed),5 lanes,2,Straight - Level,NC Route,Dry,"Two-Way, Not Divided",None,Bridge Approach,Smooth Asphalt,Coastal,Rural,50 - 55  MPH,No Control Present,Clear,No,"34.72906, -76.8997"
428,429,No,20-24,21,No,With Traffic,O: No Injury,Travel Lane,White,Male,Sunset Beach,Brunswick,No,01-01-06,2012-06-23,Motorist Overtaking Bicyclist,23,Non-Intersection,01-06-01,0001-01-01T18:31:58-04:56,Motorist Overtaking - Other /,,2012,O: No Injury,Residential,30-39,30,No,41-45 mph,O: No Injury,White,Female,Passenger Car,No,No,Dark - Roadway Not Lighted,Mixed (30% To 70% Developed),2 lanes,2,Curve - Grade,Local Street,Dry,"Two-Way, Not Divided",None,No Special Feature,Coarse Asphalt,Coastal,Rural,40 - 45  MPH,No Control Present,Clear,No,"33.89194, -78.505"
433,434,Yes,20-24,20,No,Facing Traffic,B: Evident Injury,Travel Lane,White,Male,None - Rural Crash,Wilson,No,01-01-04,2012-06-28,Head-On,5,Non-Intersection,01-06-01,0001-01-01T00:31:58-04:56,Head-On - Bicyclist,,2012,B: Evident Injury,Residential,50-59,53,No,36-40 mph,O: No Injury,White,Male,Van,No,No,Dark - Roadway Not Lighted,Urban (>70% Developed),2 lanes,2,Straight - Level,US Route,Dry,"Two-Way, Not Divided",None,No Special Feature,Coarse Asphalt,Coastal,Rural,40 - 45  MPH,No Control Present,Clear,No,"35.66194, -77.7871"
438,439,Yes,40-49,49,No,With Traffic,K: Killed,Travel Lane,White,Male,Raleigh,Wake,No,01-01-03,2012-07-04,Motorist Overtaking Bicyclist,14,Non-Intersection,01-07-01,0001-01-01T09:18:58-04:56,Motorist Overtaking - Misjudged Space,,2012,K: Killed,Commercial,25-29,28,No,31-35 mph,O: No Injury,White,Male,Tractor/Semi-Trailer,No,No,Daylight,Urban (>70% Developed),6 lanes,2,Curve - Grade,NC Route,Dry,"Two-Way, Divided, Unprotected Median",None,No Special Feature,Smooth Asphalt,Piedmont,Urban,50 - 55  MPH,No Control Present,Clear,No,"35.8763, -78.5398"
442,443,No,0-5,5,No,With Traffic,C: Possible Injury,Travel Lane,Black,Female,Rocky Mount,Edgecombe,No,01-01-07,2012-06-17,Bicyclist Failed to Yield - Sign-Controlled Intersection,18,Intersection-Related,01-06-01,0001-01-01T14:00:58-04:56,Bicyclist Ride Through - Sign-Controlled Intersection,,2012,C: Possible Injury,Residential,20-24,22,No,16-20 mph,O: No Injury,Black,Female,Passenger Car,No,No,Daylight,Urban (>70% Developed),2 lanes,2,Straight - Level,Local Street,Dry,"Two-Way, Not Divided",None,Four-Way Intersection,Coarse Asphalt,Coastal,Urban,30 - 35  MPH,Stop Sign,Clear,No,"35.92692, -77.7896"
452,453,Yes,20-24,22,No,With Traffic,C: Possible Injury,Travel Lane,White,Male,Wilmington,New Hanover,No,01-01-07,2012-06-10,Motorist Failed to Yield - Sign-Controlled Intersection,17,Intersection,01-06-01,0001-01-01T12:11:58-04:56,Motorist Drive Out - Sign-Controlled Intersection,,2012,C: Possible Injury,Residential,0-19,19,No,11-15 mph,O: No Injury,White,Male,Passenger Car,No,No,Daylight,Urban (>70% Developed),4 lanes,2,Straight - Level,Local Street,Dry,"Two-Way, Not Divided",None,Four-Way Intersection,Smooth Asphalt,Coastal,Urban,20 - 25  MPH,Stop Sign,Clear,No,"34.22996, -77.871"
461,462,Yes,15-Nov,11,No,Not Applicable,B: Evident Injury,Non-Roadway,Black,Male,Gastonia,Gaston,No,01-01-07,2012-06-10,Bicyclist Failed to Yield - Signalized Intersection,14,Intersection,01-06-01,0001-01-01T09:59:58-04:56,Bicyclist Ride Out - Signalized  Intersection,,2012,B: Evident Injury,Residential,25-29,27,No,31-35 mph,C: Possible Injury,Black,Female,Passenger Car,No,No,Daylight,Rural (<30% Developed),3 lanes,2,Straight - Grade,NC Route,Dry,"Two-Way, Not Divided",None,Four-Way Intersection,Smooth Asphalt,Piedmont,Urban,30 - 35  MPH,Stop And Go Signal,Clear,No,"35.26343, -81.1998"
465,466,Yes,50-59,51,No,With Traffic,B: Evident Injury,Travel Lane,White,Male,None - Rural Crash,Wilson,No,,2012-07-16,Motorist Overtaking Bicyclist,8,Non-Intersection,01-07-01,0001-01-01T03:46:58-04:56,Motorist Overtaking - Misjudged Space,,2012,B: Evident Injury,"Farms, Woods, Pastures",60-69,64,No,51-55 mph,O: No Injury,Black,Male,Pickup,No,No,Daylight,Rural (<30% Developed),2 lanes,2,Straight - Level,State Secondary Route,Dry,"Two-Way, Not Divided",None,No Special Feature,Coarse Asphalt,Coastal,Rural,50 - 55  MPH,No Control Present,Cloudy,No,"35.66792, -77.9153"
466,467,Yes,20-24,23,No,With Traffic,C: Possible Injury,Travel Lane,White,Male,Mount Holly,Gaston,No,01-01-04,2012-06-28,Motorist Right Turn / Merge,11,Intersection,01-06-01,0001-01-01T06:19:58-04:56,Motorist Right Turn - Same Direction,,2012,C: Possible Injury,Residential,30-39,35,No,,O: No Injury,Hispanic,Male,Pickup,No,No,Daylight,Urban (>70% Developed),4 lanes,2,Straight - Level,NC Route,Dry,"Two-Way, Not Divided",Work Zone,Four-Way Intersection,Smooth Asphalt,Piedmont,Urban,30 - 35  MPH,Stop And Go Signal,Clear,No,"35.29715, -81.0127"
471,472,No,40-49,47,No,Not Applicable,C: Possible Injury,Non-Roadway,White,Male,Kernersville,Forsyth,No,01-01-07,2012-07-08,Non-Roadway,12,Non-Roadway,01-07-01,0001-01-01T08:02:58-04:56,Non-Roadway,,2012,C: Possible Injury,Residential,60-69,62,No,0-5 mph,O: No Injury,White,Female,Van,No,No,Daylight,Urban (>70% Developed),,2,Curve - Level,Public Vehicular Area,Dry,"Two-Way, Not Divided",None,"Driveway, Public",Coarse Asphalt,Piedmont,Urban,5 - 15 MPH,No Control Present,Clear,No,"36.11846, -80.0859"
473,474,No,40-49,46,No,With Traffic,B: Evident Injury,Travel Lane,White,Male,Kings Mountain,Cleveland,No,01-01-07,2012-06-10,Motorist Overtaking Bicyclist,9,Non-Intersection,01-06-01,0001-01-01T04:27:58-04:56,Motorist Overtaking - Other /,,2012,B: Evident Injury,Residential,70,70,No,16-20 mph,O: No Injury,White,Female,Passenger Car,No,No,Daylight,Urban (>70% Developed),2 lanes,2,Straight - Grade,Local Street,Dry,"Two-Way, Not Divided",None,Y-Intersection,Smooth Asphalt,Mountains,Urban,20 - 25  MPH,Stop Sign,Clear,No,"35.2523, -81.3347"
477,478,Yes,10-Jun,10,No,,B: Evident Injury,Non-Roadway,Native American,Female,None - Rural Crash,Hoke,No,01-01-02,2012-07-17,Motorist Failed to Yield - Sign-Controlled Intersection,15,Intersection-Related,01-07-01,0001-01-01T10:35:58-04:56,Motorist Drive Out - Sign-Controlled Intersection,,2012,B: Evident Injury,Commercial,0-19,18,No,16-20 mph,O: No Injury,Hispanic,Male,Pickup,No,No,Daylight,Mixed (30% To 70% Developed),2 lanes,2,Straight - Grade,State Secondary Route,Dry,"Two-Way, Not Divided",None,No Special Feature,Coarse Asphalt,Coastal,Rural,40 - 45  MPH,"Double Yellow Line, No Passing Zone",Clear,No,"35.04901, -79.4349"
483,484,No,20-24,20,No,Facing Traffic,C: Possible Injury,Sidewalk / Crosswalk / Driveway Crossing,White,Male,Gastonia,Gaston,No,01-01-02,2012-07-10,Motorist Failed to Yield - Midblock,14,Non-Intersection,01-07-01,0001-01-01T09:08:58-04:56,Motorist Drive Out - Commercial Driveway / Alley,,2012,C: Possible Injury,Commercial,,,Missing,6-10 mph,Injury,/Missing,,,No,Yes,Daylight,Urban (>70% Developed),,2,Straight - Grade,Public Vehicular Area,Dry,"Two-Way, Not Divided",None,"Driveway, Public",Concrete,Piedmont,Urban,,Stop Sign,Clear,No,"35.26012, -81.1295"
486,487,Yes,40-49,44,Yes,With Traffic,B: Evident Injury,Travel Lane,White,Male,Tobaccoville,Forsyth,Yes,,2012-07-23,Motorist Overtaking Bicyclist,20,Intersection-Related,01-07-01,0001-01-01T15:07:58-04:56,Motorist Overtaking - Bicyclist Swerved,,2012,B: Evident Injury,"Farms, Woods, Pastures",25-29,29,No,41-45 mph,O: No Injury,Black,Male,Pickup,No,No,Dusk,Rural (<30% Developed),2 lanes,2,Curve - Level,State Secondary Route,Dry,"Two-Way, Not Divided",None,No Special Feature,Coarse Asphalt,Piedmont,Rural,40 - 45  MPH,"Double Yellow Line, No Passing Zone",Clear,No,"36.23396, -80.3805"
487,488,No,30-39,36,No,Not Applicable,C: Possible Injury,,Black,Male,Henderson,Vance,No,,2012-06-18,Bicyclist Failed to Yield - Midblock,17,Non-Intersection,01-06-01,0001-01-01T12:12:58-04:56,Bicyclist Ride Out - Other Midblock,,2012,C: Possible Injury,Commercial,20-24,23,No,26-30 mph,O: No Injury,Black,Male,Passenger Car,No,No,Daylight,Urban (>70% Developed),4 lanes,2,Straight - Level,Local Street,Dry,"Two-Way, Not Divided",None,No Special Feature,Coarse Asphalt,Piedmont,Urban,30 - 35  MPH,No Control Present,Clear,No,"36.33259, -78.4022"
488,489,Yes,30-39,32,No,With Traffic,B: Evident Injury,Travel Lane,Black,Male,Greenville,Pitt,No,,2012-07-23,Crossing Paths - Other Circumstances,22,Intersection,01-07-01,0001-01-01T17:24:58-04:56,Signalized Intersection - Other /,,2012,B: Evident Injury,Commercial,25-29,25,No,41-45 mph,O: No Injury,Black,Male,Passenger Car,No,No,Dark - Lighted Roadway,Urban (>70% Developed),5 lanes,2,Straight - Level,US Route,Wet,"Two-Way, Not Divided",None,No Special Feature,Coarse Asphalt,Coastal,Urban,40 - 45  MPH,Stop And Go Signal,Cloudy,No,"35.58581, -77.3706"
499,500,Yes,10-Jun,7,No,Not Applicable,C: Possible Injury,Non-Roadway,Black,Female,Greenville,Pitt,No,01-01-05,2012-07-20,Non-Roadway,20,Non-Roadway,01-07-01,0001-01-01T15:52:58-04:56,Non-Roadway,,2012,C: Possible Injury,Residential,,,Missing,0-5 mph,Injury,/Missing,,Passenger Car,No,Yes,Dusk,Urban (>70% Developed),,2,Curve - Level,Public Vehicular Area,Wet,"Two-Way, Not Divided",None,No Special Feature,Coarse Asphalt,Coastal,Urban,5 - 15 MPH,No Control Present,Rain,No,"35.55517, -77.4144"
501,502,No,15-Nov,15,No,,C: Possible Injury,,/Missing,Male,Charlotte,Mecklenburg,No,01-01-04,2012-07-19,Bicyclist Failed to Yield - Midblock,14,Non-Intersection,01-07-01,0001-01-01T09:37:58-04:56,Bicyclist Ride Out - Other Midblock,,2012,C: Possible Injury,Commercial,,,Missing,41-45 mph,Injury,/Missing,,Pickup,No,Yes,Daylight,Urban (>70% Developed),4 lanes,2,Straight - Level,Local Street,Dry,"Two-Way, Not Divided",None,No Special Feature,Smooth Asphalt,Piedmont,Urban,40 - 45  MPH,No Control Present,Clear,No,"35.22796, -80.7268"
508,509,Yes,16-19,16,No,Facing Traffic,B: Evident Injury,Travel Lane,White,Male,Jacksonville,Onslow,No,01-01-07,2012-07-01,Bicyclist Failed to Yield - Signalized Intersection,15,Intersection,01-07-01,0001-01-01T10:57:58-04:56,Bicyclist Ride Out - Signalized  Intersection,,2012,B: Evident Injury,Commercial,40-49,48,No,16-20 mph,O: No Injury,Black,Male,Pickup,No,No,Daylight,Urban (>70% Developed),5 lanes,2,Straight - Level,Local Street,Dry,"Two-Way, Not Divided",None,Four-Way Intersection,Smooth Asphalt,Coastal,Urban,40 - 45  MPH,Stop And Go Signal,Clear,No,"34.79647, -77.4378"
511,512,Yes,50-59,50,No,Facing Traffic,C: Possible Injury,Travel Lane,White,Male,Salisbury,Rowan,No,01-01-07,2012-07-29,Motorist Failed to Yield - Sign-Controlled Intersection,12,Intersection,01-07-01,0001-01-01T07:47:58-04:56,Motorist Drive Out - Sign-Controlled Intersection,,2012,C: Possible Injury,Commercial,40-49,48,No,0-5 mph,O: No Injury,White,Male,Van,No,No,Daylight,Urban (>70% Developed),2 lanes,2,Straight - Level,Public Vehicular Area,Dry,"Two-Way, Not Divided",None,"Driveway, Public",Smooth Asphalt,Piedmont,Urban,30 - 35  MPH,No Control Present,Clear,No,"35.6589, -80.461"
525,526,Yes,40-49,41,No,With Traffic,B: Evident Injury,Travel Lane,White,Male,Winston-Salem,Forsyth,No,01-01-05,2012-07-27,Motorist Left Turn / Merge,9,Intersection,01-07-01,0001-01-01T04:47:58-04:56,Motorist Left Turn - Opposite Direction,,2012,B: Evident Injury,Commercial,70,70,No,,O: No Injury,White,Female,Passenger Car,No,No,Daylight,Urban (>70% Developed),5 lanes,2,Straight - Grade,Local Street,Dry,"Two-Way, Not Divided",None,T-Intersection,Smooth Asphalt,Piedmont,Urban,50 - 55  MPH,No Control Present,Cloudy,No,"36.03285, -80.3371"
527,528,Yes,40-49,44,No,With Traffic,B: Evident Injury,Travel Lane,White,Female,Stanfield,Stanly,No,01-01-04,2012-07-26,Bicyclist Left Turn / Merge,3,Intersection,01-07-01,0000-12-31T22:07:58-04:56,Bicyclist Left Turn - Same Direction,,2012,B: Evident Injury,Commercial,,,Missing,36-40 mph,Injury,/Missing,,,No,Yes,Daylight,Mixed (30% To 70% Developed),2 lanes,2,Straight - Hillcrest,State Secondary Route,Dry,"Two-Way, Not Divided",None,T-Intersection,Smooth Asphalt,Piedmont,Rural,40 - 45  MPH,Stop Sign,Clear,No,"35.23404, -80.4505"
530,531,No,30-39,36,No,With Traffic,C: Possible Injury,Travel Lane,White,Female,None - Rural Crash,Bladen,No,01-01-05,2012-08-03,Loss of Control / Turning Error,21,Intersection,01-08-01,0001-01-01T16:21:58-04:56,Motorist Turning Error - Left Turn,,2012,C: Possible Injury,"Farms, Woods, Pastures",0-19,17,No,21-25 mph,O: No Injury,White,Male,Passenger Car,No,No,Dark - Roadway Not Lighted,Rural (<30% Developed),2 lanes,2,Straight - Level,State Secondary Route,Dry,"Two-Way, Not Divided",None,T-Intersection,Smooth Asphalt,Coastal,Rural,50 - 55  MPH,Stop Sign,Clear,No,"34.64101, -78.7926"
533,534,Yes,40-49,40,No,With Traffic,C: Possible Injury,Travel Lane,White,Male,Garner,Wake,No,01-01-02,2012-05-01,Motorist Right Turn / Merge,8,Non-Intersection,01-05-01,0001-01-01T03:55:58-04:56,Motorist Right Turn - Same Direction,,2012,C: Possible Injury,Residential,50-59,55,No,6-10 mph,O: No Injury,White,Female,Passenger Car,No,No,Daylight,Urban (>70% Developed),2 lanes,2,Straight - Level,Local Street,Dry,"Two-Way, Not Divided",None,No Special Feature,Smooth Asphalt,Piedmont,Urban,30 - 35  MPH,No Control Present,Cloudy,No,"35.71675, -78.6238"
549,550,Yes,20-24,23,No,Facing Traffic,C: Possible Injury,Sidewalk / Crosswalk / Driveway Crossing,White,Male,Greenville,Pitt,No,01-01-05,2012-08-10,Motorist Failed to Yield - Midblock,16,Non-Intersection,01-08-01,0001-01-01T11:07:58-04:56,Motorist Drive Out - Commercial Driveway / Alley,,2012,C: Possible Injury,Commercial,25-29,27,No,0-5 mph,O: No Injury,White,Male,Passenger Car,No,No,Daylight,Urban (>70% Developed),,2,Straight - Level,Public Vehicular Area,Dry,"Two-Way, Not Divided",None,"Driveway, Public",Smooth Asphalt,Coastal,Urban,5 - 15 MPH,No Control Present,Cloudy,No,"35.5912, -77.3787"
552,553,Yes,40-49,46,No,Not Applicable,K: Killed,Non-Roadway,White,Male,None - Rural Crash,Onslow,No,01-01-04,2012-08-09,Bicyclist Failed to Yield - Midblock,18,Non-Intersection,01-08-01,0001-01-01T13:32:58-04:56,Bicyclist Ride Out - Commercial Driveway / Alley,,2012,K: Killed,Commercial,30-39,39,No,31-35 mph,O: No Injury,White,Female,Pickup,No,No,Daylight,Urban (>70% Developed),3 lanes,2,Straight - Level,State Secondary Route,Dry,"Two-Way, Not Divided",None,"Driveway, Public",Smooth Asphalt,Coastal,Rural,40 - 45  MPH,Stop Sign,Clear,No,"34.71831, -77.3203"
559,560,Yes,50-59,52,No,With Traffic,B: Evident Injury,Travel Lane,White,Male,None - Rural Crash,Iredell,No,,2012-08-13,Motorist Overtaking Bicyclist,12,Non-Intersection,01-08-01,0001-01-01T07:27:58-04:56,Motorist Overtaking - Other /,,2012,B: Evident Injury,Residential,20-24,23,No,31-35 mph,O: No Injury,White,Male,Pickup,No,No,Daylight,Urban (>70% Developed),2 lanes,2,Straight - Level,State Secondary Route,Dry,"Two-Way, Not Divided",None,No Special Feature,Smooth Asphalt,Piedmont,Rural,40 - 45  MPH,No Control Present,Clear,No,"35.55584, -80.9231"
562,563,Yes,50-59,56,No,With Traffic,B: Evident Injury,Travel Lane,White,Male,Winston-Salem,Forsyth,No,01-01-06,2012-07-28,Motorist Left Turn / Merge,7,Intersection,01-07-01,0001-01-01T02:23:58-04:56,Motorist Left Turn - Opposite Direction,,2012,B: Evident Injury,Residential,60-69,64,No,11-15 mph,O: No Injury,Black,Male,Sport Utility,No,No,Daylight,Mixed (30% To 70% Developed),2 lanes,2,Straight - Level,Local Street,Dry,"Two-Way, Divided, Unprotected Median",None,T-Intersection,Smooth Asphalt,Piedmont,Urban,40 - 45  MPH,Stop And Go Signal,Clear,No,"36.1231, -80.3314"
565,566,No,10-Jun,9,No,Not Applicable,O: No Injury,Non-Roadway,White,Female,None - Rural Crash,Onslow,No,,2012-08-13,Non-Roadway,22,Non-Roadway,01-08-01,0001-01-01T17:52:58-04:56,Non-Roadway,,2012,O: No Injury,Commercial,,,Missing,0-5 mph,Injury,/Missing,,Passenger Car,No,No,Daylight,Urban (>70% Developed),,2,Straight - Level,Public Vehicular Area,Dry,"Two-Way, Not Divided",None,"Driveway, Public",Smooth Asphalt,Coastal,Rural,5 - 15 MPH,No Control Present,Clear,No,"34.67785, -77.2106"
566,567,No,25-29,25,No,Facing Traffic,C: Possible Injury,Sidewalk / Crosswalk / Driveway Crossing,Black,Male,Havelock,Craven,No,01-01-07,2012-07-01,Motorist Failed to Yield - Midblock,13,Non-Intersection,01-07-01,0001-01-01T08:38:58-04:56,Motorist Drive Out - Commercial Driveway / Alley,,2012,C: Possible Injury,Commercial,40-49,42,No,6-10 mph,O: No Injury,White,Male,Passenger Car,No,No,Daylight,Urban (>70% Developed),4 lanes,2,Straight - Level,US Route,Dry,"Two-Way, Divided, Unprotected Median",None,"Driveway, Public",Smooth Asphalt,Coastal,Urban,,No Control Present,Clear,No,"34.87639, -76.9037"
577,578,No,,0,No,Facing Traffic,O: No Injury,Travel Lane,Black,Male,Greenville,Pitt,No,,2012-07-16,Motorist Failed to Yield - Sign-Controlled Intersection,22,Intersection-Related,01-07-01,0001-01-01T17:03:58-04:56,Motorist Drive Out - Sign-Controlled Intersection,,2012,O: No Injury,Institutional,70,70,No,6-10 mph,O: No Injury,Asian,Male,Commercial Bus,No,No,Dark - Roadway Not Lighted,Urban (>70% Developed),2 lanes,2,Straight - Level,Local Street,Dry,"Two-Way, Divided, Unprotected Median",None,T-Intersection,Smooth Asphalt,Coastal,Urban,40 - 45  MPH,Stop Sign,Clear,No,"35.61147, -77.4147"
70,71,Yes,25-29,28,No,With Traffic,B: Evident Injury,Travel Lane,White,Male,Chapel Hill,Orange,No,01-01-05,2010-03-05,Motorist Left Turn / Merge,18,Intersection,01-03-01,0001-01-01T13:35:58-04:56,Motorist Left Turn - Opposite Direction,0,2010,B: Evident Injury,Residential,25-29,26,No,16-20 mph,O: No Injury,Black,Female,Passenger Car,No,No,Daylight,Urban (>70% Developed),5 lanes,2,Curve - Grade,Local Street,Dry,"Two-Way, Not Divided",None,Four-Way Intersection,Smooth Asphalt,Piedmont,Urban,30 - 35  MPH,Yield Sign,Clear,No,"35.915253, -79.0568"
72,73,No,30-39,34,No,With Traffic,C: Possible Injury,Travel Lane,White,Female,Cary,Wake,No,01-01-04,2010-03-18,Motorist Failed to Yield - Midblock,21,Non-Intersection,01-03-01,0001-01-01T16:44:58-04:56,Motorist Drive Out - Commercial Driveway / Alley,0,2010,C: Possible Injury,Commercial,,,Missing,0-5 mph,Injury,/Missing,,Passenger Car,No,Yes,Dark - Lighted Roadway,Urban (>70% Developed),2 lanes,2,Straight - Level,State Secondary Route,Dry,"Two-Way, Not Divided",None,No Special Feature,Smooth Asphalt,Piedmont,Urban,40 - 45  MPH,No Control Present,Clear,No,"35.791103, -78.757805"
80,81,Yes,16-19,19,No,With Traffic,C: Possible Injury,Travel Lane,Black,Male,Charlotte,Mecklenburg,No,01-01-03,2010-03-03,Motorist Failed to Yield - Midblock,16,Non-Intersection,01-03-01,0001-01-01T11:43:58-04:56,Motorist Drive Out - Other Midblock,0,2010,C: Possible Injury,Commercial,,,Missing,6-10 mph,Injury,/Missing,,,No,Yes,Daylight,Urban (>70% Developed),4 lanes,2,Straight - Level,Local Street,Dry,"Two-Way, Divided, Positive Median Barrier",None,No Special Feature,Smooth Asphalt,Piedmont,Urban,20 - 25  MPH,No Control Present,Clear,No,"35.23094, -80.72944"
83,84,Yes,30-39,34,No,With Traffic,K: Killed,Travel Lane,White,Male,Goldsboro,Wayne,No,01-01-04,2010-03-04,Motorist Overtaking Bicyclist,19,Non-Intersection,01-03-01,0001-01-01T14:26:58-04:56,Motorist Overtaking - Undetected Bicyclist,0,2010,K: Killed,Commercial,70,,No,31-35 mph,O: No Injury,Black,Male,Pickup,No,No,Dark - Roadway Not Lighted,Urban (>70% Developed),2 lanes,2,Straight - Level,Local Street,Dry,"Two-Way, Not Divided",None,No Special Feature,Smooth Asphalt,Coastal,Urban,40 - 45  MPH,No Control Present,Clear,No,"35.402683, -77.9716"
96,97,Yes,10-Jun,7,No,With Traffic,B: Evident Injury,Travel Lane,Black,Male,None - Rural Crash,Orange,No,01-01-02,2010-03-30,Motorist Overtaking Bicyclist,17,Non-Intersection,01-03-01,0001-01-01T12:20:58-04:56,Motorist Overtaking - Misjudged Space,0,2010,B: Evident Injury,Residential,30-39,35,No,41-45 mph,O: No Injury,Hispanic,Female,Pickup,No,No,Daylight,Rural (<30% Developed),2 lanes,2,Straight - Grade,State Secondary Route,Dry,"Two-Way, Not Divided",None,No Special Feature,Smooth Asphalt,Piedmont,Rural,40 - 45  MPH,"Double Yellow Line, No Passing Zone",Clear,No,"36.04264, -79.028534"
101,102,No,20-24,20,No,With Traffic,B: Evident Injury,Travel Lane,White,Male,Wesley Chapel,Union,No,01-01-03,2010-03-31,Motorist Left Turn / Merge,8,Non-Intersection,01-03-01,0001-01-01T03:38:58-04:56,Motorist Left Turn - Opposite Direction,0,2010,B: Evident Injury,Residential,40-49,49,No,31-35 mph,O: No Injury,White,Male,Pickup,No,No,Daylight,Urban (>70% Developed),2 lanes,2,Straight - Level,Local Street,Dry,"Two-Way, Not Divided",None,"Driveway, Private",Smooth Asphalt,Piedmont,Rural,30 - 35  MPH,No Control Present,Clear,No,"35.02784, -80.66355"
104,105,Yes,40-49,48,No,Not Applicable,B: Evident Injury,Non-Roadway,/Missing,Male,Greensboro,Guilford,No,01-01-03,2010-03-17,Crossing Paths - Other Circumstances,7,Intersection-Related,01-03-01,0001-01-01T02:58:58-04:56,Crossing Paths - Uncontrolled Intersection,0,2010,B: Evident Injury,Commercial,30-39,30,No,21-25 mph,O: No Injury,Black,Male,Pickup,No,No,Daylight,Urban (>70% Developed),5 lanes,2,Straight - Level,Local Street,Dry,"Two-Way, Not Divided",None,No Special Feature,Smooth Asphalt,Piedmont,Urban,30 - 35  MPH,No Control Present,Clear,No,"36.08458, -79.76042"
105,106,Yes,20-24,20,No,Facing Traffic,B: Evident Injury,Bike Lane / Paved Shoulder,White,Male,None - Rural Crash,Edgecombe,No,01-01-02,2010-03-30,Bicyclist Right Turn / Merge,15,Non-Intersection,01-03-01,0001-01-01T10:18:58-04:56,Bicyclist Right Turn - Same Direction,0,2010,B: Evident Injury,Commercial,40-49,44,No,16-20 mph,O: No Injury,Black,Male,Passenger Car,No,No,Daylight,Rural (<30% Developed),2 lanes,2,Straight - Level,State Secondary Route,Dry,"Two-Way, Not Divided",None,Four-Way Intersection,Coarse Asphalt,Coastal,Rural,40 - 45  MPH,No Control Present,Clear,No,"35.87946, -77.740814"
109,110,Yes,20-24,23,No,With Traffic,B: Evident Injury,Travel Lane,White,Male,Boone,Watauga,No,01-01-03,2010-03-31,Motorist Left Turn / Merge,11,Non-Intersection,01-03-01,0001-01-01T07:01:58-04:56,Motorist Left Turn - Opposite Direction,0,2010,B: Evident Injury,Institutional,50-59,52,No,0-5 mph,O: No Injury,White,Male,"Light Truck (Mini-Van, Panel)",No,No,Daylight,Urban (>70% Developed),4 lanes,2,Straight - Level,Local Street,Dry,"Two-Way, Not Divided",None,No Special Feature,Smooth Asphalt,Mountains,Urban,20 - 25  MPH,No Control Present,Clear,No,"36.21712, -81.684814"
111,112,Yes,20-24,22,No,Not Applicable,B: Evident Injury,Non-Roadway,White,Male,Lumberton,Robeson,No,01-01-06,2010-03-13,Non-Roadway,13,Non-Roadway,01-03-01,0001-01-01T08:27:58-04:56,Non-Roadway,0,2010,B: Evident Injury,Commercial,25-29,28,No,0-5 mph,O: No Injury,White,Male,"Light Truck (Mini-Van, Panel)",No,No,Daylight,Urban (>70% Developed),,2,Straight - Level,Public Vehicular Area,Dry,"Two-Way, Not Divided",None,No Special Feature,Coarse Asphalt,Coastal,Urban,30 - 35  MPH,No Control Present,Cloudy,No,"34.63224, -79.00419"