FID,OBJECTID,AmbulanceR,BikeAge_Gr,Bike_Age,Bike_Alc_D,Bike_Dir,Bike_Injur,Bike_Pos,Bike_Race,Bike_Sex,City,County,CrashAlcoh,CrashDay,Crash_Date,Crash_Grp,Crash_Hour,Crash_Loc,Crash_Mont,Crash_Time,Crash_Type,Crash_Ty_1,Crash_Year,Crsh_Sevri,Developmen,DrvrAge_Gr,Drvr_Age,Drvr_Alc_D,Drvr_EstSp,Drvr_Injur,Drvr_Race,Drvr_Sex,Drvr_VehTy,ExcsSpdInd,Hit_Run,Light_Cond,Locality,Num_Lanes,Num_Units,Rd_Charact,Rd_Class,Rd_Conditi,Rd_Config,Rd_Defects,Rd_Feature,Rd_Surface,Region,Rural_Urba,Speed_Limi,Traff_Cntr,Weather,Workzone_I,Location
117,118,Yes,10-Jun,6,No,With Traffic,C: Possible Injury,Bike Lane / Paved Shoulder,Other,Female,Hope Mills,Cumberland,No,01-01-07,2010-04-11,Bicyclist Left Turn / Merge,14,Non-Intersection,01-04-01,0001-01-01T10:00:58-04:56,Bicyclist Left Turn - Same Direction,0,2010,C: Possible Injury,Residential,50-59,52,No,31-35 mph,C: Possible Injury,Black,Male,Van,No,No,Daylight,Mixed (30% To 70% Developed),2 lanes,2,Straight - Level,State Secondary Route,Dry,"Two-Way, Not Divided",None,No Special Feature,Coarse Asphalt,Coastal,Urban,40 - 45  MPH,"Double Yellow Line, No Passing Zone",Clear,No,"34.979275, -78.92527"
125,126,No,,,Missing,With Traffic,Injury,Travel Lane,/Missing,,Greensboro,Guilford,No,,2010-03-15,Motorist Left Turn / Merge,18,Intersection,01-03-01,0001-01-01T13:40:58-04:56,Motorist Left Turn - Opposite Direction,0,2010,O: No Injury,Residential,20-24,21,No,0-5 mph,O: No Injury,Other,Female,Passenger Car,No,No,Dawn,Urban (>70% Developed),2 lanes,2,Straight - Level,Local Street,Dry,"Two-Way, Not Divided",None,T-Intersection,Smooth Asphalt,Piedmont,Urban,30 - 35  MPH,No Control Present,Clear,No,"36.06391, -79.82904"
126,127,No,30-39,30,No,With Traffic,B: Evident Injury,Travel Lane,White,Male,None - Rural Crash,Ashe,No,01-01-02,2010-04-13,Motorist Left Turn / Merge,17,Intersection,01-04-01,0001-01-01T12:48:58-04:56,Motorist Left Turn - Opposite Direction,0,2010,B: Evident Injury,"Farms, Woods, Pastures",60-69,62,No,21-25 mph,O: No Injury,White,Female,Passenger Car,No,No,Daylight,Rural (<30% Developed),2 lanes,2,Curve - Level,NC Route,Dry,"Two-Way, Not Divided",None,T-Intersection,Smooth Asphalt,Mountains,Rural,50 - 55  MPH,"Double Yellow Line, No Passing Zone",Clear,No,"36.33985, -81.540596"
127,128,Yes,16-19,19,No,Not Applicable,C: Possible Injury,Travel Lane,Black,Male,Wilmington,New Hanover,No,01-01-02,2010-03-30,Crossing Paths - Other Circumstances,11,Non-Intersection,01-03-01,0001-01-01T06:07:58-04:56,Crossing Paths - Midblock - Other /,0,2010,C: Possible Injury,Commercial,,,Missing,,Injury,/Missing,,,No,Yes,Daylight,Urban (>70% Developed),5 lanes,2,Straight - Grade,Local Street,Dry,"One-Way, Not Divided",None,No Special Feature,Smooth Asphalt,Coastal,Urban,30 - 35  MPH,No Control Present,Clear,No,"34.224365, -77.94321"
132,133,Yes,20-24,23,No,With Traffic,A: Disabling Injury,Bike Lane / Paved Shoulder,White,Male,Jacksonville,Onslow,No,01-01-02,2010-04-06,Motorist Overtaking Bicyclist,6,Non-Intersection,01-04-01,0001-01-01T01:38:58-04:56,Motorist Overtaking - Undetected Bicyclist,0,2010,A: Disabling Injury,Commercial,25-29,26,No,41-45 mph,O: No Injury,White,Male,Sport Utility,No,No,Daylight,Urban (>70% Developed),4 lanes,2,Straight - Level,Local Street,Dry,"Two-Way, Divided, Unprotected Median",None,No Special Feature,Coarse Asphalt,Coastal,Urban,40 - 45  MPH,No Control Present,Clear,No,"34.791374, -77.40635"
136,137,No,10-Jun,6,No,With Traffic,O: No Injury,Travel Lane,Black,Male,None - Rural Crash,New Hanover,No,01-01-04,2010-04-08,Bicyclist Left Turn / Merge,18,Non-Intersection,01-04-01,0001-01-01T13:37:58-04:56,Bicyclist Left Turn - Same Direction,0,2010,O: No Injury,Residential,60-69,62,No,0-5 mph,O: No Injury,Black,Male,Sport Utility,No,No,Daylight,Rural (<30% Developed),2 lanes,2,Straight - Level,Local Street,Dry,"Two-Way, Not Divided",None,No Special Feature,Coarse Asphalt,Coastal,Rural,30 - 35  MPH,No Control Present,Clear,No,"34.305534, -77.94582"
137,138,Yes,15-Nov,14,No,Facing Traffic,B: Evident Injury,Sidewalk / Crosswalk / Driveway Crossing,White,Female,Greensboro,Guilford,No,01-01-02,2010-03-30,Bicyclist Failed to Yield - Sign-Controlled Intersection,18,Intersection,01-03-01,0001-01-01T13:41:58-04:56,Bicyclist Ride Out - Sign-Controlled Intersection,0,2010,B: Evident Injury,Commercial,20-24,20,No,26-30 mph,O: No Injury,White,Male,Passenger Car,No,No,Daylight,Urban (>70% Developed),2 lanes,2,Straight - Level,Local Street,Dry,"Two-Way, Not Divided",None,Four-Way Intersection,Coarse Asphalt,Piedmont,Urban,30 - 35  MPH,Stop And Go Signal,Clear,No,"36.0523, -79.82267"
148,149,Yes,50-59,54,No,With Traffic,C: Possible Injury,Travel Lane,Black,Male,Raleigh,Wake,No,01-01-02,2010-03-16,Motorist Left Turn / Merge,15,Intersection,01-03-01,0001-01-01T10:31:58-04:56,Motorist Left Turn - Opposite Direction,0,2010,C: Possible Injury,Commercial,30-39,36,No,11-15 mph,O: No Injury,Hispanic,Male,Sport Utility,No,No,Daylight,Urban (>70% Developed),9 or more lanes,2,Straight - Level,US Route,Dry,"Two-Way, Divided, Unprotected Median",None,Four-Way Intersection,Smooth Asphalt,Piedmont,Urban,5 - 15 MPH,Stop And Go Signal,Cloudy,No,"35.85019, -78.61044"
150,151,Yes,15-Nov,14,No,Not Applicable,C: Possible Injury,Travel Lane,Black,Male,Rocky Mount,Nash,No,01-01-03,2010-03-31,Bicyclist Failed to Yield - Midblock,18,Non-Intersection,01-03-01,0001-01-01T13:28:58-04:56,Bicyclist Ride Out - Midblock -,0,2010,C: Possible Injury,Residential,60-69,66,No,26-30 mph,O: No Injury,Black,Male,Passenger Car,No,No,Daylight,Urban (>70% Developed),2 lanes,2,Straight - Level,Local Street,Dry,"Two-Way, Not Divided",None,No Special Feature,Smooth Asphalt,Coastal,Urban,30 - 35  MPH,No Control Present,Clear,No,"35.930355, -77.81332"
168,169,Yes,30-39,30,No,With Traffic,B: Evident Injury,Travel Lane,White,Male,None - Rural Crash,Buncombe,No,,2010-04-19,Motorist Overtaking Bicyclist,6,Non-Intersection,01-04-01,0001-01-01T01:28:58-04:56,Motorist Overtaking - Other /,0,2010,B: Evident Injury,Commercial,40-49,45,No,41-45 mph,O: No Injury,White,Female,Passenger Car,No,No,Dark - Roadway Not Lighted,Urban (>70% Developed),5 lanes,2,Straight - Level,US Route,Dry,"Two-Way, Not Divided",None,No Special Feature,Smooth Asphalt,Mountains,Rural,40 - 45  MPH,No Control Present,Clear,No,"35.44962, -82.50889"
1004,1005,Yes,16-19,18,No,Not Applicable,B: Evident Injury,Non-Roadway,Black,Male,Greensboro,Guilford,No,01-01-07,2008-08-03,Bicyclist Failed to Yield - Midblock,19,Non-Intersection,01-08-01,0001-01-01T14:03:58-04:56,Bicyclist Ride Out - Commercial Driveway / Alley,363312,2008,B: Evident Injury,Residential,20-24,21,No,,O: No Injury,Black,Male,,No,Yes,Daylight,Urban (>70% Developed),2 lanes,2,Straight - Grade,Local Street,Dry,"Two-Way, Not Divided",None,Railroad Crossing,Smooth Asphalt,Piedmont,Urban,30 - 35  MPH,No Control Present,Clear,No,"0.0, 0.0"
2,3,No,25-29,25,No,Not Applicable,B: Evident Injury,Travel Lane,White,Male,Durham,Durham,No,01-01-05,2009-01-09,Non-Roadway,22,Non-Roadway,,0001-01-01T17:40:58-04:56,Non-Roadway,410910,2009,B: Evident Injury,Residential,25-29,29,No,11-15 mph,O: No Injury,Hispanic,Female,Passenger Car,No,No,Dark - Lighted Roadway,Urban (>70% Developed),2 lanes,2,Straight - Bottom,Public Vehicular Area,Dry,"Two-Way, Divided, Unprotected Median",None,T-Intersection,Coarse Asphalt,Piedmont,Urban,5 - 15 MPH,No Control Present,Clear,No,"36.010765, -78.94343"
6,7,Yes,40-49,47,No,Facing Traffic,C: Possible Injury,Travel Lane,Black,Male,Durham,Durham,No,01-01-05,2009-01-23,Loss of Control / Turning Error,20,Intersection,,0001-01-01T15:25:58-04:56,Motorist Turning Error - Other,112113,2009,C: Possible Injury,Commercial,50-59,52,No,6-10 mph,O: No Injury,White,Female,Passenger Car,No,No,Dark - Lighted Roadway,Urban (>70% Developed),5 lanes,2,Straight - Level,Local Street,Dry,"Two-Way, Not Divided",None,No Special Feature,Smooth Asphalt,Piedmont,Urban,30 - 35  MPH,Stop Sign,Clear,No,"36.03635, -78.89483"
7,8,Yes,25-29,26,No,With Traffic,C: Possible Injury,Travel Lane,Black,Male,None - Rural Crash,Nash,No,01-01-07,2009-01-04,Motorist Overtaking Bicyclist,18,Non-Intersection,,0001-01-01T13:27:58-04:56,Motorist Overtaking - Other /,311239,2009,C: Possible Injury,Residential,,,Missing,41-45 mph,Injury,/Missing,,Passenger Car,No,Yes,Dark - Roadway Not Lighted,Rural (<30% Developed),2 lanes,2,Straight - Grade,State Secondary Route,Wet,"Two-Way, Not Divided",None,No Special Feature,Smooth Asphalt,Coastal,Rural,40 - 45  MPH,"Double Yellow Line, No Passing Zone",Cloudy,No,"36.048836, -78.00365"
20,21,No,20-24,22,No,With Traffic,B: Evident Injury,Sidewalk / Crosswalk / Driveway Crossing,White,Female,Raleigh,Wake,No,,2009-01-12,Motorist Failed to Yield - Sign-Controlled Intersection,18,Intersection,,0001-01-01T13:10:58-04:56,Motorist Drive Out - Sign-Controlled Intersection,131141,2009,B: Evident Injury,Residential,20-24,20,No,0-5 mph,O: No Injury,White,Female,Passenger Car,No,No,Dark - Roadway Not Lighted,Urban (>70% Developed),4 lanes,2,Straight - Level,Local Street,Dry,"Two-Way, Not Divided",None,T-Intersection,Smooth Asphalt,Piedmont,Urban,30 - 35  MPH,Stop Sign,Clear,No,"35.77255, -78.69349"
25,26,Yes,50-59,54,No,Facing Traffic,B: Evident Injury,Travel Lane,Black,Male,Carthage,Moore,No,01-01-05,2009-01-23,Head-On,18,Non-Intersection,,0001-01-01T13:27:58-04:56,Head-On - Bicyclist,312250,2009,B: Evident Injury,Commercial,30-39,37,No,0-5 mph,O: No Injury,White,Female,Passenger Car,No,No,Dark - Lighted Roadway,Urban (>70% Developed),2 lanes,2,Straight - Grade,Local Street,Dry,"Two-Way, Divided, Unprotected Median",None,No Special Feature,Coarse Asphalt,Piedmont,Rural,30 - 35  MPH,No Control Present,Clear,No,"35.34109, -79.40623"
27,28,Yes,20-24,21,No,With Traffic,C: Possible Injury,Travel Lane,White,Male,Charlotte,Mecklenburg,No,01-01-05,2009-01-23,Motorist Left Turn / Merge,12,Non-Intersection,,0001-01-01T07:08:58-04:56,Motorist Left Turn - Opposite Direction,311212,2009,C: Possible Injury,Commercial,30-39,38,No,0-5 mph,O: No Injury,White,Male,Sport Utility,No,No,Daylight,Urban (>70% Developed),2 lanes,2,Straight - Level,Local Street,Dry,"Two-Way, Not Divided",None,No Special Feature,Coarse Asphalt,Piedmont,Urban,30 - 35  MPH,No Control Present,Clear,No,"35.199593, -80.84157"
43,44,Yes,40-49,49,No,With Traffic,B: Evident Injury,Travel Lane,Black,Male,Kinston,Lenoir,No,01-01-03,2009-03-04,Motorist Overtaking Bicyclist,15,Intersection-Related,01-03-01,0001-01-01T10:11:58-04:56,Motorist Overtaking - Misjudged Space,211232,2009,B: Evident Injury,Commercial,70,,No,11-15 mph,O: No Injury,White,Male,Sport Utility,No,No,Daylight,Urban (>70% Developed),2 lanes,2,Straight - Grade,Local Street,Dry,"Two-Way, Not Divided",None,Four-Way Intersection,Coarse Asphalt,Coastal,Urban,30 - 35  MPH,Stop And Go Signal,Clear,No,"35.262497, -77.58285"
44,45,Yes,60-69,66,No,With Traffic,C: Possible Injury,Travel Lane,White,Female,None - Rural Crash,New Hanover,No,01-01-05,2009-02-13,Motorist Failed to Yield - Sign-Controlled Intersection,16,Intersection,01-02-01,0001-01-01T11:13:58-04:56,Motorist Drive Out - Sign-Controlled Intersection,111141,2009,C: Possible Injury,Residential,70,,No,11-15 mph,O: No Injury,White,Male,Pickup,No,No,Daylight,Urban (>70% Developed),2 lanes,2,Straight - Level,State Secondary Route,Dry,"Two-Way, Divided, Positive Median Barrier",None,No Special Feature,Coarse Asphalt,Coastal,Rural,30 - 35  MPH,No Control Present,Clear,No,"34.257812, -77.87193"
45,46,Yes,50-59,53,No,With Traffic,O: No Injury,Travel Lane,White,Male,Gastonia,Gaston,Yes,01-01-05,2009-01-09,Motorist Overtaking Bicyclist,20,Non-Intersection,,0001-01-01T15:18:58-04:56,Motorist Overtaking - Other /,311239,2009,B: Evident Injury,Commercial,30-39,34,Yes,,B: Evident Injury,White,Male,Pedestrian,No,No,Dark - Roadway Not Lighted,Urban (>70% Developed),4 lanes,3,Straight - Level,US Route,Dry,"Two-Way, Divided, Positive Median Barrier",None,No Special Feature,Smooth Asphalt,Piedmont,Urban,,No Control Present,Clear,No,"35.30215, -81.18782"
47,48,Yes,10-Jun,10,No,With Traffic,O: No Injury,Travel Lane,Black,Female,Kinston,Lenoir,No,01-01-06,2009-03-07,Motorist Overtaking Bicyclist,12,Non-Intersection,01-03-01,0001-01-01T07:56:58-04:56,Motorist Overtaking - Other /,311239,2009,B: Evident Injury,Commercial,25-29,29,No,31-35 mph,B: Evident Injury,Black,Female,Motorcycle,No,No,Daylight,Urban (>70% Developed),2 lanes,2,Curve - Level,Local Street,Dry,"Two-Way, Not Divided",None,T-Intersection,Smooth Asphalt,Coastal,Urban,30 - 35  MPH,No Control Present,Clear,No,"35.270615, -77.5828"
48,49,Yes,10-Jun,9,No,With Traffic,B: Evident Injury,Travel Lane,White,Male,None - Rural Crash,Rowan,No,01-01-06,2009-03-07,Bicyclist Overtaking Motorist,15,Non-Intersection,01-03-01,0001-01-01T10:42:58-04:56,Bicyclist Overtaking - Other /,311249,2009,B: Evident Injury,Residential,30-39,38,No,0-5 mph,O: No Injury,White,Male,Van,No,No,Daylight,Mixed (30% To 70% Developed),2 lanes,2,Straight - Level,Local Street,Dry,"Two-Way, Not Divided",None,No Special Feature,Smooth Asphalt,Piedmont,Rural,30 - 35  MPH,No Control Present,Clear,No,"35.648693, -80.558975"
58,59,No,40-49,48,No,With Traffic,C: Possible Injury,Travel Lane,White,Male,Trinity,Randolph,No,01-01-03,2009-03-11,Crossing Paths - Other Circumstances,14,Intersection,01-03-01,0001-01-01T09:53:58-04:56,Crossing Paths - Intersection - Other /,111180,2009,C: Possible Injury,"Farms, Woods, Pastures",60-69,69,No,6-10 mph,O: No Injury,White,Male,Passenger Car,No,No,Daylight,Rural (<30% Developed),2 lanes,2,Straight - Level,State Secondary Route,,"Two-Way, Not Divided",None,T-Intersection,Smooth Asphalt,Piedmont,Urban,50 - 55  MPH,Other,Clear,No,"35.862953, -80.03525"
61,62,Yes,50-59,55,No,With Traffic,C: Possible Injury,Travel Lane,White,Female,None - Rural Crash,Gaston,No,01-01-07,2009-03-22,Bicyclist Left Turn / Merge,9,Intersection-Related,01-03-01,0001-01-01T04:54:58-04:56,Bicyclist Left Turn - Same Direction,211221,2009,C: Possible Injury,Commercial,60-69,60,No,31-35 mph,O: No Injury,White,Female,Sport Utility,No,No,Daylight,Urban (>70% Developed),2 lanes,2,Straight - Level,NC Route,Dry,"Two-Way, Not Divided",None,No Special Feature,Smooth Asphalt,Piedmont,Rural,40 - 45  MPH,No Control Present,Clear,No,"35.39161, -81.009926"
62,63,No,25-29,26,No,Facing Traffic,B: Evident Injury,Sidewalk / Crosswalk / Driveway Crossing,White,Male,Raleigh,Wake,No,01-01-05,2009-02-20,Motorist Failed to Yield - Sign-Controlled Intersection,7,Intersection,01-02-01,0001-01-01T02:03:58-04:56,Motorist Drive Out - Sign-Controlled Intersection,132141,2009,B: Evident Injury,"Farms, Woods, Pastures",,,Missing,6-10 mph,Injury,/Missing,,,No,Yes,Daylight,Urban (>70% Developed),2 lanes,2,Straight - Level,Local Street,Dry,"Two-Way, Not Divided",None,T-Intersection,Coarse Asphalt,Piedmont,Urban,30 - 35  MPH,Stop Sign,Clear,No,"35.78412, -78.69532"
65,66,No,40-49,43,No,With Traffic,B: Evident Injury,Travel Lane,White,Male,None - Rural Crash,Forsyth,No,,2009-03-23,Motorist Failed to Yield - Sign-Controlled Intersection,17,Intersection,01-03-01,0001-01-01T12:03:58-04:56,Motorist Drive Out - Sign-Controlled Intersection,111141,2009,B: Evident Injury,"Farms, Woods, Pastures",30-39,33,No,0-5 mph,O: No Injury,White,Male,Passenger Car,No,No,Daylight,Rural (<30% Developed),2 lanes,2,Straight - Level,State Secondary Route,Dry,"Two-Way, Not Divided",None,T-Intersection,Smooth Asphalt,Piedmont,Rural,40 - 45  MPH,Stop Sign,Clear,No,"36.041737, -80.09401"
66,67,No,10-Jun,9,No,With Traffic,B: Evident Injury,Travel Lane,Black,Male,Charlotte,Mecklenburg,No,01-01-07,2009-03-08,Bicyclist Failed to Yield - Sign-Controlled Intersection,16,Intersection,01-03-01,0001-01-01T11:17:58-04:56,Bicyclist Ride Out - Sign-Controlled Intersection,111142,2009,B: Evident Injury,Residential,30-39,37,No,21-25 mph,O: No Injury,Black,Male,Passenger Car,No,No,Daylight,Mixed (30% To 70% Developed),2 lanes,2,Straight - Grade,Local Street,Dry,"Two-Way, Not Divided",None,T-Intersection,Smooth Asphalt,Piedmont,Urban,20 - 25  MPH,Stop Sign,Clear,No,"35.26734, -80.92128"
68,69,Yes,15-Nov,13,No,Not Applicable,B: Evident Injury,Travel Lane,Black,Male,Greensboro,Guilford,No,01-01-06,2009-03-07,Bicyclist Failed to Yield - Midblock,16,Non-Intersection,01-03-01,0001-01-01T12:02:58-04:56,Bicyclist Ride Out - Other Midblock,313318,2009,B: Evident Injury,Commercial,,,Missing,36-40 mph,Injury,/Missing,,Passenger Car,No,Yes,Daylight,Urban (>70% Developed),7 lanes,2,Straight - Level,Local Street,Dry,"Two-Way, Not Divided",None,No Special Feature,Smooth Asphalt,Piedmont,Urban,30 - 35  MPH,Stop Sign,Clear,No,"36.03947, -79.85059"
73,74,No,40-49,45,No,With Traffic,B: Evident Injury,Bike Lane / Paved Shoulder,White,Male,Rocky Mount,Nash,No,01-01-06,2009-02-07,Motorist Overtaking Bicyclist,8,Non-Intersection,01-02-01,0001-01-01T03:55:58-04:56,Motorist Overtaking - Other /,321239,2009,B: Evident Injury,Commercial,,,Missing,31-35 mph,Injury,/Missing,,,No,Yes,Dark - Lighted Roadway,Urban (>70% Developed),2 lanes,2,Straight - Level,US Route,Dry,"Two-Way, Divided, Unprotected Median",None,No Special Feature,Coarse Asphalt,Coastal,Urban,40 - 45  MPH,No Control Present,Clear,No,"35.96218, -77.82004"
78,79,Yes,20-24,20,No,Not Applicable,C: Possible Injury,Non-Roadway,Black,Female,Greensboro,Guilford,No,01-01-07,2009-03-22,Non-Roadway,19,Non-Roadway,01-03-01,0001-01-01T14:18:58-04:56,Non-Roadway,460910,2009,C: Possible Injury,Commercial,20-24,20,No,,C: Possible Injury,Black,Female,Passenger Car,No,Yes,Daylight,Urban (>70% Developed),,2,Straight - Level,Public Vehicular Area,Dry,,None,"Driveway, Public",Smooth Asphalt,Piedmont,Urban,20 - 25  MPH,No Control Present,Clear,No,"36.047104, -79.79964"
79,80,No,20-24,20,No,Facing Traffic,C: Possible Injury,Travel Lane,Hispanic,,Fayetteville,Cumberland,No,01-01-06,2009-02-21,Motorist Failed to Yield - Sign-Controlled Intersection,22,Intersection,01-02-01,0001-01-01T18:00:58-04:56,Motorist Drive Out - Sign-Controlled Intersection,112141,2009,C: Possible Injury,Commercial,20-24,20,No,6-10 mph,O: No Injury,White,Male,Passenger Car,No,No,Dark - Lighted Roadway,Urban (>70% Developed),,2,Straight - Level,Public Vehicular Area,Dry,"Two-Way, Divided, Unprotected Median",None,No Special Feature,Coarse Asphalt,Coastal,Urban,30 - 35  MPH,Stop Sign,Clear,No,"35.059456, -78.96088"
87,88,No,15-Nov,12,No,Facing Traffic,O: No Injury,Sidewalk / Crosswalk / Driveway Crossing,White,Male,Morehead City,Carteret,No,01-01-06,2009-03-21,Motorist Failed to Yield - Midblock,11,Non-Intersection,01-03-01,0001-01-01T06:35:58-04:56,Motorist Drive Out - Commercial Driveway / Alley,332322,2009,O: No Injury,Commercial,60-69,63,No,6-10 mph,O: No Injury,White,Female,Van,No,No,Daylight,Rural (<30% Developed),,2,Straight - Level,,Dry,"Two-Way, Divided, Unprotected Median",None,No Special Feature,Smooth Asphalt,Coastal,Urban,5 - 15 MPH,No Control Present,Clear,No,"34.726967, -76.76925"
93,94,No,10-Jun,9,No,With Traffic,C: Possible Injury,Travel Lane,White,Male,None - Rural Crash,Rockingham,No,01-01-05,2009-03-20,Bicyclist Left Turn / Merge,17,Non-Intersection,01-03-01,0001-01-01T12:23:58-04:56,Bicyclist Left Turn - Same Direction,311221,2009,C: Possible Injury,"Farms, Woods, Pastures",40-49,48,No,46-50 mph,O: No Injury,White,Female,Sport Utility,No,No,Daylight,Rural (<30% Developed),2 lanes,2,Straight - Level,State Secondary Route,Dry,"Two-Way, Not Divided",None,"Driveway, Private",Smooth Asphalt,Piedmont,Rural,50 - 55  MPH,No Control Present,Clear,No,"36.28224, -80.003395"
102,103,Yes,30-39,38,No,With Traffic,A: Disabling Injury,Travel Lane,White,Male,None - Rural Crash,Forsyth,No,01-01-05,2009-03-20,Motorist Overtaking Bicyclist,20,Non-Intersection,01-03-01,0001-01-01T15:13:58-04:56,Motorist Overtaking - Other /,311239,2009,A: Disabling Injury,"Farms, Woods, Pastures",30-39,38,No,41-45 mph,O: No Injury,White,Male,Passenger Car,No,No,Dusk,Mixed (30% To 70% Developed),2 lanes,2,Straight - Level,NC Route,Dry,"Two-Way, Not Divided",None,No Special Feature,Smooth Asphalt,Piedmont,Rural,50 - 55  MPH,"Double Yellow Line, No Passing Zone",Clear,No,"36.21738, -80.285164"
106,107,No,25-29,27,No,With Traffic,A: Disabling Injury,Travel Lane,White,Female,Raleigh,Wake,No,01-01-05,2009-04-03,Bicyclist Overtaking Motorist,9,Intersection,01-04-01,0001-01-01T04:30:58-04:56,Bicyclist Overtaking - Passing on Right,111241,2009,A: Disabling Injury,Institutional,,,Missing,6-10 mph,Injury,/Missing,,,No,Yes,Daylight,Urban (>70% Developed),2 lanes,2,Straight - Level,Local Street,Wet,"Two-Way, Not Divided",None,No Special Feature,Smooth Asphalt,Piedmont,Urban,20 - 25  MPH,Other,Clear,No,"35.786144, -78.67498"
121,122,Yes,15-Nov,13,No,With Traffic,A: Disabling Injury,Travel Lane,Black,Male,Wilmington,New Hanover,No,01-01-06,2009-04-18,Bicyclist Failed to Yield - Sign-Controlled Intersection,20,Intersection,01-04-01,0001-01-01T15:17:58-04:56,Bicyclist Ride Out - Sign-Controlled Intersection,111142,2009,A: Disabling Injury,Commercial,30-39,38,No,31-35 mph,O: No Injury,White,Male,Pickup,No,No,Dark - Lighted Roadway,Urban (>70% Developed),3 lanes,2,Straight - Level,US Route,Dry,"One-Way, Not Divided",None,Four-Way Intersection,Coarse Asphalt,Coastal,Urban,30 - 35  MPH,Stop Sign,Clear,No,"34.22664, -77.9303"
123,124,No,20-24,20,No,Facing Traffic,B: Evident Injury,Sidewalk / Crosswalk / Driveway Crossing,White,Female,Raleigh,Wake,No,,2009-03-23,Motorist Failed to Yield - Signalized Intersection,10,Intersection,01-03-01,0001-01-01T05:48:58-04:56,Motorist Drive Out - Signalized Intersection,132152,2009,B: Evident Injury,Commercial,25-29,26,No,0-5 mph,O: No Injury,White,Female,Sport Utility,No,No,Daylight,Urban (>70% Developed),4 lanes,2,Curve - Level,Local Street,Dry,"Two-Way, Not Divided",None,Four-Way Intersection,Coarse Asphalt,Piedmont,Urban,40 - 45  MPH,Stop And Go Signal,Cloudy,No,"35.86845, -78.61116"
133,134,No,40-49,49,No,With Traffic,B: Evident Injury,Travel Lane,White,Female,Washington,Beaufort,No,01-01-06,2009-04-18,Loss of Control / Turning Error,17,Non-Intersection,01-04-01,0001-01-01T12:08:58-04:56,Bicyclist Lost Control - Other /,311129,2009,B: Evident Injury,Residential,,,Missing,0-5 mph,Injury,/Missing,,Motorcycle,No,No,Daylight,Urban (>70% Developed),2 lanes,2,Straight - Level,Local Street,Dry,"One-Way, Not Divided",None,No Special Feature,Coarse Asphalt,Coastal,Urban,20 - 25  MPH,No Control Present,Clear,No,"35.538605, -77.04727"
135,136,Yes,10-Jun,10,No,Not Applicable,C: Possible Injury,Travel Lane,Black,Female,None - Rural Crash,Catawba,No,01-01-05,2009-05-01,Non-Roadway,19,Non-Roadway,01-05-01,0001-01-01T14:45:58-04:56,Non-Roadway,410910,2009,C: Possible Injury,Residential,50-59,51,No,11-15 mph,O: No Injury,White,Male,Passenger Car,No,No,Daylight,Rural (<30% Developed),2 lanes,2,Straight - Grade,Public Vehicular Area,Dry,"Two-Way, Not Divided",None,T-Intersection,Coarse Asphalt,Piedmont,Rural,20 - 25  MPH,No Control Present,Clear,No,"35.785763, -81.19706"
145,146,Yes,50-59,58,No,With Traffic,B: Evident Injury,Bike Lane / Paved Shoulder,Black,Male,Greenville,Pitt,No,01-01-04,2009-03-26,Motorist Overtaking Bicyclist,4,Non-Intersection,01-03-01,0001-01-01T00:02:58-04:56,Motorist Overtaking - Other /,321239,2009,B: Evident Injury,Residential,50-59,52,No,31-35 mph,O: No Injury,Black,Male,Passenger Car,No,No,Dark - Roadway Not Lighted,Urban (>70% Developed),3 lanes,2,Straight - Level,Local Street,Dry,"Two-Way, Divided, Unprotected Median",None,No Special Feature,Smooth Asphalt,Coastal,Urban,30 - 35  MPH,No Control Present,Cloudy,No,"35.629673, -77.36464"
146,147,Yes,25-29,25,No,With Traffic,B: Evident Injury,Travel Lane,White,Male,Raleigh,Wake,No,01-01-04,2009-04-02,Crossing Paths - Other Circumstances,22,Intersection,01-04-01,0001-01-01T17:23:58-04:56,Sign-Controlled Intersection - Other /,111148,2009,B: Evident Injury,Commercial,40-49,47,No,21-25 mph,O: No Injury,White,Male,Passenger Car,No,No,Dark - Lighted Roadway,Urban (>70% Developed),2 lanes,2,Straight - Level,Local Street,Wet,"Two-Way, Not Divided",None,T-Intersection,Smooth Asphalt,Piedmont,Urban,30 - 35  MPH,Stop Sign,Rain,No,"35.791035, -78.715256"
153,154,No,,,No,With Traffic,Injury,Travel Lane,Black,Male,None - Rural Crash,Northampton,No,01-01-05,2009-05-08,Motorist Overtaking Bicyclist,19,Non-Intersection,01-05-01,0001-01-01T14:39:58-04:56,Motorist Overtaking - Other /,311239,2009,O: No Injury,"Farms, Woods, Pastures",20-24,21,No,51-55 mph,O: No Injury,Black,Female,Passenger Car,No,No,Daylight,Rural (<30% Developed),2 lanes,2,Straight - Level,NC Route,Dry,"Two-Way, Not Divided",None,No Special Feature,Coarse Asphalt,Coastal,Rural,50 - 55  MPH,"Double Yellow Line, No Passing Zone",Clear,No,"36.34717, -77.2234"
164,165,Yes,30-39,39,No,With Traffic,B: Evident Injury,Travel Lane,White,Male,High Point,Guilford,No,01-01-05,2009-05-01,Motorist Overtaking Bicyclist,6,Non-Intersection,01-05-01,0001-01-01T01:48:58-04:56,Motorist Overtaking - Undetected Bicyclist,311231,2009,B: Evident Injury,Residential,70,,No,31-35 mph,O: No Injury,White,Male,Passenger Car,No,No,Dawn,Urban (>70% Developed),5 lanes,2,Curve - Hillcrest,NC Route,Dry,"Two-Way, Not Divided",None,No Special Feature,Smooth Asphalt,Piedmont,Urban,40 - 45  MPH,No Control Present,Cloudy,No,"35.982796, -80.02931"