FID,OBJECTID,AmbulanceR,BikeAge_Gr,Bike_Age,Bike_Alc_D,Bike_Dir,Bike_Injur,Bike_Pos,Bike_Race,Bike_Sex,City,County,CrashAlcoh,CrashDay,Crash_Date,Crash_Grp,Crash_Hour,Crash_Loc,Crash_Mont,Crash_Time,Crash_Type,Crash_Ty_1,Crash_Year,Crsh_Sevri,Developmen,DrvrAge_Gr,Drvr_Age,Drvr_Alc_D,Drvr_EstSp,Drvr_Injur,Drvr_Race,Drvr_Sex,Drvr_VehTy,ExcsSpdInd,Hit_Run,Light_Cond,Locality,Num_Lanes,Num_Units,Rd_Charact,Rd_Class,Rd_Conditi,Rd_Config,Rd_Defects,Rd_Feature,Rd_Surface,Region,Rural_Urba,Speed_Limi,Traff_Cntr,Weather,Workzone_I,Location
171,172,Yes,20-24,24,No,With Traffic,B: Evident Injury,Travel Lane,White,Male,Wilmington,New Hanover,Yes,01-01-07,2009-05-03,Crossing Paths - Other Circumstances,3,Intersection,01-05-01,0000-12-31T22:41:58-04:56,Signalized Intersection - Other /,111158,2009,B: Evident Injury,Commercial,20-24,24,Yes,36-40 mph,O: No Injury,White,Male,Passenger Car,No,No,Dark - Roadway Not Lighted,Urban (>70% Developed),,2,Straight - Level,US Route,Dry,"Two-Way, Divided, Unprotected Median",None,No Special Feature,Coarse Asphalt,Coastal,Urban,40 - 45  MPH,Stop And Go Signal,Cloudy,No,"34.22306, -77.882126"
179,180,Yes,15-Nov,12,No,Not Applicable,B: Evident Injury,Non-Roadway,Black,Male,Fayetteville,Cumberland,No,01-01-07,2009-05-10,Bicyclist Failed to Yield - Midblock,18,Non-Intersection,01-05-01,0001-01-01T13:43:58-04:56,Bicyclist Ride Out - Other Midblock,363318,2009,B: Evident Injury,Residential,50-59,54,No,21-25 mph,O: No Injury,Black,Female,Van,No,No,Daylight,Urban (>70% Developed),2 lanes,2,Straight - Level,Local Street,Dry,"Two-Way, Not Divided",None,No Special Feature,Coarse Asphalt,Coastal,Urban,20 - 25  MPH,No Control Present,Clear,No,"35.08139, -78.89734"
185,186,Yes,15-Nov,13,No,With Traffic,C: Possible Injury,Travel Lane,Hispanic,Male,None - Rural Crash,Brunswick,No,,2009-05-25,Bicyclist Left Turn / Merge,16,Non-Intersection,01-05-01,0001-01-01T11:03:58-04:56,Bicyclist Left Turn - Same Direction,311221,2009,C: Possible Injury,Commercial,20-24,20,No,41-45 mph,O: No Injury,White,Female,Van,No,No,Daylight,Urban (>70% Developed),2 lanes,2,Straight - Level,NC Route,Dry,"Two-Way, Not Divided",None,"Driveway, Public",Coarse Asphalt,Coastal,Rural,40 - 45  MPH,"Double Yellow Line, No Passing Zone",Cloudy,No,"33.899704, -78.46291"
186,187,Yes,0-5,4,No,With Traffic,B: Evident Injury,Travel Lane,Black,Male,Charlotte,Mecklenburg,No,,2009-05-11,Crossing Paths - Other Circumstances,16,Intersection-Related,01-05-01,0001-01-01T11:28:58-04:56,Crossing Paths - Uncontrolled Intersection,211160,2009,B: Evident Injury,Residential,60-69,63,No,41-45 mph,O: No Injury,White,Male,Passenger Car,No,No,Daylight,Urban (>70% Developed),2 lanes,2,Straight - Level,Local Street,Dry,"Two-Way, Not Divided",None,No Special Feature,Coarse Asphalt,Piedmont,Urban,40 - 45  MPH,No Control Present,Clear,No,"35.29627, -80.83963"
194,195,Yes,40-49,44,No,With Traffic,B: Evident Injury,Travel Lane,White,Male,Conover,Catawba,No,01-01-07,2009-05-31,Motorist Overtaking Bicyclist,18,Non-Intersection,01-05-01,0001-01-01T13:29:58-04:56,Motorist Overtaking - Other /,311239,2009,B: Evident Injury,Commercial,0-19,19,No,41-45 mph,O: No Injury,White,Male,Pickup,No,No,Daylight,Urban (>70% Developed),2 lanes,2,Straight - Level,Local Street,Dry,"Two-Way, Not Divided",None,No Special Feature,Smooth Asphalt,Piedmont,Urban,40 - 45  MPH,No Control Present,Clear,No,"35.718845, -81.19266"
206,207,Yes,16-19,18,No,With Traffic,C: Possible Injury,Travel Lane,White,Male,Gastonia,Gaston,No,01-01-03,2009-05-13,Crossing Paths - Other Circumstances,16,Intersection,01-05-01,0001-01-01T11:25:58-04:56,Crossing Paths - Intersection - Other /,111180,2009,C: Possible Injury,Commercial,40-49,43,No,36-40 mph,O: No Injury,White,Male,Passenger Car,No,No,Daylight,Urban (>70% Developed),5 lanes,2,Straight - Level,State Secondary Route,Dry,"Two-Way, Not Divided",None,Four-Way Intersection,Smooth Asphalt,Piedmont,Urban,40 - 45  MPH,Stop And Go Signal,Cloudy,No,"35.257607, -81.20751"
221,222,Yes,30-39,37,No,Not Applicable,B: Evident Injury,Non-Roadway,Hispanic,Male,Winston-Salem,Forsyth,No,01-01-06,2009-05-23,Bicyclist Failed to Yield - Midblock,16,Non-Intersection,01-05-01,0001-01-01T11:42:58-04:56,Bicyclist Ride Out - Commercial Driveway / Alley,363312,2009,B: Evident Injury,Commercial,70,,No,16-20 mph,O: No Injury,White,Female,Van,No,No,Daylight,Urban (>70% Developed),2 lanes,2,Straight - Level,Local Street,Dry,"Two-Way, Not Divided",None,No Special Feature,Smooth Asphalt,Piedmont,Urban,30 - 35  MPH,"Double Yellow Line, No Passing Zone",Clear,No,"36.157856, -80.22759"
232,233,Yes,10-Jun,8,No,,C: Possible Injury,Travel Lane,Black,Male,Goldsboro,Wayne,No,01-01-05,2009-05-22,Other /  - Insufficient Details,19,Intersection,01-05-01,0001-01-01T14:09:58-04:56,Approach Paths,119970,2009,C: Possible Injury,Residential,40-49,48,No,16-20 mph,O: No Injury,Black,Male,Sport Utility,No,No,Daylight,Urban (>70% Developed),2 lanes,2,Straight - Level,Local Street,Dry,"Two-Way, Not Divided",None,T-Intersection,Coarse Asphalt,Coastal,Urban,20 - 25  MPH,Stop Sign,Clear,No,"35.352257, -77.983574"
233,234,Yes,10-Jun,10,No,With Traffic,B: Evident Injury,Travel Lane,Black,Male,Washington,Beaufort,No,01-01-03,2009-05-27,Bicyclist Failed to Yield - Sign-Controlled Intersection,10,Intersection,01-05-01,0001-01-01T06:00:58-04:56,Bicyclist Ride Through - Sign-Controlled Intersection,111144,2009,B: Evident Injury,Residential,30-39,30,No,21-25 mph,O: No Injury,Black,Male,Van,No,No,Daylight,Urban (>70% Developed),2 lanes,2,Straight - Level,Local Street,Dry,"Two-Way, Not Divided",None,Four-Way Intersection,Coarse Asphalt,Coastal,Urban,20 - 25  MPH,Stop Sign,Clear,No,"35.549316, -77.05425"
234,235,Yes,50-59,54,No,With Traffic,B: Evident Injury,Travel Lane,White,Male,Charlotte,Mecklenburg,No,01-01-02,2009-06-02,Motorist Failed to Yield - Midblock,16,Non-Intersection,01-06-01,0001-01-01T11:39:58-04:56,Motorist Drive Out - Midblock -,311329,2009,B: Evident Injury,Residential,40-49,42,No,0-5 mph,C: Possible Injury,White,Female,Passenger Car,No,No,Daylight,Urban (>70% Developed),2 lanes,2,Straight - Grade,Local Street,Dry,"Two-Way, Not Divided",None,No Special Feature,Smooth Asphalt,Piedmont,Urban,30 - 35  MPH,Stop Sign,Clear,No,"35.088364, -80.75561"
240,241,No,30-39,32,No,With Traffic,Injury,Travel Lane,White,Male,Wrightsville Beach,New Hanover,No,,2009-05-25,Motorist Overtaking Bicyclist,17,Non-Intersection,01-05-01,0001-01-01T12:03:58-04:56,Motorist Overtaking - Misjudged Space,311232,2009,Injury,Residential,,,Missing,21-25 mph,Injury,/Missing,,,No,Yes,Daylight,Urban (>70% Developed),2 lanes,2,Straight - Level,Local Street,Dry,"Two-Way, Not Divided",None,No Special Feature,Smooth Asphalt,Coastal,Rural,20 - 25  MPH,No Control Present,Clear,No,"34.211517, -77.79331"
249,250,Yes,15-Nov,12,No,Not Applicable,C: Possible Injury,Non-Roadway,Black,Male,Raleigh,Wake,Yes,,2009-05-25,Non-Roadway,21,Non-Roadway,01-05-01,0001-01-01T17:02:58-04:56,Non-Roadway,460910,2009,C: Possible Injury,Residential,25-29,27,Yes,6-10 mph,O: No Injury,Hispanic,Male,Passenger Car,No,No,Daylight,Urban (>70% Developed),2 lanes,2,Straight - Level,Local Street,Dry,"Two-Way, Not Divided",None,No Special Feature,Smooth Asphalt,Piedmont,Urban,20 - 25  MPH,No Control Present,Cloudy,No,"35.83046, -78.62743"
250,251,No,10-Jun,8,No,With Traffic,O: No Injury,Travel Lane,/Missing,Female,Kinston,Lenoir,No,01-01-07,2009-05-03,Motorist Overtaking Bicyclist,16,Intersection,01-05-01,0001-01-01T11:21:58-04:56,Motorist Overtaking - Other /,111239,2009,O: No Injury,"Farms, Woods, Pastures",,,Missing,6-10 mph,Injury,/Missing,,,No,Yes,Daylight,Mixed (30% To 70% Developed),,2,Straight - Level,Local Street,"Water (Standing, Moving)","Two-Way, Not Divided",None,Four-Way Intersection,Smooth Asphalt,Coastal,Urban,30 - 35  MPH,Stop And Go Signal,Cloudy,No,"35.263527, -77.57256"
255,256,Yes,15-Nov,14,No,With Traffic,B: Evident Injury,Travel Lane,/Missing,Male,Newport,Carteret,No,01-01-06,2009-05-16,Motorist Overtaking Bicyclist,4,Non-Intersection,01-05-01,0000-12-31T23:43:58-04:56,Motorist Overtaking - Undetected Bicyclist,311231,2009,B: Evident Injury,Commercial,40-49,46,No,51-55 mph,O: No Injury,Black,Male,Sport Utility,No,No,Dark - Roadway Not Lighted,Mixed (30% To 70% Developed),4 lanes,3,Straight - Level,US Route,Wet,"Two-Way, Divided, Unprotected Median",None,No Special Feature,Smooth Asphalt,Coastal,Rural,50 - 55  MPH,No Control Present,Rain,No,"34.788948, -76.875984"
263,264,Yes,30-39,38,No,With Traffic,B: Evident Injury,Travel Lane,White,Female,Elizabeth City,Pasquotank,No,01-01-02,2009-06-09,Motorist Left Turn / Merge,11,Intersection,01-06-01,0001-01-01T06:56:58-04:56,Motorist Left Turn - Opposite Direction,111212,2009,B: Evident Injury,Residential,30-39,38,No,6-10 mph,O: No Injury,Black,Female,Passenger Car,No,No,Daylight,Rural (<30% Developed),2 lanes,2,Straight - Level,Local Street,Dry,"Two-Way, Divided, Unprotected Median",None,Four-Way Intersection,Grooved Concrete,Coastal,Urban,20 - 25  MPH,Stop And Go Signal,Clear,No,"36.302185, -76.22327"
270,271,Yes,50-59,55,No,With Traffic,B: Evident Injury,Travel Lane,White,Male,Davidson,Mecklenburg,No,01-01-05,2009-06-05,Bicyclist Overtaking Motorist,6,Non-Intersection,01-06-01,0001-01-01T01:32:58-04:56,Bicyclist Overtaking - Parked Vehicle,311243,2009,B: Evident Injury,Residential,,,Missing,,Injury,/Missing,,Van,No,No,Daylight,Rural (<30% Developed),2 lanes,2,Straight - Grade,Local Street,Wet,"Two-Way, Not Divided",Road Surface Condition,No Special Feature,Smooth Asphalt,Piedmont,Urban,,No Control Present,Clear,No,"35.493023, -80.84684"
272,273,Yes,50-59,52,No,Facing Traffic,C: Possible Injury,Sidewalk / Crosswalk / Driveway Crossing,Black,Male,Wilmington,New Hanover,No,01-01-02,2009-06-16,Motorist Failed to Yield - Sign-Controlled Intersection,20,Intersection,01-06-01,0001-01-01T15:53:58-04:56,Motorist Drive Out - Sign-Controlled Intersection,132141,2009,C: Possible Injury,Residential,,,Missing,11-15 mph,Injury,/Missing,,,No,Yes,Dark - Lighted Roadway,Urban (>70% Developed),5 lanes,2,Straight - Level,Local Street,Dry,"One-Way, Not Divided",None,No Special Feature,Smooth Asphalt,Coastal,Urban,30 - 35  MPH,Stop Sign,Clear,No,"34.228256, -77.92667"
275,276,No,25-29,25,No,Not Applicable,O: No Injury,Other,Black,Male,Wilmington,New Hanover,No,01-01-07,2009-06-14,Parallel Paths - Other Circumstances,0,Intersection,01-06-01,0000-12-31T19:13:58-04:56,Parallel Paths - Other /,183280,2009,O: No Injury,Residential,30-39,39,No,11-15 mph,O: No Injury,White,Male,Police,No,No,Dark - Lighted Roadway,Urban (>70% Developed),2 lanes,2,Straight - Level,Local Street,Dry,"Two-Way, Not Divided",None,Four-Way Intersection,Smooth Asphalt,Coastal,Urban,20 - 25  MPH,Stop Sign,Cloudy,No,"34.241554, -77.93721"
277,278,No,30-39,33,No,With Traffic,C: Possible Injury,Travel Lane,White,Male,None - Rural Crash,Wake,No,01-01-07,2009-06-21,Bicyclist Left Turn / Merge,8,Intersection,01-06-01,0001-01-01T03:22:58-04:56,Bicyclist Left Turn - Same Direction,111221,2009,C: Possible Injury,Residential,0-19,18,No,41-45 mph,O: No Injury,White,Female,Passenger Car,No,No,Daylight,Mixed (30% To 70% Developed),2 lanes,2,Straight - Level,NC Route,Dry,"Two-Way, Not Divided",None,Y-Intersection,Smooth Asphalt,Piedmont,Rural,40 - 45  MPH,"Double Yellow Line, No Passing Zone",Clear,No,"35.969604, -78.56126"
282,283,Yes,50-59,51,No,,B: Evident Injury,Travel Lane,Black,Male,Durham,Durham,No,,2009-06-15,Bicyclist Failed to Yield - Midblock,17,Non-Intersection,01-06-01,0001-01-01T12:35:58-04:56,Bicyclist Ride Out - Midblock -,319319,2009,B: Evident Injury,Commercial,20-24,22,No,11-15 mph,O: No Injury,Black,Male,Passenger Car,No,No,Daylight,Urban (>70% Developed),3 lanes,2,Straight - Level,Local Street,Dry,"One-Way, Not Divided",None,Y-Intersection,Smooth Asphalt,Piedmont,Urban,20 - 25  MPH,No Control Present,Clear,No,"35.995087, -78.89728"
285,286,Yes,40-49,45,No,With Traffic,C: Possible Injury,Bike Lane / Paved Shoulder,White,Male,Chapel Hill,Orange,No,01-01-04,2009-06-18,Bicyclist Overtaking Motorist,17,Non-Intersection,01-06-01,0001-01-01T12:30:58-04:56,Bicyclist Overtaking - Other /,321249,2009,C: Possible Injury,"Farms, Woods, Pastures",,,Missing,,Injury,/Missing,,Van,No,No,Daylight,Mixed (30% To 70% Developed),2 lanes,2,Straight - Level,Local Street,Dry,"Two-Way, Not Divided",None,No Special Feature,Smooth Asphalt,Piedmont,Urban,30 - 35  MPH,"Double Yellow Line, No Passing Zone",Clear,No,"35.931194, -79.06254"
295,296,Yes,50-59,51,No,Facing Traffic,C: Possible Injury,Sidewalk / Crosswalk / Driveway Crossing,White,Female,Wilmington,New Hanover,No,01-01-03,2009-06-17,Motorist Failed to Yield - Signalized Intersection,15,Intersection,01-06-01,0001-01-01T10:55:58-04:56,Motorist Drive Out - Right Turn on Red,132151,2009,C: Possible Injury,Commercial,50-59,50,No,0-5 mph,O: No Injury,White,Female,Sport Utility,No,No,Daylight,Urban (>70% Developed),3 lanes,2,Straight - Level,Local Street,Dry,"Two-Way, Not Divided",None,T-Intersection,Smooth Asphalt,Coastal,Urban,30 - 35  MPH,Stop And Go Signal,Clear,No,"34.231583, -77.87965"
299,300,No,16-19,16,No,With Traffic,O: No Injury,Travel Lane,White,Male,Erwin,Harnett,No,01-01-02,2009-06-23,Motorist Overtaking Bicyclist,16,Intersection,01-06-01,0001-01-01T11:03:58-04:56,Motorist Overtaking - Undetected Bicyclist,111231,2009,O: No Injury,Residential,25-29,29,No,31-35 mph,O: No Injury,White,Male,Van,No,No,Daylight,Urban (>70% Developed),,2,,.,Dry,,None,No Special Feature,,Coastal,Rural,30 - 35  MPH,No Control Present,Clear,No,"35.317974, -78.6802"
303,304,Yes,25-29,26,No,With Traffic,B: Evident Injury,Travel Lane,White,Male,None - Rural Crash,Sampson,No,01-01-02,2009-06-30,Motorist Overtaking Bicyclist,21,Non-Intersection,01-06-01,0001-01-01T16:48:58-04:56,Motorist Overtaking - Other /,311239,2009,B: Evident Injury,"Farms, Woods, Pastures",60-69,69,No,51-55 mph,O: No Injury,White,Male,Passenger Car,No,No,Dark - Roadway Not Lighted,Rural (<30% Developed),2 lanes,2,Curve - Level,State Secondary Route,Dry,"Two-Way, Not Divided",None,No Special Feature,Smooth Asphalt,Coastal,Rural,50 - 55  MPH,"Double Yellow Line, No Passing Zone",Clear,No,"34.944477, -78.56627"
305,306,Yes,15-Nov,12,No,,C: Possible Injury,Travel Lane,White,Female,Garner,Wake,No,01-01-02,2009-06-16,Other /  - Insufficient Details,19,Non-Intersection,01-06-01,0001-01-01T14:07:58-04:56,Approach Paths,319970,2009,C: Possible Injury,Residential,20-24,23,No,6-10 mph,O: No Injury,Black,Female,Sport Utility,No,No,Daylight,Urban (>70% Developed),2 lanes,2,Straight - Level,Local Street,Wet,"Two-Way, Not Divided",None,No Special Feature,Smooth Asphalt,Piedmont,Urban,20 - 25  MPH,No Control Present,Cloudy,No,"35.710613, -78.62492"
309,310,Yes,30-39,39,No,With Traffic,A: Disabling Injury,Bike Lane / Paved Shoulder,White,Male,None - Rural Crash,Union,No,01-01-05,2009-06-12,Bicyclist Left Turn / Merge,17,Non-Intersection,01-06-01,0001-01-01T12:07:58-04:56,Bicyclist Left Turn - Same Direction,321221,2009,A: Disabling Injury,"Farms, Woods, Pastures",25-29,29,No,51-55 mph,O: No Injury,Black,Female,Passenger Car,No,No,Daylight,Rural (<30% Developed),2 lanes,2,Straight - Level,US Route,Dry,"Two-Way, Not Divided",None,No Special Feature,Smooth Asphalt,Piedmont,Rural,50 - 55  MPH,"Double Yellow Line, No Passing Zone",Clear,Yes,"34.936245, -80.48663"
322,323,Yes,15-Nov,15,No,With Traffic,B: Evident Injury,Travel Lane,Black,Male,Raleigh,Wake,No,,2009-06-22,Motorist Overtaking Bicyclist,18,Non-Intersection,01-06-01,0001-01-01T13:03:58-04:56,Motorist Overtaking - Misjudged Space,311232,2009,B: Evident Injury,Commercial,40-49,49,No,31-35 mph,O: No Injury,White,Male,Passenger Car,No,No,Daylight,Urban (>70% Developed),2 lanes,2,Straight - Level,Local Street,Dry,"Two-Way, Not Divided",None,No Special Feature,Smooth Asphalt,Piedmont,Urban,30 - 35  MPH,No Control Present,Clear,No,"35.75988, -78.637566"
327,328,Yes,15-Nov,14,No,With Traffic,C: Possible Injury,Travel Lane,Black,Male,Durham,Durham,No,01-01-06,2009-07-04,Bicyclist Failed to Yield - Sign-Controlled Intersection,14,Intersection,01-07-01,0001-01-01T09:25:58-04:56,Bicyclist Ride Through - Sign-Controlled Intersection,111144,2009,C: Possible Injury,Residential,20-24,22,No,26-30 mph,O: No Injury,Black,Female,Van,No,No,Daylight,Urban (>70% Developed),2 lanes,2,Straight - Level,Local Street,Dry,"Two-Way, Not Divided",None,No Special Feature,Coarse Asphalt,Piedmont,Urban,30 - 35  MPH,Stop Sign,Clear,No,"35.987915, -78.88871"
335,336,No,15-Nov,13,No,Not Applicable,C: Possible Injury,Non-Roadway,White,Male,Kinston,Lenoir,No,01-01-07,2009-06-07,Non-Roadway,17,Non-Roadway,01-06-01,0001-01-01T12:28:58-04:56,Non-Roadway,460910,2009,C: Possible Injury,Commercial,40-49,44,No,6-10 mph,O: No Injury,White,Female,Passenger Car,No,No,Daylight,Urban (>70% Developed),,2,Straight - Level,Local Street,Dry,"Two-Way, Not Divided",None,Other,Coarse Asphalt,Coastal,Urban,,No Control Present,Clear,No,"35.259533, -77.579994"
340,341,Yes,15-Nov,14,No,Facing Traffic,B: Evident Injury,Sidewalk / Crosswalk / Driveway Crossing,White,Male,Greensboro,Guilford,No,01-01-05,2009-07-03,Motorist Failed to Yield - Signalized Intersection,14,Intersection,01-07-01,0001-01-01T09:23:58-04:56,Motorist Drive Out - Right Turn on Red,132151,2009,B: Evident Injury,Commercial,30-39,32,No,6-10 mph,O: No Injury,Black,Female,Passenger Car,No,No,Daylight,Urban (>70% Developed),4 lanes,2,Straight - Level,Local Street,Dry,"Two-Way, Not Divided",None,Four-Way Intersection,Smooth Asphalt,Piedmont,Urban,30 - 35  MPH,Stop And Go Signal,Clear,No,"36.08651, -79.84102"
342,343,No,60-69,62,No,Facing Traffic,B: Evident Injury,Travel Lane,White,Male,Charlotte,Mecklenburg,No,01-01-02,2009-06-30,Motorist Failed to Yield - Sign-Controlled Intersection,9,Intersection,01-06-01,0001-01-01T04:27:58-04:56,Motorist Drive Out - Sign-Controlled Intersection,112141,2009,B: Evident Injury,Commercial,70,,No,0-5 mph,O: No Injury,White,Male,Passenger Car,No,No,Daylight,Urban (>70% Developed),7 lanes,2,Straight - Level,Local Street,Dry,"Two-Way, Divided, Unprotected Median",None,No Special Feature,Smooth Asphalt,Piedmont,Urban,30 - 35  MPH,No Control Present,Clear,No,"35.148678, -80.832146"
350,351,No,40-49,45,No,With Traffic,B: Evident Injury,Travel Lane,Black,Male,None - Rural Crash,Johnston,No,01-01-06,2009-07-04,Motorist Overtaking Bicyclist,14,Non-Intersection,01-07-01,0001-01-01T09:40:58-04:56,Motorist Overtaking - Misjudged Space,311232,2009,B: Evident Injury,"Farms, Woods, Pastures",,,No,51-55 mph,Injury,/Missing,,,No,Yes,Daylight,Rural (<30% Developed),2 lanes,2,Curve - Level,NC Route,Dry,"Two-Way, Not Divided",None,No Special Feature,Coarse Asphalt,Coastal,Rural,50 - 55  MPH,"Double Yellow Line, No Passing Zone",Clear,No,"35.584457, -78.29122"
353,354,Yes,20-24,23,No,With Traffic,C: Possible Injury,Travel Lane,White,Female,Charlotte,Mecklenburg,No,01-01-02,2009-07-07,Motorist Right Turn / Merge,12,Non-Intersection,01-07-01,0001-01-01T07:21:58-04:56,Motorist Right Turn - Same Direction,311213,2009,C: Possible Injury,Commercial,40-49,40,No,31-35 mph,O: No Injury,White,Female,Sport Utility,No,No,Daylight,Urban (>70% Developed),3 lanes,2,Straight - Level,Local Street,Dry,"Two-Way, Not Divided",None,No Special Feature,Smooth Asphalt,Piedmont,Urban,30 - 35  MPH,No Control Present,Cloudy,No,"35.200436, -80.84269"
359,360,Yes,20-24,22,No,With Traffic,B: Evident Injury,Travel Lane,White,Male,Raleigh,Wake,Yes,01-01-05,2009-06-26,Crossing Paths - Other Circumstances,22,Intersection,01-06-01,0001-01-01T17:46:58-04:56,Crossing Paths - Intersection - Other /,111180,2009,B: Evident Injury,Commercial,25-29,25,Yes,11-15 mph,O: No Injury,White,Male,Sport Utility,No,No,Dark - Lighted Roadway,Urban (>70% Developed),6 lanes,2,Straight - Bottom,Local Street,Dry,"Two-Way, Not Divided",None,Four-Way Intersection,Smooth Asphalt,Piedmont,Urban,20 - 25  MPH,Stop And Go Signal,Clear,No,"35.786224, -78.64725"
361,362,Yes,50-59,54,Yes,Not Applicable,B: Evident Injury,,Black,Male,Fayetteville,Cumberland,Yes,01-01-06,2009-07-11,Bicyclist Failed to Yield - Midblock,0,Non-Intersection,01-07-01,0000-12-31T19:45:58-04:56,Bicyclist Ride Out - Other Midblock,393318,2009,B: Evident Injury,Commercial,25-29,29,No,46-50 mph,C: Possible Injury,White,Male,Passenger Car,No,No,Dark - Lighted Roadway,Urban (>70% Developed),3 lanes,2,Straight - Level,Local Street,Dry,"Two-Way, Divided, Positive Median Barrier",None,No Special Feature,Smooth Asphalt,Coastal,Urban,40 - 45  MPH,No Control Present,Clear,No,"35.09943, -78.95742"
363,364,Yes,40-49,41,No,With Traffic,C: Possible Injury,Travel Lane,White,Male,None - Rural Crash,Guilford,No,01-01-07,2009-07-26,Motorist Failed to Yield - Sign-Controlled Intersection,10,Intersection,01-07-01,0001-01-01T05:45:58-04:56,Motorist Drive Out - Sign-Controlled Intersection,111141,2009,C: Possible Injury,Commercial,50-59,53,No,0-5 mph,O: No Injury,Black,Female,Passenger Car,No,No,Daylight,Mixed (30% To 70% Developed),2 lanes,2,Straight - Level,State Secondary Route,Dry,"Two-Way, Not Divided",None,Four-Way Intersection,Smooth Asphalt,Piedmont,Rural,40 - 45  MPH,"Double Yellow Line, No Passing Zone",Clear,No,"36.128033, -79.708084"
365,366,No,40-49,46,No,With Traffic,B: Evident Injury,Travel Lane,Black,Male,Winston-Salem,Forsyth,No,01-01-04,2009-07-16,Other / Unusual Circumstances,22,Non-Intersection,01-07-01,0001-01-01T17:13:58-04:56,Motorist Intentionally Caused,311510,2009,B: Evident Injury,Residential,,,Missing,16-20 mph,Injury,/Missing,,,No,Yes,Dark - Lighted Roadway,Urban (>70% Developed),2 lanes,2,Straight - Grade,Local Street,Dry,"Two-Way, Not Divided",None,No Special Feature,Coarse Asphalt,Piedmont,Urban,30 - 35  MPH,No Control Present,Clear,No,"36.055954, -80.21675"
389,390,Yes,25-29,25,No,With Traffic,B: Evident Injury,Travel Lane,White,Male,Chapel Hill,Orange,No,01-01-06,2009-07-25,Motorist Failed to Yield - Sign-Controlled Intersection,12,Intersection,01-07-01,0001-01-01T07:07:58-04:56,Motorist Drive Out - Sign-Controlled Intersection,111141,2009,B: Evident Injury,Commercial,50-59,54,No,0-5 mph,O: No Injury,Black,Male,Passenger Car,No,No,Daylight,Urban (>70% Developed),2 lanes,2,Straight - Grade,Local Street,Dry,"Two-Way, Not Divided",None,T-Intersection,Smooth Asphalt,Piedmont,Urban,20 - 25  MPH,Stop Sign,Clear,No,"35.91172, -79.06241"
394,395,Yes,15-Nov,14,No,Not Applicable,B: Evident Injury,Driveway / Alley,Other,Male,None - Rural Crash,Rockingham,No,,2009-08-03,Bicyclist Failed to Yield - Midblock,19,Non-Intersection,01-08-01,0001-01-01T14:27:58-04:56,Bicyclist Ride Out - Residential Driveway,353311,2009,B: Evident Injury,"Farms, Woods, Pastures",50-59,58,No,11-15 mph,O: No Injury,White,Female,Van,No,No,Daylight,Rural (<30% Developed),2 lanes,2,Straight - Level,State Secondary Route,Dry,"Two-Way, Not Divided",None,"Driveway, Private",Smooth Asphalt,Piedmont,Rural,30 - 35  MPH,No Control Present,Clear,No,"36.53548, -79.75993"
396,397,No,15-Nov,15,No,With Traffic,O: No Injury,Travel Lane,White,Male,Whiteville,Columbus,No,,2009-07-20,Motorist Overtaking Bicyclist,8,Non-Intersection,01-07-01,0001-01-01T03:33:58-04:56,Motorist Overtaking - Misjudged Space,311232,2009,O: No Injury,Residential,,,Missing,,Injury,/Missing,,,No,Yes,Daylight,Urban (>70% Developed),2 lanes,2,Straight - Hillcrest,Local Street,Wet,"One-Way, Not Divided",None,No Special Feature,Coarse Asphalt,Coastal,Urban,,No Control Present,Cloudy,No,"34.343067, -78.69071"
403,404,No,30-39,30,Yes,With Traffic,O: No Injury,Sidewalk / Crosswalk / Driveway Crossing,White,Male,Raleigh,Wake,Yes,01-01-04,2009-06-25,Motorist Failed to Yield - Signalized Intersection,17,Intersection,01-06-01,0001-01-01T12:33:58-04:56,Motorist Drive Out - Signalized Intersection,131152,2009,O: No Injury,Residential,70,,No,,O: No Injury,White,Male,Passenger Car,No,No,Daylight,Urban (>70% Developed),4 lanes,2,Straight - Level,Local Street,Dry,"Two-Way, Not Divided",None,Four-Way Intersection,Coarse Asphalt,Piedmont,Urban,40 - 45  MPH,Stop And Go Signal,Clear,No,"35.87316, -78.69164"
408,409,No,60-69,60,No,Not Applicable,B: Evident Injury,Bike Lane / Paved Shoulder,White,Male,None - Rural Crash,Wake,No,01-01-02,2009-08-04,Loss of Control / Turning Error,8,Non-Intersection,01-08-01,0001-01-01T03:48:58-04:56,Motorist Lost Control - Other /,323139,2009,B: Evident Injury,"Farms, Woods, Pastures",,,No,41-45 mph,Injury,/Missing,,Passenger Car,No,Yes,Daylight,Rural (<30% Developed),2 lanes,2,Straight - Level,State Secondary Route,Dry,"Two-Way, Not Divided",None,No Special Feature,Smooth Asphalt,Piedmont,Rural,40 - 45  MPH,No Control Present,Clear,No,"35.580185, -78.743416"