FID,OBJECTID,AmbulanceR,BikeAge_Gr,Bike_Age,Bike_Alc_D,Bike_Dir,Bike_Injur,Bike_Pos,Bike_Race,Bike_Sex,City,County,CrashAlcoh,CrashDay,Crash_Date,Crash_Grp,Crash_Hour,Crash_Loc,Crash_Mont,Crash_Time,Crash_Type,Crash_Ty_1,Crash_Year,Crsh_Sevri,Developmen,DrvrAge_Gr,Drvr_Age,Drvr_Alc_D,Drvr_EstSp,Drvr_Injur,Drvr_Race,Drvr_Sex,Drvr_VehTy,ExcsSpdInd,Hit_Run,Light_Cond,Locality,Num_Lanes,Num_Units,Rd_Charact,Rd_Class,Rd_Conditi,Rd_Config,Rd_Defects,Rd_Feature,Rd_Surface,Region,Rural_Urba,Speed_Limi,Traff_Cntr,Weather,Workzone_I,Location
420,421,Yes,25-29,28,No,With Traffic,B: Evident Injury,Travel Lane,White,Male,None - Rural Crash,Wilkes,No,01-01-06,2009-07-18,Motorist Overtaking Bicyclist,18,Non-Intersection,01-07-01,0001-01-01T13:48:58-04:56,Motorist Overtaking - Other /,311239,2009,B: Evident Injury,Residential,,,Missing,41-45 mph,Injury,/Missing,,,No,Yes,Daylight,Urban (>70% Developed),2 lanes,2,Straight - Grade,State Secondary Route,Dry,"Two-Way, Divided, Unprotected Median",None,No Special Feature,Smooth Asphalt,Mountains,Rural,50 - 55  MPH,"Double Yellow Line, No Passing Zone",Clear,No,"36.142803, -81.102264"
422,423,No,10-Jun,9,No,Not Applicable,O: No Injury,Driveway / Alley,Black,Male,Durham,Durham,No,01-01-05,2009-08-07,Bicyclist Failed to Yield - Midblock,10,Non-Intersection,01-08-01,0001-01-01T05:12:58-04:56,Bicyclist Ride Out - Other Midblock,353318,2009,O: No Injury,Commercial,0-19,15,No,21-25 mph,O: No Injury,Black,Female,Sport Utility,No,No,Daylight,Urban (>70% Developed),3 lanes,2,Straight - Grade,Local Street,Dry,"Two-Way, Not Divided",None,"Driveway, Public",Smooth Asphalt,Piedmont,Urban,30 - 35  MPH,No Control Present,Clear,No,"35.993313, -78.88606"
424,425,No,40-49,48,No,With Traffic,B: Evident Injury,Travel Lane,White,Male,Wrightsville Beach,New Hanover,No,01-01-04,2009-08-06,Motorist Right Turn / Merge,9,Non-Intersection,01-08-01,0001-01-01T05:00:58-04:56,Motorist Right Turn - Same Direction,311213,2009,B: Evident Injury,Residential,30-39,34,No,11-15 mph,O: No Injury,White,Female,Van,No,No,Daylight,Urban (>70% Developed),2 lanes,2,Straight - Level,NC Route,Dry,"Two-Way, Not Divided",None,"Driveway, Public",Coarse Asphalt,Coastal,Rural,20 - 25  MPH,No Control Present,Clear,No,"34.22708, -77.78258"
426,427,Yes,50-59,59,No,With Traffic,C: Possible Injury,Travel Lane,White,Female,None - Rural Crash,Gaston,No,01-01-07,2009-08-16,Motorist Overtaking Bicyclist,18,Non-Intersection,01-08-01,0001-01-01T13:11:58-04:56,Motorist Overtaking - Misjudged Space,311232,2009,C: Possible Injury,"Farms, Woods, Pastures",20-24,21,No,31-35 mph,O: No Injury,White,Female,Passenger Car,No,No,Daylight,Rural (<30% Developed),2 lanes,2,Straight - Level,State Secondary Route,Dry,"Two-Way, Not Divided",None,No Special Feature,Smooth Asphalt,Piedmont,Rural,40 - 45  MPH,"Double Yellow Line, No Passing Zone",Cloudy,No,"35.38871, -81.00123"
429,430,Yes,10-Jun,7,No,Not Applicable,B: Evident Injury,Non-Roadway,White,Male,Asheville,Buncombe,No,01-01-02,2009-08-04,Non-Roadway,18,Non-Roadway,01-08-01,0001-01-01T13:04:58-04:56,Non-Roadway,460910,2009,B: Evident Injury,Residential,,,Missing,0-5 mph,Injury,/Missing,,Passenger Car,No,No,Daylight,Urban (>70% Developed),2 lanes,2,Straight - Level,Local Street,Wet,"Two-Way, Not Divided",None,No Special Feature,Coarse Asphalt,Mountains,Urban,20 - 25  MPH,No Control Present,Rain,No,"35.593704, -82.56984"
662,663,No,20-24,20,No,With Traffic,C: Possible Injury,Travel Lane,White,Male,Raleigh,Wake,No,01-01-02,2011-09-20,Crossing Paths - Other Circumstances,18,Intersection,01-09-01,0001-01-01T13:44:58-04:56,Sign-Controlled Intersection - Other /,111148,2011,C: Possible Injury,Institutional,25-29,25,No,6-10 mph,O: No Injury,Black,Male,Passenger Car,No,No,Daylight,Urban (>70% Developed),3 lanes,2,Straight - Grade,Local Street,Dry,"Two-Way, Not Divided",None,No Special Feature,Coarse Asphalt,Piedmont,Urban,20 - 25  MPH,Stop Sign,Clear,No,"35.78699, -78.6746"
663,664,Yes,15-Nov,11,No,Facing Traffic,B: Evident Injury,Travel Lane,Black,Female,Raleigh,Wake,No,01-01-03,2011-09-07,Bicyclist Failed to Yield - Sign-Controlled Intersection,17,Intersection,01-09-01,0001-01-01T12:37:58-04:56,Bicyclist Ride Through - Sign-Controlled Intersection,112144,2011,B: Evident Injury,Residential,20-24,24,No,21-25 mph,O: No Injury,Black,Male,Passenger Car,No,No,Daylight,Urban (>70% Developed),4 lanes,2,Straight - Level,Local Street,Dry,"Two-Way, Not Divided",None,Four-Way Intersection,Smooth Asphalt,Piedmont,Urban,20 - 25  MPH,Stop Sign,Clear,No,"35.7683, -78.6029"
669,670,Yes,60-69,60,No,With Traffic,C: Possible Injury,Travel Lane,White,Male,None - Rural Crash,Franklin,No,01-01-02,2011-09-13,Motorist Overtaking Bicyclist,7,Non-Intersection,01-09-01,0001-01-01T02:37:58-04:56,Motorist Overtaking - Misjudged Space,311232,2011,C: Possible Injury,"Farms, Woods, Pastures",30-39,34,No,36-40 mph,O: No Injury,White,Female,Passenger Car,No,No,Daylight,Rural (<30% Developed),2 lanes,2,Straight - Grade,State Secondary Route,Dry,"Two-Way, Not Divided",None,No Special Feature,Smooth Asphalt,Piedmont,Rural,50 - 55  MPH,No Control Present,Clear,No,"36.07758, -78.4977"
671,672,Yes,10-Jun,10,No,Not Applicable,A: Disabling Injury,Driveway / Alley,Hispanic,Female,None - Rural Crash,Randolph,No,01-01-05,2011-09-30,Bicyclist Failed to Yield - Midblock,14,Non-Intersection,01-09-01,0001-01-01T09:10:58-04:56,Bicyclist Ride Out - Residential Driveway,353311,2011,A: Disabling Injury,Residential,60-69,66,No,16-20 mph,O: No Injury,White,Female,Passenger Car,No,No,Daylight,Urban (>70% Developed),2 lanes,2,Straight - Grade,State Secondary Route,Dry,"Two-Way, Not Divided",None,"Driveway, Private",Coarse Asphalt,Piedmont,Rural,30 - 35  MPH,No Control Present,Clear,No,"35.67213, -79.8193"
673,674,Yes,10-Jun,9,No,Facing Traffic,B: Evident Injury,Travel Lane,Hispanic,Male,Raleigh,Wake,No,01-01-07,2011-10-02,Parallel Paths - Other Circumstances,15,Non-Intersection,01-10-01,0001-01-01T10:25:58-04:56,Parallel Paths - Other /,312280,2011,B: Evident Injury,Residential,20-24,20,No,16-20 mph,O: No Injury,Black,Male,Passenger Car,No,No,Daylight,Urban (>70% Developed),2 lanes,2,Curve - Level,Local Street,Dry,"Two-Way, Not Divided",None,No Special Feature,Smooth Asphalt,Piedmont,Urban,5 - 15 MPH,No Control Present,Clear,No,"35.73716, -78.5747"
674,675,Yes,15-Nov,15,No,Not Applicable,B: Evident Injury,Non-Roadway,White,Male,Columbia,Tyrrell,No,,2011-09-05,Bicyclist Failed to Yield - Midblock,18,Non-Intersection,01-09-01,0001-01-01T13:53:58-04:56,Bicyclist Ride Out - Commercial Driveway / Alley,363312,2011,B: Evident Injury,Residential,60-69,66,No,11-15 mph,O: No Injury,White,Male,Pickup,No,No,Daylight,Urban (>70% Developed),2 lanes,2,Straight - Level,Local Street,Dry,"Two-Way, Not Divided",None,No Special Feature,Smooth Asphalt,Coastal,Rural,20 - 25  MPH,No Control Present,Clear,No,"35.91894, -76.2526"
681,682,No,30-39,30,No,With Traffic,O: No Injury,Travel Lane,Black,Male,Durham,Durham,No,01-01-03,2011-10-05,Bicyclist Failed to Yield - Signalized Intersection,10,Intersection,01-10-01,0001-01-01T05:51:58-04:56,Bicyclist Ride Through - Signalized Intersection,111155,2011,O: No Injury,Commercial,30-39,32,No,31-35 mph,O: No Injury,White,Female,Passenger Car,No,No,Daylight,Urban (>70% Developed),2 lanes,2,Straight - Level,Local Street,Dry,"One-Way, Not Divided",None,No Special Feature,Smooth Asphalt,Piedmont,Urban,30 - 35  MPH,Stop And Go Signal,Clear,No,"36.03669, -78.8958"
683,684,Yes,15-Nov,15,No,With Traffic,C: Possible Injury,Sidewalk / Crosswalk / Driveway Crossing,Black,Male,Wilmington,New Hanover,No,01-01-04,2011-09-22,Loss of Control / Turning Error,8,Intersection,01-09-01,0001-01-01T03:05:58-04:56,Bicyclist Lost Control - Other /,131129,2011,C: Possible Injury,Residential,40-49,47,No,16-20 mph,O: No Injury,White,Female,Sport Utility,No,No,Daylight,Urban (>70% Developed),2 lanes,2,Straight - Level,Local Street,Dry,"One-Way, Not Divided",Debris,No Special Feature,Smooth Asphalt,Coastal,Urban,30 - 35  MPH,No Control Present,Clear,No,"34.23318, -77.9284"
688,689,Yes,15-Nov,12,No,Facing Traffic,C: Possible Injury,Sidewalk / Crosswalk / Driveway Crossing,Asian,Male,Cary,Wake,No,01-01-04,2011-09-29,Bicyclist Failed to Yield - Signalized Intersection,7,Intersection,01-09-01,0001-01-01T02:42:58-04:56,Bicyclist Ride Through - Signalized Intersection,132155,2011,C: Possible Injury,Residential,40-49,48,No,0-5 mph,O: No Injury,White,Female,Passenger Car,No,No,Daylight,Urban (>70% Developed),5 lanes,2,Straight - Bottom,State Secondary Route,Dry,"Two-Way, Divided, Unprotected Median",None,Four-Way Intersection,Smooth Asphalt,Piedmont,Urban,40 - 45  MPH,Stop And Go Signal,Clear,No,"35.77367, -78.846"
691,692,No,,,No,Not Applicable,Injury,Sidewalk / Crosswalk / Driveway Crossing,/Missing,,Carolina Beach,New Hanover,No,01-01-03,2011-09-07,Motorist Left Turn / Merge,14,Intersection,01-09-01,0001-01-01T09:23:58-04:56,Motorist Left Turn - Opposite Direction,133212,2011,O: No Injury,Residential,25-29,27,No,6-10 mph,O: No Injury,White,Female,Sport Utility,No,No,Daylight,Urban (>70% Developed),3 lanes,2,Straight - Level,.,Dry,"Two-Way, Not Divided",None,No Special Feature,Smooth Asphalt,Coastal,Urban,20 - 25  MPH,Stop And Go Signal,Clear,No,"34.03635, -77.8938"
696,697,No,20-24,22,No,Facing Traffic,B: Evident Injury,Sidewalk / Crosswalk / Driveway Crossing,Black,Female,Huntersville,Mecklenburg,No,01-01-05,2011-09-30,Motorist Failed to Yield - Signalized Intersection,6,Intersection,01-09-01,0001-01-01T01:22:58-04:56,Motorist Drive Out - Right Turn on Red,132151,2011,B: Evident Injury,Commercial,0-19,16,No,6-10 mph,O: No Injury,White,Female,Passenger Car,No,No,Dark - Roadway Not Lighted,Urban (>70% Developed),3 lanes,2,Straight - Level,Local Street,Dry,"Two-Way, Divided, Positive Median Barrier",None,Four-Way Intersection,Smooth Asphalt,Piedmont,Urban,30 - 35  MPH,Stop And Go Signal,Clear,No,"35.40616, -80.8659"
698,699,No,25-29,26,No,With Traffic,C: Possible Injury,Travel Lane,White,Male,Wilmington,New Hanover,No,01-01-03,2011-10-05,Motorist Failed to Yield - Midblock,13,Non-Intersection,01-10-01,0001-01-01T08:06:58-04:56,Motorist Drive Out - Commercial Driveway / Alley,311322,2011,C: Possible Injury,Commercial,20-24,21,No,6-10 mph,O: No Injury,White,Female,Passenger Car,No,No,Daylight,Urban (>70% Developed),8 lanes,2,Straight - Level,NC Route,Dry,"Two-Way, Divided, Unprotected Median",None,No Special Feature,Smooth Asphalt,Coastal,Urban,40 - 45  MPH,Stop And Go Signal,Clear,No,"34.22983, -77.8776"
699,700,Yes,16-19,19,No,With Traffic,B: Evident Injury,Sidewalk / Crosswalk / Driveway Crossing,Black,Male,Charlotte,Mecklenburg,No,01-01-02,2011-10-04,Motorist Right Turn / Merge,17,Intersection,01-10-01,0001-01-01T12:52:58-04:56,Motorist Right Turn - Same Direction,131213,2011,B: Evident Injury,Commercial,20-24,21,No,21-25 mph,O: No Injury,White,Female,Passenger Car,No,No,Daylight,Urban (>70% Developed),3 lanes,2,Straight - Level,Local Street,Dry,"Two-Way, Divided, Unprotected Median",None,No Special Feature,Smooth Asphalt,Piedmont,Urban,30 - 35  MPH,Stop And Go Signal,Clear,No,"35.25496, -80.8008"
701,702,No,,,No,With Traffic,Injury,Travel Lane,/Missing,,Wilmington,New Hanover,No,,2011-10-03,Motorist Overtaking Bicyclist,5,Non-Intersection,01-10-01,0001-01-01T00:06:58-04:56,Motorist Overtaking - Undetected Bicyclist,311231,2011,O: No Injury,Residential,30-39,33,No,41-45 mph,O: No Injury,White,Male,Pickup,No,No,Dark - Lighted Roadway,Urban (>70% Developed),4 lanes,2,Straight - Level,Local Street,Dry,"Two-Way, Divided, Positive Median Barrier",None,No Special Feature,Coarse Asphalt,Coastal,Urban,40 - 45  MPH,No Control Present,Clear,No,"34.24118, -77.8563"
805,806,Yes,50-59,52,Yes,With Traffic,C: Possible Injury,Travel Lane,Black,Male,Burlington,Alamance,Yes,01-01-05,2012-10-12,Loss of Control / Turning Error,20,Intersection-Related,01-10-01,0001-01-01T16:00:58-04:56,Motorist Turning Error - Left Turn,,2012,C: Possible Injury,Residential,60-69,62,No,31-35 mph,O: No Injury,Black,Male,Passenger Car,No,No,Dark - Roadway Not Lighted,Urban (>70% Developed),2 lanes,2,Straight - Level,Local Street,Dry,"Two-Way, Not Divided",None,No Special Feature,Coarse Asphalt,Piedmont,Urban,30 - 35  MPH,No Control Present,Clear,No,"36.10204, -79.4318"
808,809,Yes,25-29,27,No,With Traffic,B: Evident Injury,Travel Lane,White,Male,Wilmington,New Hanover,No,01-01-03,2012-10-10,Motorist Right Turn / Merge,17,Intersection,01-10-01,0001-01-01T12:18:58-04:56,Motorist Right Turn - Same Direction,,2012,B: Evident Injury,Commercial,,,Missing,21-25 mph,Injury,/Missing,,Pickup,No,Yes,Daylight,Urban (>70% Developed),4 lanes,2,Straight - Level,Local Street,Dry,"One-Way, Not Divided",None,No Special Feature,Coarse Asphalt,Coastal,Urban,30 - 35  MPH,Stop And Go Signal,Clear,No,"34.2255, -77.9276"
809,810,Yes,30-39,33,No,Facing Traffic,B: Evident Injury,Travel Lane,White,Male,Wilmington,New Hanover,No,,2012-10-15,Bicyclist Failed to Yield - Sign-Controlled Intersection,11,Intersection,01-10-01,0001-01-01T06:36:58-04:56,Bicyclist Ride Through - Sign-Controlled Intersection,,2012,B: Evident Injury,Residential,20-24,24,No,11-15 mph,O: No Injury,Black,Female,Passenger Car,No,No,Daylight,Urban (>70% Developed),8 lanes,2,Straight - Level,Local Street,Dry,"Two-Way, Not Divided",None,Four-Way Intersection,Other,Coastal,Urban,20 - 25  MPH,Stop Sign,Clear,No,"34.23165, -77.947"
813,814,No,10-Jun,9,No,,C: Possible Injury,,Hispanic,Female,Winston-Salem,Forsyth,No,01-01-05,2012-10-12,Bicyclist Failed to Yield - Midblock,16,Non-Intersection,01-10-01,0001-01-01T11:32:58-04:56,Bicyclist Ride Out - Midblock -,,2012,C: Possible Injury,Residential,,,Missing,,Injury,/Missing,,Passenger Car,No,Yes,Daylight,Urban (>70% Developed),2 lanes,2,Straight - Level,Local Street,Dry,"Two-Way, Not Divided",None,No Special Feature,Smooth Asphalt,Piedmont,Urban,20 - 25  MPH,No Control Present,Clear,No,"36.06687, -80.22"
822,823,Yes,25-29,28,No,With Traffic,C: Possible Injury,Travel Lane,White,Male,Greensboro,Guilford,No,01-01-03,2012-10-24,Motorist Left Turn / Merge,16,Intersection,01-10-01,0001-01-01T12:02:58-04:56,Motorist Left Turn - Opposite Direction,,2012,C: Possible Injury,Commercial,60-69,68,No,0-5 mph,O: No Injury,Black,Female,Passenger Car,No,No,Daylight,Urban (>70% Developed),3 lanes,2,Straight - Hillcrest,Local Street,Dry,"Two-Way, Divided, Unprotected Median",None,No Special Feature,Coarse Asphalt,Piedmont,Urban,30 - 35  MPH,"Double Yellow Line, No Passing Zone",Clear,No,"36.06736, -79.7906"
832,833,Yes,50-59,54,No,With Traffic,C: Possible Injury,Travel Lane,Black,Male,Raleigh,Wake,No,,2012-10-29,Crossing Paths - Other Circumstances,6,Intersection,01-10-01,0001-01-01T01:46:58-04:56,Signalized Intersection - Other /,,2012,C: Possible Injury,Commercial,60-69,62,No,11-15 mph,O: No Injury,White,Male,Passenger Car,No,No,Dark - Lighted Roadway,Mixed (30% To 70% Developed),3 lanes,2,Straight - Level,Local Street,Wet,"One-Way, Not Divided",None,No Special Feature,Smooth Asphalt,Piedmont,Urban,30 - 35  MPH,Stop And Go Signal,Rain,No,"35.7805, -78.6223"
835,836,No,,0,No,Facing Traffic,C: Possible Injury,Sidewalk / Crosswalk / Driveway Crossing,Black,Male,Greenville,Pitt,No,01-01-06,2012-10-27,Crossing Paths - Other Circumstances,20,Intersection,01-10-01,0001-01-01T15:31:58-04:56,Signalized Intersection - Other /,,2012,C: Possible Injury,Commercial,,,Missing,0-5 mph,Injury,/Missing,,Passenger Car,No,Yes,Dark - Lighted Roadway,Urban (>70% Developed),4 lanes,2,Straight - Level,Local Street,"Water (Standing, Moving)","Two-Way, Divided, Unprotected Median",None,Four-Way Intersection,Coarse Asphalt,Coastal,Urban,30 - 35  MPH,Stop And Go Signal,Rain,No,"35.5918, -77.3895"
842,843,No,20-24,21,No,With Traffic,C: Possible Injury,Bike Lane / Paved Shoulder,White,Male,Greensboro,Guilford,No,01-01-04,2012-10-18,Motorist Right Turn / Merge,10,Intersection,01-10-01,0001-01-01T05:36:58-04:56,Motorist Right Turn - Same Direction,,2012,C: Possible Injury,Institutional,0-19,19,No,21-25 mph,O: No Injury,White,Female,Passenger Car,No,No,Daylight,Urban (>70% Developed),2 lanes,2,Straight - Level,Local Street,Dry,"Two-Way, Divided, Positive Median Barrier",None,No Special Feature,Smooth Asphalt,Piedmont,Urban,20 - 25  MPH,Stop Sign,Clear,No,"36.06528, -79.8128"
844,845,Yes,50-59,50,No,With Traffic,B: Evident Injury,Travel Lane,White,Male,None - Rural Crash,Onslow,No,01-01-04,2012-11-01,Motorist Overtaking Bicyclist,18,Non-Intersection,01-11-01,0001-01-01T13:07:58-04:56,Motorist Overtaking - Other /,,2012,B: Evident Injury,Residential,30-39,30,No,26-30 mph,O: No Injury,Black,Male,Passenger Car,No,No,Daylight,Rural (<30% Developed),2 lanes,2,Straight - Level,State Secondary Route,Dry,"Two-Way, Not Divided",None,No Special Feature,Coarse Asphalt,Coastal,Rural,30 - 35  MPH,"Double Yellow Line, No Passing Zone",Clear,No,"34.81627, -77.4584"
848,849,Yes,40-49,46,No,Facing Traffic,B: Evident Injury,Sidewalk / Crosswalk / Driveway Crossing,White,Male,Greensboro,Guilford,No,01-01-06,2012-06-02,Motorist Failed to Yield - Midblock,20,Non-Intersection,01-06-01,0001-01-01T15:12:58-04:56,Motorist Drive Out - Commercial Driveway / Alley,,2012,B: Evident Injury,Commercial,,,No,6-10 mph,Injury,/Missing,,Passenger Car,No,Yes,Daylight,Urban (>70% Developed),,2,Straight - Hillcrest,Public Vehicular Area,Dry,,None,"Driveway, Public",Coarse Asphalt,Piedmont,Urban,5 - 15 MPH,No Control Present,Clear,No,"36.13156, -79.7965"
873,874,No,50-59,54,No,Facing Traffic,Injury,Travel Lane,Black,Male,Gastonia,Gaston,No,01-01-03,2012-10-24,Motorist Failed to Yield - Signalized Intersection,9,Intersection,01-10-01,0001-01-01T04:58:58-04:56,Motorist Drive Out - Right Turn on Red,,2012,Injury,Residential,,,Missing,0-5 mph,Injury,/Missing,,Sport Utility,No,Yes,Daylight,Urban (>70% Developed),2 lanes,2,Straight - Level,Local Street,Dry,"Two-Way, Not Divided",,Four-Way Intersection,Smooth Asphalt,Piedmont,Urban,30 - 35  MPH,Stop And Go Signal,Clear,No,"35.27027, -81.2226"
877,878,Yes,40-49,48,No,Facing Traffic,A: Disabling Injury,Travel Lane,Black,Male,Greenville,Pitt,No,01-01-03,2012-11-07,Bicyclist Failed to Yield - Sign-Controlled Intersection,18,Intersection-Related,01-11-01,0001-01-01T13:52:58-04:56,Bicyclist Ride Through - Sign-Controlled Intersection,,2012,A: Disabling Injury,Commercial,50-59,56,No,36-40 mph,O: No Injury,Black,Female,Van,No,No,Dark - Lighted Roadway,Urban (>70% Developed),5 lanes,2,Straight - Level,Local Street,Wet,"Two-Way, Not Divided",None,No Special Feature,Coarse Asphalt,Coastal,Urban,40 - 45  MPH,No Control Present,Rain,No,"35.59849, -77.3912"
886,887,No,20-24,20,No,With Traffic,C: Possible Injury,Travel Lane,Black,Male,None - Rural Crash,Johnston,No,01-01-04,2012-11-08,Loss of Control / Turning Error,11,Non-Intersection,01-11-01,0001-01-01T06:41:58-04:56,Motorist Turning Error - Left Turn,,2012,C: Possible Injury,Residential,,,No,16-20 mph,Injury,/Missing,,Pickup,No,Yes,Dark - Roadway Not Lighted,Rural (<30% Developed),2 lanes,2,Straight - Level,State Secondary Route,Dry,"Two-Way, Not Divided",None,T-Intersection,Coarse Asphalt,Coastal,Rural,5 - 15 MPH,Stop Sign,Clear,No,"35.79345, -78.2903"
890,891,Yes,50-59,59,No,With Traffic,C: Possible Injury,Travel Lane,White,Male,None - Rural Crash,Cleveland,No,,2012-11-19,Motorist Overtaking Bicyclist,17,Non-Intersection,01-11-01,0001-01-01T12:14:58-04:56,Motorist Overtaking - Other /,,2012,C: Possible Injury,"Farms, Woods, Pastures",50-59,55,No,51-55 mph,O: No Injury,White,Male,Pickup,No,No,Dusk,Rural (<30% Developed),9 or more lanes,2,Straight - Grade,State Secondary Route,Dry,"Two-Way, Not Divided",None,No Special Feature,Smooth Asphalt,Mountains,Rural,50 - 55  MPH,"Double Yellow Line, No Passing Zone",Clear,No,"35.26833, -81.6386"
895,896,Yes,15-Nov,12,No,Facing Traffic,B: Evident Injury,Sidewalk / Crosswalk / Driveway Crossing,Black,Male,Gastonia,Gaston,Yes,01-01-06,2012-10-20,Motorist Left Turn / Merge,19,Intersection,01-10-01,0001-01-01T14:38:58-04:56,Motorist Left Turn - Same Direction,,2012,B: Evident Injury,Commercial,30-39,35,Yes,16-20 mph,O: No Injury,White,Female,Passenger Car,No,No,Dusk,Urban (>70% Developed),2 lanes,2,Straight - Level,Local Street,Dry,"Two-Way, Not Divided",None,T-Intersection,Smooth Asphalt,Piedmont,Urban,30 - 35  MPH,Stop Sign,Clear,No,"35.26226, -81.1957"
896,897,Yes,25-29,29,No,Facing Traffic,B: Evident Injury,Sidewalk / Crosswalk / Driveway Crossing,White,Male,Greenville,Pitt,No,,2012-11-19,Motorist Failed to Yield - Sign-Controlled Intersection,20,Intersection,01-11-01,0001-01-01T15:11:58-04:56,Motorist Drive Out - Sign-Controlled Intersection,,2012,B: Evident Injury,Residential,30-39,33,No,0-5 mph,O: No Injury,White,Female,Sport Utility,No,No,Dark - Lighted Roadway,Urban (>70% Developed),7 lanes,2,Straight - Level,Local Street,Dry,"Two-Way, Not Divided",None,T-Intersection,Coarse Asphalt,Coastal,Urban,40 - 45  MPH,Stop Sign,Clear,No,"35.57765, -77.3628"
901,902,No,15-Nov,15,No,Facing Traffic,C: Possible Injury,Travel Lane,Black,Male,Jacksonville,Onslow,No,01-01-03,2012-10-31,Motorist Failed to Yield - Sign-Controlled Intersection,17,Intersection,01-10-01,0001-01-01T12:08:58-04:56,Motorist Drive Out - Sign-Controlled Intersection,,2012,C: Possible Injury,Residential,40-49,47,No,11-15 mph,O: No Injury,White,Male,Passenger Car,No,No,Daylight,Urban (>70% Developed),2 lanes,2,Straight - Level,Local Street,Dry,"Two-Way, Not Divided",None,No Special Feature,Smooth Asphalt,Coastal,Urban,20 - 25  MPH,Stop Sign,Clear,No,"34.77942, -77.4263"
925,926,Yes,20-24,22,No,With Traffic,B: Evident Injury,Travel Lane,White,Male,Fayetteville,Cumberland,No,01-01-04,2012-11-08,Motorist Overtaking Bicyclist,7,Non-Intersection,01-11-01,0001-01-01T02:21:58-04:56,Motorist Overtaking - Undetected Bicyclist,,2012,B: Evident Injury,Commercial,40-49,41,No,21-25 mph,O: No Injury,White,Female,Sport Utility,No,No,Daylight,Urban (>70% Developed),5 lanes,2,Straight - Hillcrest,Local Street,Dry,"Two-Way, Not Divided",None,No Special Feature,Concrete,Coastal,Urban,30 - 35  MPH,No Control Present,Clear,No,"35.06066, -78.9157"
929,930,Yes,50-59,50,Yes,With Traffic,B: Evident Injury,,Black,Male,None - Rural Crash,Scotland,Yes,01-01-04,2012-11-29,Motorist Overtaking Bicyclist,22,Non-Intersection,01-11-01,0001-01-01T17:38:58-04:56,Motorist Overtaking - Other /,,2012,B: Evident Injury,Residential,20-24,24,No,51-55 mph,O: No Injury,White,Male,Pickup,No,No,Dark - Roadway Not Lighted,Urban (>70% Developed),2 lanes,2,Straight - Level,State Secondary Route,Dry,"Two-Way, Not Divided",None,No Special Feature,Coarse Asphalt,Coastal,Rural,50 - 55  MPH,No Control Present,Clear,No,"34.69047, -79.5297"
934,935,No,40-49,46,No,Facing Traffic,C: Possible Injury,Travel Lane,Native American,Male,Pembroke,Robeson,No,01-01-05,2012-11-30,Head-On,14,Intersection,01-11-01,0001-01-01T09:53:58-04:56,Head-On - Bicyclist,,2012,C: Possible Injury,Commercial,30-39,39,No,26-30 mph,O: No Injury,Native American,Female,Passenger Car,No,No,Daylight,Urban (>70% Developed),2 lanes,2,Straight - Level,Local Street,Dry,"Two-Way, Divided, Unprotected Median",None,No Special Feature,Smooth Asphalt,Coastal,Rural,30 - 35  MPH,No Control Present,Clear,No,"34.68436, -79.1885"
941,942,Yes,30-39,36,No,With Traffic,C: Possible Injury,Bike Lane / Paved Shoulder,White,Male,None - Rural Crash,Durham,No,01-01-07,2012-12-02,Loss of Control / Turning Error,16,Non-Intersection,01-12-01,0001-01-01T11:25:58-04:56,"Motorist Lost Control - Oversteering, Improper Braking, Speed",,2012,C: Possible Injury,"Farms, Woods, Pastures",70,70,No,41-45 mph,O: No Injury,White,Male,Pickup,No,No,Daylight,Rural (<30% Developed),2 lanes,2,Straight - Grade,NC Route,Dry,"Two-Way, Not Divided",None,No Special Feature,Smooth Asphalt,Piedmont,Rural,50 - 55  MPH,"Double Yellow Line, No Passing Zone",Clear,No,"35.87333, -78.9484"
942,943,No,25-29,27,No,Facing Traffic,B: Evident Injury,Travel Lane,White,Female,Wilmington,New Hanover,No,01-01-07,2012-11-11,Motorist Failed to Yield - Sign-Controlled Intersection,16,Intersection,01-11-01,0001-01-01T11:19:58-04:56,Motorist Drive Out - Sign-Controlled Intersection,,2012,B: Evident Injury,Residential,50-59,58,No,0-5 mph,O: No Injury,White,Male,Passenger Car,No,No,Daylight,Urban (>70% Developed),2 lanes,2,Straight - Level,Local Street,Dry,"Two-Way, Not Divided",None,T-Intersection,Smooth Asphalt,Coastal,Urban,20 - 25  MPH,Yield Sign,Clear,No,"34.22937, -77.8327"
948,949,No,50-59,51,No,With Traffic,B: Evident Injury,Travel Lane,White,Male,None - Rural Crash,New Hanover,No,01-01-04,2012-12-06,Motorist Overtaking Bicyclist,15,Non-Intersection,01-12-01,0001-01-01T10:05:58-04:56,Motorist Overtaking - Other /,,2012,B: Evident Injury,Residential,70,70,No,41-45 mph,O: No Injury,White,Female,Passenger Car,No,No,Daylight,Mixed (30% To 70% Developed),2 lanes,2,Straight - Level,State Secondary Route,Dry,"Two-Way, Not Divided",None,No Special Feature,Coarse Asphalt,Coastal,Rural,40 - 45  MPH,No Control Present,Clear,No,"34.28626, -77.7728"