FID,OBJECTID,AmbulanceR,BikeAge_Gr,Bike_Age,Bike_Alc_D,Bike_Dir,Bike_Injur,Bike_Pos,Bike_Race,Bike_Sex,City,County,CrashAlcoh,CrashDay,Crash_Date,Crash_Grp,Crash_Hour,Crash_Loc,Crash_Mont,Crash_Time,Crash_Type,Crash_Ty_1,Crash_Year,Crsh_Sevri,Developmen,DrvrAge_Gr,Drvr_Age,Drvr_Alc_D,Drvr_EstSp,Drvr_Injur,Drvr_Race,Drvr_Sex,Drvr_VehTy,ExcsSpdInd,Hit_Run,Light_Cond,Locality,Num_Lanes,Num_Units,Rd_Charact,Rd_Class,Rd_Conditi,Rd_Config,Rd_Defects,Rd_Feature,Rd_Surface,Region,Rural_Urba,Speed_Limi,Traff_Cntr,Weather,Workzone_I,Location
949,950,Yes,30-39,33,No,Facing Traffic,K: Killed,Travel Lane,White,Female,Lumberton,Robeson,No,01-01-02,2012-12-04,Motorist Failed to Yield - Sign-Controlled Intersection,18,Intersection,01-12-01,0001-01-01T13:06:58-04:56,Motorist Drive Out - Sign-Controlled Intersection,,2012,K: Killed,Commercial,60-69,60,No,11-15 mph,O: No Injury,White,Female,Sport Utility,No,No,Dark -  Lighting,Urban (>70% Developed),6 lanes,3,Straight - Level,Local Street,Dry,"Two-Way, Not Divided",None,T-Intersection,Coarse Asphalt,Coastal,Urban,30 - 35  MPH,Stop Sign,Clear,No,"34.63257, -79.001"
954,955,No,50-59,54,No,With Traffic,C: Possible Injury,Travel Lane,White,Male,Mooresville,Iredell,No,01-01-05,2012-11-16,Motorist Left Turn / Merge,15,Intersection,01-11-01,0001-01-01T10:53:58-04:56,Motorist Left Turn - Opposite Direction,,2012,C: Possible Injury,Residential,50-59,59,No,11-15 mph,O: No Injury,White,Female,Passenger Car,No,No,Daylight,Rural (<30% Developed),3 lanes,2,Straight - Level,NC Route,Dry,"Two-Way, Not Divided",None,No Special Feature,Smooth Asphalt,Piedmont,Urban,30 - 35  MPH,No Control Present,Clear,No,"35.58813, -80.7975"
958,959,Yes,40-49,49,No,Facing Traffic,B: Evident Injury,Travel Lane,Black,Male,Lumberton,Robeson,No,01-01-02,2012-11-27,Motorist Failed to Yield - Signalized Intersection,19,Intersection,01-11-01,0001-01-01T14:49:58-04:56,Motorist Drive Out - Right Turn on Red,,2012,B: Evident Injury,Commercial,,,Missing,31-35 mph,Injury,/Missing,,,No,Yes,Dark - Lighted Roadway,Urban (>70% Developed),2 lanes,2,Straight - Level,Local Street,Wet,"Two-Way, Not Divided",None,T-Intersection,Coarse Asphalt,Coastal,Urban,30 - 35  MPH,Stop And Go Signal,Cloudy,No,"34.61424, -79.0184"
980,981,Yes,50-59,54,No,Not Applicable,B: Evident Injury,Non-Roadway,Black,Male,Fayetteville,Cumberland,No,01-01-06,2012-12-01,Bicyclist Failed to Yield - Midblock,9,Non-Intersection,01-12-01,0001-01-01T04:58:58-04:56,Bicyclist Ride Out - Other Midblock,,2012,B: Evident Injury,Commercial,70,70,No,36-40 mph,O: No Injury,White,Male,Passenger Car,No,No,Daylight,Urban (>70% Developed),3 lanes,2,Straight - Hillcrest,Local Street,Dry,"Two-Way, Divided, Unprotected Median",None,No Special Feature,Smooth Asphalt,Coastal,Urban,30 - 35  MPH,No Control Present,Clear,No,"35.03034, -78.8947"
987,988,No,25-29,26,No,With Traffic,B: Evident Injury,Travel Lane,White,Female,Durham,Durham,No,01-01-07,2012-12-23,Bicyclist Failed to Yield - Signalized Intersection,15,Intersection,01-12-01,0001-01-01T10:10:58-04:56,Bicyclist Ride Through - Signalized Intersection,,2012,B: Evident Injury,Residential,25-29,26,No,31-35 mph,O: No Injury,Black,Female,Passenger Car,No,No,Daylight,Urban (>70% Developed),3 lanes,2,Straight - Level,Local Street,Dry,"Two-Way, Not Divided",None,No Special Feature,Coarse Asphalt,Piedmont,Urban,30 - 35  MPH,Stop And Go Signal,Clear,No,"36.00026, -78.9077"
992,993,Yes,25-29,25,No,Facing Traffic,B: Evident Injury,Sidewalk / Crosswalk / Driveway Crossing,Black,Female,Charlotte,Mecklenburg,No,01-01-06,2012-12-29,Motorist Failed to Yield - Midblock,16,Non-Intersection,01-12-01,0001-01-01T11:07:58-04:56,Motorist Drive Out - Commercial Driveway / Alley,,2012,B: Evident Injury,Commercial,30-39,30,No,0-5 mph,O: No Injury,Black,Female,Sport Utility,No,No,Daylight,Urban (>70% Developed),2 lanes,2,Straight - Level,Local Street,Dry,"Two-Way, Not Divided",None,No Special Feature,Smooth Asphalt,Piedmont,Urban,5 - 15 MPH,Stop Sign,Cloudy,No,"35.20382, -80.7533"
1004,1005,Yes,16-19,18,No,With Traffic,B: Evident Injury,Sidewalk / Crosswalk / Driveway Crossing,Black,Female,Chapel Hill,Orange,No,01-01-03,2012-12-05,Bicyclist Failed to Yield - Signalized Intersection,10,Intersection,01-12-01,0001-01-01T05:44:58-04:56,Bicyclist Failed to Clear - Multiple Threat,,2012,B: Evident Injury,Institutional,25-29,26,No,0-5 mph,O: No Injury,White,Female,Sport Utility,No,No,Daylight,Urban (>70% Developed),3 lanes,2,Straight - Level,Local Street,Dry,"Two-Way, Not Divided",None,No Special Feature,Smooth Asphalt,Piedmont,Urban,20 - 25  MPH,Stop And Go Signal,Cloudy,No,"35.90852, -79.0529"
1009,1010,No,40-49,45,No,Facing Traffic,C: Possible Injury,Travel Lane,White,Male,Wilson,Wilson,No,01-01-03,2012-12-26,Crossing Paths - Other Circumstances,14,Intersection,01-12-01,0001-01-01T09:14:58-04:56,Sign-Controlled Intersection - Other /,,2012,C: Possible Injury,Residential,30-39,33,No,0-5 mph,O: No Injury,Black,Female,Passenger Car,No,No,Daylight,Urban (>70% Developed),2 lanes,2,Straight - Level,Local Street,Wet,"Two-Way, Not Divided",None,No Special Feature,Coarse Asphalt,Coastal,Urban,30 - 35  MPH,Stop Sign,Rain,No,"35.71799, -77.9256"
313,314,Yes,50-59,54,No,With Traffic,B: Evident Injury,Travel Lane,Black,Male,Wilson,Wilson,No,,2012-05-07,Motorist Failed to Yield - Sign-Controlled Intersection,23,Intersection,01-05-01,0001-01-01T18:17:58-04:56,Motorist Drive Out - Sign-Controlled Intersection,,2012,B: Evident Injury,Residential,0-19,18,No,31-35 mph,O: No Injury,White,Female,Passenger Car,No,No,Dark - Roadway Not Lighted,Mixed (30% To 70% Developed),2 lanes,2,Straight - Level,Local Street,Dry,"Two-Way, Not Divided",None,No Special Feature,Coarse Asphalt,Coastal,Urban,30 - 35  MPH,Stop Sign,Cloudy,No,"35.71613, -77.9194"
329,330,Yes,40-49,44,No,Facing Traffic,B: Evident Injury,Sidewalk / Crosswalk / Driveway Crossing,Hispanic,Male,Charlotte,Mecklenburg,No,01-01-04,2012-05-31,Head-On,11,Intersection,01-05-01,0001-01-01T06:28:58-04:56,Head-On - Bicyclist,,2012,B: Evident Injury,Residential,70,70,No,31-35 mph,O: No Injury,White,Male,Passenger Car,No,No,Daylight,Urban (>70% Developed),5 lanes,2,Straight - Grade,Local Street,Dry,"Two-Way, Divided, Positive Median Barrier",None,Four-Way Intersection,Smooth Asphalt,Piedmont,Urban,30 - 35  MPH,Stop And Go Signal,Clear,No,"35.09655, -80.8597"
334,335,No,,0,Missing,With Traffic,Injury,Travel Lane,/Missing,,Fayetteville,Cumberland,No,01-01-03,2012-05-09,Bicyclist Failed to Yield - Sign-Controlled Intersection,15,Intersection,01-05-01,0001-01-01T10:35:58-04:56,Bicyclist Ride Through - Sign-Controlled Intersection,,2012,O: No Injury,Residential,25-29,28,No,26-30 mph,O: No Injury,White,Female,Sport Utility,No,No,Daylight,Mixed (30% To 70% Developed),4 lanes,2,Straight - Level,Local Street,Wet,"Two-Way, Not Divided",None,No Special Feature,Smooth Asphalt,Coastal,Urban,20 - 25  MPH,Stop Sign,Rain,No,"35.02514, -78.9647"
350,351,Yes,10-Jun,7,No,,B: Evident Injury,,White,Female,Asheboro,Randolph,No,01-01-03,2012-05-30,Bicyclist Failed to Yield - Midblock,20,Non-Intersection,01-05-01,0001-01-01T15:38:58-04:56,Bicyclist Ride Out - Midblock -,,2012,B: Evident Injury,Residential,,,Missing,,Injury,/Missing,,Passenger Car,No,Yes,Daylight,Urban (>70% Developed),2 lanes,2,Straight - Bottom,State Secondary Route,Dry,"Two-Way, Not Divided",None,No Special Feature,Smooth Asphalt,Piedmont,Urban,30 - 35  MPH,No Control Present,Clear,No,"35.71642, -79.8077"
357,358,No,20-24,23,No,With Traffic,B: Evident Injury,Travel Lane,White,Male,Cary,Wake,No,01-01-04,2012-05-24,Bicyclist Overtaking Motorist,19,Intersection,01-05-01,0001-01-01T14:03:58-04:56,Bicyclist Overtaking - Passing on Right,,2012,B: Evident Injury,Residential,,,Missing,6-10 mph,Injury,/Missing,,Passenger Car,No,Yes,Daylight,Urban (>70% Developed),4 lanes,2,Straight - Level,State Secondary Route,Dry,"Two-Way, Divided, Unprotected Median",None,Four-Way Intersection,Smooth Asphalt,Piedmont,Urban,40 - 45  MPH,Stop And Go Signal,Other,No,"35.81891, -78.9023"
361,362,No,60-69,66,No,With Traffic,C: Possible Injury,Travel Lane,White,Male,None - Rural Crash,Guilford,No,01-01-05,2012-06-08,Loss of Control / Turning Error,13,Intersection,01-06-01,0001-01-01T08:53:58-04:56,Bicyclist Turning Error - Left Turn,,2012,C: Possible Injury,"Farms, Woods, Pastures",50-59,51,No,0-5 mph,O: No Injury,White,Female,Passenger Car,No,No,Daylight,Rural (<30% Developed),2 lanes,2,Straight - Grade,State Secondary Route,Dry,"Two-Way, Not Divided",None,T-Intersection,Coarse Asphalt,Piedmont,Rural,40 - 45  MPH,Stop Sign,Clear,No,"36.07593, -79.9952"
362,363,Yes,20-24,20,No,With Traffic,B: Evident Injury,Travel Lane,White,Male,Kitty Hawk,Dare,No,,2012-06-04,Motorist Overtaking Bicyclist,18,Non-Intersection,01-06-01,0001-01-01T13:15:58-04:56,Motorist Overtaking - Bicyclist Swerved,,2012,B: Evident Injury,Residential,30-39,31,No,31-35 mph,O: No Injury,White,Male,Passenger Car,No,No,Daylight,Mixed (30% To 70% Developed),2 lanes,2,Straight - Level,NC Route,Dry,"Two-Way, Not Divided",None,No Special Feature,Smooth Asphalt,Coastal,Rural,30 - 35  MPH,No Control Present,Clear,No,"36.06457, -75.7066"
365,366,Yes,30-39,39,No,Facing Traffic,C: Possible Injury,Sidewalk / Crosswalk / Driveway Crossing,Black,Male,Wilmington,New Hanover,No,01-01-02,2012-05-29,Motorist Failed to Yield - Midblock,17,Non-Intersection,01-05-01,0001-01-01T12:19:58-04:56,Motorist Drive Out - Commercial Driveway / Alley,,2012,C: Possible Injury,Commercial,20-24,24,No,0-5 mph,O: No Injury,White,Female,Sport Utility,No,No,Daylight,Urban (>70% Developed),3 lanes,2,Straight - Level,Public Vehicular Area,Dry,"Two-Way, Not Divided",None,No Special Feature,Coarse Asphalt,Coastal,Urban,20 - 25  MPH,No Control Present,Clear,No,"34.23097, -77.8781"
384,385,Yes,15-Nov,12,No,With Traffic,B: Evident Injury,Travel Lane,White,Male,None - Rural Crash,Gaston,No,,2012-06-18,Bicyclist Left Turn / Merge,19,Non-Intersection,01-06-01,0001-01-01T14:46:58-04:56,Bicyclist Left Turn - Same Direction,,2012,B: Evident Injury,Residential,30-39,30,No,41-45 mph,O: No Injury,White,Male,Van,No,No,Dusk,Rural (<30% Developed),2 lanes,2,Straight - Level,NC Route,Dry,"Two-Way, Not Divided",None,No Special Feature,Smooth Asphalt,Piedmont,Rural,40 - 45  MPH,"Double Yellow Line, No Passing Zone",Clear,No,"35.33229, -81.3201"
394,395,Yes,16-19,16,No,With Traffic,B: Evident Injury,Travel Lane,Black,Male,None - Rural Crash,Lenoir,No,01-01-03,2012-06-20,Motorist Overtaking Bicyclist,13,Non-Intersection,01-06-01,0001-01-01T08:58:58-04:56,Motorist Overtaking - Bicyclist Swerved,,2012,B: Evident Injury,Residential,40-49,48,No,41-45 mph,O: No Injury,Black,Female,Passenger Car,No,No,Daylight,Rural (<30% Developed),2 lanes,2,Straight - Level,State Secondary Route,Dry,"Two-Way, Not Divided",None,No Special Feature,Coarse Asphalt,Coastal,Rural,40 - 45  MPH,No Control Present,Clear,No,"35.28947, -77.5274"
400,401,Yes,20-24,24,Yes,With Traffic,B: Evident Injury,Travel Lane,Hispanic,Male,Charlotte,Mecklenburg,Yes,01-01-06,2012-06-23,Loss of Control / Turning Error,13,Non-Intersection,01-06-01,0001-01-01T08:10:58-04:56,Bicylist Lost Control - Alcohol / Drug Impairment,,2012,B: Evident Injury,Commercial,50-59,51,No,11-15 mph,O: No Injury,White,Male,Passenger Car,No,No,Daylight,Urban (>70% Developed),4 lanes,2,Straight - Level,Local Street,Dry,"Two-Way, Divided, Unprotected Median",None,No Special Feature,Smooth Asphalt,Piedmont,Urban,40 - 45  MPH,No Control Present,Clear,No,"35.21856, -80.7807"
402,403,Yes,20-24,21,No,Facing Traffic,C: Possible Injury,Travel Lane,Other,Male,Archdale,Randolph,No,01-01-04,2012-06-14,Bicyclist Failed to Yield - Signalized Intersection,20,Intersection,01-06-01,0001-01-01T15:59:58-04:56,Bicyclist Ride Through - Signalized Intersection,,2012,C: Possible Injury,Commercial,0-19,16,No,11-15 mph,O: No Injury,White,Female,Passenger Car,No,No,Dusk,Urban (>70% Developed),5 lanes,2,Straight - Level,Local Street,Dry,"Two-Way, Not Divided",None,Four-Way Intersection,Smooth Asphalt,Piedmont,Urban,30 - 35  MPH,Stop And Go Signal,Clear,No,"35.89992, -79.9465"
411,412,Yes,16-19,17,No,With Traffic,B: Evident Injury,Travel Lane,White,Male,Mooresville,Iredell,No,01-01-02,2012-06-19,Bicyclist Failed to Yield - Sign-Controlled Intersection,14,Intersection,01-06-01,0001-01-01T09:34:58-04:56,Bicyclist Ride Through - Sign-Controlled Intersection,,2012,B: Evident Injury,Commercial,70,70,No,16-20 mph,O: No Injury,White,Female,Sport Utility,No,No,Daylight,Urban (>70% Developed),2 lanes,2,Straight - Grade,Local Street,Dry,"Two-Way, Not Divided",None,T-Intersection,Smooth Asphalt,Piedmont,Urban,30 - 35  MPH,Stop Sign,Clear,No,"35.58269, -80.8101"
415,416,Yes,25-29,29,No,Facing Traffic,C: Possible Injury,Sidewalk / Crosswalk / Driveway Crossing,Black,Male,None - Rural Crash,Brunswick,No,01-01-02,2012-06-26,Motorist Failed to Yield - Midblock,14,Non-Intersection,01-06-01,0001-01-01T09:55:58-04:56,Motorist Drive Out - Commercial Driveway / Alley,,2012,C: Possible Injury,Commercial,25-29,26,No,11-15 mph,O: No Injury,White,Male,Pickup,No,No,Daylight,Urban (>70% Developed),3 lanes,2,Straight - Level,NC Route,Dry,"Two-Way, Not Divided",None,"Driveway, Public",Coarse Asphalt,Coastal,Rural,5 - 15 MPH,No Control Present,Clear,No,"33.95162, -78.0455"
421,422,Yes,16-19,17,No,Not Applicable,B: Evident Injury,Driveway / Alley,White,Male,None - Rural Crash,Transylvania,No,,2012-07-02,Bicyclist Failed to Yield - Midblock,15,Non-Intersection,01-07-01,0001-01-01T10:07:58-04:56,Bicyclist Ride Out - Residential Driveway,,2012,B: Evident Injury,"Farms, Woods, Pastures",0-19,17,No,36-40 mph,O: No Injury,White,Male,Pickup,No,No,Daylight,Rural (<30% Developed),2 lanes,2,Curve - Level,State Secondary Route,Dry,"Two-Way, Not Divided",None,No Special Feature,Smooth Asphalt,Mountains,Rural,40 - 45  MPH,"Double Yellow Line, No Passing Zone",Clear,No,"35.22394, -82.7044"
424,425,Yes,16-19,16,No,With Traffic,C: Possible Injury,Travel Lane,White,Male,Durham,Durham,No,01-01-06,2012-06-30,Motorist Overtaking Bicyclist,12,Non-Intersection,01-06-01,0001-01-01T07:12:58-04:56,Motorist Overtaking - Other /,,2012,C: Possible Injury,Residential,,,Missing,0-5 mph,Injury,/Missing,,Heavy Truck,No,Yes,Daylight,Urban (>70% Developed),2 lanes,2,Straight - Level,Local Street,Dry,"One-Way, Not Divided",None,No Special Feature,Smooth Asphalt,Piedmont,Urban,30 - 35  MPH,No Control Present,Clear,No,"35.97554, -78.9738"
427,428,No,15-Nov,15,No,With Traffic,B: Evident Injury,Sidewalk / Crosswalk / Driveway Crossing,Native American,Male,Hickory,Catawba,No,01-01-04,2012-06-28,Parallel Paths - Other Circumstances,11,Non-Intersection,01-06-01,0001-01-01T06:08:58-04:56,Bicyclist Ride Out - Parallel Path,,2012,B: Evident Injury,Commercial,,,Missing,16-20 mph,Injury,/Missing,,,No,Yes,Daylight,Urban (>70% Developed),3 lanes,2,Straight - Level,Local Street,Dry,"Two-Way, Not Divided",None,No Special Feature,Coarse Asphalt,Piedmont,Urban,30 - 35  MPH,No Control Present,Clear,No,"35.75398, -81.3433"
429,430,No,10-Jun,10,No,Not Applicable,C: Possible Injury,Driveway / Alley,White,Male,Charlotte,Mecklenburg,No,01-01-03,2012-06-27,Bicyclist Failed to Yield - Midblock,18,Non-Intersection,01-06-01,0001-01-01T13:56:58-04:56,Bicyclist Ride Out - Residential Driveway,,2012,C: Possible Injury,Residential,30-39,30,No,16-20 mph,O: No Injury,White,Male,Sport Utility,No,No,Dusk,Urban (>70% Developed),2 lanes,2,Straight - Hillcrest,Local Street,Dry,"Two-Way, Not Divided",None,"Driveway, Public",Smooth Asphalt,Piedmont,Urban,20 - 25  MPH,No Control Present,Clear,No,"35.19533, -80.8695"
431,432,Yes,30-39,32,No,With Traffic,B: Evident Injury,Travel Lane,White,Male,None - Rural Crash,Lee,No,01-01-07,2012-07-01,Motorist Overtaking Bicyclist,18,Non-Intersection,01-07-01,0001-01-01T13:13:58-04:56,Motorist Overtaking - Other /,,2012,B: Evident Injury,"Farms, Woods, Pastures",,,Missing,21-25 mph,Injury,/Missing,,Passenger Car,No,Yes,Daylight,Mixed (30% To 70% Developed),1 lane,2,Straight - Grade,Local Street,Dry,"One-Way, Not Divided",None,No Special Feature,Smooth Asphalt,Piedmont,Rural,20 - 25  MPH,No Control Present,Clear,No,"35.41533, -79.1102"
432,433,Yes,30-39,37,No,With Traffic,C: Possible Injury,Travel Lane,Hispanic,Male,None - Rural Crash,Hyde,No,01-01-03,2012-07-04,Motorist Overtaking Bicyclist,21,Non-Intersection,01-07-01,0001-01-01T16:23:58-04:56,Motorist Overtaking - Misjudged Space,,2012,C: Possible Injury,Commercial,20-24,20,No,6-10 mph,O: No Injury,White,Male,Pickup,No,No,Dark - Lighted Roadway,Urban (>70% Developed),2 lanes,2,Straight - Level,NC Route,Dry,"Two-Way, Not Divided",None,No Special Feature,Coarse Asphalt,Coastal,Rural,20 - 25  MPH,"Double Yellow Line, No Passing Zone",Clear,No,"35.1148, -75.9841"
434,435,No,30-39,30,No,With Traffic,O: No Injury,Travel Lane,White,Male,Cornelius,Mecklenburg,No,01-01-07,2012-06-17,Loss of Control / Turning Error,12,Intersection,01-06-01,0001-01-01T07:12:58-04:56,Bicyclist Lost Control - Mechanical Problems,,2012,O: No Injury,Commercial,60-69,62,No,,O: No Injury,White,Male,Passenger Car,No,No,Daylight,Urban (>70% Developed),2 lanes,2,Straight - Level,"Private Road, Driveway",Dry,"Two-Way, Not Divided",None,T-Intersection,Coarse Asphalt,Piedmont,Urban,30 - 35  MPH,Stop Sign,Clear,No,"35.47189, -80.8917"
441,442,Yes,50-59,57,No,With Traffic,C: Possible Injury,Bike Lane / Paved Shoulder,White,Male,None - Rural Crash,Dare,No,01-01-04,2012-06-28,Loss of Control / Turning Error,9,Non-Intersection,01-06-01,0001-01-01T04:52:58-04:56,Motorist Lost Control - Other /,,2012,C: Possible Injury,"Farms, Woods, Pastures",30-39,33,No,51-55 mph,O: No Injury,White,Male,Sport Utility,No,No,Daylight,Rural (<30% Developed),2 lanes,2,Straight - Level,NC Route,Dry,"Two-Way, Not Divided",None,No Special Feature,Coarse Asphalt,Coastal,Rural,50 - 55  MPH,No Control Present,Clear,No,"35.35359, -75.5031"
443,444,No,16-19,17,No,With Traffic,Injury,Travel Lane,White,Male,Waxhaw,Union,No,01-01-02,2012-06-26,Motorist Overtaking Bicyclist,16,Non-Intersection,01-06-01,0001-01-01T11:55:58-04:56,Motorist Overtaking - Bicyclist Swerved,,2012,C: Possible Injury,Commercial,25-29,25,No,41-45 mph,C: Possible Injury,White,Male,Sport Utility,No,No,Daylight,Mixed (30% To 70% Developed),2 lanes,2,Curve - Grade,State Secondary Route,Dry,"Two-Way, Divided, Unprotected Median",None,No Special Feature,Coarse Asphalt,Piedmont,Rural,40 - 45  MPH,"Double Yellow Line, No Passing Zone",Clear,No,"34.96158, -80.7446"
444,445,No,30-39,39,No,With Traffic,B: Evident Injury,Travel Lane,White,Male,Wilmington,New Hanover,No,01-01-05,2012-06-29,Motorist Left Turn / Merge,14,Intersection,01-06-01,0001-01-01T09:55:58-04:56,Motorist Left Turn - Opposite Direction,,2012,B: Evident Injury,Commercial,0-19,18,No,,O: No Injury,White,Male,Passenger Car,No,No,Daylight,Urban (>70% Developed),2 lanes,2,Straight - Level,Local Street,Dry,"Two-Way, Not Divided",None,No Special Feature,Smooth Asphalt,Coastal,Urban,,Stop And Go Signal,Clear,No,"34.22328, -77.8822"
446,447,No,10-Jun,8,No,With Traffic,B: Evident Injury,Travel Lane,/Missing,Female,Williamston,Martin,No,01-01-02,2012-06-26,Bicyclist Failed to Yield - Sign-Controlled Intersection,15,Intersection,01-06-01,0001-01-01T10:13:58-04:56,Bicyclist Ride Through - Sign-Controlled Intersection,,2012,B: Evident Injury,Residential,60-69,61,No,21-25 mph,O: No Injury,Black,Female,Passenger Car,No,No,Daylight,Urban (>70% Developed),1 lane,2,Straight - Grade,Local Street,Dry,"Two-Way, Not Divided",None,Four-Way Intersection,Grooved Concrete,Coastal,Urban,20 - 25  MPH,Stop Sign,Clear,No,"35.8514, -77.0524"
447,448,Yes,25-29,26,No,Facing Traffic,B: Evident Injury,Sidewalk / Crosswalk / Driveway Crossing,White,Female,Wilmington,New Hanover,No,01-01-05,2012-06-29,Motorist Failed to Yield - Midblock,17,Non-Intersection,01-06-01,0001-01-01T12:29:58-04:56,Motorist Drive Out - Commercial Driveway / Alley,,2012,B: Evident Injury,Commercial,40-49,42,No,0-5 mph,O: No Injury,White,Female,Sport Utility,No,No,Daylight,Urban (>70% Developed),2 lanes,2,Straight - Level,Local Street,Dry,"One-Way, Not Divided",None,Related To Intersection,Smooth Asphalt,Coastal,Urban,5 - 15 MPH,No Control Present,Clear,No,"34.23129, -77.8792"
451,452,Yes,40-49,45,Yes,With Traffic,K: Killed,Travel Lane,Black,Female,None - Rural Crash,Washington,Yes,01-01-07,2012-07-08,Motorist Overtaking Bicyclist,22,Non-Intersection,01-07-01,0001-01-01T17:39:58-04:56,Motorist Overtaking - Bicyclist Swerved,,2012,K: Killed,Residential,30-39,30,No,41-45 mph,O: No Injury,White,Male,Pickup,No,No,Dark - Roadway Not Lighted,Rural (<30% Developed),2 lanes,2,Straight - Level,State Secondary Route,Dry,"Two-Way, Not Divided",None,No Special Feature,Smooth Asphalt,Coastal,Rural,40 - 45  MPH,"Double Yellow Line, No Passing Zone",Clear,No,"35.86333, -76.7444"
456,457,Yes,40-49,44,No,With Traffic,A: Disabling Injury,Travel Lane,White,Male,None - Rural Crash,Iredell,No,01-01-06,2012-07-07,Motorist Overtaking Bicyclist,9,Non-Intersection,01-07-01,0001-01-01T04:51:58-04:56,Motorist Overtaking - Other /,,2012,A: Disabling Injury,"Farms, Woods, Pastures",30-39,38,No,51-55 mph,O: No Injury,White,Male,Passenger Car,No,No,Daylight,Rural (<30% Developed),2 lanes,2,Straight - Hillcrest,State Secondary Route,Dry,"Two-Way, Not Divided",None,"Driveway, Public",Coarse Asphalt,Piedmont,Rural,50 - 55  MPH,"Double Yellow Line, No Passing Zone",Clear,No,"35.84294, -80.8863"
462,463,Yes,30-39,30,No,,B: Evident Injury,Sidewalk / Crosswalk / Driveway Crossing,White,Male,Beaufort,Carteret,No,,2012-07-09,Parallel Paths - Other Circumstances,15,Intersection-Related,01-07-01,0001-01-01T10:58:58-04:56,Bicyclist Ride Out - Parallel Path,,2012,B: Evident Injury,Residential,25-29,27,No,6-10 mph,O: No Injury,Black,Male,Sport Utility,No,No,Daylight,Urban (>70% Developed),2 lanes,2,Straight - Level,Local Street,Dry,"Two-Way, Not Divided",None,No Special Feature,Smooth Asphalt,Coastal,Rural,20 - 25  MPH,Stop Sign,Clear,No,"34.72192, -76.662"
468,469,Yes,15-Nov,14,No,With Traffic,B: Evident Injury,Travel Lane,Black,Male,None - Rural Crash,Pitt,No,,2012-07-16,Bicyclist Left Turn / Merge,21,Intersection,01-07-01,0001-01-01T16:46:58-04:56,Bicyclist Left Turn - Same Direction,,2012,B: Evident Injury,Residential,20-24,24,No,36-40 mph,O: No Injury,Hispanic,Female,Van,No,No,Dark - Roadway Not Lighted,Mixed (30% To 70% Developed),2 lanes,2,Curve - Level,State Secondary Route,Dry,"Two-Way, Not Divided",None,T-Intersection,Smooth Asphalt,Coastal,Rural,40 - 45  MPH,"Double Yellow Line, No Passing Zone",Clear,No,"35.56864, -77.1862"
472,473,Yes,25-29,28,Yes,With Traffic,B: Evident Injury,Travel Lane,Black,Male,Durham,Durham,Yes,01-01-07,2012-07-15,Loss of Control / Turning Error,11,Intersection,01-07-01,0001-01-01T06:51:58-04:56,Bicyclist Turning Error - Right Turn,,2012,B: Evident Injury,Residential,30-39,37,No,31-35 mph,O: No Injury,Hispanic,Male,Sport Utility,No,No,Daylight,Urban (>70% Developed),2 lanes,2,Straight - Grade,Local Street,Dry,"Two-Way, Not Divided",None,Four-Way Intersection,Smooth Asphalt,Piedmont,Urban,30 - 35  MPH,Stop Sign,Clear,No,"35.99065, -78.8706"
478,479,No,10-Jun,8,No,Facing Traffic,C: Possible Injury,Travel Lane,White,Female,None - Rural Crash,Caldwell,No,01-01-02,2012-07-17,Bicyclist Failed to Yield - Sign-Controlled Intersection,10,Intersection,01-07-01,0001-01-01T05:44:58-04:56,Bicyclist Ride Through - Sign-Controlled Intersection,,2012,C: Possible Injury,Residential,70,70,No,11-15 mph,O: No Injury,White,Female,Pickup,No,No,Daylight,Urban (>70% Developed),2 lanes,2,Straight - Level,Local Street,Dry,"Two-Way, Not Divided",None,T-Intersection,Smooth Asphalt,Mountains,Rural,20 - 25  MPH,Stop Sign,Cloudy,No,"35.85406, -81.5361"
480,481,Yes,70,0,No,With Traffic,K: Killed,Travel Lane,White,Male,None - Rural Crash,Stokes,No,01-01-05,2012-06-22,Motorist Overtaking Bicyclist,8,Non-Intersection,01-06-01,0001-01-01T03:16:58-04:56,Motorist Overtaking - Other /,,2012,K: Killed,"Farms, Woods, Pastures",50-59,58,No,51-55 mph,O: No Injury,White,Male,Pickup,No,No,Daylight,Mixed (30% To 70% Developed),2 lanes,2,Straight - Level,State Secondary Route,Dry,"Two-Way, Not Divided",None,No Special Feature,Smooth Asphalt,Piedmont,Rural,50 - 55  MPH,"Double Yellow Line, No Passing Zone",Clear,No,"36.36227, -80.4267"
485,486,Yes,60-69,62,No,With Traffic,C: Possible Injury,Travel Lane,White,Female,None - Rural Crash,Alleghany,No,,2012-07-23,Motorist Overtaking Bicyclist,8,Non-Intersection,01-07-01,0001-01-01T03:13:58-04:56,Motorist Overtaking - Other /,,2012,C: Possible Injury,"Farms, Woods, Pastures",30-39,37,No,46-50 mph,O: No Injury,White,Male,Pickup,No,No,Daylight,Rural (<30% Developed),2 lanes,2,Curve - Level,NC Route,Dry,"Two-Way, Not Divided",None,No Special Feature,Smooth Asphalt,Mountains,Rural,50 - 55  MPH,"Double Yellow Line, No Passing Zone",Clear,No,"36.55505, -80.9153"