FID,OBJECTID,AmbulanceR,BikeAge_Gr,Bike_Age,Bike_Alc_D,Bike_Dir,Bike_Injur,Bike_Pos,Bike_Race,Bike_Sex,City,County,CrashAlcoh,CrashDay,Crash_Date,Crash_Grp,Crash_Hour,Crash_Loc,Crash_Mont,Crash_Time,Crash_Type,Crash_Ty_1,Crash_Year,Crsh_Sevri,Developmen,DrvrAge_Gr,Drvr_Age,Drvr_Alc_D,Drvr_EstSp,Drvr_Injur,Drvr_Race,Drvr_Sex,Drvr_VehTy,ExcsSpdInd,Hit_Run,Light_Cond,Locality,Num_Lanes,Num_Units,Rd_Charact,Rd_Class,Rd_Conditi,Rd_Config,Rd_Defects,Rd_Feature,Rd_Surface,Region,Rural_Urba,Speed_Limi,Traff_Cntr,Weather,Workzone_I,Location
966,967,Yes,16-19,17,No,Facing Traffic,B: Evident Injury,Sidewalk / Crosswalk / Driveway Crossing,White,Male,Charlotte,Mecklenburg,No,,2008-03-03,Loss of Control / Turning Error,7,Intersection,01-03-01,0001-01-01T02:23:58-04:56,Motorist Lost Control - Mechanical Problems,132131,2008,B: Evident Injury,Institutional,60-69,60,No,6-10 mph,O: No Injury,White,Male,Passenger Car,No,No,Daylight,Urban (>70% Developed),2 lanes,2,Straight - Grade,NC Route,Dry,"Two-Way, Divided, Unprotected Median",None,Four-Way Intersection,Smooth Asphalt,Piedmont,Urban,30 - 35  MPH,Other,Clear,No,"0.0, 0.0"
967,968,No,16-19,18,No,Not Applicable,B: Evident Injury,Non-Roadway,White,Male,Charlotte,Mecklenburg,No,01-01-03,2008-12-17,Non-Roadway,15,Non-Roadway,01-12-01,0001-01-01T10:10:58-04:56,Non-Roadway,460910,2008,B: Evident Injury,Commercial,40-49,45,No,11-15 mph,O: No Injury,White,Female,Sport Utility,No,No,Daylight,Urban (>70% Developed),,2,Straight - Level,Public Vehicular Area,Dry,"Two-Way, Not Divided",None,No Special Feature,Smooth Asphalt,Piedmont,Urban,30 - 35  MPH,Missing,Cloudy,No,"0.0, 0.0"
969,970,Yes,40-49,44,No,With Traffic,O: No Injury,Travel Lane,Black,Male,Sanford,Lee,No,01-01-04,2008-12-18,Crossing Paths - Other Circumstances,18,Intersection,01-12-01,0001-01-01T13:05:58-04:56,Signalized Intersection - Other /,111158,2008,O: No Injury,Commercial,30-39,32,No,11-15 mph,O: No Injury,Hispanic,Female,Passenger Car,No,No,Dark - Roadway Not Lighted,Urban (>70% Developed),4 lanes,2,Straight - Level,Local Street,Wet,"Two-Way, Not Divided",None,Four-Way Intersection,Coarse Asphalt,Piedmont,Urban,30 - 35  MPH,Stop And Go Signal,Cloudy,No,"0.0, 0.0"
973,974,Yes,40-49,40,No,Facing Traffic,B: Evident Injury,,White,Male,Fayetteville,Cumberland,No,01-01-03,2008-12-10,Motorist Right Turn / Merge,17,Intersection,01-12-01,0001-01-01T12:55:58-04:56,Motorist Right Turn - Opposite Direction,192214,2008,B: Evident Injury,Residential,,,Missing,6-10 mph,Injury,/Missing,,Sport Utility,No,Yes,Dark - Lighted Roadway,Urban (>70% Developed),2 lanes,2,Straight - Level,Local Street,Wet,"Two-Way, Not Divided",None,Four-Way Intersection,Concrete,Coastal,Urban,40 - 45  MPH,Stop Sign,Cloudy,No,"0.0, 0.0"
977,978,Yes,30-39,39,Yes,With Traffic,O: No Injury,Travel Lane,White,Male,Raleigh,Wake,Yes,01-01-02,2008-09-23,Bicyclist Failed to Yield - Sign-Controlled Intersection,18,Intersection,01-09-01,0001-01-01T13:24:58-04:56,Bicyclist Ride Through - Sign-Controlled Intersection,111144,2008,O: No Injury,Commercial,20-24,22,No,31-35 mph,O: No Injury,Black,Female,Passenger Car,No,No,Daylight,Urban (>70% Developed),2 lanes,2,Straight - Level,Local Street,Dry,"Two-Way, Not Divided",None,Four-Way Intersection,Coarse Asphalt,Piedmont,Urban,30 - 35  MPH,Flashing Signal With Stop Sign,Clear,No,"0.0, 0.0"
979,980,Yes,15-Nov,12,No,Not Applicable,C: Possible Injury,Travel Lane,Black,Male,Goldsboro,Wayne,No,01-01-06,2008-12-20,Bicyclist Failed to Yield - Midblock,20,Non-Intersection,01-12-01,0001-01-01T15:47:58-04:56,Bicyclist Ride Out - Midblock -,313319,2008,C: Possible Injury,Commercial,70,,No,26-30 mph,O: No Injury,Black,Female,Passenger Car,No,No,Dark - Lighted Roadway,Urban (>70% Developed),4 lanes,2,Straight - Level,Local Street,Wet,"Two-Way, Not Divided",None,No Special Feature,Coarse Asphalt,Coastal,Urban,30 - 35  MPH,"Double Yellow Line, No Passing Zone",Rain,No,"0.0, 0.0"
985,986,Yes,40-49,42,No,,C: Possible Injury,Sidewalk / Crosswalk / Driveway Crossing,Black,Male,Charlotte,Mecklenburg,No,01-01-06,2008-12-27,Other /  - Insufficient Details,17,Intersection,01-12-01,0001-01-01T12:59:58-04:56,Approach Paths,1390970,2008,C: Possible Injury,Commercial,40-49,49,No,11-15 mph,O: No Injury,Black,Male,"Light Truck (Mini-Van, Panel)",No,No,Dark - Lighted Roadway,Urban (>70% Developed),8 lanes,2,Straight - Level,Local Street,Wet,"Two-Way, Divided, Unprotected Median",None,Four-Way Intersection,Smooth Asphalt,Piedmont,Urban,30 - 35  MPH,Stop And Go Signal,Cloudy,No,"0.0, 0.0"
986,987,Yes,30-39,33,No,With Traffic,B: Evident Injury,Travel Lane,White,Female,Carrboro,Orange,No,01-01-07,2008-12-28,Motorist Left Turn / Merge,12,Intersection,01-12-01,0001-01-01T07:12:58-04:56,Motorist Left Turn - Opposite Direction,111212,2008,B: Evident Injury,Residential,70,,No,16-20 mph,O: No Injury,White,Female,Passenger Car,No,No,Daylight,Urban (>70% Developed),2 lanes,2,Straight - Level,Local Street,Dry,"Two-Way, Not Divided",None,T-Intersection,Smooth Asphalt,Piedmont,Urban,30 - 35  MPH,Missing,Clear,No,"0.0, 0.0"
987,988,No,20-24,22,No,With Traffic,B: Evident Injury,Sidewalk / Crosswalk / Driveway Crossing,White,Male,Charlotte,Mecklenburg,No,,2008-12-29,Motorist Right Turn / Merge,19,Intersection,01-12-01,0001-01-01T15:00:58-04:56,Motorist Right Turn - Same Direction,131213,2008,B: Evident Injury,Commercial,0-19,19,No,6-10 mph,O: No Injury,Hispanic,Male,Passenger Car,No,No,Dark - Lighted Roadway,Urban (>70% Developed),4 lanes,2,Straight - Level,Local Street,Dry,"Two-Way, Not Divided",None,Four-Way Intersection,Smooth Asphalt,Piedmont,Urban,20 - 25  MPH,Stop And Go Signal,Clear,No,"0.0, 0.0"
996,997,Yes,16-19,18,No,With Traffic,C: Possible Injury,Travel Lane,Black,Male,Greensboro,Guilford,No,,2008-12-29,Bicyclist Failed to Yield - Sign-Controlled Intersection,16,Intersection,01-12-01,0001-01-01T11:49:58-04:56,Bicyclist Ride Out - Sign-Controlled Intersection,111142,2008,C: Possible Injury,Commercial,0-19,17,No,46-50 mph,O: No Injury,White,Male,Passenger Car,No,No,Daylight,Urban (>70% Developed),5 lanes,2,Straight - Level,Local Street,Dry,"Two-Way, Divided, Unprotected Median",None,T-Intersection,Smooth Asphalt,Piedmont,Urban,40 - 45  MPH,Stop Sign,Clear,No,"0.0, 0.0"
999,1000,No,20-24,21,Yes,With Traffic,B: Evident Injury,Bike Lane / Paved Shoulder,Black,Male,Mooresville,Iredell,Yes,,2008-11-24,Motorist Overtaking Bicyclist,7,Non-Intersection,01-11-01,0001-01-01T02:20:58-04:56,Motorist Overtaking - Undetected Bicyclist,321231,2008,B: Evident Injury,Residential,40-49,45,No,41-45 mph,O: No Injury,White,Male,"Single Unit Truck (2-Axle, 6-Tire)",No,No,Dawn,Mixed (30% To 70% Developed),2 lanes,2,Straight - Level,Local Street,Dry,"Two-Way, Not Divided",None,No Special Feature,Smooth Asphalt,Piedmont,Urban,40 - 45  MPH,"Double Yellow Line, No Passing Zone",Cloudy,No,"0.0, 0.0"
483,484,Yes,50-59,53,No,Not Applicable,C: Possible Injury,,Black,Male,Durham,Durham,No,01-01-05,2009-09-04,Head-On,13,Non-Intersection,01-09-01,0001-01-01T08:04:58-04:56,Head-On - Bicyclist,393250,2009,C: Possible Injury,Commercial,50-59,56,Missing,0-5 mph,O: No Injury,White,Male,Pickup,No,No,Daylight,Mixed (30% To 70% Developed),4 lanes,2,Straight - Level,Local Street,Dry,"Two-Way, Not Divided",None,No Special Feature,Smooth Asphalt,Piedmont,Urban,30 - 35  MPH,No Control Present,Clear,No,"36.05039, -78.90364"
485,486,Yes,50-59,57,No,Facing Traffic,B: Evident Injury,Sidewalk / Crosswalk / Driveway Crossing,White,Male,Fayetteville,Cumberland,No,01-01-02,2009-08-25,Motorist Failed to Yield - Sign-Controlled Intersection,12,Intersection,01-08-01,0001-01-01T07:39:58-04:56,Motorist Drive Out - Sign-Controlled Intersection,132141,2009,B: Evident Injury,Residential,0-19,18,No,21-25 mph,O: No Injury,Black,Female,Passenger Car,No,No,Daylight,Urban (>70% Developed),3 lanes,2,Straight - Level,Local Street,Dry,"Two-Way, Not Divided",None,T-Intersection,Coarse Asphalt,Coastal,Urban,20 - 25  MPH,Stop Sign,Clear,No,"35.071106, -78.92065"
489,490,No,16-19,18,No,Facing Traffic,C: Possible Injury,Travel Lane,Black,Male,Charlotte,Mecklenburg,No,01-01-05,2009-08-21,Motorist Failed to Yield - Sign-Controlled Intersection,16,Intersection,01-08-01,0001-01-01T11:31:58-04:56,Motorist Drive Out - Sign-Controlled Intersection,112141,2009,C: Possible Injury,Commercial,50-59,51,No,21-25 mph,O: No Injury,White,Male,Sport Utility,No,No,Daylight,Urban (>70% Developed),2 lanes,2,Straight - Level,Local Street,Dry,"Two-Way, Not Divided",None,T-Intersection,Smooth Asphalt,Piedmont,Urban,20 - 25  MPH,Stop Sign,Clear,No,"35.24644, -80.89422"
494,495,Yes,40-49,46,Yes,With Traffic,C: Possible Injury,Travel Lane,White,Male,Rocky Mount,Nash,Yes,01-01-03,2009-07-29,Crossing Paths - Other Circumstances,18,Intersection,01-07-01,0001-01-01T13:03:58-04:56,Signalized Intersection - Other /,111158,2009,C: Possible Injury,Commercial,30-39,38,No,,O: No Injury,White,Female,Passenger Car,No,No,Daylight,Urban (>70% Developed),7 lanes,2,Straight - Level,Local Street,Dry,"Two-Way, Divided, Unprotected Median",None,Four-Way Intersection,Coarse Asphalt,Coastal,Urban,40 - 45  MPH,Stop And Go Signal,Clear,No,"35.963715, -77.84946"
496,497,Yes,15-Nov,13,No,With Traffic,C: Possible Injury,Travel Lane,White,Female,Weddington,Union,No,01-01-07,2009-09-06,Bicyclist Left Turn / Merge,20,Intersection,01-09-01,0001-01-01T15:32:58-04:56,Bicyclist Left Turn - Same Direction,111221,2009,C: Possible Injury,Residential,60-69,62,No,16-20 mph,O: No Injury,White,Male,Passenger Car,No,No,Dark - Roadway Not Lighted,Mixed (30% To 70% Developed),2 lanes,2,Straight - Level,State Secondary Route,Dry,"Two-Way, Not Divided",None,T-Intersection,Smooth Asphalt,Piedmont,Urban,20 - 25  MPH,No Control Present,Clear,No,"35.010147, -80.79437"
499,500,Yes,60-69,68,No,With Traffic,C: Possible Injury,Travel Lane,White,Female,Emerald Isle,Carteret,No,01-01-06,2009-08-29,Motorist Right Turn / Merge,11,Non-Intersection,01-08-01,0001-01-01T06:49:58-04:56,Motorist Right Turn - Same Direction,311213,2009,C: Possible Injury,Residential,70,,No,31-35 mph,O: No Injury,White,Male,Passenger Car,No,No,Daylight,Urban (>70% Developed),2 lanes,2,Straight - Level,NC Route,Dry,"Two-Way, Divided, Unprotected Median",None,No Special Feature,Smooth Asphalt,Coastal,Rural,40 - 45  MPH,No Control Present,Clear,No,"34.676517, -76.96146"
503,504,No,30-39,38,Yes,Facing Traffic,O: No Injury,Sidewalk / Crosswalk / Driveway Crossing,Black,Male,Salisbury,Rowan,Yes,,2009-09-14,Motorist Left Turn / Merge,23,Intersection,01-09-01,0001-01-01T18:24:58-04:56,Motorist Left Turn - Same Direction,132211,2009,O: No Injury,Commercial,30-39,39,No,21-25 mph,O: No Injury,White,Male,Police,No,No,Dark - Lighted Roadway,Urban (>70% Developed),2 lanes,2,Straight - Grade,Local Street,Dry,"Two-Way, Not Divided",None,Four-Way Intersection,Smooth Asphalt,Piedmont,Urban,30 - 35  MPH,Stop Sign,Clear,No,"35.664738, -80.4646"
504,505,Yes,40-49,49,No,With Traffic,C: Possible Injury,Travel Lane,White,Male,None - Rural Crash,Wake,No,01-01-06,2009-09-12,Motorist Overtaking Bicyclist,8,Non-Intersection,01-09-01,0001-01-01T03:47:58-04:56,Motorist Overtaking - Other /,311239,2009,C: Possible Injury,"Farms, Woods, Pastures",60-69,66,No,51-55 mph,O: No Injury,White,Female,Passenger Car,No,No,Daylight,Rural (<30% Developed),2 lanes,2,Straight - Grade,NC Route,Dry,"Two-Way, Not Divided",None,No Special Feature,Smooth Asphalt,Piedmont,Rural,50 - 55  MPH,"Double Yellow Line, No Passing Zone",Clear,No,"35.98849, -78.699"
508,509,No,20-24,24,No,With Traffic,C: Possible Injury,Sidewalk / Crosswalk / Driveway Crossing,White,Female,Wilmington,New Hanover,No,01-01-02,2009-09-01,Motorist Failed to Yield - Midblock,14,Non-Intersection,01-09-01,0001-01-01T09:33:58-04:56,Motorist Drive Out - Residential Driveway,331321,2009,C: Possible Injury,Residential,30-39,33,No,0-5 mph,O: No Injury,Black,Male,Passenger Car,No,No,Daylight,Urban (>70% Developed),2 lanes,2,Straight - Level,Local Street,Dry,"Two-Way, Not Divided",None,No Special Feature,Smooth Asphalt,Coastal,Urban,20 - 25  MPH,No Control Present,Clear,No,"34.202274, -77.88651"
523,524,Yes,20-24,22,No,With Traffic,B: Evident Injury,Travel Lane,White,Male,Raleigh,Wake,No,01-01-02,2009-09-08,Bicyclist Left Turn / Merge,15,Intersection,01-09-01,0001-01-01T10:41:58-04:56,Bicyclist Left Turn - Same Direction,111221,2009,B: Evident Injury,Institutional,20-24,24,No,16-20 mph,O: No Injury,Black,Male,Passenger Car,No,No,Daylight,Urban (>70% Developed),2 lanes,2,Straight - Level,Local Street,Dry,"One-Way, Not Divided",None,No Special Feature,Smooth Asphalt,Piedmont,Urban,20 - 25  MPH,No Control Present,Clear,No,"35.78183, -78.66772"
526,527,Yes,25-29,25,No,With Traffic,B: Evident Injury,Travel Lane,White,Male,Raleigh,Wake,No,01-01-04,2009-08-20,Motorist Left Turn / Merge,11,Intersection,01-08-01,0001-01-01T06:19:58-04:56,Motorist Left Turn - Opposite Direction,111212,2009,B: Evident Injury,Commercial,70,,No,31-35 mph,O: No Injury,White,Male,Passenger Car,No,No,Daylight,Urban (>70% Developed),3 lanes,2,Straight - Level,Local Street,Dry,"Two-Way, Divided, Unprotected Median",None,Four-Way Intersection,Coarse Asphalt,Piedmont,Urban,30 - 35  MPH,Stop And Go Signal,Clear,No,"35.779945, -78.64903"
529,530,Yes,15-Nov,11,No,Not Applicable,C: Possible Injury,Non-Roadway,Black,Male,Concord,Cabarrus,No,01-01-05,2009-09-04,Non-Roadway,20,Non-Roadway,01-09-01,0001-01-01T15:56:58-04:56,Non-Roadway,460910,2009,C: Possible Injury,Commercial,0-19,18,No,0-5 mph,O: No Injury,White,Male,Pickup,No,No,Other,Urban (>70% Developed),1 lane,2,Straight - Level,Public Vehicular Area,Dry,"One-Way, Not Divided",None,"Driveway, Public",Smooth Asphalt,Piedmont,Urban,5 - 15 MPH,No Control Present,Clear,No,"35.423126, -80.59182"
533,534,Yes,20-24,21,No,Facing Traffic,A: Disabling Injury,Travel Lane,White,Male,None - Rural Crash,Iredell,No,01-01-02,2009-09-22,Head-On,21,Non-Intersection,01-09-01,0001-01-01T16:23:58-04:56,Head-On - Bicyclist,312250,2009,A: Disabling Injury,"Farms, Woods, Pastures",0-19,16,No,56-60 mph,O: No Injury,White,Male,Passenger Car,No,No,Dark - Roadway Not Lighted,Rural (<30% Developed),2 lanes,2,Straight - Grade,US Route,Dry,"Two-Way, Not Divided",None,No Special Feature,Smooth Asphalt,Piedmont,Rural,50 - 55  MPH,No Control Present,Cloudy,No,"35.759304, -80.9923"
540,541,Yes,50-59,51,Yes,With Traffic,C: Possible Injury,Travel Lane,Black,Male,None - Rural Crash,Caswell,Yes,01-01-04,2009-09-24,Motorist Overtaking Bicyclist,19,Non-Intersection,01-09-01,0001-01-01T14:43:58-04:56,Motorist Overtaking - Undetected Bicyclist,311231,2009,C: Possible Injury,"Farms, Woods, Pastures",40-49,40,No,51-55 mph,O: No Injury,White,Male,Passenger Car,No,No,Dark - Roadway Not Lighted,Rural (<30% Developed),2 lanes,2,Straight - Level,NC Route,Dry,"Two-Way, Not Divided",None,No Special Feature,Coarse Asphalt,Piedmont,Rural,50 - 55  MPH,No Control Present,Clear,No,"36.50973, -79.14657"
550,551,Yes,40-49,47,No,Facing Traffic,C: Possible Injury,Sidewalk / Crosswalk / Driveway Crossing,Black,Male,Gastonia,Gaston,No,01-01-06,2009-09-12,Motorist Failed to Yield - Sign-Controlled Intersection,8,Intersection,01-09-01,0001-01-01T03:34:58-04:56,Motorist Drive Out - Sign-Controlled Intersection,132141,2009,C: Possible Injury,Commercial,60-69,61,No,,O: No Injury,Black,Male,Pickup,No,No,Daylight,Urban (>70% Developed),6 lanes,2,Straight - Level,US Route,Dry,"Two-Way, Not Divided",None,T-Intersection,Smooth Asphalt,Piedmont,Urban,,Stop And Go Signal,Clear,No,"35.262226, -81.193245"
556,557,Yes,20-24,21,No,With Traffic,B: Evident Injury,Travel Lane,White,Male,None - Rural Crash,Buncombe,No,01-01-07,2009-09-20,Motorist Overtaking Bicyclist,22,Non-Intersection,01-09-01,0001-01-01T17:59:58-04:56,Motorist Overtaking - Undetected Bicyclist,311231,2009,B: Evident Injury,"Farms, Woods, Pastures",30-39,39,No,41-45 mph,O: No Injury,White,Male,Passenger Car,No,No,Dark - Roadway Not Lighted,Rural (<30% Developed),4 lanes,2,Curve - Level,US Route,Wet,"Two-Way, Divided, Unprotected Median",None,No Special Feature,Smooth Asphalt,Mountains,Rural,40 - 45  MPH,No Control Present,Rain,No,"35.586475, -82.45729"
557,558,No,16-19,19,No,With Traffic,C: Possible Injury,Travel Lane,White,Female,None - Rural Crash,Granville,No,01-01-07,2009-09-20,Motorist Right Turn / Merge,9,Non-Intersection,01-09-01,0001-01-01T04:53:58-04:56,Motorist Right Turn - Same Direction,311213,2009,C: Possible Injury,"Farms, Woods, Pastures",60-69,65,No,31-35 mph,O: No Injury,White,Female,Passenger Car,No,No,Daylight,Rural (<30% Developed),2 lanes,2,Straight - Level,State Secondary Route,Dry,"Two-Way, Not Divided",None,"Driveway, Private",Coarse Asphalt,Piedmont,Rural,50 - 55  MPH,"Double Yellow Line, No Passing Zone",Cloudy,No,"36.18342, -78.74512"
558,559,No,15-Nov,14,No,Facing Traffic,C: Possible Injury,Sidewalk / Crosswalk / Driveway Crossing,White,Male,Nags Head,Dare,No,01-01-03,2009-07-08,Motorist Failed to Yield - Midblock,9,Non-Intersection,01-07-01,0001-01-01T04:23:58-04:56,Motorist Drive Out - Commercial Driveway / Alley,332322,2009,C: Possible Injury,Residential,20-24,23,No,0-5 mph,O: No Injury,White,Female,Sport Utility,No,No,Daylight,Mixed (30% To 70% Developed),1 lane,2,Straight - Level,"Private Road, Driveway",Dry,"Two-Way, Not Divided",None,"Driveway, Private",Concrete,Coastal,Rural,,No Control Present,Clear,No,"35.873775, -75.57803"
559,560,No,15-Nov,12,No,Facing Traffic,O: No Injury,Travel Lane,Black,Male,Rocky Mount,Edgecombe,No,01-01-06,2009-08-08,Motorist Failed to Yield - Sign-Controlled Intersection,13,Intersection,01-08-01,0001-01-01T08:30:58-04:56,Motorist Drive Out - Sign-Controlled Intersection,112141,2009,O: No Injury,Commercial,30-39,39,No,0-5 mph,O: No Injury,White,Male,Passenger Car,No,No,Daylight,Mixed (30% To 70% Developed),4 lanes,2,Straight - Level,Local Street,Dry,"Two-Way, Not Divided",None,No Special Feature,Coarse Asphalt,Coastal,Urban,30 - 35  MPH,Stop Sign,Clear,No,"35.93212, -77.79228"
573,574,Yes,50-59,57,No,With Traffic,B: Evident Injury,Travel Lane,White,Male,None - Rural Crash,Buncombe,No,01-01-03,2009-09-23,Motorist Overtaking Bicyclist,16,Non-Intersection,01-09-01,0001-01-01T11:32:58-04:56,Motorist Overtaking - Other /,311239,2009,B: Evident Injury,"Farms, Woods, Pastures",50-59,54,No,41-45 mph,O: No Injury,White,Female,Sport Utility,No,No,Daylight,Rural (<30% Developed),5 lanes,2,Straight - Level,US Route,Dry,"Two-Way, Not Divided",None,No Special Feature,Smooth Asphalt,Mountains,Rural,40 - 45  MPH,No Control Present,Clear,No,"35.600357, -82.37224"
577,578,Yes,10-Jun,8,No,Facing Traffic,B: Evident Injury,Travel Lane,Black,Male,Asheville,Buncombe,No,01-01-04,2009-08-27,Head-On,16,Non-Intersection,01-08-01,0001-01-01T11:59:58-04:56,Head-On - Bicyclist,312250,2009,B: Evident Injury,Residential,0-19,18,No,,O: No Injury,White,Male,Passenger Car,No,No,Daylight,Urban (>70% Developed),,2,Curve - Grade,Local Street,Wet,"Two-Way, Not Divided",None,No Special Feature,Concrete,Mountains,Urban,20 - 25  MPH,No Control Present,Rain,No,"35.571815, -82.62191"
578,579,Yes,20-24,22,No,Facing Traffic,B: Evident Injury,Sidewalk / Crosswalk / Driveway Crossing,White,Male,Raleigh,Wake,No,01-01-05,2009-09-04,Motorist Failed to Yield - Sign-Controlled Intersection,19,Intersection,01-09-01,0001-01-01T14:04:58-04:56,Motorist Drive Out - Sign-Controlled Intersection,132141,2009,B: Evident Injury,Commercial,40-49,46,No,0-5 mph,O: No Injury,White,Female,Sport Utility,No,No,Daylight,Urban (>70% Developed),4 lanes,2,Straight - Level,Local Street,Dry,"Two-Way, Divided, Unprotected Median",None,"Driveway, Public",Smooth Asphalt,Piedmont,Urban,5 - 15 MPH,Stop Sign,Clear,No,"35.844715, -78.64395"
583,584,No,60-69,61,No,With Traffic,B: Evident Injury,Travel Lane,White,Male,Raleigh,Wake,No,01-01-02,2009-09-08,Motorist Right Turn / Merge,18,Non-Intersection,01-09-01,0001-01-01T13:26:58-04:56,Motorist Right Turn - Same Direction,311213,2009,B: Evident Injury,Commercial,,,Missing,16-20 mph,Injury,/Missing,,,No,Yes,Daylight,Urban (>70% Developed),4 lanes,2,Straight - Level,Local Street,Dry,"Two-Way, Not Divided",None,No Special Feature,Coarse Asphalt,Piedmont,Urban,30 - 35  MPH,No Control Present,Clear,No,"35.79087, -78.66026"
588,589,Yes,60-69,63,No,With Traffic,B: Evident Injury,Travel Lane,White,Male,Weaverville,Buncombe,No,01-01-07,2009-05-17,Loss of Control / Turning Error,15,Intersection,01-05-01,0001-01-01T10:12:58-04:56,Motorist Turning Error - Right Turn,111112,2009,B: Evident Injury,Commercial,30-39,36,No,11-15 mph,O: No Injury,White,Female,Passenger Car,No,No,Daylight,Urban (>70% Developed),2 lanes,2,Straight - Grade,US Route,Wet,"Two-Way, Not Divided",None,No Special Feature,Smooth Asphalt,Mountains,Rural,30 - 35  MPH,Stop And Go Signal,Cloudy,No,"35.711845, -82.56074"
595,596,Yes,40-49,41,Yes,Not Applicable,C: Possible Injury,,White,Male,Carrboro,Orange,Yes,01-01-04,2009-10-01,Bicyclist Failed to Yield - Midblock,15,Non-Intersection,01-10-01,0001-01-01T10:11:58-04:56,Bicyclist Ride Out - Midblock -,393319,2009,C: Possible Injury,Residential,30-39,37,No,31-35 mph,O: No Injury,Other,Male,Passenger Car,No,No,Daylight,Urban (>70% Developed),5 lanes,2,Straight - Hillcrest,Local Street,Dry,"Two-Way, Not Divided",None,No Special Feature,Coarse Asphalt,Piedmont,Urban,30 - 35  MPH,No Control Present,Clear,No,"35.906685, -79.083664"
951,952,Yes,50-59,52,No,Facing Traffic,C: Possible Injury,Travel Lane,Black,Male,Pinetops,Edgecombe,No,01-01-03,2008-09-17,Motorist Failed to Yield - Sign-Controlled Intersection,15,Intersection,01-09-01,0001-01-01T10:46:58-04:56,Motorist Drive Out - Sign-Controlled Intersection,112141,2008,C: Possible Injury,Residential,30-39,35,No,0-5 mph,O: No Injury,Black,Female,Passenger Car,No,No,Daylight,Urban (>70% Developed),2 lanes,2,Straight - Level,Local Street,Dry,"Two-Way, Not Divided",None,No Special Feature,Smooth Asphalt,Coastal,Rural,5 - 15 MPH,No Control Present,Cloudy,No,"0.0, 0.0"
956,957,Yes,40-49,46,Yes,With Traffic,A: Disabling Injury,Travel Lane,White,Male,None - Rural Crash,Pitt,Yes,01-01-02,2008-12-09,Motorist Overtaking Bicyclist,17,Non-Intersection,01-12-01,0001-01-01T12:31:58-04:56,Motorist Overtaking - Other /,311239,2008,A: Disabling Injury,"Farms, Woods, Pastures",30-39,34,No,46-50 mph,O: No Injury,Hispanic,Male,Sport Utility,No,Yes,Dark - Roadway Not Lighted,Rural (<30% Developed),2 lanes,2,Straight - Level,State Secondary Route,Dry,"Two-Way, Not Divided",None,No Special Feature,Coarse Asphalt,Coastal,Rural,50 - 55  MPH,Missing,Cloudy,No,"0.0, 0.0"
958,959,Yes,16-19,17,No,With Traffic,O: No Injury,Travel Lane,White,Female,None - Rural Crash,Onslow,No,01-01-06,2008-12-13,Motorist Overtaking Bicyclist,19,Non-Intersection,01-12-01,0001-01-01T14:27:58-04:56,Motorist Overtaking - Other /,311239,2008,B: Evident Injury,"Farms, Woods, Pastures",20-24,23,No,,B: Evident Injury,Black,Male,Pedalcycle,No,No,Dark - Roadway Not Lighted,Rural (<30% Developed),2 lanes,2,Straight - Level,US Route,Dry,"Two-Way, Not Divided",None,No Special Feature,Coarse Asphalt,Coastal,Rural,,No Control Present,Clear,No,"0.0, 0.0"
980,981,Yes,15-Nov,15,No,With Traffic,B: Evident Injury,Sidewalk / Crosswalk / Driveway Crossing,Black,Female,Wilmington,New Hanover,No,01-01-03,2008-12-24,Motorist Left Turn / Merge,20,Intersection,01-12-01,0001-01-01T15:10:58-04:56,Motorist Left Turn - Opposite Direction,131212,2008,B: Evident Injury,Residential,60-69,60,No,0-5 mph,O: No Injury,Black,Male,Passenger Car,No,No,Dark - Lighted Roadway,Urban (>70% Developed),2 lanes,2,Straight - Level,Local Street,Dry,"Two-Way, Not Divided",None,Four-Way Intersection,Smooth Asphalt,Coastal,Urban,20 - 25  MPH,Stop Sign,Clear,No,"0.0, 0.0"
982,983,Yes,16-19,19,No,With Traffic,A: Disabling Injury,Bike Lane / Paved Shoulder,White,Male,None - Rural Crash,Johnston,No,01-01-05,2008-12-26,Bicyclist Left Turn / Merge,18,Non-Intersection,01-12-01,0001-01-01T13:21:58-04:56,Bicyclist Left Turn - Same Direction,321221,2008,A: Disabling Injury,"Farms, Woods, Pastures",30-39,35,No,51-55 mph,O: No Injury,White,Female,Passenger Car,No,No,Dark - Roadway Not Lighted,Rural (<30% Developed),2 lanes,2,Straight - Level,US Route,Wet,"Two-Way, Not Divided",None,No Special Feature,Smooth Asphalt,Coastal,Rural,50 - 55  MPH,"Double Yellow Line, No Passing Zone",Cloudy,No,"0.0, 0.0"
993,994,Yes,40-49,45,No,With Traffic,A: Disabling Injury,Travel Lane,Black,Male,Goldsboro,Wayne,No,01-01-07,2008-12-21,Motorist Overtaking Bicyclist,20,Non-Intersection,01-12-01,0001-01-01T15:08:58-04:56,Motorist Overtaking - Undetected Bicyclist,311231,2008,A: Disabling Injury,Residential,40-49,44,No,31-35 mph,O: No Injury,White,Male,Sport Utility,No,No,Dark - Roadway Not Lighted,Urban (>70% Developed),2 lanes,2,Straight - Level,Local Street,Dry,"Two-Way, Not Divided",None,No Special Feature,Coarse Asphalt,Coastal,Urban,30 - 35  MPH,No Control Present,Clear,No,"0.0, 0.0"