FID,OBJECTID,AmbulanceR,BikeAge_Gr,Bike_Age,Bike_Alc_D,Bike_Dir,Bike_Injur,Bike_Pos,Bike_Race,Bike_Sex,City,County,CrashAlcoh,CrashDay,Crash_Date,Crash_Grp,Crash_Hour,Crash_Loc,Crash_Mont,Crash_Time,Crash_Type,Crash_Ty_1,Crash_Year,Crsh_Sevri,Developmen,DrvrAge_Gr,Drvr_Age,Drvr_Alc_D,Drvr_EstSp,Drvr_Injur,Drvr_Race,Drvr_Sex,Drvr_VehTy,ExcsSpdInd,Hit_Run,Light_Cond,Locality,Num_Lanes,Num_Units,Rd_Charact,Rd_Class,Rd_Conditi,Rd_Config,Rd_Defects,Rd_Feature,Rd_Surface,Region,Rural_Urba,Speed_Limi,Traff_Cntr,Weather,Workzone_I,Location
998,999,Yes,15-Nov,13,No,With Traffic,B: Evident Injury,Travel Lane,Black,Male,Washington,Beaufort,No,01-01-04,2008-10-16,Bicyclist Left Turn / Merge,17,Non-Intersection,01-10-01,0001-01-01T12:18:58-04:56,Bicyclist Left Turn - Same Direction,311221,2008,B: Evident Injury,Commercial,30-39,30,No,,O: No Injury,White,Female,Passenger Car,No,No,Daylight,Urban (>70% Developed),4 lanes,2,Straight - Level,Local Street,Dry,"Two-Way, Not Divided",None,No Special Feature,Coarse Asphalt,Coastal,Urban,30 - 35  MPH,No Control Present,Clear,No,"0.0, 0.0"
674,675,No,40-49,42,No,With Traffic,B: Evident Injury,Travel Lane,White,Male,None - Rural Crash,Henderson,No,,2010-09-20,Motorist Right Turn / Merge,13,Non-Intersection,01-09-01,0001-01-01T08:38:58-04:56,Motorist Right Turn - Same Direction,0,2010,B: Evident Injury,Commercial,40-49,41,No,41-45 mph,O: No Injury,Black,Male,Pickup,No,No,Daylight,Urban (>70% Developed),5 lanes,2,Straight - Level,US Route,Dry,"Two-Way, Divided, Unprotected Median",None,No Special Feature,Smooth Asphalt,Mountains,Rural,40 - 45  MPH,No Control Present,Clear,No,"35.394802, -82.49869"
681,682,Yes,30-39,37,No,With Traffic,C: Possible Injury,Travel Lane,White,Male,None - Rural Crash,Union,No,,2010-09-20,Motorist Overtaking Bicyclist,19,Non-Intersection,01-09-01,0001-01-01T14:23:58-04:56,Motorist Overtaking - Undetected Bicyclist,0,2010,C: Possible Injury,Residential,50-59,55,No,41-45 mph,O: No Injury,Asian,Male,Pickup,No,No,Daylight,Mixed (30% To 70% Developed),2 lanes,2,Straight - Level,State Secondary Route,Dry,"Two-Way, Not Divided",None,No Special Feature,Coarse Asphalt,Piedmont,Rural,40 - 45  MPH,"Double Yellow Line, No Passing Zone",Clear,No,"35.090614, -80.49901"
685,686,No,20-24,23,No,With Traffic,C: Possible Injury,Travel Lane,White,Male,Carrboro,Orange,No,01-01-06,2010-09-18,Motorist Overtaking Bicyclist,11,Non-Intersection,01-09-01,0001-01-01T06:38:58-04:56,Motorist Overtaking - Misjudged Space,0,2010,C: Possible Injury,Residential,,,No,21-25 mph,Injury,/Missing,,,No,Yes,Daylight,Urban (>70% Developed),2 lanes,2,Straight - Hillcrest,Local Street,Dry,"Two-Way, Not Divided",None,No Special Feature,Coarse Asphalt,Piedmont,Urban,20 - 25  MPH,No Control Present,Clear,No,"35.903492, -79.07243"
686,687,Yes,50-59,52,No,Facing Traffic,O: No Injury,Bike Lane / Paved Shoulder,Black,Male,Charlotte,Mecklenburg,No,01-01-03,2010-09-15,Motorist Failed to Yield - Signalized Intersection,15,Intersection,01-09-01,0001-01-01T10:38:58-04:56,Motorist Drive Out - Right Turn on Red,0,2010,O: No Injury,Residential,30-39,31,No,0-5 mph,O: No Injury,Black,Male,Passenger Car,No,No,Daylight,Rural (<30% Developed),2 lanes,2,Straight - Grade,Interstate,Dry,"One-Way, Not Divided",None,On or Off Ramp,Concrete,Piedmont,Urban,30 - 35  MPH,Stop And Go Signal,Clear,No,"35.2292, -80.86128"
691,692,No,10-Jun,10,No,With Traffic,B: Evident Injury,Travel Lane,Black,Male,Charlotte,Mecklenburg,No,,2010-09-13,Bicyclist Failed to Yield - Sign-Controlled Intersection,19,Intersection,01-09-01,0001-01-01T15:01:58-04:56,Bicyclist Ride Out - Sign-Controlled Intersection,0,2010,B: Evident Injury,Residential,,,Missing,21-25 mph,Injury,/Missing,,,No,Yes,Dark - Lighted Roadway,Urban (>70% Developed),2 lanes,2,Straight - Level,Local Street,Dry,"Two-Way, Not Divided",None,No Special Feature,Smooth Asphalt,Piedmont,Urban,30 - 35  MPH,Stop Sign,Clear,No,"35.216286, -80.9094"
694,695,Yes,25-29,25,No,With Traffic,C: Possible Injury,Travel Lane,White,Male,Greensboro,Guilford,No,01-01-06,2010-09-18,Motorist Left Turn / Merge,20,Intersection,01-09-01,0001-01-01T15:53:58-04:56,Motorist Left Turn - Opposite Direction,0,2010,C: Possible Injury,Residential,0-19,17,No,6-10 mph,O: No Injury,White,Male,Passenger Car,No,No,Dark - Lighted Roadway,Urban (>70% Developed),2 lanes,2,Straight - Grade,Local Street,Dry,"Two-Way, Not Divided",None,Four-Way Intersection,Coarse Asphalt,Piedmont,Urban,30 - 35  MPH,Stop Sign,Clear,No,"36.06572, -79.83194"
698,699,Yes,50-59,57,No,With Traffic,B: Evident Injury,Travel Lane,Black,Male,Fayetteville,Cumberland,No,01-01-06,2010-09-18,Motorist Overtaking Bicyclist,22,Non-Intersection,01-09-01,0001-01-01T17:57:58-04:56,Motorist Overtaking - Other /,0,2010,B: Evident Injury,Commercial,40-49,49,No,46-50 mph,O: No Injury,White,Male,Passenger Car,No,No,Dark - Lighted Roadway,Mixed (30% To 70% Developed),5 lanes,2,Straight - Level,Local Street,Dry,"Two-Way, Divided, Unprotected Median",None,No Special Feature,Smooth Asphalt,Coastal,Urban,40 - 45  MPH,No Control Present,Clear,No,"35.15118, -78.870514"
702,703,Yes,40-49,48,Yes,Not Applicable,O: No Injury,Non-Roadway,White,Male,Sunset Beach,Brunswick,Yes,01-01-02,2010-09-14,Bicyclist Failed to Yield - Midblock,8,Non-Intersection,01-09-01,0001-01-01T03:31:58-04:56,Bicyclist Ride Out - Other Midblock,0,2010,B: Evident Injury,Residential,30-39,38,No,0-5 mph,B: Evident Injury,White,Female,Sport Utility,No,No,Daylight,Urban (>70% Developed),2 lanes,2,Straight - Level,Local Street,Dry,"Two-Way, Not Divided",None,No Special Feature,Coarse Asphalt,Coastal,Rural,30 - 35  MPH,No Control Present,Clear,No,"33.86996, -78.501236"
705,706,Yes,20-24,22,No,Facing Traffic,C: Possible Injury,Travel Lane,White,Male,Mooresville,Iredell,No,01-01-03,2010-09-15,Motorist Failed to Yield - Midblock,15,Non-Intersection,01-09-01,0001-01-01T10:49:58-04:56,Motorist Drive Out - Other Midblock,0,2010,C: Possible Injury,Commercial,60-69,60,No,0-5 mph,O: No Injury,Hispanic,Male,Sport Utility,No,No,Daylight,Urban (>70% Developed),5 lanes,2,Straight - Level,NC Route,Dry,"Two-Way, Not Divided",None,"Driveway, Public",Smooth Asphalt,Piedmont,Urban,40 - 45  MPH,No Control Present,Clear,No,"35.58997, -80.84259"
708,709,No,30-39,38,No,With Traffic,B: Evident Injury,Travel Lane,White,Male,Charlotte,Mecklenburg,No,01-01-04,2010-09-02,Motorist Failed to Yield - Sign-Controlled Intersection,16,Intersection,01-09-01,0001-01-01T11:03:58-04:56,Motorist Drive Out - Sign-Controlled Intersection,0,2010,B: Evident Injury,Residential,0-19,17,No,11-15 mph,O: No Injury,Other,Male,Sport Utility,No,No,Daylight,Urban (>70% Developed),2 lanes,2,Straight - Hillcrest,Local Street,Dry,"Two-Way, Not Divided",None,No Special Feature,Smooth Asphalt,Piedmont,Urban,20 - 25  MPH,Stop Sign,Clear,No,"35.054832, -80.85334"
709,710,Yes,50-59,58,No,With Traffic,B: Evident Injury,Travel Lane,White,Male,Greensboro,Guilford,No,01-01-03,2010-09-22,Motorist Overtaking Bicyclist,5,Non-Intersection,01-09-01,0001-01-01T00:23:58-04:56,Motorist Overtaking - Other /,0,2010,B: Evident Injury,Industrial,25-29,29,No,36-40 mph,O: No Injury,White,Male,Pickup,No,No,Dark - Lighted Roadway,Urban (>70% Developed),5 lanes,2,Straight - Level,Local Street,Dry,"Two-Way, Not Divided",None,No Special Feature,Smooth Asphalt,Piedmont,Urban,40 - 45  MPH,No Control Present,Cloudy,No,"36.078968, -79.926384"
712,713,No,15-Nov,11,No,Facing Traffic,C: Possible Injury,Sidewalk / Crosswalk / Driveway Crossing,Black,Male,Hendersonville,Henderson,No,01-01-07,2010-06-06,Motorist Failed to Yield - Sign-Controlled Intersection,17,Intersection,01-06-01,0001-01-01T12:18:58-04:56,Motorist Drive Out - Sign-Controlled Intersection,0,2010,C: Possible Injury,Commercial,40-49,40,No,,O: No Injury,White,Male,Passenger Car,No,No,Daylight,Urban (>70% Developed),2 lanes,2,Straight - Level,Local Street,Dry,"Two-Way, Not Divided",None,T-Intersection,Coarse Asphalt,Mountains,Urban,30 - 35  MPH,Stop Sign,Clear,No,"35.311195, -82.46152"
716,717,Yes,30-39,38,No,With Traffic,B: Evident Injury,Travel Lane,Black,Male,High Shoals,Gaston,No,01-01-04,2010-09-30,Motorist Overtaking Bicyclist,6,Non-Intersection,01-09-01,0001-01-01T01:38:58-04:56,Motorist Overtaking - Undetected Bicyclist,0,2010,B: Evident Injury,"Farms, Woods, Pastures",30-39,33,No,56-60 mph,O: No Injury,Black,Male,Truck/Trailer,No,No,Dark - Roadway Not Lighted,Rural (<30% Developed),4 lanes,2,Straight - Grade,US Route,Wet,"Two-Way, Divided, Positive Median Barrier",None,No Special Feature,Smooth Asphalt,Piedmont,Rural,60 - 75 MPH,No Control Present,Clear,No,"35.406265, -81.20993"
719,720,Yes,40-49,48,Yes,With Traffic,C: Possible Injury,Bike Lane / Paved Shoulder,Hispanic,Male,None - Rural Crash,Sampson,Yes,01-01-04,2010-09-30,Loss of Control / Turning Error,23,Non-Intersection,01-09-01,0001-01-01T18:32:58-04:56,Motorist Lost Control - Other /,0,2010,C: Possible Injury,"Farms, Woods, Pastures",,,Missing,,Injury,/Missing,,Passenger Car,No,Yes,Dark - Roadway Not Lighted,Rural (<30% Developed),2 lanes,2,Curve - Grade,NC Route,Wet,"Two-Way, Not Divided",None,No Special Feature,Coarse Asphalt,Coastal,Rural,50 - 55  MPH,"Double Yellow Line, No Passing Zone",Cloudy,No,"34.964664, -78.51215"
722,723,Yes,50-59,59,No,With Traffic,C: Possible Injury,Travel Lane,Black,Male,None - Rural Crash,Hoke,No,01-01-05,2010-10-01,Motorist Overtaking Bicyclist,11,Non-Intersection,01-10-01,0001-01-01T06:33:58-04:56,Motorist Overtaking - Other /,0,2010,C: Possible Injury,"Farms, Woods, Pastures",,,No,51-55 mph,Injury,/Missing,,Passenger Car,No,Yes,Daylight,Rural (<30% Developed),4 lanes,2,Straight - Level,US Route,Dry,"Two-Way, Divided, Unprotected Median",None,No Special Feature,Smooth Asphalt,Coastal,Rural,50 - 55  MPH,No Control Present,Clear,No,"34.999893, -79.21197"
732,733,Yes,60-69,62,No,With Traffic,B: Evident Injury,Travel Lane,White,Male,Hickory,Catawba,No,,2010-09-27,Motorist Failed to Yield - Signalized Intersection,12,Intersection,01-09-01,0001-01-01T07:57:58-04:56,Motorist Drive Out - Signalized Intersection,0,2010,B: Evident Injury,Commercial,50-59,56,No,16-20 mph,O: No Injury,White,Male,Passenger Car,No,No,Daylight,Urban (>70% Developed),2 lanes,2,Straight - Hillcrest,Local Street,Wet,"One-Way, Not Divided",None,Four-Way Intersection,Coarse Asphalt,Piedmont,Urban,30 - 35  MPH,Stop And Go Signal,Cloudy,No,"35.72907, -81.36099"
738,739,Yes,25-29,28,No,With Traffic,B: Evident Injury,Travel Lane,White,Male,Charlotte,Mecklenburg,No,01-01-04,2010-09-30,Crossing Paths - Other Circumstances,23,Intersection,01-09-01,0001-01-01T18:17:58-04:56,Crossing Paths - Intersection - Other /,0,2010,B: Evident Injury,Residential,0-19,19,No,11-15 mph,O: No Injury,Black,Male,Passenger Car,No,No,Dark - Roadway Not Lighted,Urban (>70% Developed),2 lanes,2,Straight - Grade,Local Street,Wet,"Two-Way, Not Divided",None,No Special Feature,Smooth Asphalt,Piedmont,Urban,20 - 25  MPH,No Control Present,Rain,No,"35.298126, -80.95884"
740,741,Yes,25-29,25,No,With Traffic,B: Evident Injury,Sidewalk / Crosswalk / Driveway Crossing,White,Female,Charlotte,Mecklenburg,No,01-01-05,2010-10-01,Motorist Left Turn / Merge,15,Intersection,01-10-01,0001-01-01T10:44:58-04:56,Motorist Left Turn - Opposite Direction,0,2010,B: Evident Injury,Commercial,70,,No,0-5 mph,O: No Injury,White,Male,Passenger Car,No,No,Daylight,Urban (>70% Developed),4 lanes,2,Straight - Level,Local Street,Dry,"One-Way, Not Divided",None,No Special Feature,Smooth Asphalt,Piedmont,Urban,30 - 35  MPH,Stop And Go Signal,Clear,No,"35.22208, -80.84114"
748,749,Yes,25-29,25,No,Not Applicable,B: Evident Injury,Non-Roadway,White,Male,Wilmington,New Hanover,No,01-01-04,2010-09-23,Crossing Paths - Other Circumstances,14,Intersection,01-09-01,0001-01-01T09:11:58-04:56,Crossing Paths - Intersection - Other /,0,2010,B: Evident Injury,Residential,25-29,29,No,41-45 mph,O: No Injury,Black,Male,Passenger Car,No,No,Daylight,Urban (>70% Developed),5 lanes,2,Straight - Level,NC Route,Dry,"Two-Way, Divided, Unprotected Median",None,No Special Feature,Coarse Asphalt,Coastal,Urban,40 - 45  MPH,No Control Present,Clear,No,"34.239075, -77.85204"
753,754,Yes,40-49,49,No,,B: Evident Injury,Sidewalk / Crosswalk / Driveway Crossing,Black,Male,Winston-Salem,Forsyth,No,01-01-02,2010-10-05,Motorist Left Turn / Merge,17,Intersection,01-10-01,0001-01-01T13:00:58-04:56,Motorist Left Turn - Opposite Direction,0,2010,B: Evident Injury,Institutional,0-19,19,No,6-10 mph,O: No Injury,Black,Female,Passenger Car,No,No,Daylight,Urban (>70% Developed),2 lanes,2,,Local Street,,"Two-Way, Divided, Unprotected Median",None,Related To Intersection,Smooth Asphalt,Piedmont,Urban,30 - 35  MPH,Stop And Go Signal,Clear,No,"36.090473, -80.22811"
760,761,No,30-39,31,No,With Traffic,B: Evident Injury,Travel Lane,White,Male,Charlotte,Mecklenburg,No,,2010-10-04,Motorist Right Turn / Merge,16,Non-Intersection,01-10-01,0001-01-01T11:49:58-04:56,Motorist Right Turn - Same Direction,0,2010,B: Evident Injury,Residential,40-49,47,No,31-35 mph,O: No Injury,Black,Female,School Bus,No,No,Daylight,Urban (>70% Developed),2 lanes,2,Straight - Level,Local Street,Dry,"Two-Way, Divided, Positive Median Barrier",None,No Special Feature,Coarse Asphalt,Piedmont,Urban,30 - 35  MPH,No Control Present,Clear,No,"35.231213, -80.80806"
768,769,Yes,25-29,26,No,With Traffic,Injury,Travel Lane,Other,Male,Elon College,Alamance,No,01-01-03,2010-09-15,Motorist Overtaking Bicyclist,7,Non-Intersection,01-09-01,0001-01-01T02:52:58-04:56,Motorist Overtaking - Other /,0,2010,O: No Injury,Residential,30-39,35,No,21-25 mph,O: No Injury,Black,Female,,No,Yes,Dawn,Urban (>70% Developed),2 lanes,2,Straight - Level,Local Street,Dry,"Two-Way, Not Divided",None,No Special Feature,Smooth Asphalt,Piedmont,Urban,20 - 25  MPH,No Control Present,Clear,No,"36.10059, -79.5092"
773,774,Yes,60-69,61,No,With Traffic,B: Evident Injury,Travel Lane,White,Male,Zebulon,Wake,No,01-01-05,2010-10-15,Bicyclist Left Turn / Merge,18,Non-Intersection,01-10-01,0001-01-01T13:51:58-04:56,Bicyclist Left Turn - Same Direction,0,2010,B: Evident Injury,Commercial,25-29,26,No,0-5 mph,O: No Injury,White,Female,Passenger Car,No,No,Dusk,Urban (>70% Developed),3 lanes,2,Straight - Level,Local Street,Dry,"Two-Way, Not Divided",None,No Special Feature,Coarse Asphalt,Piedmont,Rural,30 - 35  MPH,No Control Present,Clear,No,"35.838924, -78.32454"
774,775,Yes,10-Jun,6,No,Not Applicable,B: Evident Injury,Non-Roadway,White,Female,None - Rural Crash,Burke,No,01-01-04,2010-10-14,Bicyclist Failed to Yield - Midblock,19,Non-Intersection,01-10-01,0001-01-01T14:03:58-04:56,Bicyclist Ride Out - Commercial Driveway / Alley,0,2010,B: Evident Injury,Residential,50-59,50,No,31-35 mph,O: No Injury,White,Male,Pickup,No,No,Dusk,Rural (<30% Developed),2 lanes,2,Straight - Grade,State Secondary Route,Dry,"Two-Way, Not Divided",None,No Special Feature,Smooth Asphalt,Mountains,Rural,30 - 35  MPH,"Double Yellow Line, No Passing Zone",Clear,No,"35.675037, -81.734"
785,786,No,50-59,52,No,With Traffic,C: Possible Injury,Travel Lane,White,Female,New Bern,Craven,No,01-01-02,2010-10-12,Motorist Failed to Yield - Sign-Controlled Intersection,18,Intersection,01-10-01,0001-01-01T13:05:58-04:56,Motorist Drive Out - Sign-Controlled Intersection,0,2010,C: Possible Injury,Residential,40-49,42,No,6-10 mph,O: No Injury,Black,Male,Passenger Car,No,No,Daylight,Urban (>70% Developed),2 lanes,2,Straight - Level,Local Street,Dry,,None,"Five-Point, Or More",Smooth Asphalt,Coastal,Urban,20 - 25  MPH,Stop Sign,Clear,No,"35.106743, -77.050156"
792,793,Yes,16-19,18,No,Not Applicable,B: Evident Injury,Non-Roadway,White,Male,Rockwell,Rowan,No,01-01-02,2010-10-12,Bicyclist Failed to Yield - Midblock,18,Non-Intersection,01-10-01,0001-01-01T13:53:58-04:56,Bicyclist Ride Out - Commercial Driveway / Alley,0,2010,B: Evident Injury,Commercial,70,,No,31-35 mph,O: No Injury,White,Male,Passenger Car,No,No,Dusk,Urban (>70% Developed),3 lanes,2,Straight - Level,US Route,Dry,"Two-Way, Not Divided",None,"Driveway, Public",Smooth Asphalt,Piedmont,Rural,30 - 35  MPH,No Control Present,Clear,No,"35.56009, -80.41514"
795,796,Yes,20-24,22,No,With Traffic,C: Possible Injury,Travel Lane,Black,Female,Raleigh,Wake,No,01-01-03,2010-09-22,Bicyclist Failed to Yield - Sign-Controlled Intersection,18,Intersection,01-09-01,0001-01-01T13:12:58-04:56,Bicyclist Ride Through - Sign-Controlled Intersection,0,2010,C: Possible Injury,Residential,30-39,36,No,31-35 mph,O: No Injury,White,Male,Passenger Car,No,No,Daylight,Urban (>70% Developed),2 lanes,2,Straight - Level,Local Street,Dry,"Two-Way, Not Divided",None,Four-Way Intersection,Coarse Asphalt,Piedmont,Urban,30 - 35  MPH,Stop Sign,Clear,No,"35.78496, -78.649025"
796,797,Yes,30-39,37,No,Facing Traffic,C: Possible Injury,Bike Lane / Paved Shoulder,White,Male,Greensboro,Guilford,No,,2010-10-18,Motorist Failed to Yield - Sign-Controlled Intersection,19,Intersection,01-10-01,0001-01-01T14:03:58-04:56,Motorist Drive Through - Sign-Controlled Intersection,0,2010,C: Possible Injury,Residential,,,Missing,6-10 mph,Injury,/Missing,,,No,Yes,Dark - Lighted Roadway,Urban (>70% Developed),6 lanes,2,Straight - Grade,Local Street,Dry,"Two-Way, Not Divided",None,Shared-Use Paths Or Trails,Smooth Asphalt,Piedmont,Urban,30 - 35  MPH,Other,Cloudy,No,"36.063858, -79.82651"
798,799,No,15-Nov,11,No,Not Applicable,B: Evident Injury,Travel Lane,Black,Female,Durham,Durham,No,01-01-05,2010-10-22,Non-Roadway,16,Non-Roadway,01-10-01,0001-01-01T11:50:58-04:56,Non-Roadway,0,2010,B: Evident Injury,Residential,20-24,24,No,11-15 mph,O: No Injury,White,Female,Passenger Car,No,No,Daylight,Urban (>70% Developed),,2,Straight - Level,Public Vehicular Area,Dry,"Two-Way, Not Divided",None,No Special Feature,Smooth Asphalt,Piedmont,Urban,5 - 15 MPH,No Control Present,Clear,No,"35.907387, -78.981964"
806,807,Yes,50-59,52,No,Facing Traffic,C: Possible Injury,Sidewalk / Crosswalk / Driveway Crossing,Black,Male,Wilmington,New Hanover,No,01-01-02,2010-10-19,Bicyclist Failed to Yield - Signalized Intersection,15,Intersection,01-10-01,0001-01-01T10:45:58-04:56,Bicyclist Ride Through - Signalized Intersection,0,2010,C: Possible Injury,Commercial,30-39,36,No,6-10 mph,O: No Injury,Black,Male,Passenger Car,No,No,Daylight,Urban (>70% Developed),5 lanes,2,Straight - Level,US Route,Dry,"Two-Way, Not Divided",None,Four-Way Intersection,Smooth Asphalt,Coastal,Urban,30 - 35  MPH,Stop And Go Signal,Clear,No,"34.240345, -77.90465"
811,812,No,15-Nov,12,No,With Traffic,B: Evident Injury,Travel Lane,Hispanic,Male,Lumberton,Robeson,No,01-01-05,2010-10-29,Bicyclist Failed to Yield - Sign-Controlled Intersection,17,Intersection,01-10-01,0001-01-01T12:21:58-04:56,Bicyclist Ride Through - Sign-Controlled Intersection,0,2010,B: Evident Injury,Residential,30-39,38,No,11-15 mph,O: No Injury,Black,Male,Passenger Car,No,No,Daylight,Urban (>70% Developed),2 lanes,2,Straight - Level,Local Street,Dry,"Two-Way, Not Divided",None,Four-Way Intersection,Coarse Asphalt,Coastal,Urban,20 - 25  MPH,Stop Sign,Clear,No,"34.614372, -78.99234"
815,816,No,20-24,21,No,With Traffic,O: No Injury,Travel Lane,White,Male,Charlotte,Mecklenburg,No,01-01-05,2010-10-22,Head-On,21,Intersection,01-10-01,0001-01-01T16:46:58-04:56,Head-On - Motorist,0,2010,O: No Injury,Industrial,,,Missing,0-5 mph,Injury,/Missing,,,No,Yes,Dark - Lighted Roadway,Urban (>70% Developed),4 lanes,2,Straight - Level,Local Street,Dry,"Two-Way, Not Divided",None,No Special Feature,Smooth Asphalt,Piedmont,Urban,20 - 25  MPH,Stop And Go Signal,Clear,No,"35.229435, -80.839905"
818,819,Yes,20-24,20,No,With Traffic,B: Evident Injury,Travel Lane,White,Male,Raleigh,Wake,No,,2010-10-25,Bicyclist Overtaking Motorist,12,Non-Intersection,01-10-01,0001-01-01T07:44:58-04:56,Bicyclist Overtaking - Passing on Left,0,2010,B: Evident Injury,Institutional,25-29,27,No,0-5 mph,O: No Injury,Hispanic,Female,Passenger Car,No,No,Daylight,Urban (>70% Developed),1 lane,2,Straight - Level,Local Street,Wet,"One-Way, Not Divided",None,No Special Feature,Smooth Asphalt,Piedmont,Urban,5 - 15 MPH,No Control Present,Cloudy,No,"35.785027, -78.66561"
820,821,No,40-49,42,No,Facing Traffic,Injury,Bike Lane / Paved Shoulder,/Missing,Male,Williamston,Martin,No,01-01-02,2010-10-05,Motorist Failed to Yield - Midblock,15,Non-Intersection,01-10-01,0001-01-01T10:33:58-04:56,Motorist Drive Out - Commercial Driveway / Alley,0,2010,O: No Injury,Commercial,20-24,23,No,,O: No Injury,White,Male,Passenger Car,No,No,Daylight,Mixed (30% To 70% Developed),,2,Straight - Level,Local Street,Dry,"Two-Way, Divided, Positive Median Barrier",None,T-Intersection,Smooth Asphalt,Coastal,Urban,,Stop Sign,Clear,No,"35.84483, -77.060936"
826,827,Yes,40-49,43,No,With Traffic,A: Disabling Injury,Travel Lane,White,Male,Wilson,Wilson,No,01-01-05,2010-10-22,Motorist Overtaking Bicyclist,19,Non-Intersection,01-10-01,0001-01-01T14:18:58-04:56,Motorist Overtaking - Bicyclist Swerved,0,2010,A: Disabling Injury,Commercial,40-49,44,No,31-35 mph,O: No Injury,White,Male,Passenger Car,No,No,Dark - Lighted Roadway,Urban (>70% Developed),3 lanes,2,Straight - Level,Local Street,Dry,"Two-Way, Not Divided",None,No Special Feature,Smooth Asphalt,Coastal,Urban,40 - 45  MPH,No Control Present,Clear,No,"35.7077, -77.926346"
831,832,Yes,40-49,41,No,With Traffic,C: Possible Injury,Travel Lane,Black,Male,None - Rural Crash,Granville,No,01-01-04,2010-10-28,Motorist Overtaking Bicyclist,7,Non-Intersection,01-10-01,0001-01-01T02:23:58-04:56,Motorist Overtaking - Misjudged Space,0,2010,C: Possible Injury,"Farms, Woods, Pastures",70,,No,31-35 mph,O: No Injury,White,Male,Pickup,No,No,Daylight,Rural (<30% Developed),2 lanes,2,Curve - Grade,US Route,Wet,"Two-Way, Not Divided",None,No Special Feature,Coarse Asphalt,Piedmont,Rural,50 - 55  MPH,"Double Yellow Line, No Passing Zone",Cloudy,No,"36.365494, -78.59151"
833,834,Yes,60-69,69,No,With Traffic,C: Possible Injury,Travel Lane,White,Male,Raleigh,Wake,No,01-01-03,2010-10-13,Motorist Failed to Yield - Signalized Intersection,13,Intersection,01-10-01,0001-01-01T08:08:58-04:56,Motorist Drive Out - Signalized Intersection,0,2010,C: Possible Injury,Residential,,,Missing,6-10 mph,Injury,/Missing,,,No,Yes,Daylight,Mixed (30% To 70% Developed),7 lanes,2,Straight - Grade,Local Street,Dry,"Two-Way, Divided, Unprotected Median",None,T-Intersection,Smooth Asphalt,Piedmont,Urban,30 - 35  MPH,Stop Sign,Clear,No,"35.772213, -78.685234"
834,835,Yes,60-69,69,No,With Traffic,K: Killed,Bike Lane / Paved Shoulder,White,Male,None - Rural Crash,Carteret,No,01-01-04,2010-11-04,Loss of Control / Turning Error,9,Non-Intersection,01-11-01,0001-01-01T04:47:58-04:56,Motorist Lost Control - Other /,0,2010,K: Killed,"Farms, Woods, Pastures",40-49,42,No,51-55 mph,O: No Injury,White,Male,Pickup,No,No,Daylight,Mixed (30% To 70% Developed),4 lanes,2,Straight - Level,US Route,Dry,"Two-Way, Divided, Unprotected Median",None,No Special Feature,Smooth Asphalt,Coastal,Rural,50 - 55  MPH,No Control Present,Clear,No,"34.75625, -76.84733"
836,837,Yes,60-69,61,No,With Traffic,C: Possible Injury,Travel Lane,White,Male,Unionville,Union,No,01-01-06,2010-11-06,Motorist Left Turn / Merge,18,Non-Intersection,01-11-01,0001-01-01T14:02:58-04:56,Motorist Left Turn - Opposite Direction,0,2010,C: Possible Injury,Residential,25-29,25,No,41-45 mph,O: No Injury,White,Female,Sport Utility,No,No,Dusk,Rural (<30% Developed),2 lanes,2,Straight - Level,State Secondary Route,Dry,"Two-Way, Not Divided",None,"Driveway, Private",Smooth Asphalt,Piedmont,Urban,40 - 45  MPH,"Double Yellow Line, No Passing Zone",Clear,No,"35.050346, -80.55733"
850,851,Yes,16-19,17,No,With Traffic,B: Evident Injury,Travel Lane,White,Male,None - Rural Crash,Johnston,No,01-01-05,2010-11-12,Motorist Overtaking Bicyclist,18,Non-Intersection,01-11-01,0001-01-01T13:28:58-04:56,Motorist Overtaking - Other /,0,2010,B: Evident Injury,"Farms, Woods, Pastures",30-39,37,No,41-45 mph,O: No Injury,White,Female,Passenger Car,No,No,Dark - Roadway Not Lighted,Rural (<30% Developed),2 lanes,2,Straight - Level,NC Route,Dry,"Two-Way, Not Divided",None,No Special Feature,Coarse Asphalt,Coastal,Rural,50 - 55  MPH,"Double Yellow Line, No Passing Zone",Clear,No,"35.432316, -78.41014"
854,855,Yes,15-Nov,12,No,With Traffic,B: Evident Injury,Travel Lane,White,Male,Charlotte,Mecklenburg,No,01-01-02,2010-11-09,Bicyclist Failed to Yield - Signalized Intersection,12,Intersection-Related,01-11-01,0001-01-01T07:46:58-04:56,Bicyclist Ride Through - Signalized Intersection,0,2010,B: Evident Injury,Commercial,50-59,55,No,26-30 mph,O: No Injury,White,Male,Pickup,No,No,Daylight,Urban (>70% Developed),5 lanes,2,Straight - Level,Local Street,Dry,"Two-Way, Divided, Positive Median Barrier",None,No Special Feature,Smooth Asphalt,Piedmont,Urban,40 - 45  MPH,Stop And Go Signal,Clear,No,"35.195774, -80.877266"