FID,OBJECTID,AmbulanceR,BikeAge_Gr,Bike_Age,Bike_Alc_D,Bike_Dir,Bike_Injur,Bike_Pos,Bike_Race,Bike_Sex,City,County,CrashAlcoh,CrashDay,Crash_Date,Crash_Grp,Crash_Hour,Crash_Loc,Crash_Mont,Crash_Time,Crash_Type,Crash_Ty_1,Crash_Year,Crsh_Sevri,Developmen,DrvrAge_Gr,Drvr_Age,Drvr_Alc_D,Drvr_EstSp,Drvr_Injur,Drvr_Race,Drvr_Sex,Drvr_VehTy,ExcsSpdInd,Hit_Run,Light_Cond,Locality,Num_Lanes,Num_Units,Rd_Charact,Rd_Class,Rd_Conditi,Rd_Config,Rd_Defects,Rd_Feature,Rd_Surface,Region,Rural_Urba,Speed_Limi,Traff_Cntr,Weather,Workzone_I,Location
856,857,No,16-19,19,No,With Traffic,Injury,Travel Lane,White,Male,Greenville,Pitt,No,01-01-03,2010-10-27,Motorist Left Turn / Merge,12,Non-Intersection,01-10-01,0001-01-01T07:49:58-04:56,Motorist Left Turn - Opposite Direction,0,2010,O: No Injury,Institutional,50-59,58,No,0-5 mph,O: No Injury,White,Female,Passenger Car,No,No,Daylight,Urban (>70% Developed),2 lanes,3,Straight - Level,Local Street,Dry,"Two-Way, Not Divided",None,No Special Feature,Smooth Asphalt,Coastal,Urban,5 - 15 MPH,No Control Present,Clear,No,"35.60273, -77.36219"
868,869,Yes,70,,No,With Traffic,B: Evident Injury,Travel Lane,White,Male,Carthage,Moore,No,01-01-07,2010-11-14,Motorist Overtaking Bicyclist,8,Intersection,01-11-01,0001-01-01T03:10:58-04:56,Motorist Overtaking - Other /,0,2010,B: Evident Injury,Residential,70,,No,41-45 mph,O: No Injury,White,Male,Pickup,No,No,Daylight,Mixed (30% To 70% Developed),2 lanes,2,Straight - Level,Local Street,Dry,"Two-Way, Not Divided",None,No Special Feature,Coarse Asphalt,Piedmont,Rural,40 - 45  MPH,No Control Present,Clear,No,"35.324738, -79.40234"
872,873,No,40-49,42,No,Facing Traffic,C: Possible Injury,Travel Lane,White,Male,Laurinburg,Scotland,No,01-01-04,2010-11-11,Motorist Failed to Yield - Sign-Controlled Intersection,11,Intersection,01-11-01,0001-01-01T06:11:58-04:56,Motorist Drive Out - Sign-Controlled Intersection,0,2010,C: Possible Injury,Residential,,,Missing,0-5 mph,Injury,/Missing,,,No,Yes,Daylight,Urban (>70% Developed),2 lanes,2,Straight - Grade,US Route,Dry,"Two-Way, Not Divided",None,No Special Feature,Coarse Asphalt,Coastal,Urban,30 - 35  MPH,Stop Sign,Clear,No,"34.776024, -79.46812"
873,874,Yes,60-69,64,No,Not Applicable,C: Possible Injury,Non-Roadway,White,Female,Forest City,Rutherford,No,,2010-11-15,Non-Roadway,15,Non-Roadway,01-11-01,0001-01-01T10:08:58-04:56,Non-Roadway,0,2010,C: Possible Injury,Commercial,30-39,35,No,0-5 mph,O: No Injury,White,Female,Sport Utility,No,No,Daylight,Urban (>70% Developed),,2,Straight - Level,Public Vehicular Area,Wet,"One-Way, Not Divided",None,No Special Feature,Smooth Asphalt,Mountains,Urban,20 - 25  MPH,No Control Present,Rain,No,"35.31989, -81.85887"
875,876,No,30-39,33,No,With Traffic,C: Possible Injury,Travel Lane,White,Male,Asheville,Buncombe,No,01-01-05,2010-11-12,Motorist Failed to Yield - Sign-Controlled Intersection,13,Intersection,01-11-01,0001-01-01T08:51:58-04:56,Motorist Drive Out - Sign-Controlled Intersection,0,2010,C: Possible Injury,Commercial,30-39,35,No,0-5 mph,O: No Injury,White,Female,Sport Utility,No,No,Daylight,Urban (>70% Developed),4 lanes,2,Straight - Grade,Local Street,Dry,"Two-Way, Not Divided",None,T-Intersection,Smooth Asphalt,Mountains,Urban,30 - 35  MPH,Stop Sign,Clear,No,"35.600895, -82.55542"
877,878,Yes,15-Nov,12,No,With Traffic,C: Possible Injury,Travel Lane,White,Male,None - Rural Crash,New Hanover,No,01-01-03,2010-11-24,Bicyclist Failed to Yield - Sign-Controlled Intersection,14,Intersection,01-11-01,0001-01-01T09:58:58-04:56,Bicyclist Ride Through - Sign-Controlled Intersection,0,2010,C: Possible Injury,Residential,30-39,31,No,26-30 mph,O: No Injury,White,Male,Pickup,No,No,Daylight,Urban (>70% Developed),2 lanes,2,Curve - Level,State Secondary Route,Dry,"Two-Way, Not Divided",None,Four-Way Intersection,Coarse Asphalt,Coastal,Rural,30 - 35  MPH,Stop Sign,Clear,No,"34.110455, -77.9048"
880,881,Yes,25-29,25,No,With Traffic,C: Possible Injury,Travel Lane,White,Male,None - Rural Crash,Wake,No,01-01-02,2010-11-23,Motorist Left Turn / Merge,6,Intersection,01-11-01,0001-01-01T01:40:58-04:56,Motorist Left Turn - Opposite Direction,0,2010,C: Possible Injury,"Farms, Woods, Pastures",60-69,68,No,31-35 mph,C: Possible Injury,White,Male,Passenger Car,No,No,Dark - Roadway Not Lighted,Rural (<30% Developed),2 lanes,2,Straight - Level,State Secondary Route,Dry,"Two-Way, Not Divided",None,Four-Way Intersection,Coarse Asphalt,Piedmont,Rural,40 - 45  MPH,"Double Yellow Line, No Passing Zone",Clear,No,"35.708965, -78.71018"
892,893,Yes,15-Nov,12,No,Facing Traffic,C: Possible Injury,Bike Lane / Paved Shoulder,Black,Male,Fayetteville,Cumberland,No,01-01-02,2010-11-30,Bicyclist Right Turn / Merge,6,Non-Intersection,01-11-01,0001-01-01T01:42:58-04:56,Bicyclist Right Turn - Same Direction,0,2010,C: Possible Injury,"Farms, Woods, Pastures",50-59,55,No,36-40 mph,O: No Injury,Black,Male,Pickup,No,No,Daylight,Mixed (30% To 70% Developed),2 lanes,2,Straight - Level,Local Street,Dry,"Two-Way, Not Divided",None,No Special Feature,Coarse Asphalt,Coastal,Urban,40 - 45  MPH,No Control Present,Clear,No,"35.013554, -79.00568"
896,897,No,30-39,37,No,,Injury,Travel Lane,White,Male,Davidson,Mecklenburg,No,01-01-07,2010-11-21,Other /  - Insufficient Details,12,Non-Intersection,01-11-01,0001-01-01T07:28:58-04:56,Approach Paths,0,2010,O: No Injury,"Farms, Woods, Pastures",40-49,47,No,11-15 mph,O: No Injury,White,Female,Sport Utility,No,No,Daylight,Mixed (30% To 70% Developed),1 lane,2,Curve - Grade,Local Street,Dry,"One-Way, Not Divided",None,Other,Smooth Asphalt,Piedmont,Urban,30 - 35  MPH,Yield Sign,Clear,No,"35.483868, -80.819855"
921,922,Yes,30-39,32,No,With Traffic,C: Possible Injury,Travel Lane,White,Male,Wilmington,New Hanover,No,01-01-05,2010-12-03,Motorist Left Turn / Merge,16,Intersection,01-12-01,0001-01-01T11:27:58-04:56,Motorist Left Turn - Opposite Direction,0,2010,C: Possible Injury,Commercial,60-69,68,No,41-45 mph,O: No Injury,White,Male,Sport Utility,No,No,Daylight,Urban (>70% Developed),9 or more lanes,2,Straight - Level,Local Street,Dry,"Two-Way, Not Divided",None,No Special Feature,Smooth Asphalt,Coastal,Urban,40 - 45  MPH,Stop And Go Signal,Clear,No,"34.210167, -77.83692"
924,925,No,15-Nov,14,No,With Traffic,O: No Injury,Travel Lane,Black,Male,None - Rural Crash,Beaufort,No,01-01-02,2010-11-23,Motorist Overtaking Bicyclist,16,Non-Intersection,01-11-01,0001-01-01T11:37:58-04:56,Motorist Overtaking - Bicyclist Swerved,0,2010,O: No Injury,Commercial,70,,No,31-35 mph,O: No Injury,White,Female,Passenger Car,No,No,Daylight,Rural (<30% Developed),4 lanes,2,Straight - Level,NC Route,Dry,"Two-Way, Not Divided",None,T-Intersection,Smooth Asphalt,Coastal,Rural,30 - 35  MPH,No Control Present,Cloudy,No,"35.53247, -77.02093"
930,931,No,20-24,22,No,With Traffic,C: Possible Injury,Travel Lane,White,Male,None - Rural Crash,Buncombe,No,01-01-07,2010-12-19,Bicyclist Left Turn / Merge,14,Non-Intersection,01-12-01,0001-01-01T09:07:58-04:56,Bicyclist Left Turn - Same Direction,0,2010,C: Possible Injury,Commercial,,,No,21-25 mph,Injury,/Missing,,Passenger Car,No,Yes,Daylight,Rural (<30% Developed),2 lanes,2,Straight - Grade,State Secondary Route,Dry,"Two-Way, Not Divided",None,"Driveway, Public",Smooth Asphalt,Mountains,Rural,20 - 25  MPH,"Double Yellow Line, No Passing Zone",Clear,No,"35.612534, -82.45269"
948,949,No,60-69,60,No,Facing Traffic,O: No Injury,Sidewalk / Crosswalk / Driveway Crossing,White,Male,Wilmington,New Hanover,No,01-01-03,2010-12-15,Motorist Failed to Yield - Midblock,16,Non-Intersection,01-12-01,0001-01-01T11:14:58-04:56,Motorist Drive Out - Commercial Driveway / Alley,0,2010,O: No Injury,Commercial,20-24,23,No,6-10 mph,O: No Injury,Black,Female,Motorcycle,No,No,Daylight,Urban (>70% Developed),,2,Straight - Grade,US Route,Dry,"Two-Way, Not Divided",None,T-Intersection,Concrete,Coastal,Urban,30 - 35  MPH,No Control Present,Clear,No,"34.239075, -77.91102"
955,956,No,16-19,19,No,Facing Traffic,C: Possible Injury,Sidewalk / Crosswalk / Driveway Crossing,White,Male,Wilmington,New Hanover,No,01-01-03,2010-11-17,Motorist Failed to Yield - Midblock,12,Non-Intersection,01-11-01,0001-01-01T07:06:58-04:56,Motorist Drive Out - Other Midblock,0,2010,C: Possible Injury,Commercial,60-69,62,No,0-5 mph,O: No Injury,White,Male,Passenger Car,No,No,Daylight,Rural (<30% Developed),2 lanes,2,Straight - Level,Local Street,Dry,"Two-Way, Divided, Unprotected Median",None,No Special Feature,Smooth Asphalt,Coastal,Urban,5 - 15 MPH,No Control Present,Clear,No,"34.23752, -77.874825"
963,964,Yes,20-24,21,No,With Traffic,B: Evident Injury,Travel Lane,White,Male,Jamestown,Guilford,No,01-01-06,2010-02-06,Motorist Left Turn / Merge,9,Intersection,01-02-01,0001-01-01T04:43:58-04:56,Motorist Left Turn - Opposite Direction,0,2010,B: Evident Injury,Institutional,20-24,21,No,6-10 mph,O: No Injury,Black,Female,Sport Utility,No,No,Daylight,Urban (>70% Developed),2 lanes,2,Straight - Hillcrest,Local Street,Dry,"Two-Way, Not Divided",None,T-Intersection,Smooth Asphalt,Piedmont,Rural,20 - 25  MPH,Stop Sign,Clear,No,"35.997467, -79.91635"
5,6,Yes,50-59,53,Yes,With Traffic,C: Possible Injury,Bike Lane / Paved Shoulder,Black,Male,None - Rural Crash,Halifax,Yes,,2011-01-10,Motorist Overtaking Bicyclist,17,Non-Intersection,,0001-01-01T13:02:58-04:56,Motorist Overtaking - Undetected Bicyclist,321231,2011,C: Possible Injury,"Farms, Woods, Pastures",40-49,40,No,51-55 mph,O: No Injury,White,Male,Pickup,No,No,Dark - Roadway Not Lighted,Rural (<30% Developed),2 lanes,2,Straight - Hillcrest,US Route,Dry,"Two-Way, Not Divided",None,No Special Feature,Smooth Asphalt,Coastal,Rural,50 - 55  MPH,"Double Yellow Line, No Passing Zone",Clear,No,"36.4489, -77.7698"
13,14,No,30-39,34,No,With Traffic,B: Evident Injury,Travel Lane,White,Male,Greensboro,Guilford,No,01-01-02,2011-01-18,Motorist Failed to Yield - Sign-Controlled Intersection,13,Intersection,,0001-01-01T08:22:58-04:56,Motorist Drive Out - Sign-Controlled Intersection,111141,2011,B: Evident Injury,Commercial,40-49,45,No,6-10 mph,B: Evident Injury,White,Male,Passenger Car,No,No,Daylight,Urban (>70% Developed),3 lanes,2,Straight - Grade,Local Street,Dry,"Two-Way, Not Divided",None,T-Intersection,Smooth Asphalt,Piedmont,Urban,20 - 25  MPH,Stop Sign,Cloudy,No,"36.06819, -79.7901"
17,18,No,15-Nov,13,No,Facing Traffic,C: Possible Injury,Sidewalk / Crosswalk / Driveway Crossing,Black,Male,Raleigh,Wake,No,01-01-04,2011-01-06,Motorist Failed to Yield - Sign-Controlled Intersection,17,Intersection,,0001-01-01T12:37:58-04:56,Motorist Drive Out - Sign-Controlled Intersection,132141,2011,C: Possible Injury,Residential,25-29,25,No,,O: No Injury,Black,Female,Passenger Car,No,No,Dark - Lighted Roadway,Urban (>70% Developed),2 lanes,2,Straight - Level,Local Street,Dry,"Two-Way, Not Divided",None,T-Intersection,Smooth Asphalt,Piedmont,Urban,30 - 35  MPH,Stop Sign,Clear,No,"35.87207, -78.6582"
27,28,No,40-49,49,Yes,With Traffic,B: Evident Injury,Travel Lane,Black,Male,Winston-Salem,Forsyth,Yes,01-01-06,2011-01-15,Bicyclist Overtaking Motorist,23,Non-Intersection,,0001-01-01T18:30:58-04:56,Bicyclist Overtaking - Parked Vehicle,311243,2011,B: Evident Injury,Residential,,,Missing,11-15 mph,Injury,/Missing,,Single Unit Truck (3 Or More Axles),No,No,Dark -  Lighting,Urban (>70% Developed),2 lanes,3,Straight - Grade,Local Street,Dry,"Two-Way, Not Divided",None,No Special Feature,Smooth Asphalt,Piedmont,Urban,30 - 35  MPH,No Control Present,Clear,No,"36.11725, -80.2463"
28,29,No,40-49,49,Yes,Facing Traffic,O: No Injury,Travel Lane,Native American,Male,None - Rural Crash,Robeson,Yes,01-01-05,2011-02-11,Head-On,18,Non-Intersection,01-02-01,0001-01-01T13:48:58-04:56,Head-On - Bicyclist,312250,2011,O: No Injury,"Farms, Woods, Pastures",70,,No,51-55 mph,O: No Injury,White,Male,"EMS Vehicle, Ambulance, Rescue Squad",No,No,Dark - Roadway Not Lighted,Rural (<30% Developed),2 lanes,2,Straight - Level,NC Route,Dry,"Two-Way, Not Divided",None,No Special Feature,Coarse Asphalt,Coastal,Rural,50 - 55  MPH,No Control Present,Clear,No,"34.56528, -79.0574"
31,32,Yes,20-24,23,No,Facing Traffic,B: Evident Injury,Sidewalk / Crosswalk / Driveway Crossing,White,Male,Wilmington,New Hanover,No,01-01-04,2011-01-27,Motorist Failed to Yield - Midblock,17,Non-Intersection,,0001-01-01T13:01:58-04:56,Motorist Drive Out - Commercial Driveway / Alley,332322,2011,B: Evident Injury,Commercial,40-49,44,No,0-5 mph,O: No Injury,White,Male,"Single Unit Truck (2-Axle, 6-Tire)",No,No,Dark - Lighted Roadway,Urban (>70% Developed),,2,Straight - Level,Public Vehicular Area,Dry,"Two-Way, Not Divided",None,No Special Feature,Coarse Asphalt,Coastal,Urban,5 - 15 MPH,No Control Present,Clear,No,"34.24178, -77.8948"
33,34,Yes,10-Jun,7,No,With Traffic,B: Evident Injury,Travel Lane,Black,Male,Yanceyville,Caswell,No,01-01-07,2011-02-13,Bicyclist Failed to Yield - Sign-Controlled Intersection,16,Intersection,01-02-01,0001-01-01T11:32:58-04:56,Bicyclist Ride Through - Sign-Controlled Intersection,111144,2011,B: Evident Injury,Residential,20-24,24,No,31-35 mph,O: No Injury,Black,Female,Passenger Car,No,No,Daylight,Urban (>70% Developed),2 lanes,2,Straight - Level,Local Street,Dry,"Two-Way, Not Divided",None,T-Intersection,Coarse Asphalt,Piedmont,Rural,30 - 35  MPH,No Control Present,Clear,No,"36.40724, -79.3436"
34,35,Yes,25-29,27,No,With Traffic,B: Evident Injury,Bike Lane / Paved Shoulder,White,Male,Durham,Durham,No,01-01-02,2011-02-15,Motorist Overtaking Bicyclist,18,Non-Intersection,01-02-01,0001-01-01T13:33:58-04:56,Motorist Overtaking - Other /,321239,2011,B: Evident Injury,Commercial,,,Missing,41-45 mph,Injury,/Missing,,Sport Utility,No,Yes,Daylight,Urban (>70% Developed),,2,Straight - Level,Local Street,Dry,"Two-Way, Divided, Unprotected Median",None,No Special Feature,Smooth Asphalt,Piedmont,Urban,40 - 45  MPH,No Control Present,Clear,No,"35.96152, -78.9769"
43,44,No,30-39,35,No,With Traffic,O: No Injury,Travel Lane,White,Male,None - Rural Crash,Randolph,No,01-01-04,2011-02-17,Motorist Overtaking Bicyclist,15,Non-Intersection,01-02-01,0001-01-01T10:04:58-04:56,Motorist Overtaking - Other /,311239,2011,O: No Injury,Residential,70,,No,31-35 mph,O: No Injury,White,Male,Passenger Car,No,No,Daylight,Rural (<30% Developed),2 lanes,2,Straight - Grade,State Secondary Route,Dry,"Two-Way, Not Divided",None,No Special Feature,Smooth Asphalt,Piedmont,Rural,40 - 45  MPH,"Double Yellow Line, No Passing Zone",Clear,No,"35.82222, -79.9503"
45,46,Yes,40-49,45,No,Facing Traffic,C: Possible Injury,Travel Lane,White,Male,Greensboro,Guilford,No,01-01-04,2011-02-10,Loss of Control / Turning Error,16,Intersection,01-02-01,0001-01-01T11:05:58-04:56,Bicyclist Lost Control - Mechanical Problems,112121,2011,C: Possible Injury,Commercial,30-39,38,No,0-5 mph,O: No Injury,White,Male,Pickup,No,No,Daylight,Urban (>70% Developed),6 lanes,2,Straight - Level,Local Street,Dry,"Two-Way, Not Divided",None,Related To Intersection,Smooth Asphalt,Piedmont,Urban,30 - 35  MPH,No Control Present,Clear,No,"36.06306, -79.8091"
47,48,Yes,20-24,24,No,Facing Traffic,C: Possible Injury,Sidewalk / Crosswalk / Driveway Crossing,Hispanic,Male,Durham,Durham,No,01-01-04,2011-02-24,Motorist Failed to Yield - Signalized Intersection,18,Intersection,01-02-01,0001-01-01T13:49:58-04:56,Motorist Drive Out - Right Turn on Red,132151,2011,C: Possible Injury,Residential,70,,No,0-5 mph,O: No Injury,White,Male,Sport Utility,No,No,Dark - Roadway Not Lighted,Urban (>70% Developed),3 lanes,2,Straight - Level,Local Street,Dry,"Two-Way, Not Divided",None,Four-Way Intersection,Coarse Asphalt,Piedmont,Urban,30 - 35  MPH,Stop And Go Signal,Clear,Yes,"36.03755, -78.9355"
59,60,No,50-59,52,No,With Traffic,B: Evident Injury,Travel Lane,White,Male,Charlotte,Mecklenburg,No,01-01-02,2011-02-22,Motorist Left Turn / Merge,7,Intersection,01-02-01,0001-01-01T02:25:58-04:56,Motorist Left Turn - Opposite Direction,111212,2011,B: Evident Injury,Residential,30-39,38,No,11-15 mph,O: No Injury,White,Female,Passenger Car,No,No,Daylight,Urban (>70% Developed),2 lanes,2,Straight - Level,Local Street,Dry,"Two-Way, Not Divided",None,T-Intersection,Coarse Asphalt,Piedmont,Urban,20 - 25  MPH,No Control Present,Clear,No,"35.15183, -80.8684"
60,61,Yes,10-Jun,8,No,With Traffic,C: Possible Injury,Travel Lane,Black,Female,Greensboro,Guilford,No,01-01-03,2011-02-23,Bicyclist Failed to Yield - Sign-Controlled Intersection,17,Intersection,01-02-01,0001-01-01T12:42:58-04:56,Bicyclist Ride Through - Sign-Controlled Intersection,111144,2011,C: Possible Injury,Residential,25-29,26,No,26-30 mph,O: No Injury,White,Male,Passenger Car,No,No,Daylight,Urban (>70% Developed),2 lanes,2,Straight - Level,Local Street,Dry,"Two-Way, Not Divided",None,Four-Way Intersection,Smooth Asphalt,Piedmont,Urban,20 - 25  MPH,Stop Sign,Clear,No,"36.0515, -79.8479"
83,84,Yes,25-29,25,No,Facing Traffic,B: Evident Injury,Travel Lane,Black,Male,Wilmington,New Hanover,No,01-01-02,2011-03-08,Motorist Failed to Yield - Sign-Controlled Intersection,13,Intersection,01-03-01,0001-01-01T08:28:58-04:56,Motorist Drive Out - Sign-Controlled Intersection,112141,2011,B: Evident Injury,Residential,20-24,21,No,6-10 mph,O: No Injury,White,Female,Sport Utility,No,No,Daylight,Urban (>70% Developed),5 lanes,2,Straight - Level,Local Street,Dry,"Two-Way, Not Divided",None,T-Intersection,Smooth Asphalt,Coastal,Urban,20 - 25  MPH,Stop Sign,Clear,No,"34.23481, -77.8881"
95,96,Yes,50-59,53,No,With Traffic,C: Possible Injury,Other,Black,Male,Kinston,Lenoir,No,01-01-04,2011-03-24,Loss of Control / Turning Error,7,Non-Intersection,01-03-01,0001-01-01T02:04:58-04:56,Motorist Lost Control - Other /,381139,2011,C: Possible Injury,Commercial,60-69,64,No,41-45 mph,O: No Injury,White,Male,Van,No,No,Daylight,Urban (>70% Developed),2 lanes,2,Straight - Level,US Route,Dry,"Two-Way, Not Divided",None,No Special Feature,Smooth Asphalt,Coastal,Urban,40 - 45  MPH,No Control Present,Clear,No,"35.26173, -77.6465"
98,99,No,16-19,16,No,Facing Traffic,O: No Injury,Travel Lane,White,Male,Wrightsville Beach,New Hanover,No,01-01-07,2011-01-30,Parallel Paths - Other Circumstances,16,Intersection,,0001-01-01T11:33:58-04:56,Parallel Paths - Other /,112280,2011,O: No Injury,Residential,40-49,45,No,0-5 mph,O: No Injury,White,Female,Sport Utility,No,No,Daylight,Urban (>70% Developed),4 lanes,2,Straight - Level,Local Street,Dry,"Two-Way, Not Divided",None,No Special Feature,Smooth Asphalt,Coastal,Rural,30 - 35  MPH,No Control Present,Clear,No,"34.21377, -77.8055"
100,101,No,70,,No,With Traffic,B: Evident Injury,Travel Lane,White,Male,Davidson,Mecklenburg,No,01-01-06,2011-03-19,Motorist Failed to Yield - Sign-Controlled Intersection,14,Intersection,01-03-01,0001-01-01T09:30:58-04:56,Motorist Drive Out - Sign-Controlled Intersection,111141,2011,B: Evident Injury,Residential,40-49,49,No,6-10 mph,O: No Injury,White,Female,Passenger Car,No,No,Daylight,Mixed (30% To 70% Developed),3 lanes,2,Straight - Level,Local Street,Dry,"Two-Way, Divided, Unprotected Median",None,No Special Feature,Smooth Asphalt,Piedmont,Urban,20 - 25  MPH,"Double Yellow Line, No Passing Zone",Clear,No,"35.46424, -80.811"
105,106,Yes,15-Nov,14,No,Facing Traffic,C: Possible Injury,Sidewalk / Crosswalk / Driveway Crossing,Hispanic,Male,Charlotte,Mecklenburg,No,01-01-06,2011-03-19,Motorist Failed to Yield - Signalized Intersection,19,Intersection,01-03-01,0001-01-01T15:01:58-04:56,Motorist Drive Out - Right Turn on Red,132151,2011,C: Possible Injury,Residential,,,No,0-5 mph,O: No Injury,White,Male,Sport Utility,No,No,Dark - Lighted Roadway,Urban (>70% Developed),2 lanes,2,Straight - Level,Local Street,Dry,"Two-Way, Divided, Unprotected Median",None,No Special Feature,Smooth Asphalt,Piedmont,Urban,30 - 35  MPH,Stop And Go Signal,Cloudy,No,"35.22814, -80.7753"
109,110,No,25-29,29,No,With Traffic,C: Possible Injury,Travel Lane,White,Male,Fayetteville,Cumberland,No,01-01-03,2011-03-16,Motorist Failed to Yield - Signalized Intersection,7,Intersection,01-03-01,0001-01-01T02:32:58-04:56,Motorist Drive Through - Signalized Intersection,111154,2011,C: Possible Injury,Commercial,50-59,54,No,31-35 mph,O: No Injury,White,Male,Passenger Car,No,No,Dawn,Urban (>70% Developed),6 lanes,2,Straight - Level,Local Street,Wet,"Two-Way, Not Divided",None,No Special Feature,Coarse Asphalt,Coastal,Urban,30 - 35  MPH,Stop And Go Signal,Clear,No,"35.04803, -78.8651"
112,113,Yes,30-39,31,No,With Traffic,B: Evident Injury,Travel Lane,White,Male,Carrboro,Orange,No,01-01-02,2011-03-15,Bicyclist Overtaking Motorist,12,Non-Intersection,01-03-01,0001-01-01T07:31:58-04:56,Bicyclist Overtaking - Parked Vehicle,311243,2011,B: Evident Injury,Residential,,,Missing,,Injury,/Missing,,Commercial Bus,No,No,Daylight,Urban (>70% Developed),2 lanes,2,Straight - Level,State Secondary Route,Dry,"Two-Way, Not Divided",None,No Special Feature,Smooth Asphalt,Piedmont,Urban,30 - 35  MPH,"Double Yellow Line, No Passing Zone",Clear,No,"35.92554, -79.092"
116,117,No,25-29,25,No,With Traffic,C: Possible Injury,Travel Lane,White,Male,Raleigh,Wake,No,01-01-05,2011-03-11,Motorist Failed to Yield - Signalized Intersection,11,Intersection,01-03-01,0001-01-01T06:28:58-04:56,Motorist Drive Out - Signalized Intersection,111152,2011,C: Possible Injury,Commercial,70,,No,6-10 mph,O: No Injury,White,Female,Passenger Car,No,No,Daylight,Urban (>70% Developed),5 lanes,2,Straight - Level,Local Street,Dry,"Two-Way, Not Divided",None,T-Intersection,Smooth Asphalt,Piedmont,Urban,30 - 35  MPH,Stop And Go Signal,Cloudy,No,"35.7993, -78.6605"
121,122,No,,,Missing,With Traffic,Injury,Travel Lane,/Missing,,Wilmington,New Hanover,No,01-01-06,2011-03-26,Motorist Left Turn / Merge,16,Intersection,01-03-01,0001-01-01T11:29:58-04:56,Motorist Left Turn - Opposite Direction,111212,2011,O: No Injury,Commercial,60-69,66,No,11-15 mph,O: No Injury,White,Female,Passenger Car,No,No,Daylight,Urban (>70% Developed),4 lanes,2,Straight - Level,Local Street,Dry,"Two-Way, Not Divided",None,No Special Feature,Smooth Asphalt,Coastal,Urban,40 - 45  MPH,No Control Present,Cloudy,No,"34.16711, -77.9462"
122,123,Yes,15-Nov,12,No,With Traffic,B: Evident Injury,Travel Lane,Hispanic,Male,None - Rural Crash,Robeson,No,01-01-05,2011-04-01,Bicyclist Left Turn / Merge,15,Non-Intersection,01-04-01,0001-01-01T10:36:58-04:56,Bicyclist Left Turn - Same Direction,311221,2011,B: Evident Injury,"Farms, Woods, Pastures",70,,No,51-55 mph,O: No Injury,Native American,Male,Pickup,No,No,Daylight,Rural (<30% Developed),2 lanes,2,Straight - Level,State Secondary Route,Dry,"Two-Way, Not Divided",None,No Special Feature,Coarse Asphalt,Coastal,Rural,50 - 55  MPH,No Control Present,Clear,No,"34.81757, -79.1573"
123,124,No,30-39,31,No,With Traffic,O: No Injury,Travel Lane,White,Male,Durham,Durham,No,,2011-04-04,Motorist Right Turn / Merge,7,Intersection,01-04-01,0001-01-01T02:30:58-04:56,Motorist Right Turn - Same Direction,111213,2011,O: No Injury,Residential,60-69,68,No,31-35 mph,O: No Injury,Black,Male,School Bus,No,No,Daylight,Urban (>70% Developed),2 lanes,2,Straight - Level,Local Street,Dry,"Two-Way, Not Divided",None,No Special Feature,Smooth Asphalt,Piedmont,Urban,30 - 35  MPH,No Control Present,Clear,No,"35.98321, -78.9307"
125,126,Yes,50-59,50,No,With Traffic,A: Disabling Injury,Travel Lane,White,Male,None - Rural Crash,Martin,No,01-01-02,2011-03-29,Bicyclist Left Turn / Merge,8,Non-Intersection,01-03-01,0001-01-01T03:25:58-04:56,Bicyclist Left Turn - Same Direction,311221,2011,A: Disabling Injury,"Farms, Woods, Pastures",40-49,44,No,51-55 mph,O: No Injury,White,Female,Sport Utility,No,No,Daylight,Rural (<30% Developed),2 lanes,2,Straight - Grade,State Secondary Route,Dry,"Two-Way, Not Divided",None,"Driveway, Private",Coarse Asphalt,Coastal,Rural,50 - 55  MPH,"Double Yellow Line, No Passing Zone",Clear,No,"35.77156, -77.0381"
131,132,Yes,25-29,25,No,Facing Traffic,C: Possible Injury,Travel Lane,Black,Male,Raleigh,Wake,No,01-01-02,2011-03-29,Parallel Paths - Other Circumstances,16,Non-Intersection,01-03-01,0001-01-01T11:20:58-04:56,Bicyclist Ride Out - Parallel Path,312225,2011,C: Possible Injury,Commercial,40-49,45,No,0-5 mph,O: No Injury,White,Female,Passenger Car,No,No,Daylight,Urban (>70% Developed),6 lanes,2,Straight - Level,Local Street,Dry,"Two-Way, Divided, Positive Median Barrier",None,No Special Feature,Smooth Asphalt,Piedmont,Urban,40 - 45  MPH,Stop And Go Signal,Clear,No,"35.85518, -78.581"
134,135,Yes,30-39,35,No,With Traffic,B: Evident Injury,Travel Lane,White,Male,None - Rural Crash,Buncombe,No,01-01-04,2011-04-07,Motorist Overtaking Bicyclist,17,Non-Intersection,01-04-01,0001-01-01T12:57:58-04:56,Motorist Overtaking - Misjudged Space,311232,2011,B: Evident Injury,"Farms, Woods, Pastures",30-39,33,No,51-55 mph,O: No Injury,White,Male,Pickup,No,No,Daylight,Rural (<30% Developed),2 lanes,2,Curve - Level,NC Route,Dry,"Two-Way, Not Divided",None,T-Intersection,Smooth Asphalt,Mountains,Rural,50 - 55  MPH,"Double Yellow Line, No Passing Zone",Clear,No,"35.71682, -82.6269"