FID,OBJECTID,AmbulanceR,BikeAge_Gr,Bike_Age,Bike_Alc_D,Bike_Dir,Bike_Injur,Bike_Pos,Bike_Race,Bike_Sex,City,County,CrashAlcoh,CrashDay,Crash_Date,Crash_Grp,Crash_Hour,Crash_Loc,Crash_Mont,Crash_Time,Crash_Type,Crash_Ty_1,Crash_Year,Crsh_Sevri,Developmen,DrvrAge_Gr,Drvr_Age,Drvr_Alc_D,Drvr_EstSp,Drvr_Injur,Drvr_Race,Drvr_Sex,Drvr_VehTy,ExcsSpdInd,Hit_Run,Light_Cond,Locality,Num_Lanes,Num_Units,Rd_Charact,Rd_Class,Rd_Conditi,Rd_Config,Rd_Defects,Rd_Feature,Rd_Surface,Region,Rural_Urba,Speed_Limi,Traff_Cntr,Weather,Workzone_I,Location
135,136,Yes,20-24,20,No,With Traffic,C: Possible Injury,Travel Lane,White,Male,Mount Olive,Wayne,No,01-01-05,2011-04-01,Bicyclist Failed to Yield - Sign-Controlled Intersection,14,Intersection,01-04-01,0001-01-01T09:43:58-04:56,Bicyclist Ride Out - Sign-Controlled Intersection,111142,2011,C: Possible Injury,Commercial,50-59,50,No,26-30 mph,O: No Injury,White,Male,"Single Unit Truck (2-Axle, 6-Tire)",No,No,Daylight,Urban (>70% Developed),5 lanes,2,Straight - Level,NC Route,Dry,"Two-Way, Divided, Unprotected Median",None,T-Intersection,Smooth Asphalt,Coastal,Rural,30 - 35  MPH,No Control Present,Clear,No,"35.20452, -78.0646"
136,137,Yes,40-49,45,Yes,With Traffic,A: Disabling Injury,Travel Lane,White,Male,Charlotte,Mecklenburg,Yes,,2011-04-04,Bicyclist Failed to Yield - Signalized Intersection,15,Intersection,01-04-01,0001-01-01T10:21:58-04:56,Bicyclist Ride Through - Signalized Intersection,111155,2011,A: Disabling Injury,Commercial,40-49,49,No,26-30 mph,O: No Injury,Hispanic,Female,Sport Utility,No,No,Daylight,Urban (>70% Developed),4 lanes,2,Straight - Level,Local Street,Dry,"Two-Way, Divided, Unprotected Median",None,Four-Way Intersection,Smooth Asphalt,Piedmont,Urban,30 - 35  MPH,Stop And Go Signal,Clear,No,"35.26045, -80.8369"
141,142,No,20-24,21,No,With Traffic,C: Possible Injury,Bike Lane / Paved Shoulder,Hispanic,Male,Durham,Durham,No,01-01-04,2011-04-14,Motorist Overtaking Bicyclist,17,Non-Intersection,01-04-01,0001-01-01T12:08:58-04:56,Motorist Overtaking - Other /,321239,2011,C: Possible Injury,Residential,60-69,66,No,31-35 mph,O: No Injury,White,Male,Passenger Car,No,No,Daylight,Urban (>70% Developed),4 lanes,2,Straight - Level,Local Street,Dry,"Two-Way, Not Divided",None,No Special Feature,Coarse Asphalt,Piedmont,Urban,30 - 35  MPH,No Control Present,Clear,No,"35.9859, -78.84"
144,145,No,40-49,45,No,With Traffic,C: Possible Injury,Travel Lane,White,Male,None - Rural Crash,Lee,No,01-01-04,2011-04-14,Motorist Failed to Yield - Midblock,12,Non-Intersection,01-04-01,0001-01-01T07:58:58-04:56,Motorist Drive Out - Residential Driveway,311321,2011,C: Possible Injury,"Farms, Woods, Pastures",30-39,39,No,0-5 mph,O: No Injury,White,Male,Pickup,No,No,Daylight,Rural (<30% Developed),2 lanes,2,Straight - Level,State Secondary Route,Dry,"Two-Way, Not Divided",None,"Driveway, Private",Smooth Asphalt,Piedmont,Rural,50 - 55  MPH,No Control Present,Clear,No,"35.43781, -79.0982"
153,154,No,40-49,41,No,Facing Traffic,O: No Injury,Sidewalk / Crosswalk / Driveway Crossing,White,Male,Raleigh,Wake,No,01-01-03,2011-04-06,Backing Vehicle,14,Non-Intersection,01-04-01,0001-01-01T09:35:58-04:56,Backing Vehicle,332600,2011,O: No Injury,Commercial,40-49,46,No,0-5 mph,O: No Injury,White,Female,Sport Utility,No,No,Daylight,Urban (>70% Developed),1 lane,2,Straight - Level,Public Vehicular Area,Dry,"Two-Way, Not Divided",None,"Driveway, Public",Concrete,Piedmont,Urban,30 - 35  MPH,No Control Present,Clear,No,"35.79174, -78.6628"
160,161,No,40-49,47,Yes,With Traffic,Injury,Sidewalk / Crosswalk / Driveway Crossing,/Missing,,Lumberton,Robeson,Yes,01-01-02,2011-04-05,Motorist Left Turn / Merge,5,Non-Intersection,01-04-01,0001-01-01T00:53:58-04:56,Motorist Left Turn - Same Direction,331211,2011,O: No Injury,Residential,25-29,27,Yes,0-5 mph,O: No Injury,White,Male,Passenger Car,No,No,Dark - Lighted Roadway,Urban (>70% Developed),,2,Curve - Grade,,Dry,"Two-Way, Not Divided",None,"Driveway, Public",Grooved Concrete,Coastal,Urban,30 - 35  MPH,No Control Present,Cloudy,No,"34.62374, -79.006"
163,164,Yes,20-24,23,No,With Traffic,A: Disabling Injury,Travel Lane,White,Female,None - Rural Crash,Orange,No,01-01-04,2011-04-14,Motorist Right Turn / Merge,17,Intersection,01-04-01,0001-01-01T12:29:58-04:56,Motorist Right Turn - Same Direction,111213,2011,A: Disabling Injury,"Farms, Woods, Pastures",25-29,25,No,41-45 mph,O: No Injury,Black,Female,Passenger Car,No,No,Daylight,Rural (<30% Developed),2 lanes,2,Straight - Grade,State Secondary Route,Dry,"Two-Way, Not Divided",None,T-Intersection,Smooth Asphalt,Piedmont,Rural,50 - 55  MPH,"Double Yellow Line, No Passing Zone",Clear,No,"35.94704, -79.1304"
172,173,Yes,60-69,60,No,With Traffic,C: Possible Injury,Travel Lane,White,Male,Durham,Durham,No,01-01-05,2011-04-29,Motorist Left Turn / Merge,7,Intersection,01-04-01,0001-01-01T02:50:58-04:56,Motorist Left Turn - Opposite Direction,111212,2011,C: Possible Injury,Commercial,50-59,53,No,0-5 mph,O: No Injury,Black,Female,Sport Utility,No,No,Daylight,Urban (>70% Developed),2 lanes,2,Straight - Level,Local Street,Dry,"Two-Way, Not Divided",None,"Five-Point, Or More",Smooth Asphalt,Piedmont,Urban,20 - 25  MPH,Stop And Go Signal,Clear,No,"35.99697, -78.9039"
185,186,Yes,0-5,4,No,With Traffic,C: Possible Injury,Travel Lane,Black,Male,None - Rural Crash,Richmond,No,01-01-07,2011-05-01,Loss of Control / Turning Error,16,Non-Intersection,01-05-01,0001-01-01T11:11:58-04:56,Bicyclist Lost Control - Mechanical Problems,311121,2011,C: Possible Injury,Residential,40-49,41,No,11-15 mph,O: No Injury,Black,Female,Sport Utility,No,No,Daylight,Urban (>70% Developed),2 lanes,2,Straight - Grade,State Secondary Route,Dry,"Two-Way, Not Divided",None,No Special Feature,Smooth Asphalt,Piedmont,Rural,30 - 35  MPH,No Control Present,Clear,No,"34.90184, -79.7793"
190,191,Yes,30-39,37,No,With Traffic,B: Evident Injury,Travel Lane,White,Male,Charlotte,Mecklenburg,No,01-01-03,2011-04-20,Motorist Failed to Yield - Signalized Intersection,19,Intersection,01-04-01,0001-01-01T14:44:58-04:56,Motorist Drive Out - Signalized Intersection,111152,2011,B: Evident Injury,Commercial,25-29,26,No,16-20 mph,O: No Injury,White,Female,Passenger Car,No,No,Daylight,Urban (>70% Developed),3 lanes,2,Straight - Grade,Local Street,Dry,"One-Way, Not Divided",None,Four-Way Intersection,Smooth Asphalt,Piedmont,Urban,20 - 25  MPH,Stop And Go Signal,Clear,No,"35.2306, -80.8429"
589,590,No,60-69,61,No,With Traffic,O: No Injury,Travel Lane,White,Male,Cary,Wake,No,01-01-05,2012-08-10,Motorist Failed to Yield - Sign-Controlled Intersection,13,Intersection,01-08-01,0001-01-01T08:39:58-04:56,Motorist Drive Out - Sign-Controlled Intersection,,2012,O: No Injury,Residential,70,70,No,0-5 mph,O: No Injury,White,Female,Passenger Car,No,No,Daylight,Urban (>70% Developed),2 lanes,2,Straight - Level,Local Street,Dry,"Two-Way, Not Divided",None,No Special Feature,Smooth Asphalt,Piedmont,Urban,30 - 35  MPH,Stop Sign,Clear,No,"35.82801, -78.9153"
593,594,Yes,25-29,25,No,With Traffic,C: Possible Injury,Bike Lane / Paved Shoulder,White,Male,Greensboro,Guilford,No,01-01-04,2012-08-23,Motorist Right Turn / Merge,17,Intersection,01-08-01,0001-01-01T12:03:58-04:56,Motorist Right Turn - Same Direction,,2012,C: Possible Injury,Institutional,20-24,20,No,0-5 mph,O: No Injury,White,Female,Passenger Car,No,No,Daylight,Urban (>70% Developed),2 lanes,2,Straight - Level,Local Street,Dry,"Two-Way, Divided, Positive Median Barrier",None,T-Intersection,Smooth Asphalt,Piedmont,Urban,20 - 25  MPH,Stop And Go Signal,Clear,No,"36.06623, -79.8074"
620,621,Yes,20-24,20,No,Facing Traffic,C: Possible Injury,Sidewalk / Crosswalk / Driveway Crossing,White,Female,Raleigh,Wake,No,01-01-05,2012-08-24,Motorist Failed to Yield - Signalized Intersection,8,Intersection,01-08-01,0001-01-01T03:43:58-04:56,Motorist Drive Out - Signalized Intersection,,2012,C: Possible Injury,Commercial,30-39,31,Missing,0-5 mph,O: No Injury,White,Male,Van,No,No,Dark - Lighted Roadway,Urban (>70% Developed),2 lanes,2,Straight - Level,Local Street,Dry,"Two-Way, Not Divided",None,No Special Feature,Coarse Asphalt,Piedmont,Urban,40 - 45  MPH,Stop And Go Signal,Clear,No,"35.7751, -78.6566"
626,627,Yes,10-Jun,8,No,Not Applicable,B: Evident Injury,Non-Roadway,Asian,Male,Asheville,Buncombe,No,01-01-07,2012-08-26,Bicyclist Failed to Yield - Midblock,18,Non-Intersection,01-08-01,0001-01-01T13:43:58-04:56,Bicyclist Ride Out - Other Midblock,,2012,B: Evident Injury,Commercial,60-69,63,No,21-25 mph,O: No Injury,White,Female,Passenger Car,No,No,Daylight,Urban (>70% Developed),2 lanes,2,Straight - Level,Local Street,Dry,"Two-Way, Not Divided",None,No Special Feature,Smooth Asphalt,Mountains,Urban,20 - 25  MPH,No Control Present,Clear,No,"35.62984, -82.5539"
631,632,Yes,30-39,35,No,With Traffic,B: Evident Injury,Travel Lane,White,Male,Wilmington,New Hanover,No,,2012-08-27,Bicyclist Left Turn / Merge,18,Intersection,01-08-01,0001-01-01T13:38:58-04:56,Bicyclist Left Turn - Opposite Direction,,2012,B: Evident Injury,Residential,,,Missing,,Injury,/Missing,,,No,Yes,Daylight,Urban (>70% Developed),2 lanes,2,Straight - Level,Local Street,Dry,"Two-Way, Divided, Unprotected Median",None,T-Intersection,Coarse Asphalt,Coastal,Urban,30 - 35  MPH,No Control Present,Clear,No,"34.23571, -77.9044"
639,640,Yes,16-19,18,No,With Traffic,C: Possible Injury,Bike Lane / Paved Shoulder,Black,Male,Winterville,Pitt,No,,2012-07-30,Motorist Overtaking Bicyclist,21,Non-Intersection,01-07-01,0001-01-01T16:58:58-04:56,Motorist Overtaking - Other /,,2012,C: Possible Injury,"Farms, Woods, Pastures",,,Missing,51-55 mph,Injury,/Missing,,,No,Yes,Dark - Roadway Not Lighted,Rural (<30% Developed),2 lanes,2,Straight - Level,NC Route,Dry,"Two-Way, Not Divided",None,No Special Feature,Smooth Asphalt,Coastal,Urban,50 - 55  MPH,No Control Present,Clear,No,"35.51076, -77.4094"
652,653,No,15-Nov,12,No,With Traffic,O: No Injury,Sidewalk / Crosswalk / Driveway Crossing,Black,Male,Winston-Salem,Forsyth,No,01-01-02,2012-08-21,Bicyclist Failed to Yield - Signalized Intersection,16,Intersection-Related,01-08-01,0001-01-01T11:17:58-04:56,Bicyclist Ride Through - Signalized Intersection,,2012,O: No Injury,Commercial,50-59,58,No,6-10 mph,O: No Injury,White,Female,Sport Utility,No,No,Daylight,Urban (>70% Developed),2 lanes,2,Straight - Level,Local Street,Dry,"Two-Way, Divided, Unprotected Median",None,Related To Intersection,Smooth Asphalt,Piedmont,Urban,30 - 35  MPH,Stop And Go Signal,Clear,No,"36.06876, -80.2067"
656,657,No,40-49,49,No,Facing Traffic,C: Possible Injury,Multi-use Path,White,Female,Kitty Hawk,Dare,No,01-01-07,2012-08-12,Motorist Failed to Yield - Midblock,11,Non-Intersection,01-08-01,0001-01-01T06:08:58-04:56,Motorist Drive Out - Commercial Driveway / Alley,,2012,C: Possible Injury,Commercial,40-49,43,No,0-5 mph,O: No Injury,White,Male,Van,No,No,Daylight,Urban (>70% Developed),5 lanes,2,Straight - Level,US Route,Dry,"Two-Way, Not Divided",None,No Special Feature,Coarse Asphalt,Coastal,Rural,60 - 75 MPH,No Control Present,Clear,No,"36.09845, -75.7231"
657,658,Yes,50-59,51,Yes,With Traffic,B: Evident Injury,Travel Lane,White,Male,Chapel Hill,Orange,Yes,01-01-04,2012-08-30,Bicyclist Right Turn / Merge,16,Intersection-Related,01-08-01,0001-01-01T11:09:58-04:56,Bicyclist Right Turn - Same Direction,,2012,B: Evident Injury,Commercial,20-24,24,No,0-5 mph,O: No Injury,White,Female,Passenger Car,No,No,Daylight,Urban (>70% Developed),6 lanes,2,Straight - Level,NC Route,Dry,"Two-Way, Divided, Unprotected Median",None,No Special Feature,Smooth Asphalt,Piedmont,Urban,40 - 45  MPH,No Control Present,Clear,No,"35.90298, -79.0108"
659,660,Yes,25-29,25,No,Facing Traffic,C: Possible Injury,Travel Lane,White,Female,Durham,Durham,No,,2012-09-10,Crossing Paths - Other Circumstances,7,Intersection,01-09-01,0001-01-01T02:05:58-04:56,Signalized Intersection - Other /,,2012,C: Possible Injury,Commercial,25-29,27,No,31-35 mph,O: No Injury,Asian,Female,Passenger Car,No,No,Daylight,Urban (>70% Developed),4 lanes,2,Straight - Level,Local Street,Dry,"Two-Way, Not Divided",None,Four-Way Intersection,Smooth Asphalt,Piedmont,Urban,30 - 35  MPH,Stop And Go Signal,Clear,No,"36.0032, -78.9513"
665,666,Yes,15-Nov,14,No,With Traffic,B: Evident Injury,Travel Lane,White,Male,None - Rural Crash,Johnston,No,01-01-02,2012-09-04,Motorist Overtaking Bicyclist,17,Non-Intersection,01-09-01,0001-01-01T12:24:58-04:56,Motorist Overtaking - Bicyclist Swerved,,2012,B: Evident Injury,Residential,30-39,30,No,51-55 mph,B: Evident Injury,Black,Male,Motorcycle,No,No,Daylight,Rural (<30% Developed),2 lanes,2,Straight - Level,State Secondary Route,Dry,"Two-Way, Not Divided",None,No Special Feature,Gravel,Coastal,Rural,40 - 45  MPH,"Double Yellow Line, No Passing Zone",Clear,No,"35.54112, -78.6295"
669,670,Yes,30-39,36,Yes,With Traffic,A: Disabling Injury,Travel Lane,Black,Male,Durham,Durham,Yes,01-01-07,2012-09-09,Crossing Paths - Other Circumstances,1,Intersection,01-09-01,0000-12-31T20:43:58-04:56,Signalized Intersection - Other /,,2012,A: Disabling Injury,Residential,,,Missing,31-35 mph,Injury,/Missing,,Passenger Car,No,Yes,Dark -  Lighting,Urban (>70% Developed),4 lanes,2,Straight - Level,Local Street,Wet,"Two-Way, Divided, Unprotected Median",None,No Special Feature,Coarse Asphalt,Piedmont,Urban,40 - 45  MPH,Other,Rain,No,"35.97946, -78.8918"
672,673,No,30-39,33,No,Facing Traffic,O: No Injury,Sidewalk / Crosswalk / Driveway Crossing,Black,Male,Charlotte,Mecklenburg,No,01-01-04,2012-09-13,Motorist Failed to Yield - Midblock,13,Non-Intersection,01-09-01,0001-01-01T08:18:58-04:56,Motorist Drive Out - Commercial Driveway / Alley,,2012,O: No Injury,Commercial,,,Missing,0-5 mph,Injury,/Missing,,,No,Yes,Daylight,Urban (>70% Developed),6 lanes,2,Straight - Level,,Dry,"Two-Way, Divided, Positive Median Barrier",None,No Special Feature,Concrete,Piedmont,Urban,5 - 15 MPH,No Control Present,Clear,No,"35.23949, -80.8856"
679,680,Yes,60-69,61,No,With Traffic,K: Killed,Travel Lane,Black,Male,None - Rural Crash,Harnett,No,,2012-09-10,Bicyclist Left Turn / Merge,20,Non-Intersection,01-09-01,0001-01-01T15:27:58-04:56,Bicyclist Left Turn - Same Direction,,2012,K: Killed,"Farms, Woods, Pastures",20-24,22,No,46-50 mph,O: No Injury,White,Male,Pickup,No,Yes,Dark - Roadway Not Lighted,Mixed (30% To 70% Developed),2 lanes,2,Straight - Level,State Secondary Route,Dry,"Two-Way, Not Divided",None,No Special Feature,Coarse Asphalt,Coastal,Rural,50 - 55  MPH,No Control Present,Clear,No,"35.32498, -78.5677"
683,684,Yes,10-Jun,8,No,Not Applicable,C: Possible Injury,Non-Roadway,Black,Male,Durham,Durham,No,01-01-03,2012-09-19,Non-Roadway,16,Non-Roadway,01-09-01,0001-01-01T11:22:58-04:56,Non-Roadway,,2012,C: Possible Injury,Residential,0-19,17,No,6-10 mph,O: No Injury,Asian,Female,Sport Utility,No,No,Daylight,Urban (>70% Developed),,2,Straight - Level,Public Vehicular Area,Dry,"One-Way, Not Divided",None,No Special Feature,Coarse Asphalt,Piedmont,Urban,5 - 15 MPH,No Control Present,Clear,No,"35.97832, -78.8095"
685,686,Yes,16-19,18,No,Not Applicable,B: Evident Injury,Non-Roadway,Hispanic,Male,None - Rural Crash,Cumberland,No,01-01-02,2012-09-18,Bicyclist Failed to Yield - Midblock,14,Non-Intersection,01-09-01,0001-01-01T09:34:58-04:56,Bicyclist Ride Out - Other Midblock,,2012,B: Evident Injury,Residential,,,Missing,31-35 mph,Injury,/Missing,,Passenger Car,No,Yes,Daylight,Urban (>70% Developed),2 lanes,2,Straight - Level,State Secondary Route,Dry,"Two-Way, Not Divided",None,No Special Feature,Smooth Asphalt,Coastal,Rural,40 - 45  MPH,No Control Present,Cloudy,No,"35.01913, -78.9402"
686,687,Yes,25-29,25,Yes,With Traffic,C: Possible Injury,Travel Lane,Black,Male,None - Rural Crash,Orange,Yes,01-01-05,2012-09-14,Bicyclist Failed to Yield - Sign-Controlled Intersection,2,Intersection,01-09-01,0000-12-31T21:50:58-04:56,Bicyclist Ride Through - Sign-Controlled Intersection,,2012,C: Possible Injury,Residential,40-49,49,No,31-35 mph,O: No Injury,Black,Male,Van,No,No,Dark - Lighted Roadway,Urban (>70% Developed),2 lanes,2,Straight - Level,Local Street,Dry,"Two-Way, Not Divided",None,No Special Feature,Smooth Asphalt,Piedmont,Rural,30 - 35  MPH,Stop Sign,Clear,No,"35.96385, -79.0476"
688,689,Yes,60-69,65,No,With Traffic,B: Evident Injury,Travel Lane,White,Male,Sanford,Lee,No,01-01-03,2012-09-12,Motorist Left Turn / Merge,9,Intersection,01-09-01,0001-01-01T04:43:58-04:56,Motorist Left Turn - Opposite Direction,,2012,B: Evident Injury,Commercial,70,70,No,11-15 mph,O: No Injury,White,Female,Van,No,No,Daylight,Urban (>70% Developed),5 lanes,2,Straight - Hillcrest,Local Street,Dry,"Two-Way, Not Divided",None,No Special Feature,Coarse Asphalt,Piedmont,Urban,30 - 35  MPH,Stop Sign,Clear,No,"35.4805, -79.181"
689,690,No,40-49,49,No,With Traffic,C: Possible Injury,Travel Lane,White,Male,None - Rural Crash,Cumberland,No,01-01-06,2012-09-22,Backing Vehicle,9,Non-Intersection,01-09-01,0001-01-01T04:10:58-04:56,Backing Vehicle,,2012,C: Possible Injury,Residential,40-49,48,No,0-5 mph,O: No Injury,White,Male,Sport Utility,No,No,Daylight,Mixed (30% To 70% Developed),2 lanes,2,Straight - Level,US Route,Dry,"Two-Way, Not Divided",None,"Driveway, Private",Smooth Asphalt,Coastal,Rural,,No Control Present,Clear,No,"35.12304, -78.7408"
690,691,Yes,30-39,33,No,With Traffic,C: Possible Injury,Travel Lane,Hispanic,Male,Durham,Durham,No,01-01-06,2012-09-22,Crossing Paths - Other Circumstances,0,Intersection,01-09-01,0000-12-31T19:15:58-04:56,Signalized Intersection - Other /,,2012,C: Possible Injury,Commercial,50-59,50,No,36-40 mph,O: No Injury,White,Male,Passenger Car,No,No,Dark - Roadway Not Lighted,Mixed (30% To 70% Developed),2 lanes,2,Straight - Level,Local Street,Dry,"Two-Way, Not Divided",None,No Special Feature,Smooth Asphalt,Piedmont,Urban,30 - 35  MPH,Stop And Go Signal,Clear,No,"35.98087, -78.8822"
705,706,No,25-29,26,No,With Traffic,C: Possible Injury,Sidewalk / Crosswalk / Driveway Crossing,White,Male,Raleigh,Wake,No,01-01-04,2012-09-20,Motorist Failed to Yield - Signalized Intersection,9,Intersection,01-09-01,0001-01-01T04:03:58-04:56,Motorist Drive Out - Signalized Intersection,,2012,C: Possible Injury,Residential,25-29,26,No,31-35 mph,O: No Injury,White,Male,Passenger Car,No,No,Daylight,Urban (>70% Developed),2 lanes,2,Straight - Level,Local Street,Dry,"Two-Way, Not Divided",None,No Special Feature,Concrete,Piedmont,Urban,30 - 35  MPH,Stop And Go Signal,Clear,No,"35.76905, -78.6912"
707,708,Yes,40-49,46,No,With Traffic,A: Disabling Injury,Travel Lane,Black,Male,Raleigh,Wake,No,,2012-09-24,Motorist Overtaking Bicyclist,14,Non-Intersection,01-09-01,0001-01-01T09:08:58-04:56,Motorist Overtaking - Other /,,2012,A: Disabling Injury,Commercial,25-29,29,No,36-40 mph,O: No Injury,White,Male,"Single Unit Truck (2-Axle, 6-Tire)",No,No,Daylight,Urban (>70% Developed),6 lanes,2,Straight - Level,NC Route,Dry,"Two-Way, Divided, Unprotected Median",None,No Special Feature,Smooth Asphalt,Piedmont,Urban,40 - 45  MPH,No Control Present,Clear,No,"35.85777, -78.553"
710,711,Yes,20-24,21,No,With Traffic,B: Evident Injury,Travel Lane,White,Male,Wilmington,New Hanover,No,01-01-04,2012-09-20,Motorist Left Turn / Merge,9,Intersection,01-09-01,0001-01-01T04:27:58-04:56,Motorist Left Turn - Opposite Direction,,2012,B: Evident Injury,Residential,70,70,No,6-10 mph,O: No Injury,White,Male,Passenger Car,No,No,Daylight,Urban (>70% Developed),2 lanes,2,Straight - Level,Local Street,Dry,"Two-Way, Not Divided",None,T-Intersection,Coarse Asphalt,Coastal,Urban,20 - 25  MPH,No Control Present,Clear,No,"34.23327, -77.8598"
712,713,Yes,30-39,35,No,With Traffic,B: Evident Injury,Travel Lane,Hispanic,Male,None - Rural Crash,Mecklenburg,No,01-01-04,2012-09-27,Motorist Right Turn / Merge,17,Non-Intersection,01-09-01,0001-01-01T12:05:58-04:56,Motorist Right Turn - Same Direction,,2012,B: Evident Injury,Commercial,20-24,22,No,0-5 mph,O: No Injury,White,Male,Passenger Car,No,No,Daylight,Urban (>70% Developed),4 lanes,2,Straight - Level,Local Street,Dry,"Two-Way, Not Divided",None,No Special Feature,Smooth Asphalt,Piedmont,Rural,20 - 25  MPH,No Control Present,Clear,No,"35.22397, -80.8478"
713,714,No,10-Jun,8,No,Not Applicable,O: No Injury,Non-Roadway,Hispanic,Female,Lenoir,Caldwell,No,01-01-04,2012-09-27,Non-Roadway,17,Non-Roadway,01-09-01,0001-01-01T12:29:58-04:56,Non-Roadway,,2012,O: No Injury,Residential,60-69,64,No,6-10 mph,O: No Injury,White,Male,Passenger Car,No,No,Daylight,Urban (>70% Developed),,3,Straight - Level,Public Vehicular Area,Dry,"Two-Way, Not Divided",None,"Driveway, Private",Coarse Asphalt,Mountains,Urban,5 - 15 MPH,No Control Present,Clear,No,"35.86618, -81.5241"
721,722,Yes,10-Jun,9,No,Facing Traffic,C: Possible Injury,Travel Lane,White,Male,Sanford,Lee,No,01-01-05,2012-09-14,Crossing Paths - Other Circumstances,19,Intersection,01-09-01,0001-01-01T14:44:58-04:56,Sign-Controlled Intersection - Other /,,2012,C: Possible Injury,Residential,30-39,35,No,31-35 mph,O: No Injury,Black,Female,Sport Utility,No,No,Dark - Lighted Roadway,Urban (>70% Developed),4 lanes,2,Straight - Level,Local Street,Dry,"Two-Way, Not Divided",None,No Special Feature,Coarse Asphalt,Piedmont,Urban,30 - 35  MPH,No Control Present,Clear,No,"35.47754, -79.1705"
724,725,No,20-24,22,No,With Traffic,O: No Injury,Travel Lane,White,Male,Burlington,Alamance,No,01-01-05,2012-09-28,Bicyclist Overtaking Motorist,10,Non-Intersection,01-09-01,0001-01-01T05:18:58-04:56,Bicyclist Overtaking - Parked Vehicle,,2012,O: No Injury,Residential,,,Missing,0-5 mph,Injury,/Missing,,Pickup,No,No,Daylight,Urban (>70% Developed),2 lanes,2,Straight - Level,Local Street,Dry,"Two-Way, Not Divided",None,No Special Feature,Smooth Asphalt,Piedmont,Urban,30 - 35  MPH,No Control Present,Clear,No,"36.10049, -79.4367"
730,731,Yes,16-19,19,No,With Traffic,C: Possible Injury,Travel Lane,Black,Female,Winston-Salem,Forsyth,No,01-01-04,2012-09-13,Bicyclist Failed to Yield - Signalized Intersection,9,Intersection,01-09-01,0001-01-01T04:29:58-04:56,Bicyclist Ride Through - Signalized Intersection,,2012,C: Possible Injury,Residential,60-69,63,No,6-10 mph,O: No Injury,White,Female,Passenger Car,No,No,Daylight,Urban (>70% Developed),4 lanes,2,Straight - Level,Local Street,Dry,"Two-Way, Not Divided",None,Four-Way Intersection,Smooth Asphalt,Piedmont,Urban,30 - 35  MPH,Stop And Go Signal,Clear,No,"36.13932, -80.2781"
731,732,Yes,30-39,34,No,With Traffic,B: Evident Injury,Travel Lane,Black,Male,Wilson,Wilson,No,01-01-04,2012-08-30,Motorist Overtaking Bicyclist,23,Non-Intersection,01-08-01,0001-01-01T18:28:58-04:56,Motorist Overtaking - Other /,,2012,B: Evident Injury,Residential,,,No,26-30 mph,Injury,/Missing,,,No,Yes,Dark - Lighted Roadway,Urban (>70% Developed),2 lanes,2,Curve - Grade,Local Street,Dry,"Two-Way, Divided, Unprotected Median",None,No Special Feature,Coarse Asphalt,Coastal,Urban,40 - 45  MPH,No Control Present,Clear,No,"35.71157, -77.8991"
738,739,Yes,10-Jun,8,No,With Traffic,C: Possible Injury,Travel Lane,Black,Male,None - Rural Crash,Guilford,No,01-01-05,2012-09-21,Loss of Control / Turning Error,22,Intersection,01-09-01,0001-01-01T17:03:58-04:56,Bicyclist Lost Control - Mechanical Problems,,2012,C: Possible Injury,Residential,40-49,48,No,26-30 mph,O: No Injury,Black,Female,Pickup,No,No,Daylight,Urban (>70% Developed),2 lanes,2,Straight - Level,Local Street,Dry,"Two-Way, Not Divided",None,Related To Intersection,Smooth Asphalt,Piedmont,Rural,30 - 35  MPH,Stop Sign,Clear,No,"35.95928, -79.9609"
742,743,Yes,15-Nov,14,No,Facing Traffic,B: Evident Injury,Travel Lane,White,Male,None - Rural Crash,Pender,No,01-01-04,2012-10-04,Bicyclist Right Turn / Merge,19,Intersection,01-10-01,0001-01-01T14:44:58-04:56,Bicyclist Right Turn - Same Direction,,2012,B: Evident Injury,"Farms, Woods, Pastures",30-39,31,No,26-30 mph,O: No Injury,Hispanic,Male,Pickup,No,No,Dusk,Rural (<30% Developed),2 lanes,2,Straight - Level,State Secondary Route,Dry,"Two-Way, Not Divided",None,T-Intersection,Smooth Asphalt,Coastal,Rural,50 - 55  MPH,No Control Present,Clear,No,"34.51785, -77.8431"
746,747,Yes,50-59,54,No,With Traffic,B: Evident Injury,Travel Lane,White,Male,Lenoir,Caldwell,No,01-01-07,2012-10-07,Motorist Overtaking Bicyclist,6,Non-Intersection,01-10-01,0001-01-01T01:16:58-04:56,Motorist Overtaking - Other /,,2012,B: Evident Injury,Commercial,20-24,22,No,36-40 mph,O: No Injury,White,Male,Passenger Car,No,No,Dark - Lighted Roadway,Mixed (30% To 70% Developed),5 lanes,2,Straight - Level,Local Street,Wet,"Two-Way, Not Divided",None,No Special Feature,Smooth Asphalt,Mountains,Urban,40 - 45  MPH,No Control Present,Rain,No,"35.90223, -81.5456"
747,748,No,25-29,27,No,With Traffic,O: No Injury,Travel Lane,Hispanic,Male,None - Rural Crash,Stanly,No,01-01-02,2012-09-25,Motorist Overtaking Bicyclist,6,Non-Intersection,01-09-01,0001-01-01T01:17:58-04:56,Motorist Overtaking - Bicyclist Swerved,,2012,O: No Injury,"Farms, Woods, Pastures",30-39,38,No,51-55 mph,O: No Injury,White,Male,Passenger Car,No,No,Dark - Roadway Not Lighted,Rural (<30% Developed),2 lanes,2,Straight - Level,NC Route,Dry,"Two-Way, Not Divided",None,No Special Feature,Smooth Asphalt,Piedmont,Rural,50 - 55  MPH,"Double Yellow Line, No Passing Zone","Fog, Smog, Smoke",No,"35.20512, -80.0875"