FID,OBJECTID,AmbulanceR,BikeAge_Gr,Bike_Age,Bike_Alc_D,Bike_Dir,Bike_Injur,Bike_Pos,Bike_Race,Bike_Sex,City,County,CrashAlcoh,CrashDay,Crash_Date,Crash_Grp,Crash_Hour,Crash_Loc,Crash_Mont,Crash_Time,Crash_Type,Crash_Ty_1,Crash_Year,Crsh_Sevri,Developmen,DrvrAge_Gr,Drvr_Age,Drvr_Alc_D,Drvr_EstSp,Drvr_Injur,Drvr_Race,Drvr_Sex,Drvr_VehTy,ExcsSpdInd,Hit_Run,Light_Cond,Locality,Num_Lanes,Num_Units,Rd_Charact,Rd_Class,Rd_Conditi,Rd_Config,Rd_Defects,Rd_Feature,Rd_Surface,Region,Rural_Urba,Speed_Limi,Traff_Cntr,Weather,Workzone_I,Location
751,752,Yes,40-49,44,No,With Traffic,B: Evident Injury,Travel Lane,Black,Male,None - Rural Crash,Hoke,No,01-01-07,2012-10-07,Motorist Overtaking Bicyclist,19,Non-Intersection,01-10-01,0001-01-01T15:01:58-04:56,Motorist Overtaking - Other /,,2012,B: Evident Injury,Commercial,70,70,No,51-55 mph,C: Possible Injury,Native American,Male,Passenger Car,No,No,Dark - Roadway Not Lighted,Rural (<30% Developed),2 lanes,2,Straight - Grade,State Secondary Route,Dry,"Two-Way, Not Divided",None,No Special Feature,Coarse Asphalt,Coastal,Rural,50 - 55  MPH,No Control Present,Clear,No,"34.90576, -79.2319"
754,755,No,30-39,30,No,With Traffic,C: Possible Injury,Travel Lane,White,Male,Cary,Wake,No,01-01-07,2012-09-23,Motorist Failed to Yield - Sign-Controlled Intersection,17,Intersection,01-09-01,0001-01-01T12:31:58-04:56,Motorist Drive Out - Sign-Controlled Intersection,,2012,C: Possible Injury,Residential,30-39,39,No,6-10 mph,O: No Injury,Other,Female,,No,Yes,Daylight,Urban (>70% Developed),2 lanes,2,Straight - Level,Local Street,Dry,"Two-Way, Not Divided",None,T-Intersection,Smooth Asphalt,Piedmont,Urban,30 - 35  MPH,Stop Sign,Clear,No,"35.82471, -78.8422"
760,761,No,20-24,20,No,With Traffic,C: Possible Injury,Travel Lane,White,Male,Wilmington,New Hanover,No,01-01-04,2012-10-11,Motorist Left Turn / Merge,22,Intersection,01-10-01,0001-01-01T17:18:58-04:56,Motorist Left Turn - Opposite Direction,,2012,C: Possible Injury,Institutional,20-24,20,No,0-5 mph,O: No Injury,White,Female,Passenger Car,No,No,Dark - Lighted Roadway,Urban (>70% Developed),2 lanes,2,Straight - Level,Local Street,Dry,"Two-Way, Not Divided",None,Four-Way Intersection,Smooth Asphalt,Coastal,Urban,20 - 25  MPH,Other,Clear,No,"34.22886, -77.871"
769,770,Yes,16-19,18,No,With Traffic,C: Possible Injury,Travel Lane,White,Female,None - Rural Crash,Johnston,No,01-01-07,2012-10-07,Motorist Overtaking Bicyclist,21,Non-Intersection,01-10-01,0001-01-01T16:10:58-04:56,Motorist Overtaking - Bicyclist Swerved,,2012,C: Possible Injury,"Farms, Woods, Pastures",70,70,No,51-55 mph,Injury,White,Male,,No,Yes,Dark - Roadway Not Lighted,Mixed (30% To 70% Developed),2 lanes,2,Straight - Level,US Route,Dry,"Two-Way, Not Divided",None,No Special Feature,Coarse Asphalt,Coastal,Rural,50 - 55  MPH,No Control Present,Cloudy,No,"35.48997, -78.2037"
774,775,No,10-Jun,10,No,,C: Possible Injury,,Black,Male,Farmville,Pitt,No,01-01-02,2012-10-09,Bicyclist Failed to Yield - Midblock,0,Non-Intersection,01-10-01,0000-12-31T19:03:58-04:56,Bicyclist Ride Out - Midblock -,,2012,C: Possible Injury,Residential,30-39,30,No,16-20 mph,O: No Injury,White,Female,Passenger Car,No,No,Daylight,Urban (>70% Developed),2 lanes,2,Straight - Level,Local Street,Dry,"Two-Way, Not Divided",None,No Special Feature,Smooth Asphalt,Coastal,Rural,30 - 35  MPH,No Control Present,Cloudy,No,"35.59911, -77.5875"
776,777,Yes,10-Jun,10,No,,B: Evident Injury,Travel Lane,White,Male,Raleigh,Wake,No,01-01-03,2012-10-10,Crossing Paths - Other Circumstances,8,Intersection-Related,01-10-01,0001-01-01T03:48:58-04:56,Sign-Controlled Intersection - Other /,,2012,B: Evident Injury,Residential,30-39,30,No,11-15 mph,O: No Injury,Hispanic,Female,Passenger Car,No,No,Daylight,Urban (>70% Developed),2 lanes,2,Straight - Level,.,Dry,"Two-Way, Not Divided",None,No Special Feature,Smooth Asphalt,Piedmont,Urban,30 - 35  MPH,No Control Present,Clear,No,"35.84297, -78.6236"
781,782,Yes,30-39,36,No,Facing Traffic,C: Possible Injury,Travel Lane,White,Female,Wilson,Wilson,Yes,01-01-05,2012-09-28,Motorist Failed to Yield - Sign-Controlled Intersection,18,Intersection,01-09-01,0001-01-01T13:19:58-04:56,Motorist Drive Out - Sign-Controlled Intersection,,2012,C: Possible Injury,Commercial,60-69,67,Yes,21-25 mph,O: No Injury,White,Male,Pickup,No,No,Dusk,Urban (>70% Developed),5 lanes,2,Straight - Level,Local Street,Dry,"Two-Way, Not Divided",None,T-Intersection,Smooth Asphalt,Coastal,Urban,40 - 45  MPH,Stop Sign,Cloudy,No,"35.70908, -77.9466"
790,791,Yes,20-24,21,No,Facing Traffic,B: Evident Injury,Sidewalk / Crosswalk / Driveway Crossing,White,Female,Cary,Wake,No,01-01-06,2012-10-06,Motorist Failed to Yield - Sign-Controlled Intersection,15,Intersection,01-10-01,0001-01-01T10:48:58-04:56,Motorist Drive Out - Sign-Controlled Intersection,,2012,B: Evident Injury,Residential,25-29,28,No,0-5 mph,O: No Injury,White,Female,Passenger Car,No,No,Daylight,Urban (>70% Developed),2 lanes,2,Straight - Level,Local Street,Dry,"Two-Way, Divided, Unprotected Median",None,Related To Intersection,Smooth Asphalt,Piedmont,Urban,20 - 25  MPH,Stop Sign,Clear,No,"35.79161, -78.823"
797,798,Yes,16-19,17,No,With Traffic,B: Evident Injury,Travel Lane,White,Female,Durham,Durham,No,01-01-06,2012-10-20,Bicyclist Overtaking Motorist,15,Intersection,01-10-01,0001-01-01T10:19:58-04:56,Bicyclist Overtaking - Extended Door,,2012,B: Evident Injury,Commercial,60-69,62,Missing,0-5 mph,O: No Injury,White,Female,Passenger Car,No,No,Daylight,Urban (>70% Developed),4 lanes,2,Straight - Grade,Local Street,Dry,"Two-Way, Not Divided",None,No Special Feature,Smooth Asphalt,Piedmont,Urban,30 - 35  MPH,No Control Present,Clear,No,"36.01367, -78.9218"
799,800,Yes,0-5,4,No,Not Applicable,C: Possible Injury,Driveway / Alley,Black,Female,Charlotte,Mecklenburg,No,01-01-06,2012-10-20,Bicyclist Failed to Yield - Midblock,18,Non-Intersection,01-10-01,0001-01-01T13:09:58-04:56,Bicyclist Ride Out - Residential Driveway,,2012,C: Possible Injury,Residential,30-39,38,No,0-5 mph,O: No Injury,Black,Female,Passenger Car,No,No,Daylight,Urban (>70% Developed),1 lane,2,Straight - Level,Local Street,Dry,"Two-Way, Not Divided",None,No Special Feature,Smooth Asphalt,Piedmont,Urban,20 - 25  MPH,No Control Present,Clear,No,"35.17403, -80.7132"
803,804,Yes,60-69,62,No,With Traffic,B: Evident Injury,Travel Lane,White,Male,None - Rural Crash,Caldwell,No,01-01-05,2012-10-19,Motorist Right Turn / Merge,11,Intersection,01-10-01,0001-01-01T06:47:58-04:56,Motorist Right Turn - Same Direction,,2012,B: Evident Injury,"Farms, Woods, Pastures",50-59,57,No,26-30 mph,O: No Injury,White,Female,Passenger Car,No,No,Daylight,Rural (<30% Developed),2 lanes,2,Straight - Level,State Secondary Route,Dry,"Two-Way, Not Divided",None,T-Intersection,Smooth Asphalt,Mountains,Rural,50 - 55  MPH,"Double Yellow Line, No Passing Zone",Clear,No,"35.86001, -81.3446"
779,780,Yes,30-39,35,No,With Traffic,C: Possible Injury,Travel Lane,White,Male,None - Rural Crash,Johnston,No,01-01-03,2010-10-20,Motorist Overtaking Bicyclist,19,Non-Intersection,01-10-01,0001-01-01T14:11:58-04:56,Motorist Overtaking - Misjudged Space,0,2010,C: Possible Injury,"Farms, Woods, Pastures",50-59,56,No,51-55 mph,O: No Injury,Black,Male,Pickup,No,No,Dark - Roadway Not Lighted,Rural (<30% Developed),2 lanes,2,Straight - Level,State Secondary Route,Dry,"Two-Way, Not Divided",None,Bridge Approach,Coarse Asphalt,Coastal,Rural,50 - 55  MPH,"Double Yellow Line, No Passing Zone",Clear,No,"35.399345, -78.50027"
790,791,Yes,20-24,20,No,With Traffic,B: Evident Injury,Bike Lane / Paved Shoulder,White,Male,Chapel Hill,Orange,No,01-01-07,2010-10-17,Bicyclist Overtaking Motorist,20,Non-Intersection,01-10-01,0001-01-01T15:07:58-04:56,Bicyclist Overtaking - Parked Vehicle,0,2010,B: Evident Injury,Institutional,,,Missing,,Injury,/Missing,,Passenger Car,No,No,Dark - Lighted Roadway,Urban (>70% Developed),4 lanes,2,Straight - Level,Local Street,Dry,"Two-Way, Divided, Unprotected Median",None,No Special Feature,Smooth Asphalt,Piedmont,Urban,20 - 25  MPH,No Control Present,Clear,No,"35.91462, -79.051865"
791,792,No,50-59,55,No,With Traffic,C: Possible Injury,Travel Lane,White,Male,Charlotte,Mecklenburg,No,01-01-06,2010-10-16,Bicyclist Overtaking Motorist,14,Non-Intersection,01-10-01,0001-01-01T09:42:58-04:56,Bicyclist Overtaking - Parked Vehicle,0,2010,C: Possible Injury,Residential,,,Missing,31-35 mph,Injury,/Missing,,Passenger Car,Yes,No,Daylight,Urban (>70% Developed),2 lanes,2,Straight - Level,Local Street,Dry,"Two-Way, Not Divided",None,No Special Feature,Concrete,Piedmont,Urban,30 - 35  MPH,No Control Present,Clear,No,"35.034195, -80.79219"
809,810,Yes,20-24,22,No,Facing Traffic,C: Possible Injury,Travel Lane,Black,Male,None - Rural Crash,Robeson,No,01-01-02,2010-10-26,Head-On,21,Non-Intersection,01-10-01,0001-01-01T16:35:58-04:56,Head-On - Bicyclist,0,2010,C: Possible Injury,"Farms, Woods, Pastures",50-59,53,No,51-55 mph,O: No Injury,Native American,Male,Pickup,No,No,Dark - Roadway Not Lighted,Rural (<30% Developed),2 lanes,2,Straight - Level,NC Route,Dry,"Two-Way, Not Divided",None,No Special Feature,Coarse Asphalt,Coastal,Rural,50 - 55  MPH,"Double Yellow Line, No Passing Zone",Clear,No,"34.710075, -79.35131"
812,813,Yes,40-49,48,No,With Traffic,K: Killed,Travel Lane,White,Male,Charlotte,Mecklenburg,No,01-01-05,2010-10-22,Motorist Overtaking Bicyclist,12,Non-Intersection,01-10-01,0001-01-01T07:17:58-04:56,Motorist Overtaking - Bicyclist Swerved,0,2010,K: Killed,Commercial,20-24,20,No,46-50 mph,O: No Injury,Asian,Male,Pickup,No,No,Daylight,Urban (>70% Developed),5 lanes,2,Straight - Level,US Route,Dry,"Two-Way, Divided, Unprotected Median",None,No Special Feature,Coarse Asphalt,Piedmont,Urban,50 - 55  MPH,No Control Present,Clear,No,"35.241795, -80.984344"
813,814,Yes,50-59,53,No,With Traffic,B: Evident Injury,Travel Lane,Black,Male,Rocky Mount,Nash,No,01-01-05,2010-09-24,Crossing Paths - Other Circumstances,17,Intersection,01-09-01,0001-01-01T12:25:58-04:56,Crossing Paths - Uncontrolled Intersection,0,2010,B: Evident Injury,Commercial,40-49,41,No,0-5 mph,O: No Injury,Hispanic,Female,Passenger Car,No,No,Daylight,Urban (>70% Developed),4 lanes,2,Straight - Level,Local Street,Dry,"Two-Way, Divided, Unprotected Median",None,Four-Way Intersection,Coarse Asphalt,Coastal,Urban,30 - 35  MPH,No Control Present,Clear,No,"35.93051, -77.81367"
814,815,Yes,10-Jun,10,No,Not Applicable,B: Evident Injury,Driveway / Alley,White,Male,Cary,Wake,No,01-01-07,2010-10-31,Bicyclist Failed to Yield - Midblock,12,Non-Intersection,01-10-01,0001-01-01T07:57:58-04:56,Bicyclist Ride Out - Residential Driveway,0,2010,B: Evident Injury,Residential,40-49,42,No,16-20 mph,O: No Injury,Black,Male,Pickup,No,No,Daylight,Urban (>70% Developed),2 lanes,2,Straight - Level,Local Street,Dry,"Two-Way, Not Divided",None,No Special Feature,Smooth Asphalt,Piedmont,Urban,20 - 25  MPH,No Control Present,Clear,No,"35.79605, -78.85487"
821,822,Yes,20-24,20,No,Facing Traffic,C: Possible Injury,Sidewalk / Crosswalk / Driveway Crossing,Black,Male,Gastonia,Gaston,No,01-01-06,2010-10-16,Motorist Failed to Yield - Signalized Intersection,13,Intersection,01-10-01,0001-01-01T08:18:58-04:56,Motorist Drive Out - Signalized Intersection,0,2010,C: Possible Injury,Commercial,40-49,49,No,0-5 mph,O: No Injury,Black,Male,Passenger Car,No,No,Daylight,Urban (>70% Developed),3 lanes,2,Straight - Grade,NC Route,Dry,"Two-Way, Not Divided",None,Four-Way Intersection,Smooth Asphalt,Piedmont,Urban,30 - 35  MPH,Stop And Go Signal,Clear,No,"35.26526, -81.197624"
829,830,Yes,50-59,59,No,With Traffic,B: Evident Injury,Travel Lane,White,Male,Durham,Durham,No,01-01-06,2010-09-25,Motorist Overtaking Bicyclist,10,Intersection,01-09-01,0001-01-01T05:31:58-04:56,Motorist Overtaking - Misjudged Space,0,2010,B: Evident Injury,Residential,30-39,38,No,11-15 mph,O: No Injury,White,Female,Passenger Car,No,No,Daylight,Urban (>70% Developed),3 lanes,2,Straight - Level,NC Route,Dry,"Two-Way, Divided, Unprotected Median",None,No Special Feature,Grooved Concrete,Piedmont,Urban,30 - 35  MPH,Stop And Go Signal,Clear,No,"35.900925, -78.95959"
835,836,Yes,16-19,19,No,With Traffic,B: Evident Injury,Travel Lane,White,Male,None - Rural Crash,Burke,No,,2010-11-01,Motorist Overtaking Bicyclist,20,Non-Intersection,01-11-01,0001-01-01T15:57:58-04:56,Motorist Overtaking - Other /,0,2010,B: Evident Injury,"Farms, Woods, Pastures",0-19,19,No,51-55 mph,O: No Injury,White,Male,Pickup,No,No,Dark - Roadway Not Lighted,Rural (<30% Developed),2 lanes,2,Curve - Level,State Secondary Route,Dry,"Two-Way, Not Divided",None,No Special Feature,Coarse Asphalt,Mountains,Rural,50 - 55  MPH,"Double Yellow Line, No Passing Zone",Clear,No,"35.725014, -81.54229"
838,839,Yes,20-24,23,No,With Traffic,B: Evident Injury,Sidewalk / Crosswalk / Driveway Crossing,White,Male,Raleigh,Wake,No,01-01-04,2010-10-07,Motorist Failed to Yield - Sign-Controlled Intersection,17,Intersection,01-10-01,0001-01-01T12:24:58-04:56,Motorist Drive Out - Sign-Controlled Intersection,0,2010,B: Evident Injury,Commercial,,,No,6-10 mph,Injury,/Missing,,,No,Yes,Daylight,Urban (>70% Developed),3 lanes,2,Straight - Level,Local Street,Dry,"Two-Way, Not Divided",None,Four-Way Intersection,Coarse Asphalt,Piedmont,Urban,30 - 35  MPH,Stop Sign,Clear,No,"35.824863, -78.70854"
843,844,Yes,30-39,36,No,With Traffic,B: Evident Injury,Travel Lane,Black,Male,Lincolnton,Lincoln,No,01-01-03,2010-10-27,Motorist Overtaking Bicyclist,19,Non-Intersection,01-10-01,0001-01-01T14:54:58-04:56,Motorist Overtaking - Undetected Bicyclist,0,2010,B: Evident Injury,Commercial,50-59,55,No,31-35 mph,O: No Injury,White,Female,Passenger Car,No,No,Dark - Lighted Roadway,Urban (>70% Developed),2 lanes,5,Straight - Level,Local Street,Wet,"Two-Way, Not Divided",None,No Special Feature,Smooth Asphalt,Piedmont,Urban,30 - 35  MPH,"Double Yellow Line, No Passing Zone",Cloudy,No,"35.475586, -81.239845"
844,845,Yes,16-19,17,No,With Traffic,C: Possible Injury,Travel Lane,Black,Male,Winterville,Pitt,No,01-01-04,2010-10-28,Bicyclist Failed to Yield - Signalized Intersection,12,Intersection,01-10-01,0001-01-01T07:43:58-04:56,Bicyclist Ride Through - Signalized Intersection,0,2010,C: Possible Injury,Commercial,25-29,29,No,16-20 mph,O: No Injury,White,Female,Sport Utility,No,No,Daylight,Mixed (30% To 70% Developed),4 lanes,2,Straight - Level,NC Route,Dry,"Two-Way, Divided, Unprotected Median",None,Four-Way Intersection,Smooth Asphalt,Coastal,Urban,50 - 55  MPH,Stop And Go Signal,Clear,No,"35.535397, -77.40725"
847,848,Yes,40-49,48,No,Facing Traffic,C: Possible Injury,Travel Lane,White,Male,None - Rural Crash,Currituck,No,01-01-05,2010-09-24,Motorist Failed to Yield - Sign-Controlled Intersection,11,Intersection,01-09-01,0001-01-01T06:20:58-04:56,Motorist Drive Out - Sign-Controlled Intersection,0,2010,C: Possible Injury,Residential,25-29,25,No,0-5 mph,O: No Injury,Black,Male,Passenger Car,No,No,Daylight,Urban (>70% Developed),2 lanes,2,Straight - Level,State Secondary Route,Dry,"Two-Way, Not Divided",None,T-Intersection,Coarse Asphalt,Coastal,Rural,20 - 25  MPH,Stop Sign,Clear,No,"36.49313, -76.16468"
849,850,No,15-Nov,12,No,With Traffic,O: No Injury,Travel Lane,Black,Male,Durham,Durham,No,01-01-06,2010-11-13,Loss of Control / Turning Error,10,Intersection,01-11-01,0001-01-01T05:03:58-04:56,Bicyclist Turning Error - Right Turn,0,2010,O: No Injury,Residential,60-69,67,No,11-15 mph,O: No Injury,Black,Female,Passenger Car,No,No,Daylight,Urban (>70% Developed),2 lanes,2,Straight - Level,Local Street,Dry,"Two-Way, Not Divided",None,T-Intersection,Coarse Asphalt,Piedmont,Urban,20 - 25  MPH,Stop Sign,Clear,No,"35.962177, -78.89825"
853,854,No,60-69,65,No,Facing Traffic,O: No Injury,Sidewalk / Crosswalk / Driveway Crossing,Black,Male,Smithfield,Johnston,No,,2010-11-01,Motorist Failed to Yield - Midblock,15,Non-Intersection,01-11-01,0001-01-01T10:44:58-04:56,Motorist Drive Out - Commercial Driveway / Alley,0,2010,O: No Injury,Commercial,,,Missing,0-5 mph,Injury,/Missing,,,No,Yes,Daylight,Urban (>70% Developed),,2,Straight - Level,Public Vehicular Area,Dry,"One-Way, Not Divided",None,"Driveway, Public",Coarse Asphalt,Coastal,Urban,,No Control Present,Clear,No,"35.519028, -78.31592"
855,856,Yes,60-69,63,No,Facing Traffic,B: Evident Injury,Travel Lane,White,Male,Vander,Cumberland,No,01-01-04,2010-10-21,Head-On,19,Non-Intersection,01-10-01,0001-01-01T14:43:58-04:56,Head-On - Bicyclist,0,2010,B: Evident Injury,Residential,0-19,17,No,41-45 mph,O: No Injury,White,Male,Pickup,No,No,Dark - Roadway Not Lighted,Rural (<30% Developed),2 lanes,2,Straight - Level,State Secondary Route,Dry,"Two-Way, Not Divided",None,No Special Feature,Smooth Asphalt,Coastal,Rural,50 - 55  MPH,"Double Yellow Line, No Passing Zone",Clear,No,"35.01893, -78.71793"
857,858,Yes,40-49,40,No,With Traffic,A: Disabling Injury,Travel Lane,White,Male,None - Rural Crash,Pender,No,01-01-06,2010-11-13,Motorist Overtaking Bicyclist,12,Non-Intersection,01-11-01,0001-01-01T07:43:58-04:56,Motorist Overtaking - Other /,0,2010,A: Disabling Injury,"Farms, Woods, Pastures",30-39,30,No,46-50 mph,O: No Injury,White,Male,Pickup,No,No,Daylight,Rural (<30% Developed),2 lanes,2,Straight - Level,US Route,Dry,"Two-Way, Not Divided",None,No Special Feature,Coarse Asphalt,Coastal,Rural,50 - 55  MPH,"Double Yellow Line, No Passing Zone",Clear,No,"34.493496, -78.05421"
863,864,No,0-5,2,No,,B: Evident Injury,Travel Lane,Other,Female,Raleigh,Wake,No,,2010-11-01,Backing Vehicle,17,Non-Intersection,01-11-01,0001-01-01T12:33:58-04:56,Backing Vehicle,0,2010,B: Evident Injury,Residential,,,Missing,0-5 mph,Injury,/Missing,,,No,Yes,Daylight,Urban (>70% Developed),2 lanes,2,Straight - Level,Local Street,Dry,"Two-Way, Not Divided",None,Other,Smooth Asphalt,Piedmont,Urban,30 - 35  MPH,No Control Present,Clear,No,"35.788494, -78.7109"
869,870,Yes,40-49,45,No,Not Applicable,C: Possible Injury,Non-Roadway,Black,Male,Fayetteville,Cumberland,No,01-01-03,2010-11-10,Non-Roadway,18,Non-Roadway,01-11-01,0001-01-01T13:31:58-04:56,Non-Roadway,0,2010,C: Possible Injury,Commercial,30-39,31,No,0-5 mph,O: No Injury,Black,Female,Sport Utility,No,No,Dark - Roadway Not Lighted,Urban (>70% Developed),,2,Straight - Level,Public Vehicular Area,Dry,"Two-Way, Not Divided",None,"Driveway, Public",Coarse Asphalt,Coastal,Urban,20 - 25  MPH,No Control Present,Clear,No,"35.05231, -79.04471"
874,875,No,20-24,24,No,Facing Traffic,O: No Injury,Travel Lane,Black,Male,Elizabeth City,Pasquotank,No,01-01-07,2010-11-21,Crossing Paths - Other Circumstances,15,Intersection,01-11-01,0001-01-01T10:52:58-04:56,Crossing Paths - Intersection - Other /,0,2010,O: No Injury,Commercial,40-49,40,No,0-5 mph,O: No Injury,Black,Male,Police,No,No,Daylight,Urban (>70% Developed),5 lanes,2,Straight - Level,Local Street,Dry,"Two-Way, Not Divided",None,T-Intersection,Smooth Asphalt,Coastal,Urban,20 - 25  MPH,No Control Present,Clear,No,"36.296627, -76.22279"
882,883,Yes,25-29,26,No,With Traffic,B: Evident Injury,Travel Lane,Black,Male,Burlington,Alamance,No,01-01-04,2010-11-11,Bicyclist Failed to Yield - Sign-Controlled Intersection,8,Intersection,01-11-01,0001-01-01T03:15:58-04:56,Bicyclist Ride Out - Sign-Controlled Intersection,0,2010,B: Evident Injury,Commercial,30-39,36,No,6-10 mph,O: No Injury,Black,Male,Passenger Car,No,No,Daylight,Urban (>70% Developed),2 lanes,2,Straight - Level,Local Street,Dry,"Two-Way, Not Divided",None,Four-Way Intersection,Smooth Asphalt,Piedmont,Urban,30 - 35  MPH,Stop Sign,Clear,No,"36.09951, -79.43819"
883,884,Yes,16-19,19,No,Facing Traffic,B: Evident Injury,Sidewalk / Crosswalk / Driveway Crossing,White,Female,Wilmington,New Hanover,No,01-01-04,2010-11-11,Crossing Paths - Other Circumstances,8,Intersection,01-11-01,0001-01-01T03:42:58-04:56,Crossing Paths - Intersection - Other /,0,2010,B: Evident Injury,Commercial,50-59,58,No,16-20 mph,O: No Injury,White,Male,Passenger Car,No,No,Daylight,Urban (>70% Developed),4 lanes,2,Straight - Level,Local Street,Dry,"Two-Way, Not Divided",None,No Special Feature,Smooth Asphalt,Coastal,Urban,30 - 35  MPH,No Control Present,Clear,No,"34.237957, -77.91793"
884,885,Yes,70,,No,Facing Traffic,B: Evident Injury,Multi-use Path,White,Male,Wilmington,New Hanover,No,01-01-03,2010-11-10,Motorist Failed to Yield - Sign-Controlled Intersection,15,Intersection,01-11-01,0001-01-01T10:34:58-04:56,Motorist Drive Out - Sign-Controlled Intersection,0,2010,B: Evident Injury,Commercial,20-24,22,No,0-5 mph,O: No Injury,White,Female,Passenger Car,No,No,Daylight,Urban (>70% Developed),6 lanes,2,Straight - Level,NC Route,Dry,"Two-Way, Divided, Unprotected Median",None,No Special Feature,Coarse Asphalt,Coastal,Urban,20 - 25  MPH,Stop Sign,Clear,No,"34.232597, -77.82883"
885,886,Yes,25-29,25,No,With Traffic,B: Evident Injury,Travel Lane,White,Male,Wilmington,New Hanover,No,01-01-07,2010-11-07,Motorist Left Turn / Merge,17,Intersection,01-11-01,0001-01-01T12:40:58-04:56,Motorist Left Turn - Opposite Direction,0,2010,B: Evident Injury,Residential,50-59,57,No,26-30 mph,O: No Injury,White,Female,Sport Utility,No,No,Dusk,Rural (<30% Developed),2 lanes,2,Straight - Level,Local Street,Dry,"Two-Way, Not Divided",None,No Special Feature,Smooth Asphalt,Coastal,Urban,40 - 45  MPH,No Control Present,Clear,No,"34.21634, -77.89126"
891,892,No,50-59,53,No,Not Applicable,B: Evident Injury,Travel Lane,Black,Male,Charlotte,Mecklenburg,No,01-01-03,2010-11-17,Other / Unusual Circumstances,14,Non-Intersection,01-11-01,0001-01-01T09:38:58-04:56,Motorist Intentionally Caused,0,2010,B: Evident Injury,Commercial,40-49,42,No,16-20 mph,O: No Injury,White,Male,Pickup,No,No,Daylight,Rural (<30% Developed),4 lanes,2,Straight - Level,Local Street,Dry,"Two-Way, Divided, Unprotected Median",None,No Special Feature,Smooth Asphalt,Piedmont,Urban,30 - 35  MPH,No Control Present,Clear,No,"35.201332, -80.87303"
894,895,No,15-Nov,15,No,Facing Traffic,C: Possible Injury,Travel Lane,White,Male,None - Rural Crash,New Hanover,No,,2010-11-29,Head-On,16,Non-Intersection,01-11-01,0001-01-01T11:03:58-04:56,Head-On - Bicyclist,0,2010,C: Possible Injury,Residential,70,,No,11-15 mph,O: No Injury,White,Female,Passenger Car,No,No,Daylight,Urban (>70% Developed),2 lanes,2,Curve - Level,State Secondary Route,Dry,"Two-Way, Not Divided",None,No Special Feature,Smooth Asphalt,Coastal,Rural,30 - 35  MPH,No Control Present,Cloudy,No,"34.283813, -77.795715"
901,902,Yes,50-59,53,No,With Traffic,B: Evident Injury,Travel Lane,White,Male,Raleigh,Wake,No,01-01-02,2010-11-23,Loss of Control / Turning Error,6,Intersection,01-11-01,0001-01-01T01:37:58-04:56,Motorist Turning Error - Left Turn,0,2010,B: Evident Injury,Institutional,40-49,49,No,11-15 mph,O: No Injury,Black,Male,Van,No,No,Dawn,Urban (>70% Developed),2 lanes,2,Straight - Level,Local Street,Dry,"Two-Way, Not Divided",None,T-Intersection,Smooth Asphalt,Piedmont,Urban,20 - 25  MPH,Stop And Go Signal,Clear,No,"35.78667, -78.66406"
902,903,No,,,No,Facing Traffic,O: No Injury,Travel Lane,Black,Male,Henderson,Vance,No,01-01-07,2010-11-14,Motorist Failed to Yield - Sign-Controlled Intersection,12,Intersection,01-11-01,0001-01-01T07:26:58-04:56,Motorist Drive Out - Sign-Controlled Intersection,0,2010,O: No Injury,Residential,60-69,68,No,26-30 mph,O: No Injury,White,Female,Passenger Car,No,No,Daylight,Mixed (30% To 70% Developed),2 lanes,2,Straight - Grade,Local Street,Dry,"Two-Way, Not Divided",None,No Special Feature,Smooth Asphalt,Piedmont,Urban,20 - 25  MPH,Stop Sign,Clear,No,"36.32339, -78.41265"
904,905,No,10-Jun,10,No,Not Applicable,B: Evident Injury,Travel Lane,Hispanic,Male,Angier,Harnett,No,01-01-03,2010-10-27,Crossing Paths - Other Circumstances,18,Intersection,01-10-01,0001-01-01T13:03:58-04:56,Crossing Paths - Intersection - Other /,0,2010,B: Evident Injury,Residential,30-39,34,No,31-35 mph,O: No Injury,Hispanic,Male,Passenger Car,No,No,Daylight,Mixed (30% To 70% Developed),2 lanes,2,Straight - Level,Local Street,Dry,"Two-Way, Not Divided",None,No Special Feature,Smooth Asphalt,Coastal,Rural,30 - 35  MPH,No Control Present,Cloudy,No,"35.507076, -78.73691"
910,911,No,10-Jun,8,No,With Traffic,C: Possible Injury,Travel Lane,Black,Male,Ayden,Pitt,No,01-01-05,2010-10-15,Motorist Overtaking Bicyclist,17,Intersection,01-10-01,0001-01-01T12:18:58-04:56,Motorist Overtaking - Bicyclist Swerved,0,2010,C: Possible Injury,Residential,30-39,31,No,21-25 mph,O: No Injury,White,Male,Pickup,No,No,Daylight,Urban (>70% Developed),2 lanes,2,Straight - Level,Local Street,Dry,"Two-Way, Not Divided",None,No Special Feature,Smooth Asphalt,Coastal,Rural,30 - 35  MPH,No Control Present,Clear,No,"35.478115, -77.40976"
911,912,Yes,40-49,44,Yes,With Traffic,C: Possible Injury,Travel Lane,Black,Male,High Point,Guilford,Yes,01-01-06,2010-11-27,Crossing Paths - Other Circumstances,23,Intersection,01-11-01,0001-01-01T18:10:58-04:56,Crossing Paths - Intersection - Other /,0,2010,C: Possible Injury,Residential,30-39,38,No,,O: No Injury,White,Male,Passenger Car,No,No,Dark - Lighted Roadway,Urban (>70% Developed),4 lanes,2,Straight - Grade,Local Street,Dry,"Two-Way, Not Divided",None,Related To Intersection,Smooth Asphalt,Piedmont,Urban,30 - 35  MPH,Yield Sign,Clear,No,"35.942642, -80.012505"