FID,OBJECTID,AmbulanceR,BikeAge_Gr,Bike_Age,Bike_Alc_D,Bike_Dir,Bike_Injur,Bike_Pos,Bike_Race,Bike_Sex,City,County,CrashAlcoh,CrashDay,Crash_Date,Crash_Grp,Crash_Hour,Crash_Loc,Crash_Mont,Crash_Time,Crash_Type,Crash_Ty_1,Crash_Year,Crsh_Sevri,Developmen,DrvrAge_Gr,Drvr_Age,Drvr_Alc_D,Drvr_EstSp,Drvr_Injur,Drvr_Race,Drvr_Sex,Drvr_VehTy,ExcsSpdInd,Hit_Run,Light_Cond,Locality,Num_Lanes,Num_Units,Rd_Charact,Rd_Class,Rd_Conditi,Rd_Config,Rd_Defects,Rd_Feature,Rd_Surface,Region,Rural_Urba,Speed_Limi,Traff_Cntr,Weather,Workzone_I,Location
914,915,Yes,30-39,37,No,With Traffic,A: Disabling Injury,Travel Lane,White,Male,Raleigh,Wake,Yes,01-01-07,2010-11-14,Motorist Overtaking Bicyclist,3,Non-Intersection,01-11-01,0000-12-31T22:47:58-04:56,Motorist Overtaking - Other /,0,2010,A: Disabling Injury,Residential,30-39,30,Yes,46-50 mph,O: No Injury,Black,Female,Passenger Car,No,No,Dark - Lighted Roadway,Urban (>70% Developed),4 lanes,2,Straight - Grade,US Route,Dry,"Two-Way, Divided, Unprotected Median",None,No Special Feature,Smooth Asphalt,Piedmont,Urban,40 - 45  MPH,No Control Present,Clear,No,"35.78003, -78.598526"
917,918,Yes,60-69,63,No,With Traffic,C: Possible Injury,Travel Lane,White,Male,Chapel Hill,Orange,No,01-01-02,2010-11-30,Motorist Left Turn / Merge,9,Intersection,01-11-01,0001-01-01T04:35:58-04:56,Motorist Left Turn - Opposite Direction,0,2010,C: Possible Injury,Commercial,50-59,58,No,,O: No Injury,White,Male,Passenger Car,No,No,Daylight,Urban (>70% Developed),5 lanes,2,Straight - Grade,State Secondary Route,Dry,"Two-Way, Not Divided",None,Four-Way Intersection,Smooth Asphalt,Piedmont,Urban,30 - 35  MPH,Stop And Go Signal,Clear,No,"35.92768, -79.03017"
919,920,Yes,25-29,29,No,Not Applicable,B: Evident Injury,Travel Lane,Black,Female,Charlotte,Mecklenburg,No,01-01-03,2010-12-01,Bicyclist Failed to Yield - Midblock,16,Non-Intersection,01-12-01,0001-01-01T11:58:58-04:56,Bicyclist Ride Out - Midblock -,0,2010,B: Evident Injury,Commercial,20-24,23,No,36-40 mph,O: No Injury,White,Male,Sport Utility,No,No,Daylight,Mixed (30% To 70% Developed),4 lanes,2,Straight - Level,Local Street,"Water (Standing, Moving)","Two-Way, Divided, Unprotected Median",None,No Special Feature,Coarse Asphalt,Piedmont,Urban,50 - 55  MPH,No Control Present,Clear,No,"35.2996, -80.73518"
920,921,Yes,40-49,47,No,Facing Traffic,C: Possible Injury,Sidewalk / Crosswalk / Driveway Crossing,White,Male,Hendersonville,Henderson,No,01-01-02,2010-11-23,Motorist Failed to Yield - Midblock,11,Non-Intersection,01-11-01,0001-01-01T06:52:58-04:56,Motorist Drive Out - Commercial Driveway / Alley,0,2010,C: Possible Injury,Commercial,60-69,63,No,,O: No Injury,White,Male,Passenger Car,No,No,Daylight,Urban (>70% Developed),3 lanes,2,Straight - Level,Local Street,Dry,"One-Way, Not Divided",None,No Special Feature,Coarse Asphalt,Mountains,Urban,30 - 35  MPH,No Control Present,Clear,No,"35.319588, -82.46165"
928,929,Yes,50-59,53,No,With Traffic,C: Possible Injury,Travel Lane,White,Female,Raleigh,Wake,No,01-01-02,2010-11-30,Bicyclist Left Turn / Merge,17,Non-Intersection,01-11-01,0001-01-01T12:44:58-04:56,Bicyclist Left Turn - Same Direction,0,2010,C: Possible Injury,Residential,20-24,20,No,16-20 mph,O: No Injury,White,Male,Passenger Car,No,No,Dark - Lighted Roadway,Urban (>70% Developed),2 lanes,2,Straight - Level,Local Street,Wet,"Two-Way, Not Divided",None,No Special Feature,Coarse Asphalt,Piedmont,Urban,40 - 45  MPH,No Control Present,Rain,No,"35.88294, -78.679886"
929,930,Yes,40-49,48,No,With Traffic,C: Possible Injury,Travel Lane,Native American,Male,Lumberton,Robeson,No,01-01-06,2010-12-18,Motorist Overtaking Bicyclist,0,Intersection-Related,01-12-01,0000-12-31T19:14:58-04:56,Motorist Overtaking - Undetected Bicyclist,0,2010,C: Possible Injury,Commercial,20-24,21,No,31-35 mph,O: No Injury,Hispanic,Male,Passenger Car,No,No,Dark - Roadway Not Lighted,Urban (>70% Developed),1 lane,2,Curve - Grade,Interstate,Dry,"One-Way, Not Divided",None,On or Off Ramp,Coarse Asphalt,Coastal,Urban,60 - 75 MPH,No Control Present,Clear,No,"34.647915, -79.01445"
931,932,Yes,30-39,30,No,Facing Traffic,C: Possible Injury,Sidewalk / Crosswalk / Driveway Crossing,Hispanic,Male,Raleigh,Wake,No,01-01-06,2010-11-27,Motorist Failed to Yield - Sign-Controlled Intersection,16,Intersection,01-11-01,0001-01-01T11:52:58-04:56,Motorist Drive Out - Sign-Controlled Intersection,0,2010,C: Possible Injury,Residential,40-49,45,No,0-5 mph,O: No Injury,White,Male,Pickup,No,No,Daylight,Urban (>70% Developed),2 lanes,2,Straight - Level,Local Street,Dry,"Two-Way, Not Divided",None,No Special Feature,Coarse Asphalt,Piedmont,Urban,20 - 25  MPH,Stop Sign,Clear,No,"35.855198, -78.615456"
938,939,Yes,50-59,50,No,With Traffic,B: Evident Injury,Travel Lane,Black,Male,None - Rural Crash,Wilson,No,01-01-06,2010-12-18,Motorist Overtaking Bicyclist,6,Non-Intersection,01-12-01,0001-01-01T01:21:58-04:56,Motorist Overtaking - Other /,0,2010,B: Evident Injury,"Farms, Woods, Pastures",25-29,28,No,51-55 mph,Injury,Black,Female,Sport Utility,No,No,Dark - Roadway Not Lighted,Rural (<30% Developed),4 lanes,2,Straight - Level,US Route,Dry,"Two-Way, Divided, Unprotected Median",None,No Special Feature,Coarse Asphalt,Coastal,Rural,50 - 55  MPH,No Control Present,Clear,No,"35.777794, -77.85771"
939,940,Yes,15-Nov,15,No,With Traffic,B: Evident Injury,Bike Lane / Paved Shoulder,White,Male,None - Rural Crash,Forsyth,No,01-01-04,2010-12-23,Motorist Overtaking Bicyclist,18,Non-Intersection,01-12-01,0001-01-01T13:22:58-04:56,Motorist Overtaking - Other /,0,2010,B: Evident Injury,"Farms, Woods, Pastures",25-29,25,No,36-40 mph,O: No Injury,White,Male,Passenger Car,No,No,Dark - Roadway Not Lighted,Rural (<30% Developed),2 lanes,2,Straight - Level,State Secondary Route,Dry,"Two-Way, Not Divided",None,No Special Feature,Coarse Asphalt,Piedmont,Rural,40 - 45  MPH,"Double Yellow Line, No Passing Zone",Clear,No,"36.175224, -80.08864"
944,945,Yes,40-49,42,Yes,With Traffic,B: Evident Injury,Travel Lane,White,Male,Landis,Rowan,Yes,01-01-05,2010-07-23,Loss of Control / Turning Error,18,Intersection,01-07-01,0001-01-01T13:21:58-04:56,Bicylist Lost Control - Alcohol / Drug Impairment,0,2010,B: Evident Injury,Commercial,40-49,44,No,0-5 mph,O: No Injury,Black,Female,Sport Utility,No,No,Daylight,Urban (>70% Developed),2 lanes,2,Straight - Level,Local Street,Dry,"Two-Way, Not Divided",None,T-Intersection,Smooth Asphalt,Piedmont,Rural,30 - 35  MPH,Stop Sign,Clear,No,"35.545986, -80.61109"
947,948,Yes,30-39,37,No,With Traffic,C: Possible Injury,Sidewalk / Crosswalk / Driveway Crossing,Black,Male,Raleigh,Wake,No,,2010-12-13,Parallel Paths - Other Circumstances,20,Non-Intersection,01-12-01,0001-01-01T15:06:58-04:56,Bicyclist Ride Out - Parallel Path,0,2010,C: Possible Injury,Residential,50-59,56,No,31-35 mph,O: No Injury,White,Female,Passenger Car,No,No,Dark - Lighted Roadway,Urban (>70% Developed),1 lane,2,Straight - Level,Local Street,Dry,"One-Way, Not Divided",None,T-Intersection,Smooth Asphalt,Piedmont,Urban,30 - 35  MPH,Stop And Go Signal,Clear,No,"35.82371, -78.632835"
949,950,Yes,40-49,43,No,With Traffic,C: Possible Injury,Travel Lane,Black,Male,High Point,Guilford,No,01-01-05,2010-12-24,Motorist Overtaking Bicyclist,13,Intersection-Related,01-12-01,0001-01-01T08:47:58-04:56,Motorist Overtaking - Misjudged Space,0,2010,C: Possible Injury,Commercial,,,Missing,,Injury,/Missing,,,No,Yes,Daylight,Urban (>70% Developed),2 lanes,2,Straight - Grade,Local Street,Dry,"Two-Way, Not Divided",None,No Special Feature,Grooved Concrete,Piedmont,Urban,,Stop Sign,Clear,No,"35.962814, -79.99281"
952,953,Yes,40-49,49,No,With Traffic,B: Evident Injury,Travel Lane,White,Male,None - Rural Crash,Buncombe,No,01-01-06,2010-09-25,Motorist Left Turn / Merge,10,Intersection-Related,01-09-01,0001-01-01T05:55:58-04:56,Motorist Left Turn - Opposite Direction,0,2010,B: Evident Injury,Commercial,50-59,55,No,21-25 mph,O: No Injury,White,Male,Passenger Car,No,No,Daylight,Mixed (30% To 70% Developed),2 lanes,2,Straight - Hillcrest,Local Street,Dry,"Two-Way, Not Divided",None,No Special Feature,Smooth Asphalt,Mountains,Rural,30 - 35  MPH,No Control Present,Clear,No,"35.620472, -82.57669"
953,954,No,40-49,41,No,Facing Traffic,B: Evident Injury,Travel Lane,Black,Male,Wilson,Wilson,No,01-01-02,2010-11-30,Motorist Failed to Yield - Midblock,13,Non-Intersection,01-11-01,0001-01-01T08:56:58-04:56,Motorist Drive Out - Other Midblock,0,2010,B: Evident Injury,Commercial,50-59,54,No,0-5 mph,O: No Injury,White,Male,Passenger Car,No,No,Daylight,Urban (>70% Developed),2 lanes,2,Curve - Level,Public Vehicular Area,Dry,"Two-Way, Not Divided",None,"Driveway, Public",Coarse Asphalt,Coastal,Urban,30 - 35  MPH,No Control Present,Clear,No,"35.71511, -77.924126"
954,955,Yes,40-49,42,No,With Traffic,B: Evident Injury,Travel Lane,White,Male,Wilson,Wilson,No,01-01-03,2010-11-24,Motorist Overtaking Bicyclist,11,Non-Intersection,01-11-01,0001-01-01T06:45:58-04:56,Motorist Overtaking - Other /,0,2010,B: Evident Injury,Residential,,,Missing,36-40 mph,Injury,/Missing,,,No,Yes,Daylight,Urban (>70% Developed),2 lanes,2,Straight - Level,Local Street,Dry,"Two-Way, Not Divided",None,No Special Feature,Coarse Asphalt,Coastal,Urban,30 - 35  MPH,No Control Present,Clear,No,"35.71439, -77.89773"
959,960,No,15-Nov,14,No,Facing Traffic,B: Evident Injury,Sidewalk / Crosswalk / Driveway Crossing,White,Male,Stanley,Gaston,No,01-01-04,2010-07-08,Loss of Control / Turning Error,16,Intersection,01-07-01,0001-01-01T11:03:58-04:56,Bicyclist Lost Control - Mechanical Problems,0,2010,B: Evident Injury,Commercial,30-39,30,No,,O: No Injury,White,Female,Passenger Car,No,No,Daylight,Mixed (30% To 70% Developed),2 lanes,2,Straight - Level,Local Street,Dry,"Two-Way, Not Divided",None,T-Intersection,Smooth Asphalt,Piedmont,Rural,20 - 25  MPH,Stop Sign,Clear,No,"35.358463, -81.09524"
961,962,No,40-49,47,No,Facing Traffic,C: Possible Injury,Bike Lane / Paved Shoulder,Black,Male,Weldon,Halifax,No,01-01-04,2010-10-28,Loss of Control / Turning Error,11,Non-Intersection,01-10-01,0001-01-01T06:40:58-04:56,Motorist Lost Control - Mechanical Problems,0,2010,C: Possible Injury,Residential,70,,No,41-45 mph,O: No Injury,Black,Female,Passenger Car,No,No,Daylight,Mixed (30% To 70% Developed),2 lanes,2,Straight - Level,Local Street,Dry,"Two-Way, Not Divided",None,"Driveway, Public",Smooth Asphalt,Coastal,Rural,40 - 45  MPH,No Control Present,Clear,No,"36.41284, -77.616"
2,3,Yes,15-Nov,13,No,With Traffic,C: Possible Injury,Travel Lane,Black,Male,None - Rural Crash,Pitt,No,01-01-04,2011-01-06,Head-On,17,Non-Intersection,,0001-01-01T12:57:58-04:56,Head-On - Bicyclist,311250,2011,C: Possible Injury,"Farms, Woods, Pastures",25-29,26,No,51-55 mph,O: No Injury,White,Male,Passenger Car,No,No,Dark - Roadway Not Lighted,Rural (<30% Developed),2 lanes,2,Curve - Level,State Secondary Route,Dry,"Two-Way, Not Divided",None,No Special Feature,Smooth Asphalt,Coastal,Rural,50 - 55  MPH,"Double Yellow Line, No Passing Zone",Clear,No,"35.51318, -77.2342"
3,4,Yes,60-69,62,No,With Traffic,B: Evident Injury,Travel Lane,White,Male,None - Rural Crash,Wake,No,01-01-04,2011-01-06,Motorist Overtaking Bicyclist,16,Non-Intersection,,0001-01-01T11:49:58-04:56,Motorist Overtaking - Undetected Bicyclist,311231,2011,B: Evident Injury,Residential,60-69,63,No,26-30 mph,O: No Injury,Black,Female,Sport Utility,No,No,Daylight,Mixed (30% To 70% Developed),2 lanes,2,Straight - Level,State Secondary Route,Dry,"Two-Way, Not Divided",None,No Special Feature,Smooth Asphalt,Piedmont,Rural,40 - 45  MPH,"Double Yellow Line, No Passing Zone",Clear,No,"35.7721, -78.6386"
11,12,Yes,15-Nov,12,No,Not Applicable,B: Evident Injury,Driveway / Alley,White,Male,None - Rural Crash,Lenoir,No,01-01-05,2011-01-21,Bicyclist Failed to Yield - Midblock,16,Non-Intersection,,0001-01-01T11:03:58-04:56,Bicyclist Ride Out - Residential Driveway,353311,2011,B: Evident Injury,Residential,,,No,41-45 mph,Injury,/Missing,,,No,Yes,Daylight,Rural (<30% Developed),2 lanes,2,Straight - Level,State Secondary Route,Dry,"Two-Way, Not Divided",None,No Special Feature,Coarse Asphalt,Coastal,Rural,50 - 55  MPH,"Double Yellow Line, No Passing Zone",Clear,No,"35.3169, -77.7647"
14,15,No,50-59,54,No,With Traffic,O: No Injury,Travel Lane,White,Male,Smithfield,Johnston,No,01-01-03,2011-01-19,Motorist Right Turn / Merge,12,Non-Intersection,,0001-01-01T07:14:58-04:56,Motorist Right Turn - Same Direction,311213,2011,O: No Injury,Commercial,40-49,45,No,6-10 mph,O: No Injury,Black,Female,Sport Utility,No,No,Daylight,Urban (>70% Developed),5 lanes,2,Straight - Level,US Route,Dry,"Two-Way, Not Divided",None,"Driveway, Public",Smooth Asphalt,Coastal,Urban,30 - 35  MPH,Stop And Go Signal,Clear,No,"35.52002, -78.3103"
15,16,Yes,20-24,21,No,With Traffic,C: Possible Injury,Travel Lane,Black,Male,None - Rural Crash,Pitt,No,01-01-04,2011-02-03,Bicyclist Failed to Yield - Sign-Controlled Intersection,15,Intersection,01-02-01,0001-01-01T10:03:58-04:56,Bicyclist Ride Through - Sign-Controlled Intersection,111144,2011,C: Possible Injury,"Farms, Woods, Pastures",50-59,54,No,51-55 mph,O: No Injury,Black,Male,Single Unit Truck (3 Or More Axles),No,No,Daylight,Rural (<30% Developed),2 lanes,2,Straight - Level,State Secondary Route,Dry,"Two-Way, Not Divided",None,Four-Way Intersection,Coarse Asphalt,Coastal,Rural,50 - 55  MPH,Stop Sign,Cloudy,No,"35.66247, -77.3897"
18,19,No,40-49,46,No,With Traffic,K: Killed,Travel Lane,White,Male,Monroe,Union,Yes,01-01-04,2011-01-27,Motorist Overtaking Bicyclist,23,Non-Intersection,,0001-01-01T18:33:58-04:56,Motorist Overtaking - Other /,311239,2011,K: Killed,Commercial,30-39,31,Yes,41-45 mph,O: No Injury,White,Male,Passenger Car,No,No,Dark - Lighted Roadway,Urban (>70% Developed),2 lanes,2,Straight - Level,Local Street,Dry,"Two-Way, Not Divided",None,No Special Feature,Smooth Asphalt,Piedmont,Urban,40 - 45  MPH,No Control Present,Clear,No,"35.0401, -80.601"
19,20,Yes,50-59,51,No,Facing Traffic,C: Possible Injury,Sidewalk / Crosswalk / Driveway Crossing,White,Male,Greensboro,Guilford,No,01-01-05,2011-01-28,Crossing Paths - Other Circumstances,13,Intersection,,0001-01-01T08:10:58-04:56,Sign-Controlled Intersection - Other /,132148,2011,C: Possible Injury,Residential,20-24,21,No,6-10 mph,O: No Injury,Black,Male,Passenger Car,No,No,Daylight,Urban (>70% Developed),2 lanes,2,Straight - Hillcrest,Public Vehicular Area,Dry,"Two-Way, Not Divided",No Shoulders,T-Intersection,Smooth Asphalt,Piedmont,Urban,,Stop Sign,Clear,No,"36.07578, -79.8939"
433,434,No,15-Nov,11,No,Facing Traffic,C: Possible Injury,Travel Lane,Black,Male,Winton,Hertford,No,01-01-03,2009-08-05,Motorist Left Turn / Merge,19,Intersection,01-08-01,0001-01-01T14:43:58-04:56,Motorist Left Turn - Same Direction,112211,2009,C: Possible Injury,Residential,,,Missing,31-35 mph,Injury,/Missing,,,No,Yes,Dark - Roadway Not Lighted,Mixed (30% To 70% Developed),2 lanes,2,Straight - Level,NC Route,Dry,"Two-Way, Not Divided",None,T-Intersection,Coarse Asphalt,Coastal,Rural,30 - 35  MPH,"Double Yellow Line, No Passing Zone",Clear,No,"36.38904, -76.93733"
438,439,Yes,10-Jun,7,No,Not Applicable,B: Evident Injury,Driveway / Alley,White,Male,Raleigh,Wake,No,01-01-03,2009-08-05,Bicyclist Failed to Yield - Midblock,18,Non-Intersection,01-08-01,0001-01-01T13:42:58-04:56,Bicyclist Ride Out - Residential Driveway,353311,2009,B: Evident Injury,Residential,50-59,58,No,31-35 mph,O: No Injury,Other,Female,Passenger Car,No,No,Daylight,Urban (>70% Developed),2 lanes,2,Curve - Level,Local Street,Dry,"Two-Way, Not Divided",None,No Special Feature,Coarse Asphalt,Piedmont,Urban,30 - 35  MPH,No Control Present,Clear,No,"35.87213, -78.626045"
443,444,No,15-Nov,15,No,Facing Traffic,C: Possible Injury,Travel Lane,White,Male,Concord,Cabarrus,No,01-01-05,2009-08-07,Loss of Control / Turning Error,17,Intersection,01-08-01,0001-01-01T12:11:58-04:56,Bicyclist Lost Control - Mechanical Problems,112121,2009,C: Possible Injury,Commercial,30-39,32,No,6-10 mph,O: No Injury,White,Female,Sport Utility,No,No,Daylight,Urban (>70% Developed),3 lanes,2,Straight - Level,NC Route,Dry,"Two-Way, Not Divided",None,Related To Intersection,Smooth Asphalt,Piedmont,Urban,30 - 35  MPH,Stop And Go Signal,Clear,No,"35.42268, -80.5916"
447,448,Yes,16-19,17,No,Facing Traffic,C: Possible Injury,Travel Lane,Black,Male,None - Rural Crash,New Hanover,No,01-01-07,2009-08-23,Other /  - Insufficient Details,22,Intersection,01-08-01,0001-01-01T17:10:58-04:56,Approach Paths,112970,2009,C: Possible Injury,Commercial,0-19,18,No,16-20 mph,O: No Injury,White,Female,Sport Utility,No,No,Dark - Roadway Not Lighted,Mixed (30% To 70% Developed),7 lanes,2,Straight - Level,US Route,Dry,"Two-Way, Divided, Unprotected Median",None,Four-Way Intersection,Coarse Asphalt,Coastal,Rural,50 - 55  MPH,Stop Sign,Clear,No,"34.10678, -77.89995"
449,450,Yes,50-59,52,No,Facing Traffic,C: Possible Injury,,Hispanic,Male,Raleigh,Wake,No,01-01-06,2009-08-08,Motorist Left Turn / Merge,15,Intersection,01-08-01,0001-01-01T10:06:58-04:56,Motorist Left Turn - Same Direction,192211,2009,C: Possible Injury,Commercial,20-24,20,No,6-10 mph,O: No Injury,Black,Female,Passenger Car,No,No,Daylight,Urban (>70% Developed),2 lanes,2,Straight - Level,Local Street,Dry,"Two-Way, Divided, Unprotected Median",None,No Special Feature,Smooth Asphalt,Piedmont,Urban,30 - 35  MPH,Stop And Go Signal,Clear,No,"35.83059, -78.61895"
455,456,Yes,40-49,44,No,Facing Traffic,C: Possible Injury,Sidewalk / Crosswalk / Driveway Crossing,Black,Male,Lexington,Davidson,No,,2009-08-10,Motorist Failed to Yield - Sign-Controlled Intersection,9,Intersection,01-08-01,0001-01-01T04:38:58-04:56,Motorist Drive Out - Sign-Controlled Intersection,132141,2009,C: Possible Injury,Commercial,50-59,58,No,0-5 mph,O: No Injury,White,Female,Passenger Car,No,No,Daylight,Urban (>70% Developed),1 lane,2,Straight - Level,Local Street,Dry,"One-Way, Not Divided",None,No Special Feature,Smooth Asphalt,Piedmont,Urban,20 - 25  MPH,Stop Sign,Clear,No,"35.894104, -80.56144"
459,460,Yes,20-24,20,No,Not Applicable,B: Evident Injury,,Native American,Male,None - Rural Crash,Robeson,No,01-01-06,2009-08-29,Bicyclist Failed to Yield - Midblock,17,Non-Intersection,01-08-01,0001-01-01T12:37:58-04:56,Bicyclist Ride Out - Midblock -,393319,2009,B: Evident Injury,Residential,30-39,34,No,41-45 mph,B: Evident Injury,Native American,Male,Motorcycle,No,No,Daylight,Mixed (30% To 70% Developed),2 lanes,4,Straight - Level,State Secondary Route,Dry,"Two-Way, Not Divided",None,No Special Feature,Coarse Asphalt,Coastal,Rural,50 - 55  MPH,No Control Present,Clear,No,"34.833344, -79.08341"
460,461,Yes,40-49,43,No,With Traffic,C: Possible Injury,Travel Lane,Black,Male,Goldsboro,Wayne,No,01-01-02,2009-08-25,Bicyclist Failed to Yield - Signalized Intersection,14,Intersection,01-08-01,0001-01-01T09:23:58-04:56,Bicyclist Failed to Clear - Trapped,111156,2009,C: Possible Injury,Residential,30-39,39,No,,O: No Injury,Black,Male,Pickup,No,No,Daylight,Urban (>70% Developed),4 lanes,2,Straight - Level,Local Street,Dry,"Two-Way, Not Divided",None,Four-Way Intersection,Smooth Asphalt,Coastal,Urban,30 - 35  MPH,Stop And Go Signal,Cloudy,No,"35.36584, -77.99178"
464,465,Yes,15-Nov,13,No,With Traffic,B: Evident Injury,Sidewalk / Crosswalk / Driveway Crossing,Black,Male,Charlotte,Mecklenburg,No,,2009-08-17,Loss of Control / Turning Error,18,Intersection,01-08-01,0001-01-01T13:19:58-04:56,Bicyclist Lost Control - Mechanical Problems,131121,2009,B: Evident Injury,Residential,20-24,21,No,0-5 mph,O: No Injury,Hispanic,Female,"Light Truck (Mini-Van, Panel)",No,No,Daylight,Urban (>70% Developed),2 lanes,2,Straight - Grade,Local Street,Dry,"Two-Way, Not Divided",None,Four-Way Intersection,Smooth Asphalt,Piedmont,Urban,30 - 35  MPH,Stop Sign,Clear,No,"35.229523, -80.81211"
475,476,No,16-19,18,No,Facing Traffic,O: No Injury,,Black,Male,None - Rural Crash,Lenoir,No,01-01-07,2009-08-16,Motorist Failed to Yield - Sign-Controlled Intersection,15,Intersection,01-08-01,0001-01-01T10:33:58-04:56,Motorist Drive Out - Sign-Controlled Intersection,192141,2009,O: No Injury,"Farms, Woods, Pastures",25-29,27,No,51-55 mph,O: No Injury,Black,Female,Passenger Car,No,No,Daylight,Rural (<30% Developed),4 lanes,2,Straight - Level,NC Route,Dry,"Two-Way, Divided, Unprotected Median",None,T-Intersection,Coarse Asphalt,Coastal,Rural,50 - 55  MPH,Stop Sign,Clear,No,"35.342125, -77.476204"
531,532,No,40-49,44,No,With Traffic,C: Possible Injury,Travel Lane,Black,Male,Spring Lake,Cumberland,No,01-01-02,2008-08-05,Motorist Failed to Yield - Sign-Controlled Intersection,11,Intersection,01-08-01,0001-01-01T06:42:58-04:56,Motorist Drive Out - Sign-Controlled Intersection,111141,2008,C: Possible Injury,Commercial,40-49,46,No,11-15 mph,O: No Injury,White,Male,Passenger Car,No,No,Daylight,Urban (>70% Developed),4 lanes,2,Straight - Level,Local Street,Dry,,Road Surface Condition,T-Intersection,Coarse Asphalt,Coastal,Urban,20 - 25  MPH,Stop Sign,Clear,No,"0.0, 0.0"
536,537,Yes,15-Nov,15,No,Facing Traffic,C: Possible Injury,Bike Lane / Paved Shoulder,Black,Male,Charlotte,Mecklenburg,No,01-01-04,2008-06-26,Motorist Failed to Yield - Signalized Intersection,17,Intersection,01-06-01,0001-01-01T12:06:58-04:56,Motorist Drive Out - Right Turn on Red,122151,2008,C: Possible Injury,Commercial,20-24,20,No,11-15 mph,O: No Injury,White,Male,Passenger Car,No,Yes,Daylight,Urban (>70% Developed),5 lanes,2,Straight - Level,Local Street,Dry,"Two-Way, Divided, Unprotected Median",None,No Special Feature,Smooth Asphalt,Piedmont,Urban,30 - 35  MPH,Stop And Go Signal,Cloudy,No,"0.0, 0.0"
545,546,No,10-Jun,8,No,Not Applicable,C: Possible Injury,Non-Roadway,Black,Male,Dunn,Harnett,No,01-01-05,2008-07-18,Bicyclist Failed to Yield - Midblock,14,Non-Intersection,01-07-01,0001-01-01T09:57:58-04:56,Bicyclist Ride Out - Other Midblock,363318,2008,C: Possible Injury,Residential,40-49,45,No,26-30 mph,O: No Injury,White,Female,Sport Utility,No,No,Daylight,Mixed (30% To 70% Developed),2 lanes,2,Straight - Level,State Secondary Route,Wet,"Two-Way, Not Divided",None,No Special Feature,Coarse Asphalt,Coastal,Urban,40 - 45  MPH,Missing,Rain,No,"0.0, 0.0"
548,549,Yes,16-19,19,No,With Traffic,K: Killed,Travel Lane,White,Male,Asheville,Buncombe,No,01-01-03,2008-07-23,Crossing Paths - Other Circumstances,22,Intersection,01-07-01,0001-01-01T17:43:58-04:56,Signalized Intersection - Other /,111158,2008,K: Killed,Commercial,70,,No,41-45 mph,O: No Injury,White,Male,Sport Utility,No,No,Dark - Lighted Roadway,Urban (>70% Developed),5 lanes,2,Straight - Level,US Route,Dry,"Two-Way, Not Divided",None,Four-Way Intersection,Coarse Asphalt,Mountains,Urban,40 - 45  MPH,Stop And Go Signal,Cloudy,No,"0.0, 0.0"
551,552,No,,,No,With Traffic,O: No Injury,Non-Roadway,Black,Male,Fayetteville,Cumberland,No,01-01-02,2008-07-22,Motorist Left Turn / Merge,17,Intersection,01-07-01,0001-01-01T13:00:58-04:56,Motorist Left Turn - Opposite Direction,161212,2008,O: No Injury,Commercial,0-19,19,No,0-5 mph,O: No Injury,White,Male,Passenger Car,No,No,Daylight,Urban (>70% Developed),5 lanes,2,Straight - Level,Local Street,Dry,"Two-Way, Not Divided",None,T-Intersection,Smooth Asphalt,Coastal,Urban,40 - 45  MPH,Stop And Go Signal,Cloudy,No,"0.0, 0.0"
558,559,No,25-29,27,No,With Traffic,C: Possible Injury,Travel Lane,Black,Male,Raleigh,Wake,No,01-01-03,2008-07-02,Motorist Right Turn / Merge,10,Non-Intersection,01-07-01,0001-01-01T05:08:58-04:56,Motorist Right Turn - Same Direction,311213,2008,C: Possible Injury,Commercial,25-29,26,No,6-10 mph,O: No Injury,White,Female,Sport Utility,No,No,Daylight,Urban (>70% Developed),2 lanes,2,Straight - Level,Local Street,Dry,"Two-Way, Divided, Unprotected Median",None,No Special Feature,Coarse Asphalt,Piedmont,Urban,30 - 35  MPH,No Control Present,Clear,No,"0.0, 0.0"
563,564,Yes,10-Jun,8,No,Not Applicable,C: Possible Injury,Travel Lane,Black,Female,High Point,Guilford,No,01-01-06,2008-07-26,Crossing Paths - Other Circumstances,11,Intersection,01-07-01,0001-01-01T06:18:58-04:56,Crossing Paths - Uncontrolled Intersection,113160,2008,C: Possible Injury,Residential,50-59,55,No,36-40 mph,O: No Injury,Black,Male,"Single Unit Truck (2-Axle, 6-Tire)",No,No,Daylight,Urban (>70% Developed),4 lanes,2,Straight - Grade,Local Street,Dry,"Two-Way, Divided, Positive Median Barrier",None,No Special Feature,Coarse Asphalt,Piedmont,Urban,40 - 45  MPH,No Control Present,Clear,No,"0.0, 0.0"