FID,OBJECTID,AmbulanceR,BikeAge_Gr,Bike_Age,Bike_Alc_D,Bike_Dir,Bike_Injur,Bike_Pos,Bike_Race,Bike_Sex,City,County,CrashAlcoh,CrashDay,Crash_Date,Crash_Grp,Crash_Hour,Crash_Loc,Crash_Mont,Crash_Time,Crash_Type,Crash_Ty_1,Crash_Year,Crsh_Sevri,Developmen,DrvrAge_Gr,Drvr_Age,Drvr_Alc_D,Drvr_EstSp,Drvr_Injur,Drvr_Race,Drvr_Sex,Drvr_VehTy,ExcsSpdInd,Hit_Run,Light_Cond,Locality,Num_Lanes,Num_Units,Rd_Charact,Rd_Class,Rd_Conditi,Rd_Config,Rd_Defects,Rd_Feature,Rd_Surface,Region,Rural_Urba,Speed_Limi,Traff_Cntr,Weather,Workzone_I,Location
564,565,No,15-Nov,14,No,Facing Traffic,O: No Injury,Sidewalk / Crosswalk / Driveway Crossing,White,Male,Charlotte,Mecklenburg,No,01-01-05,2008-08-22,Bicyclist Failed to Yield - Signalized Intersection,17,Intersection,01-08-01,0001-01-01T12:32:58-04:56,Bicyclist Ride Out - Signalized  Intersection,132153,2008,O: No Injury,Commercial,30-39,38,No,6-10 mph,O: No Injury,White,Male,Sport Utility,No,No,Daylight,Urban (>70% Developed),,2,Straight - Level,Local Street,Dry,"Two-Way, Divided, Positive Median Barrier",None,Four-Way Intersection,Smooth Asphalt,Piedmont,Urban,40 - 45  MPH,Stop And Go Signal,Clear,No,"0.0, 0.0"
570,571,Yes,20-24,20,No,Facing Traffic,B: Evident Injury,Sidewalk / Crosswalk / Driveway Crossing,Asian,Male,Smithfield,Johnston,No,,2008-07-28,Crossing Paths - Other Circumstances,14,Intersection,01-07-01,0001-01-01T09:45:58-04:56,Signalized Intersection - Other /,132158,2008,B: Evident Injury,Commercial,40-49,46,No,6-10 mph,O: No Injury,Black,Male,Passenger Car,No,No,Daylight,Urban (>70% Developed),2 lanes,2,Straight - Level,Local Street,Dry,"Two-Way, Not Divided",None,Four-Way Intersection,Smooth Asphalt,Coastal,Urban,20 - 25  MPH,Stop And Go Signal,Clear,No,"0.0, 0.0"
575,576,Yes,15-Nov,12,No,Facing Traffic,B: Evident Injury,Sidewalk / Crosswalk / Driveway Crossing,Black,Male,Gastonia,Gaston,No,01-01-04,2008-07-31,Motorist Failed to Yield - Midblock,17,Non-Intersection,01-07-01,0001-01-01T12:46:58-04:56,Motorist Drive Out - Commercial Driveway / Alley,332322,2008,B: Evident Injury,Commercial,25-29,28,No,,O: No Injury,White,Female,Passenger Car,No,No,Daylight,Urban (>70% Developed),,2,,Local Street,Dry,,None,No Special Feature,Smooth Asphalt,Piedmont,Urban,,Missing,Clear,No,"0.0, 0.0"
584,585,No,15-Nov,15,No,Not Applicable,C: Possible Injury,Sidewalk / Crosswalk / Driveway Crossing,White,Female,Cary,Wake,No,01-01-05,2008-08-22,Non-Roadway,8,Non-Roadway,01-08-01,0001-01-01T03:33:58-04:56,Non-Roadway,430910,2008,C: Possible Injury,Commercial,40-49,45,No,0-5 mph,O: No Injury,White,Male,Passenger Car,No,No,Daylight,Urban (>70% Developed),,2,Straight - Level,Public Vehicular Area,Dry,"Two-Way, Not Divided",None,"Driveway, Public",Concrete,Piedmont,Urban,5 - 15 MPH,No Control Present,Clear,No,"0.0, 0.0"
587,588,Yes,50-59,53,No,,B: Evident Injury,Sidewalk / Crosswalk / Driveway Crossing,Black,Male,Rocky Mount,Nash,No,01-01-03,2008-06-25,Motorist Failed to Yield - Midblock,22,Non-Intersection,01-06-01,0001-01-01T18:00:58-04:56,Motorist Drive Out - Commercial Driveway / Alley,339322,2008,B: Evident Injury,Residential,40-49,49,No,6-10 mph,O: No Injury,Black,Female,Passenger Car,No,No,Dark - Lighted Roadway,Urban (>70% Developed),,2,Straight - Level,Public Vehicular Area,Dry,"Two-Way, Not Divided",None,No Special Feature,Smooth Asphalt,Coastal,Urban,30 - 35  MPH,No Control Present,Clear,No,"0.0, 0.0"
590,591,Yes,10-Jun,8,No,With Traffic,B: Evident Injury,Travel Lane,Black,Female,Greensboro,Guilford,No,01-01-05,2008-07-11,Motorist Failed to Yield - Sign-Controlled Intersection,20,Intersection,01-07-01,0001-01-01T15:03:58-04:56,Motorist Drive Out - Sign-Controlled Intersection,111141,2008,B: Evident Injury,Residential,50-59,51,No,0-5 mph,O: No Injury,Black,Male,,No,Yes,Dark - Lighted Roadway,Urban (>70% Developed),2 lanes,2,Straight - Level,Local Street,Dry,"Two-Way, Not Divided",None,T-Intersection,Coarse Asphalt,Piedmont,Urban,20 - 25  MPH,Stop Sign,Clear,No,"0.0, 0.0"
592,593,No,40-49,49,No,With Traffic,B: Evident Injury,Travel Lane,Black,Male,None - Rural Crash,Cumberland,No,01-01-07,2008-08-03,Motorist Overtaking Bicyclist,18,Non-Intersection,01-08-01,0001-01-01T13:38:58-04:56,Motorist Overtaking - Bicyclist Swerved,311235,2008,B: Evident Injury,Residential,30-39,31,No,31-35 mph,O: No Injury,White,Female,Sport Utility,No,No,Daylight,Rural (<30% Developed),2 lanes,2,Straight - Level,State Secondary Route,Dry,"Two-Way, Not Divided",None,No Special Feature,Smooth Asphalt,Coastal,Rural,40 - 45  MPH,Missing,Clear,No,"0.0, 0.0"
594,595,Yes,15-Nov,12,No,With Traffic,B: Evident Injury,Travel Lane,White,Male,None - Rural Crash,Richmond,No,,2008-08-04,Motorist Overtaking Bicyclist,16,Non-Intersection,01-08-01,0001-01-01T11:50:58-04:56,Motorist Overtaking - Other /,311239,2008,B: Evident Injury,"Farms, Woods, Pastures",50-59,56,No,51-55 mph,O: No Injury,White,Male,Passenger Car,No,No,Daylight,Mixed (30% To 70% Developed),2 lanes,2,Straight - Grade,NC Route,Dry,"Two-Way, Not Divided",None,"Driveway, Private",Smooth Asphalt,Piedmont,Rural,50 - 55  MPH,"Double Yellow Line, No Passing Zone",Clear,No,"0.0, 0.0"
596,597,Yes,15-Nov,15,No,Facing Traffic,C: Possible Injury,Travel Lane,Black,Male,None - Rural Crash,Mecklenburg,No,,2008-08-04,Motorist Failed to Yield - Sign-Controlled Intersection,11,Intersection,01-08-01,0001-01-01T07:02:58-04:56,Motorist Drive Out - Sign-Controlled Intersection,112141,2008,C: Possible Injury,Residential,20-24,20,No,11-15 mph,O: No Injury,White,Male,Passenger Car,No,No,Daylight,Mixed (30% To 70% Developed),3 lanes,3,Straight - Level,Local Street,Dry,"Two-Way, Not Divided",None,T-Intersection,Smooth Asphalt,Piedmont,Rural,40 - 45  MPH,Stop Sign,Clear,No,"0.0, 0.0"
601,602,Yes,30-39,30,No,With Traffic,B: Evident Injury,Travel Lane,White,Female,Raleigh,Wake,No,,2008-08-11,Motorist Failed to Yield - Sign-Controlled Intersection,18,Intersection,01-08-01,0001-01-01T13:30:58-04:56,Motorist Drive Out - Sign-Controlled Intersection,111141,2008,B: Evident Injury,Commercial,0-19,17,No,0-5 mph,O: No Injury,White,Female,Passenger Car,No,No,Daylight,Urban (>70% Developed),,2,Straight - Grade,Public Vehicular Area,Dry,"Two-Way, Not Divided",None,Four-Way Intersection,Smooth Asphalt,Piedmont,Urban,5 - 15 MPH,Stop Sign,Clear,No,"0.0, 0.0"
602,603,Yes,60-69,66,No,With Traffic,B: Evident Injury,Travel Lane,White,Male,Charlotte,Mecklenburg,No,,2008-09-01,Motorist Right Turn / Merge,9,Intersection,01-09-01,0001-01-01T04:31:58-04:56,Motorist Right Turn - Same Direction,111213,2008,B: Evident Injury,Commercial,20-24,24,No,41-45 mph,O: No Injury,Black,Female,Passenger Car,No,No,Daylight,Urban (>70% Developed),2 lanes,2,Straight - Grade,Local Street,Dry,"Two-Way, Not Divided",None,No Special Feature,Smooth Asphalt,Piedmont,Urban,40 - 45  MPH,No Control Present,Clear,No,"0.0, 0.0"
607,608,Yes,40-49,45,No,Not Applicable,B: Evident Injury,Travel Lane,White,Male,None - Rural Crash,Currituck,No,01-01-07,2008-08-10,Non-Roadway,13,Non-Roadway,01-08-01,0001-01-01T08:53:58-04:56,Non-Roadway,410910,2008,B: Evident Injury,Residential,20-24,22,No,6-10 mph,O: No Injury,White,Male,Passenger Car,No,No,Daylight,Rural (<30% Developed),2 lanes,2,Straight - Level,Public Vehicular Area,Wet,"Two-Way, Not Divided",None,No Special Feature,Other,Coastal,Rural,,Missing,Rain,No,"0.0, 0.0"
609,610,No,25-29,25,No,With Traffic,C: Possible Injury,Travel Lane,White,Male,Asheville,Buncombe,No,01-01-07,2008-08-10,Motorist Left Turn / Merge,0,Intersection,01-08-01,0000-12-31T19:08:58-04:56,Motorist Left Turn - Opposite Direction,111212,2008,C: Possible Injury,Commercial,25-29,26,No,16-20 mph,O: No Injury,Black,Male,Sport Utility,No,No,Dark - Lighted Roadway,Urban (>70% Developed),5 lanes,2,Straight - Level,Public Vehicular Area,Dry,"Two-Way, Not Divided",None,No Special Feature,Smooth Asphalt,Mountains,Urban,30 - 35  MPH,Stop And Go Signal,Clear,No,"0.0, 0.0"
615,616,Yes,15-Nov,11,No,With Traffic,C: Possible Injury,Travel Lane,Black,Male,Shelby,Cleveland,No,01-01-02,2008-08-12,Motorist Overtaking Bicyclist,14,Intersection,01-08-01,0001-01-01T09:03:58-04:56,Motorist Overtaking - Bicyclist Swerved,111235,2008,C: Possible Injury,Residential,60-69,60,No,16-20 mph,O: No Injury,White,Female,Passenger Car,No,No,Daylight,Mixed (30% To 70% Developed),2 lanes,2,Straight - Grade,Local Street,Dry,"Two-Way, Not Divided",None,No Special Feature,Smooth Asphalt,Mountains,Urban,30 - 35  MPH,No Control Present,Clear,No,"0.0, 0.0"
624,625,Yes,10-Jun,9,No,Not Applicable,C: Possible Injury,,Black,Male,None - Rural Crash,Cleveland,No,01-01-04,2008-08-14,Bicyclist Failed to Yield - Midblock,17,Non-Intersection,01-08-01,0001-01-01T12:37:58-04:56,Bicyclist Ride Out - Other Midblock,393318,2008,C: Possible Injury,Residential,40-49,41,No,41-45 mph,O: No Injury,Black,Female,Passenger Car,No,No,Daylight,Urban (>70% Developed),2 lanes,2,Straight - Level,State Secondary Route,Dry,"Two-Way, Not Divided",None,No Special Feature,Smooth Asphalt,Mountains,Rural,40 - 45  MPH,"Double Yellow Line, No Passing Zone",Cloudy,No,"0.0, 0.0"
626,627,No,25-29,26,No,Facing Traffic,B: Evident Injury,Sidewalk / Crosswalk / Driveway Crossing,White,Male,Raleigh,Wake,No,,2008-07-21,Motorist Failed to Yield - Midblock,20,Non-Intersection,01-07-01,0001-01-01T15:03:58-04:56,Motorist Drive Out - Commercial Driveway / Alley,332322,2008,B: Evident Injury,Commercial,,,Missing,0-5 mph,Injury,/Missing,,,No,Yes,Daylight,Urban (>70% Developed),2 lanes,2,Straight - Level,Local Street,Dry,"Two-Way, Divided, Unprotected Median",None,"Driveway, Private",Concrete,Piedmont,Urban,30 - 35  MPH,Missing,Clear,No,"0.0, 0.0"
628,629,No,15-Nov,13,No,With Traffic,B: Evident Injury,Travel Lane,Black,Male,Rocky Mount,Nash,No,01-01-06,2008-08-09,Bicyclist Failed to Yield - Sign-Controlled Intersection,14,Intersection,01-08-01,0001-01-01T09:31:58-04:56,Bicyclist Ride Out - Sign-Controlled Intersection,111142,2008,B: Evident Injury,Residential,30-39,38,No,31-35 mph,O: No Injury,Black,Female,Passenger Car,No,No,Daylight,Urban (>70% Developed),2 lanes,2,Straight - Level,Local Street,Dry,"Two-Way, Not Divided",None,Four-Way Intersection,Coarse Asphalt,Coastal,Urban,30 - 35  MPH,Stop Sign,Clear,No,"0.0, 0.0"
641,642,Yes,20-24,22,No,With Traffic,C: Possible Injury,Travel Lane,White,Female,Asheville,Buncombe,No,01-01-03,2008-08-20,Bicyclist Failed to Yield - Signalized Intersection,17,Intersection,01-08-01,0001-01-01T12:33:58-04:56,Bicyclist Ride Through - Signalized Intersection,111155,2008,C: Possible Injury,Commercial,40-49,48,No,0-5 mph,O: No Injury,White,Female,Sport Utility,No,No,Daylight,Urban (>70% Developed),4 lanes,2,Straight - Level,US Route,Dry,"Two-Way, Not Divided",None,T-Intersection,Smooth Asphalt,Mountains,Urban,30 - 35  MPH,Stop And Go Signal,Clear,No,"0.0, 0.0"
645,646,Yes,16-19,19,No,With Traffic,B: Evident Injury,Travel Lane,White,Male,Hudson,Caldwell,No,01-01-04,2008-08-21,Bicyclist Left Turn / Merge,11,Intersection-Related,01-08-01,0001-01-01T06:08:58-04:56,Bicyclist Left Turn - Same Direction,211221,2008,B: Evident Injury,Residential,60-69,62,No,41-45 mph,O: No Injury,White,Female,Sport Utility,No,No,Daylight,Urban (>70% Developed),2 lanes,2,Straight - Grade,Local Street,Dry,"Two-Way, Not Divided",None,No Special Feature,Smooth Asphalt,Mountains,Rural,40 - 45  MPH,No Control Present,Clear,No,"0.0, 0.0"
651,652,Yes,10-Jun,6,No,With Traffic,B: Evident Injury,Travel Lane,Black,Male,Charlotte,Mecklenburg,No,01-01-06,2008-09-13,Loss of Control / Turning Error,18,Non-Intersection,01-09-01,0001-01-01T13:46:58-04:56,Bicyclist Lost Control - Other /,311129,2008,B: Evident Injury,Residential,30-39,38,No,6-10 mph,O: No Injury,Black,Male,Van,No,No,Daylight,Urban (>70% Developed),2 lanes,2,Straight - Hillcrest,Local Street,Dry,"Two-Way, Not Divided",None,No Special Feature,Smooth Asphalt,Piedmont,Urban,5 - 15 MPH,No Control Present,Clear,No,"0.0, 0.0"
652,653,Yes,15-Nov,13,No,With Traffic,O: No Injury,Travel Lane,White,Female,Pink Hill,Lenoir,No,01-01-07,2008-09-14,Bicyclist Failed to Yield - Sign-Controlled Intersection,11,Intersection,01-09-01,0001-01-01T06:49:58-04:56,Bicyclist Ride Through - Sign-Controlled Intersection,111144,2008,O: No Injury,Commercial,0-19,19,No,26-30 mph,O: No Injury,White,Female,Passenger Car,No,No,Daylight,Mixed (30% To 70% Developed),2 lanes,2,Straight - Level,NC Route,Dry,"Two-Way, Not Divided",None,Four-Way Intersection,Smooth Asphalt,Coastal,Rural,30 - 35  MPH,Stop Sign,Clear,No,"0.0, 0.0"
657,658,No,20-24,21,No,Not Applicable,C: Possible Injury,Travel Lane,White,Male,Charlotte,Mecklenburg,No,,2008-09-15,Non-Roadway,12,Non-Roadway,01-09-01,0001-01-01T07:07:58-04:56,Non-Roadway,410910,2008,C: Possible Injury,Commercial,50-59,54,No,6-10 mph,O: No Injury,White,Female,"Light Truck (Mini-Van, Panel)",No,No,Daylight,Urban (>70% Developed),2 lanes,2,Straight - Level,Public Vehicular Area,Dry,"Two-Way, Not Divided",None,No Special Feature,Grooved Concrete,Piedmont,Urban,,No Control Present,Cloudy,No,"0.0, 0.0"
659,660,Yes,15-Nov,15,No,Not Applicable,B: Evident Injury,Travel Lane,White,Male,Mooresville,Iredell,No,01-01-07,2008-08-24,Non-Roadway,16,Non-Roadway,01-08-01,0001-01-01T11:53:58-04:56,Non-Roadway,410910,2008,B: Evident Injury,Commercial,30-39,34,No,16-20 mph,O: No Injury,White,Female,Passenger Car,No,No,Daylight,Urban (>70% Developed),,2,Straight - Grade,Public Vehicular Area,Dry,"Two-Way, Not Divided",None,No Special Feature,Smooth Asphalt,Piedmont,Urban,30 - 35  MPH,No Control Present,Clear,No,"0.0, 0.0"
676,677,Yes,50-59,57,No,With Traffic,C: Possible Injury,Travel Lane,White,Male,None - Rural Crash,Randolph,No,01-01-06,2008-08-30,Motorist Overtaking Bicyclist,10,Non-Intersection,01-08-01,0001-01-01T06:00:58-04:56,Motorist Overtaking - Other /,311239,2008,C: Possible Injury,"Farms, Woods, Pastures",40-49,41,No,16-20 mph,C: Possible Injury,White,Male,Motorcycle,No,No,Daylight,Mixed (30% To 70% Developed),2 lanes,2,Straight - Level,State Secondary Route,Dry,"Two-Way, Not Divided",None,No Special Feature,Coarse Asphalt,Piedmont,Rural,50 - 55  MPH,"Double Yellow Line, No Passing Zone",Clear,No,"0.0, 0.0"
677,678,Yes,30-39,31,No,With Traffic,B: Evident Injury,Travel Lane,White,Male,None - Rural Crash,Craven,No,01-01-07,2008-08-31,Motorist Overtaking Bicyclist,8,Non-Intersection,01-08-01,0001-01-01T03:38:58-04:56,Motorist Overtaking - Misjudged Space,311232,2008,B: Evident Injury,"Farms, Woods, Pastures",25-29,26,No,66-70 mph,O: No Injury,White,Male,Pickup,No,No,Daylight,Rural (<30% Developed),4 lanes,2,Straight - Level,US Route,Dry,"Two-Way, Divided, Unprotected Median",None,No Special Feature,Smooth Asphalt,Coastal,Rural,60 - 75 MPH,Missing,Clear,No,"0.0, 0.0"
679,680,Yes,15-Nov,15,No,With Traffic,B: Evident Injury,Travel Lane,Black,Male,None - Rural Crash,Wilson,No,01-01-07,2008-08-31,Motorist Overtaking Bicyclist,11,Non-Intersection,01-08-01,0001-01-01T06:17:58-04:56,Motorist Overtaking - Other /,311239,2008,B: Evident Injury,Commercial,30-39,39,No,41-45 mph,O: No Injury,White,Male,Passenger Car,No,No,Daylight,Mixed (30% To 70% Developed),2 lanes,2,Straight - Level,NC Route,Dry,"Two-Way, Not Divided",None,No Special Feature,Smooth Asphalt,Coastal,Rural,40 - 45  MPH,"Double Yellow Line, No Passing Zone",Clear,No,"0.0, 0.0"
687,688,Yes,30-39,38,No,With Traffic,K: Killed,Travel Lane,White,Male,Raleigh,Wake,No,01-01-06,2008-08-16,Motorist Overtaking Bicyclist,6,Non-Intersection,01-08-01,0001-01-01T01:07:58-04:56,Motorist Overtaking - Undetected Bicyclist,311231,2008,K: Killed,Commercial,30-39,36,No,46-50 mph,O: No Injury,Black,Male,Passenger Car,No,No,Dark - Roadway Not Lighted,Urban (>70% Developed),5 lanes,2,Straight - Level,Local Street,Dry,"Two-Way, Divided, Positive Median Barrier",None,No Special Feature,Coarse Asphalt,Piedmont,Urban,50 - 55  MPH,No Control Present,Cloudy,No,"0.0, 0.0"
689,690,Yes,60-69,65,No,With Traffic,B: Evident Injury,Travel Lane,White,Male,Charlotte,Mecklenburg,No,01-01-02,2008-09-23,Motorist Failed to Yield - Sign-Controlled Intersection,17,Intersection,01-09-01,0001-01-01T12:47:58-04:56,Motorist Drive Out - Sign-Controlled Intersection,111141,2008,B: Evident Injury,Residential,30-39,32,No,6-10 mph,O: No Injury,Black,Male,Passenger Car,No,No,Daylight,Urban (>70% Developed),2 lanes,2,Straight - Level,Local Street,Dry,"Two-Way, Not Divided",None,No Special Feature,Smooth Asphalt,Piedmont,Urban,20 - 25  MPH,Stop Sign,Clear,No,"0.0, 0.0"
692,693,Yes,15-Nov,12,No,Not Applicable,B: Evident Injury,,Black,Male,High Point,Guilford,No,,2008-09-01,Bicyclist Failed to Yield - Midblock,20,Non-Intersection,01-09-01,0001-01-01T15:12:58-04:56,Bicyclist Ride Out - Midblock -,393319,2008,B: Evident Injury,Commercial,40-49,42,No,26-30 mph,O: No Injury,Black,Male,Sport Utility,No,No,Dark - Lighted Roadway,Urban (>70% Developed),8 lanes,2,Straight - Level,Local Street,Dry,"Two-Way, Divided, Positive Median Barrier",None,No Special Feature,Smooth Asphalt,Piedmont,Urban,40 - 45  MPH,Missing,Clear,No,"0.0, 0.0"
693,694,No,10-Jun,8,No,With Traffic,B: Evident Injury,Travel Lane,White,Female,Fayetteville,Cumberland,No,01-01-03,2008-09-03,Bicyclist Failed to Yield - Sign-Controlled Intersection,19,Intersection,01-09-01,0001-01-01T14:06:58-04:56,Bicyclist Ride Through - Sign-Controlled Intersection,111144,2008,B: Evident Injury,Commercial,30-39,39,No,21-25 mph,O: No Injury,Black,Male,Sport Utility,No,No,Daylight,Urban (>70% Developed),2 lanes,2,Straight - Bottom,Local Street,Dry,"Two-Way, Not Divided",None,T-Intersection,Smooth Asphalt,Coastal,Urban,20 - 25  MPH,Stop Sign,Clear,No,"0.0, 0.0"
695,696,Yes,15-Nov,15,No,Facing Traffic,B: Evident Injury,Travel Lane,White,Male,Fayetteville,Cumberland,No,01-01-04,2008-07-10,Bicyclist Failed to Yield - Sign-Controlled Intersection,7,Intersection,01-07-01,0001-01-01T02:29:58-04:56,Bicyclist Ride Out - Sign-Controlled Intersection,112142,2008,B: Evident Injury,Residential,25-29,27,No,31-35 mph,O: No Injury,Black,Female,Passenger Car,No,No,Daylight,Urban (>70% Developed),2 lanes,2,Straight - Level,Local Street,Dry,"Two-Way, Not Divided",None,No Special Feature,Coarse Asphalt,Coastal,Urban,30 - 35  MPH,No Control Present,Cloudy,No,"0.0, 0.0"
698,699,No,25-29,25,No,With Traffic,B: Evident Injury,Sidewalk / Crosswalk / Driveway Crossing,White,Female,Charlotte,Mecklenburg,No,01-01-07,2008-08-10,Motorist Failed to Yield - Midblock,14,Non-Intersection,01-08-01,0001-01-01T09:39:58-04:56,Motorist Drive Out - Commercial Driveway / Alley,331322,2008,B: Evident Injury,Commercial,20-24,22,No,6-10 mph,O: No Injury,White,Female,Passenger Car,No,No,Daylight,Urban (>70% Developed),3 lanes,2,Straight - Hillcrest,Local Street,Dry,"One-Way, Not Divided",None,"Driveway, Public",Smooth Asphalt,Piedmont,Urban,20 - 25  MPH,Stop Sign,Clear,No,"0.0, 0.0"
701,702,No,10-Jun,8,No,Not Applicable,C: Possible Injury,Driveway / Alley,Hispanic,Female,None - Rural Crash,Henderson,No,01-01-05,2008-09-05,Bicyclist Failed to Yield - Midblock,18,Non-Intersection,01-09-01,0001-01-01T13:49:58-04:56,Bicyclist Ride Out - Residential Driveway,353311,2008,C: Possible Injury,Residential,50-59,50,No,31-35 mph,O: No Injury,White,Female,Passenger Car,No,No,Daylight,Urban (>70% Developed),2 lanes,2,Straight - Level,State Secondary Route,Dry,"Two-Way, Not Divided",None,No Special Feature,Smooth Asphalt,Mountains,Rural,40 - 45  MPH,Missing,Clear,No,"0.0, 0.0"
708,709,Yes,20-24,21,No,With Traffic,B: Evident Injury,Travel Lane,White,Male,Charlotte,Mecklenburg,Yes,01-01-07,2008-09-28,Motorist Overtaking Bicyclist,2,Non-Intersection,01-09-01,0000-12-31T21:09:58-04:56,Motorist Overtaking - Undetected Bicyclist,311231,2008,B: Evident Injury,Residential,20-24,24,Yes,26-30 mph,O: No Injury,White,Male,Passenger Car,No,No,Dark - Lighted Roadway,Urban (>70% Developed),4 lanes,2,Straight - Level,Local Street,Dry,"Two-Way, Divided, Unprotected Median",None,No Special Feature,Smooth Asphalt,Piedmont,Urban,30 - 35  MPH,No Control Present,Cloudy,No,"0.0, 0.0"
709,710,Yes,40-49,42,No,With Traffic,B: Evident Injury,Travel Lane,White,Male,None - Rural Crash,Johnston,No,01-01-02,2008-09-09,Motorist Left Turn / Merge,6,Intersection,01-09-01,0001-01-01T01:34:58-04:56,Motorist Left Turn - Opposite Direction,111212,2008,B: Evident Injury,Residential,30-39,35,No,51-55 mph,O: No Injury,White,Male,Pickup,No,No,Dark - Roadway Not Lighted,Rural (<30% Developed),2 lanes,2,Straight - Level,State Secondary Route,Dry,"Two-Way, Not Divided",None,T-Intersection,Smooth Asphalt,Coastal,Rural,50 - 55  MPH,"Double Yellow Line, No Passing Zone",Cloudy,No,"0.0, 0.0"
722,723,Yes,15-Nov,13,No,With Traffic,B: Evident Injury,Travel Lane,White,Male,Burlington,Alamance,No,01-01-05,2008-09-12,Motorist Overtaking Bicyclist,20,Non-Intersection,01-09-01,0001-01-01T15:26:58-04:56,Motorist Overtaking - Undetected Bicyclist,311231,2008,B: Evident Injury,Commercial,60-69,62,No,31-35 mph,O: No Injury,White,Female,Van,No,No,Dark - Roadway Not Lighted,Urban (>70% Developed),4 lanes,2,Straight - Level,Local Street,Dry,"Two-Way, Not Divided",None,No Special Feature,Smooth Asphalt,Piedmont,Urban,40 - 45  MPH,No Control Present,Clear,No,"0.0, 0.0"
728,729,Yes,15-Nov,12,No,Not Applicable,B: Evident Injury,Non-Roadway,Black,Male,Raleigh,Wake,No,01-01-04,2008-05-08,Bicyclist Failed to Yield - Midblock,7,Non-Intersection,01-05-01,0001-01-01T02:49:58-04:56,Bicyclist Ride Out - Other Midblock,363318,2008,B: Evident Injury,Commercial,30-39,37,No,11-15 mph,O: No Injury,White,Female,Sport Utility,No,No,Daylight,Urban (>70% Developed),2 lanes,2,Straight - Level,Local Street,Dry,"Two-Way, Divided, Unprotected Median",None,T-Intersection,Smooth Asphalt,Piedmont,Urban,30 - 35  MPH,Stop And Go Signal,Cloudy,No,"0.0, 0.0"
747,748,Yes,16-19,18,No,Facing Traffic,B: Evident Injury,Bike Lane / Paved Shoulder,Black,Male,Jacksonville,Onslow,No,01-01-02,2008-09-23,Motorist Failed to Yield - Midblock,15,Non-Intersection,01-09-01,0001-01-01T10:59:58-04:56,Motorist Drive Out - Residential Driveway,322321,2008,B: Evident Injury,Commercial,40-49,49,No,6-10 mph,O: No Injury,Black,Male,Passenger Car,No,No,Daylight,Urban (>70% Developed),3 lanes,2,Straight - Level,Local Street,Dry,"Two-Way, Not Divided",None,Other,Smooth Asphalt,Coastal,Urban,30 - 35  MPH,Missing,Clear,No,"0.0, 0.0"
748,749,No,50-59,59,No,With Traffic,C: Possible Injury,Travel Lane,Black,Male,Roxboro,Person,No,01-01-03,2008-09-03,Bicyclist Failed to Yield - Sign-Controlled Intersection,10,Intersection,01-09-01,0001-01-01T05:40:58-04:56,Bicyclist Ride Through - Sign-Controlled Intersection,111144,2008,C: Possible Injury,Commercial,40-49,46,No,31-35 mph,O: No Injury,/Missing,Female,Pickup,No,No,Daylight,Urban (>70% Developed),5 lanes,2,Straight - Grade,Local Street,Dry,"Two-Way, Not Divided",None,Four-Way Intersection,Coarse Asphalt,Piedmont,Urban,30 - 35  MPH,Stop Sign,Clear,No,"0.0, 0.0"
757,758,Yes,60-69,60,No,Facing Traffic,B: Evident Injury,Travel Lane,Black,Male,Tarboro,Edgecombe,No,,2008-09-29,Motorist Failed to Yield - Sign-Controlled Intersection,17,Intersection,01-09-01,0001-01-01T12:16:58-04:56,Motorist Drive Out - Sign-Controlled Intersection,112141,2008,B: Evident Injury,Commercial,60-69,60,No,6-10 mph,O: No Injury,White,Male,Sport Utility,No,No,Daylight,Mixed (30% To 70% Developed),2 lanes,2,Straight - Level,Local Street,Dry,"Two-Way, Not Divided",None,No Special Feature,Smooth Asphalt,Coastal,Urban,30 - 35  MPH,Stop Sign,Clear,No,"0.0, 0.0"
761,762,Yes,20-24,23,Yes,With Traffic,C: Possible Injury,Travel Lane,White,Male,None - Rural Crash,Davidson,Yes,01-01-05,2008-09-26,Motorist Overtaking Bicyclist,23,Non-Intersection,01-09-01,0001-01-01T18:50:58-04:56,Motorist Overtaking - Undetected Bicyclist,311231,2008,C: Possible Injury,"Farms, Woods, Pastures",60-69,62,No,41-45 mph,O: No Injury,White,Female,"Light Truck (Mini-Van, Panel)",No,No,Dark - Roadway Not Lighted,Rural (<30% Developed),,2,,NC Route,Wet,,None,No Special Feature,,Piedmont,Rural,50 - 55  MPH,Missing,Rain,No,"0.0, 0.0"
762,763,Yes,16-19,18,No,With Traffic,B: Evident Injury,Travel Lane,White,Male,Wilmington,New Hanover,No,,2008-09-29,Motorist Left Turn / Merge,21,Intersection,01-09-01,0001-01-01T16:38:58-04:56,Motorist Left Turn - Opposite Direction,111212,2008,B: Evident Injury,Residential,25-29,25,No,11-15 mph,O: No Injury,White,Male,Passenger Car,No,No,Dark - Lighted Roadway,Urban (>70% Developed),3 lanes,2,Straight - Level,Local Street,Dry,"Two-Way, Not Divided",None,T-Intersection,Smooth Asphalt,Coastal,Urban,40 - 45  MPH,Stop Sign,Clear,No,"0.0, 0.0"
764,765,No,20-24,23,No,With Traffic,B: Evident Injury,Travel Lane,Hispanic,Male,Raleigh,Wake,No,01-01-04,2008-10-02,Parallel Paths - Other Circumstances,15,Intersection-Related,01-10-01,0001-01-01T10:15:58-04:56,Parallel Paths - Other /,211280,2008,B: Evident Injury,Institutional,25-29,26,No,11-15 mph,O: No Injury,White,Female,Passenger Car,No,No,Daylight,Urban (>70% Developed),1 lane,2,Straight - Level,Local Street,Dry,"One-Way, Not Divided",None,T-Intersection,Smooth Asphalt,Piedmont,Urban,5 - 15 MPH,Missing,Clear,No,"0.0, 0.0"