FID,OBJECTID,AmbulanceR,BikeAge_Gr,Bike_Age,Bike_Alc_D,Bike_Dir,Bike_Injur,Bike_Pos,Bike_Race,Bike_Sex,City,County,CrashAlcoh,CrashDay,Crash_Date,Crash_Grp,Crash_Hour,Crash_Loc,Crash_Mont,Crash_Time,Crash_Type,Crash_Ty_1,Crash_Year,Crsh_Sevri,Developmen,DrvrAge_Gr,Drvr_Age,Drvr_Alc_D,Drvr_EstSp,Drvr_Injur,Drvr_Race,Drvr_Sex,Drvr_VehTy,ExcsSpdInd,Hit_Run,Light_Cond,Locality,Num_Lanes,Num_Units,Rd_Charact,Rd_Class,Rd_Conditi,Rd_Config,Rd_Defects,Rd_Feature,Rd_Surface,Region,Rural_Urba,Speed_Limi,Traff_Cntr,Weather,Workzone_I,Location
609,610,Yes,50-59,52,No,With Traffic,B: Evident Injury,Travel Lane,White,Female,Greensboro,Guilford,No,01-01-07,2012-08-26,Bicyclist Failed to Yield - Sign-Controlled Intersection,14,Intersection,01-08-01,0001-01-01T09:58:58-04:56,Bicyclist Ride Through - Sign-Controlled Intersection,,2012,B: Evident Injury,Residential,30-39,32,No,31-35 mph,O: No Injury,White,Female,Passenger Car,No,No,Daylight,Urban (>70% Developed),2 lanes,2,Straight - Grade,Local Street,Dry,"Two-Way, Not Divided",None,T-Intersection,Smooth Asphalt,Piedmont,Urban,30 - 35  MPH,Stop Sign,Cloudy,No,"36.07411, -79.8316"
610,611,No,10-Jun,9,No,,O: No Injury,Travel Lane,Black,Male,Wilson,Wilson,No,01-01-05,2012-07-20,Backing Vehicle,17,Intersection-Related,01-07-01,0001-01-01T12:39:58-04:56,Backing Vehicle,,2012,O: No Injury,Residential,,,Missing,,Injury,/Missing,,,No,Yes,Daylight,Urban (>70% Developed),2 lanes,2,Straight - Level,Local Street,Dry,"Two-Way, Not Divided",None,No Special Feature,Smooth Asphalt,Coastal,Urban,30 - 35  MPH,No Control Present,Clear,No,"35.71873, -77.9016"
611,612,Yes,16-19,16,No,Facing Traffic,C: Possible Injury,Travel Lane,Black,Male,Wilson,Wilson,No,01-01-06,2012-07-28,Bicyclist Failed to Yield - Signalized Intersection,19,Intersection,01-07-01,0001-01-01T14:40:58-04:56,Bicyclist Ride Out - Signalized  Intersection,,2012,C: Possible Injury,Commercial,60-69,66,No,36-40 mph,O: No Injury,Black,Male,Passenger Car,No,No,Daylight,Urban (>70% Developed),5 lanes,2,Straight - Level,Local Street,Dry,"Two-Way, Not Divided",None,Four-Way Intersection,Coarse Asphalt,Coastal,Urban,40 - 45  MPH,Stop And Go Signal,Clear,No,"35.75503, -77.9254"
619,620,No,15-Nov,14,No,With Traffic,C: Possible Injury,Travel Lane,Black,Male,Burlington,Alamance,No,01-01-03,2012-08-29,Bicyclist Failed to Yield - Sign-Controlled Intersection,17,Intersection,01-08-01,0001-01-01T12:33:58-04:56,Bicyclist Ride Out - Sign-Controlled Intersection,,2012,C: Possible Injury,Residential,,,Missing,6-10 mph,Injury,/Missing,,,No,Yes,Daylight,Urban (>70% Developed),2 lanes,2,Straight - Level,Local Street,Dry,"Two-Way, Not Divided",None,No Special Feature,Concrete,Piedmont,Urban,30 - 35  MPH,Stop Sign,Clear,No,"36.07155, -79.4497"
629,630,Yes,16-19,16,No,With Traffic,B: Evident Injury,Travel Lane,Black,Male,None - Rural Crash,Bertie,No,,2012-09-03,Motorist Overtaking Bicyclist,15,Non-Intersection,01-09-01,0001-01-01T10:44:58-04:56,Motorist Overtaking - Bicyclist Swerved,,2012,B: Evident Injury,Residential,0-19,17,No,41-45 mph,O: No Injury,Black,Male,Passenger Car,No,No,Daylight,Rural (<30% Developed),2 lanes,2,Straight - Level,US Route,Dry,"Two-Way, Not Divided",None,No Special Feature,Coarse Asphalt,Coastal,Rural,50 - 55  MPH,"Double Yellow Line, No Passing Zone",Clear,No,"36.0364, -76.9621"
630,631,Yes,10-Jun,10,No,With Traffic,B: Evident Injury,Sidewalk / Crosswalk / Driveway Crossing,White,Female,Greensboro,Guilford,No,01-01-07,2012-05-06,Motorist Failed to Yield - Signalized Intersection,18,Intersection,01-05-01,0001-01-01T13:25:58-04:56,Motorist Drive Out - Right Turn on Red,,2012,B: Evident Injury,Residential,25-29,29,No,6-10 mph,O: No Injury,Black,Female,Passenger Car,No,No,Daylight,Urban (>70% Developed),3 lanes,2,Straight - Level,Local Street,Dry,"Two-Way, Not Divided",None,Four-Way Intersection,Smooth Asphalt,Piedmont,Urban,30 - 35  MPH,Stop And Go Signal,Clear,No,"36.13821, -79.8473"
632,633,No,40-49,45,No,With Traffic,O: No Injury,Travel Lane,White,Male,None - Rural Crash,Alamance,No,01-01-07,2012-08-26,Motorist Overtaking Bicyclist,10,Non-Intersection,01-08-01,0001-01-01T05:17:58-04:56,Motorist Overtaking - Misjudged Space,,2012,C: Possible Injury,"Farms, Woods, Pastures",25-29,25,No,26-30 mph,C: Possible Injury,White,Male,Passenger Car,No,Yes,Dawn,Rural (<30% Developed),2 lanes,2,Straight - Grade,State Secondary Route,Dry,"Two-Way, Not Divided",None,No Special Feature,Smooth Asphalt,Piedmont,Rural,50 - 55  MPH,No Control Present,Clear,No,"35.95519, -79.2916"
635,636,Yes,16-19,19,No,With Traffic,C: Possible Injury,Travel Lane,White,Female,Asheville,Buncombe,No,01-01-03,2012-08-29,Crossing Paths - Other Circumstances,12,Intersection,01-08-01,0001-01-01T07:24:58-04:56,Signalized Intersection - Other /,,2012,C: Possible Injury,Commercial,70,70,No,6-10 mph,O: No Injury,White,Male,Passenger Car,No,No,Daylight,Urban (>70% Developed),3 lanes,2,Straight - Level,Local Street,Dry,"Two-Way, Not Divided",None,T-Intersection,Coarse Asphalt,Mountains,Urban,20 - 25  MPH,Stop And Go Signal,Cloudy,No,"35.59109, -82.5589"
638,639,Yes,20-24,23,No,With Traffic,C: Possible Injury,Travel Lane,White,Male,Goldsboro,Wayne,No,01-01-03,2012-08-29,Bicyclist Failed to Yield - Signalized Intersection,12,Intersection,01-08-01,0001-01-01T07:23:58-04:56,Bicyclist Ride Through - Signalized Intersection,,2012,C: Possible Injury,Commercial,60-69,60,No,0-5 mph,O: No Injury,White,Female,Passenger Car,No,No,Daylight,Urban (>70% Developed),5 lanes,2,Straight - Level,Local Street,Dry,"Two-Way, Not Divided",None,Four-Way Intersection,Smooth Asphalt,Coastal,Urban,30 - 35  MPH,Stop And Go Signal,Clear,No,"35.39815, -77.962"
645,646,Yes,16-19,17,No,Facing Traffic,B: Evident Injury,Travel Lane,Black,Male,Rocky Mount,Nash,No,01-01-06,2012-08-11,Bicyclist Failed to Yield - Sign-Controlled Intersection,12,Intersection,01-08-01,0001-01-01T07:31:58-04:56,Bicyclist Ride Through - Sign-Controlled Intersection,,2012,B: Evident Injury,Residential,70,70,No,31-35 mph,O: No Injury,Black,Female,Passenger Car,No,No,Daylight,Urban (>70% Developed),2 lanes,2,Straight - Level,Local Street,Wet,"One-Way, Not Divided",None,No Special Feature,Coarse Asphalt,Coastal,Urban,30 - 35  MPH,No Control Present,Cloudy,No,"35.9447, -77.8041"
650,651,Yes,15-Nov,15,No,With Traffic,C: Possible Injury,Travel Lane,Black,Male,Fayetteville,Cumberland,No,,2012-08-20,Bicyclist Failed to Yield - Sign-Controlled Intersection,18,Intersection,01-08-01,0001-01-01T13:36:58-04:56,Bicyclist Ride Through - Sign-Controlled Intersection,,2012,C: Possible Injury,Residential,0-19,18,No,26-30 mph,O: No Injury,White,Male,Passenger Car,No,No,Daylight,Urban (>70% Developed),2 lanes,2,Straight - Level,Local Street,Dry,"Two-Way, Not Divided",None,No Special Feature,Coarse Asphalt,Coastal,Urban,30 - 35  MPH,Stop Sign,Clear,No,"35.03876, -78.9643"
653,654,Yes,15-Nov,11,No,Facing Traffic,C: Possible Injury,Sidewalk / Crosswalk / Driveway Crossing,Black,Male,Raleigh,Wake,No,01-01-06,2012-09-08,Bicyclist Failed to Yield - Midblock,16,Non-Intersection,01-09-01,0001-01-01T11:16:58-04:56,Bicyclist Ride Out - Other Midblock,,2012,C: Possible Injury,Residential,60-69,62,No,16-20 mph,O: No Injury,White,Female,Passenger Car,No,No,Daylight,Urban (>70% Developed),2 lanes,2,Straight - Level,Local Street,Dry,"Two-Way, Not Divided",None,No Special Feature,Coarse Asphalt,Piedmont,Urban,20 - 25  MPH,No Control Present,Clear,No,"35.83288, -78.5775"
655,656,No,60-69,64,No,With Traffic,C: Possible Injury,Travel Lane,White,Male,Kannapolis,Rowan,No,01-01-03,2012-08-29,Parallel Paths - Other Circumstances,18,Intersection-Related,01-08-01,0001-01-01T13:29:58-04:56,Parallel Paths - Other /,,2012,C: Possible Injury,Commercial,40-49,44,No,16-20 mph,O: No Injury,White,Male,Sport Utility,No,No,Daylight,Urban (>70% Developed),2 lanes,2,Straight - Level,Local Street,Dry,"Two-Way, Not Divided",None,No Special Feature,Smooth Asphalt,Piedmont,Urban,30 - 35  MPH,No Control Present,Clear,No,"35.50605, -80.608"
658,659,Yes,10-Jun,9,No,With Traffic,C: Possible Injury,Travel Lane,Hispanic,Male,Winston-Salem,Forsyth,No,01-01-06,2012-08-25,Bicyclist Failed to Yield - Sign-Controlled Intersection,17,Intersection-Related,01-08-01,0001-01-01T12:59:58-04:56,Bicyclist Ride Through - Sign-Controlled Intersection,,2012,C: Possible Injury,Residential,30-39,31,No,21-25 mph,O: No Injury,Black,Female,Passenger Car,No,No,Daylight,Urban (>70% Developed),2 lanes,2,Straight - Level,Local Street,Dry,"Two-Way, Not Divided",None,Four-Way Intersection,Smooth Asphalt,Piedmont,Urban,30 - 35  MPH,Stop Sign,Clear,No,"36.0658, -80.22"
661,662,Yes,50-59,51,No,With Traffic,O: No Injury,Travel Lane,White,Female,Durham,Durham,No,01-01-03,2012-09-12,Motorist Failed to Yield - Sign-Controlled Intersection,8,Intersection,01-09-01,0001-01-01T03:33:58-04:56,Motorist Drive Out - Sign-Controlled Intersection,,2012,O: No Injury,Residential,70,70,No,6-10 mph,O: No Injury,White,Female,Passenger Car,No,No,Daylight,Urban (>70% Developed),2 lanes,2,Curve - Level,Local Street,Dry,"Two-Way, Divided, Unprotected Median",None,Traffic Circle/Roundabout,Smooth Asphalt,Piedmont,Urban,30 - 35  MPH,Yield Sign,Clear,No,"35.92206, -78.9363"
663,664,Yes,10-Jun,8,No,Not Applicable,B: Evident Injury,Non-Roadway,Hispanic,Male,Jacksonville,Onslow,No,01-01-04,2012-08-23,Non-Roadway,11,Non-Roadway,01-08-01,0001-01-01T06:14:58-04:56,Non-Roadway,,2012,B: Evident Injury,Residential,25-29,25,No,0-5 mph,O: No Injury,Hispanic,Female,Passenger Car,No,No,Daylight,Urban (>70% Developed),,2,Straight - Level,Public Vehicular Area,Dry,"Two-Way, Not Divided",None,Traffic Circle/Roundabout,Smooth Asphalt,Coastal,Urban,,Stop Sign,Clear,No,"34.78587, -77.3942"
664,665,No,50-59,58,No,With Traffic,C: Possible Injury,Travel Lane,White,Male,None - Rural Crash,Chatham,No,,2012-09-03,Motorist Overtaking Bicyclist,9,Non-Intersection,01-09-01,0001-01-01T04:56:58-04:56,Motorist Overtaking - Other /,,2012,C: Possible Injury,Residential,70,70,No,21-25 mph,O: No Injury,White,Male,Pickup,No,No,Daylight,Mixed (30% To 70% Developed),2 lanes,2,Straight - Level,NC Route,Dry,"Two-Way, Not Divided",None,No Special Feature,Smooth Asphalt,Piedmont,Rural,50 - 55  MPH,"Double Yellow Line, No Passing Zone",Cloudy,No,"35.78537, -78.9628"
667,668,Yes,50-59,57,No,With Traffic,B: Evident Injury,Travel Lane,White,Male,Jacksonville,Onslow,No,01-01-04,2012-08-30,Motorist Overtaking Bicyclist,18,Non-Intersection,01-08-01,0001-01-01T13:19:58-04:56,Motorist Overtaking - Other /,,2012,B: Evident Injury,Commercial,20-24,24,No,31-35 mph,O: No Injury,White,Female,Passenger Car,No,No,Daylight,Urban (>70% Developed),3 lanes,2,Straight - Level,Local Street,Dry,"Two-Way, Divided, Unprotected Median",None,No Special Feature,Smooth Asphalt,Coastal,Urban,30 - 35  MPH,No Control Present,Clear,No,"34.76933, -77.3941"
670,671,Yes,40-49,41,No,Facing Traffic,C: Possible Injury,Travel Lane,White,Male,Greensboro,Guilford,No,01-01-05,2012-09-14,Motorist Failed to Yield - Sign-Controlled Intersection,13,Intersection,01-09-01,0001-01-01T08:27:58-04:56,Motorist Drive Out - Sign-Controlled Intersection,,2012,C: Possible Injury,Residential,50-59,56,No,6-10 mph,O: No Injury,/Missing,Male,Passenger Car,No,No,Daylight,Urban (>70% Developed),5 lanes,2,Straight - Level,Local Street,Dry,"Two-Way, Not Divided",None,T-Intersection,Smooth Asphalt,Piedmont,Urban,30 - 35  MPH,Stop Sign,Clear,No,"36.06421, -79.8001"
673,674,Yes,25-29,25,No,With Traffic,C: Possible Injury,Travel Lane,Black,Male,Greenville,Pitt,No,01-01-05,2012-09-14,Motorist Left Turn / Merge,12,Intersection,01-09-01,0001-01-01T07:41:58-04:56,Motorist Left Turn - Opposite Direction,,2012,C: Possible Injury,Commercial,20-24,20,No,11-15 mph,C: Possible Injury,White,Male,Passenger Car,No,No,Daylight,Urban (>70% Developed),5 lanes,2,Straight - Level,Local Street,Dry,"Two-Way, Divided, Unprotected Median",None,No Special Feature,Coarse Asphalt,Coastal,Urban,30 - 35  MPH,No Control Present,Clear,No,"35.60271, -77.3752"
674,675,Yes,15-Nov,15,No,With Traffic,B: Evident Injury,Travel Lane,Black,Male,Fairmont,Robeson,No,,2012-08-06,Bicyclist Left Turn / Merge,17,Non-Intersection,01-08-01,0001-01-01T12:37:58-04:56,Bicyclist Left Turn - Same Direction,,2012,B: Evident Injury,Residential,50-59,52,No,31-35 mph,O: No Injury,Black,Male,Van,No,No,Daylight,Mixed (30% To 70% Developed),2 lanes,2,Straight - Level,Local Street,Wet,"Two-Way, Not Divided",Road Surface Condition,No Special Feature,Gravel,Coastal,Rural,30 - 35  MPH,No Control Present,Cloudy,No,"34.49784, -79.1049"
676,677,No,40-49,44,No,With Traffic,B: Evident Injury,Travel Lane,Black,Male,Charlotte,Mecklenburg,No,,2012-07-09,Loss of Control / Turning Error,19,Intersection,01-07-01,0001-01-01T15:02:58-04:56,Bicyclist Lost Control - Other /,,2012,B: Evident Injury,Commercial,30-39,30,No,21-25 mph,O: No Injury,Black,Male,Commercial Bus,No,No,Daylight,Urban (>70% Developed),1 lane,2,Straight - Level,Local Street,Dry,"Two-Way, Not Divided",None,No Special Feature,Smooth Asphalt,Piedmont,Urban,40 - 45  MPH,Stop Sign,Clear,No,"35.22431, -80.8886"
691,692,Yes,50-59,56,No,With Traffic,B: Evident Injury,Bike Lane / Paved Shoulder,White,Male,None - Rural Crash,Swain,No,01-01-04,2012-09-20,Bicyclist Left Turn / Merge,14,Intersection-Related,01-09-01,0001-01-01T09:40:58-04:56,Bicyclist Left Turn - Same Direction,,2012,B: Evident Injury,"Farms, Woods, Pastures",70,70,No,36-40 mph,O: No Injury,White,Male,Sport Utility,No,No,Daylight,Rural (<30% Developed),2 lanes,2,Straight - Grade,US Route,Dry,"Two-Way, Not Divided",None,No Special Feature,Smooth Asphalt,Mountains,Rural,50 - 55  MPH,"Double Yellow Line, No Passing Zone",Clear,No,"35.28513, -83.6701"
692,693,No,50-59,52,No,With Traffic,B: Evident Injury,Travel Lane,White,Male,None - Rural Crash,Columbus,No,,2012-09-17,Motorist Overtaking Bicyclist,20,Non-Intersection,01-09-01,0001-01-01T15:44:58-04:56,Motorist Overtaking - Other /,,2012,B: Evident Injury,Residential,70,70,No,51-55 mph,O: No Injury,White,Female,Passenger Car,No,No,Dark - Roadway Not Lighted,Rural (<30% Developed),2 lanes,2,Straight - Level,State Secondary Route,Dry,"Two-Way, Not Divided",None,No Special Feature,Coarse Asphalt,Coastal,Rural,50 - 55  MPH,"Double Yellow Line, No Passing Zone",Clear,No,"34.36106, -78.7513"
697,698,Yes,25-29,26,Missing,With Traffic,B: Evident Injury,Travel Lane,White,Male,Charlotte,Mecklenburg,No,01-01-05,2012-09-21,Motorist Left Turn / Merge,13,Intersection,01-09-01,0001-01-01T08:28:58-04:56,Motorist Left Turn - Opposite Direction,,2012,B: Evident Injury,Residential,70,70,No,6-10 mph,O: No Injury,White,Male,Passenger Car,No,No,Daylight,Urban (>70% Developed),4 lanes,2,Straight - Hillcrest,Local Street,Dry,"Two-Way, Divided, Unprotected Median",None,T-Intersection,Smooth Asphalt,Piedmont,Urban,30 - 35  MPH,Stop Sign,Clear,No,"35.19299, -80.8368"
698,699,Yes,20-24,24,No,With Traffic,C: Possible Injury,Sidewalk / Crosswalk / Driveway Crossing,White,Male,Huntersville,Mecklenburg,No,01-01-03,2012-09-12,Motorist Right Turn / Merge,15,Intersection,01-09-01,0001-01-01T10:33:58-04:56,Motorist Right Turn - Same Direction,,2012,C: Possible Injury,Commercial,,,Missing,,Injury,/Missing,,,No,Yes,Daylight,Urban (>70% Developed),3 lanes,2,Straight - Level,Local Street,Dry,"Two-Way, Divided, Unprotected Median",None,Related To Intersection,Smooth Asphalt,Piedmont,Urban,40 - 45  MPH,Stop And Go Signal,Clear,No,"35.44189, -80.8633"
700,701,Yes,15-Nov,12,No,Facing Traffic,B: Evident Injury,Travel Lane,White,Male,Albemarle,Stanly,No,01-01-04,2012-09-13,Motorist Right Turn / Merge,19,Intersection,01-09-01,0001-01-01T14:53:58-04:56,Motorist Right Turn - Opposite Direction,,2012,B: Evident Injury,Commercial,,,No,11-15 mph,Injury,/Missing,,,No,Yes,Dark - Lighted Roadway,Urban (>70% Developed),3 lanes,2,Straight - Grade,Local Street,Dry,"Two-Way, Not Divided",None,Four-Way Intersection,Smooth Asphalt,Piedmont,Urban,20 - 25  MPH,Stop And Go Signal,Clear,No,"35.35034, -80.2009"
703,704,No,30-39,36,No,With Traffic,O: No Injury,Travel Lane,White,Female,Raleigh,Wake,No,,2012-09-24,Motorist Left Turn / Merge,8,Intersection,01-09-01,0001-01-01T03:25:58-04:56,Motorist Left Turn - Opposite Direction,,2012,O: No Injury,Institutional,20-24,21,No,16-20 mph,O: No Injury,White,Male,Passenger Car,No,No,Daylight,Urban (>70% Developed),8 lanes,2,Straight - Level,Local Street,Dry,"Two-Way, Divided, Unprotected Median",None,No Special Feature,Smooth Asphalt,Piedmont,Urban,30 - 35  MPH,Stop And Go Signal,Clear,No,"35.78888, -78.6732"
711,712,Yes,10-Jun,10,No,With Traffic,C: Possible Injury,Travel Lane,Black,Male,Greensboro,Guilford,No,01-01-06,2012-09-22,Bicyclist Failed to Yield - Sign-Controlled Intersection,17,Intersection,01-09-01,0001-01-01T12:52:58-04:56,Bicyclist Ride Through - Sign-Controlled Intersection,,2012,C: Possible Injury,Residential,0-19,19,No,31-35 mph,O: No Injury,Black,Male,Sport Utility,No,No,Daylight,Mixed (30% To 70% Developed),2 lanes,2,Straight - Level,Local Street,Dry,"Two-Way, Not Divided",None,T-Intersection,Coarse Asphalt,Piedmont,Urban,30 - 35  MPH,Stop Sign,Clear,No,"36.05251, -79.8136"
723,724,No,16-19,18,No,Facing Traffic,B: Evident Injury,Sidewalk / Crosswalk / Driveway Crossing,White,Male,Raleigh,Wake,No,01-01-02,2012-09-18,Motorist Failed to Yield - Sign-Controlled Intersection,11,Intersection,01-09-01,0001-01-01T06:17:58-04:56,Motorist Drive Out - Sign-Controlled Intersection,,2012,B: Evident Injury,Institutional,25-29,29,No,0-5 mph,O: No Injury,White,Male,Pickup,No,No,Daylight,Urban (>70% Developed),4 lanes,2,Straight - Grade,Local Street,Wet,"Two-Way, Not Divided",None,T-Intersection,Smooth Asphalt,Piedmont,Urban,20 - 25  MPH,Stop Sign,Rain,No,"35.78375, -78.6772"
725,726,Yes,50-59,55,No,With Traffic,B: Evident Injury,Travel Lane,Black,Male,None - Rural Crash,Onslow,No,,2012-10-01,Motorist Overtaking Bicyclist,12,Non-Intersection,01-10-01,0001-01-01T07:33:58-04:56,Motorist Overtaking - Misjudged Space,,2012,B: Evident Injury,Commercial,,,Missing,41-45 mph,Injury,/Missing,,Pickup,No,Yes,Dark - Roadway Not Lighted,Urban (>70% Developed),5 lanes,2,Straight - Level,US Route,Wet,"Two-Way, Not Divided",None,"Driveway, Public",Coarse Asphalt,Coastal,Rural,40 - 45  MPH,No Control Present,Rain,No,"34.75396, -77.471"
728,729,No,16-19,18,No,With Traffic,B: Evident Injury,Bike Lane / Paved Shoulder,White,Male,Boone,Watauga,No,01-01-05,2012-09-28,Motorist Right Turn / Merge,7,Intersection,01-09-01,0001-01-01T02:36:58-04:56,Motorist Right Turn - Same Direction,,2012,B: Evident Injury,Commercial,0-19,19,No,6-10 mph,O: No Injury,White,Female,Passenger Car,No,No,Daylight,Urban (>70% Developed),4 lanes,2,Straight - Level,Local Street,Dry,"Two-Way, Not Divided",None,Four-Way Intersection,Smooth Asphalt,Mountains,Urban,20 - 25  MPH,Stop And Go Signal,Clear,No,"36.21728, -81.6852"
729,730,Yes,16-19,18,No,With Traffic,C: Possible Injury,Sidewalk / Crosswalk / Driveway Crossing,White,Male,Greenville,Pitt,No,01-01-05,2012-09-21,Bicyclist Failed to Yield - Sign-Controlled Intersection,20,Intersection,01-09-01,0001-01-01T15:18:58-04:56,Bicyclist Ride Out - Sign-Controlled Intersection,,2012,C: Possible Injury,Commercial,40-49,42,No,31-35 mph,O: No Injury,Black,Male,Van,No,No,Daylight,Urban (>70% Developed),5 lanes,2,Straight - Level,Local Street,Dry,"Two-Way, Not Divided",None,Four-Way Intersection,Smooth Asphalt,Coastal,Urban,30 - 35  MPH,Stop And Go Signal,Clear,No,"35.60388, -77.3619"
733,734,Yes,30-39,31,No,With Traffic,B: Evident Injury,Travel Lane,Black,Male,Salisbury,Rowan,No,,2012-10-01,Motorist Right Turn / Merge,17,Intersection,01-10-01,0001-01-01T12:18:58-04:56,Motorist Right Turn - Same Direction,,2012,B: Evident Injury,Commercial,30-39,37,No,26-30 mph,O: No Injury,White,Male,Pickup,No,No,Daylight,Urban (>70% Developed),4 lanes,2,Straight - Grade,Local Street,Wet,"Two-Way, Not Divided",None,Four-Way Intersection,Smooth Asphalt,Piedmont,Urban,30 - 35  MPH,Stop And Go Signal,Cloudy,No,"35.6619, -80.4638"
736,737,Yes,25-29,27,No,With Traffic,B: Evident Injury,Travel Lane,White,Male,Raleigh,Wake,No,01-01-02,2012-09-11,Bicyclist Overtaking Motorist,9,Intersection,01-09-01,0001-01-01T04:56:58-04:56,Bicyclist Overtaking - Passing on Right,,2012,B: Evident Injury,Institutional,25-29,27,No,,O: No Injury,Hispanic,Female,Passenger Car,No,No,Daylight,Urban (>70% Developed),2 lanes,2,Other,Local Street,Dry,"Two-Way, Divided, Unprotected Median",None,T-Intersection,Smooth Asphalt,Piedmont,Urban,20 - 25  MPH,Stop Sign,Clear,No,"35.78367, -78.6772"
737,738,Yes,15-Nov,15,No,With Traffic,C: Possible Injury,Bike Lane / Paved Shoulder,White,Male,Charlotte,Mecklenburg,No,01-01-03,2012-09-26,Motorist Right Turn / Merge,10,Non-Intersection,01-09-01,0001-01-01T05:26:58-04:56,Motorist Right Turn - Same Direction,,2012,C: Possible Injury,Commercial,20-24,23,No,0-5 mph,O: No Injury,White,Male,Passenger Car,No,No,Daylight,Urban (>70% Developed),2 lanes,2,Straight - Level,Local Street,Dry,"Two-Way, Not Divided",None,No Special Feature,Smooth Asphalt,Piedmont,Urban,30 - 35  MPH,No Control Present,Clear,No,"35.19924, -80.841"
740,741,Yes,60-69,65,No,With Traffic,C: Possible Injury,Travel Lane,White,Male,None - Rural Crash,Person,No,01-01-04,2012-09-27,Motorist Overtaking Bicyclist,20,Non-Intersection,01-09-01,0001-01-01T15:14:58-04:56,Motorist Overtaking - Other /,,2012,C: Possible Injury,"Farms, Woods, Pastures",70,70,No,41-45 mph,O: No Injury,White,Female,Passenger Car,No,No,Daylight,Rural (<30% Developed),2 lanes,2,Straight - Hillcrest,State Secondary Route,Dry,"Two-Way, Not Divided",None,No Special Feature,Smooth Asphalt,Piedmont,Rural,40 - 45  MPH,"Double Yellow Line, No Passing Zone",Clear,No,"36.23702, -78.9873"
743,744,Yes,30-39,30,No,Facing Traffic,C: Possible Injury,Sidewalk / Crosswalk / Driveway Crossing,Black,Male,Shelby,Cleveland,No,01-01-04,2012-09-27,Crossing Paths - Other Circumstances,20,Intersection,01-09-01,0001-01-01T15:36:58-04:56,Signalized Intersection - Other /,,2012,C: Possible Injury,Commercial,60-69,64,No,21-25 mph,O: No Injury,White,Female,Passenger Car,No,No,Dark - Lighted Roadway,Urban (>70% Developed),3 lanes,2,Straight - Level,Local Street,Dry,"Two-Way, Not Divided",None,Four-Way Intersection,Smooth Asphalt,Mountains,Urban,30 - 35  MPH,Stop And Go Signal,Clear,No,"35.30134, -81.5396"
755,756,Yes,25-29,28,No,With Traffic,C: Possible Injury,Travel Lane,White,Male,Elizabeth City,Pasquotank,No,01-01-02,2012-09-25,Backing Vehicle,12,Intersection-Related,01-09-01,0001-01-01T07:33:58-04:56,Backing Vehicle,,2012,C: Possible Injury,Institutional,0-19,19,No,0-5 mph,O: No Injury,White,Male,Van,No,No,Daylight,Urban (>70% Developed),2 lanes,2,Straight - Level,Local Street,Dry,"Two-Way, Not Divided",None,T-Intersection,Smooth Asphalt,Coastal,Urban,5 - 15 MPH,Stop Sign,Clear,No,"36.32573, -76.2227"
758,759,Yes,40-49,42,No,With Traffic,C: Possible Injury,Travel Lane,Other,Male,None - Rural Crash,Durham,No,01-01-04,2012-10-11,Motorist Left Turn / Merge,7,Intersection,01-10-01,0001-01-01T02:48:58-04:56,Motorist Left Turn - Opposite Direction,,2012,C: Possible Injury,"Farms, Woods, Pastures",40-49,44,No,41-45 mph,O: No Injury,White,Male,Passenger Car,No,No,Daylight,Rural (<30% Developed),4 lanes,2,Straight - Grade,NC Route,Dry,"Two-Way, Divided, Unprotected Median",None,Four-Way Intersection,Smooth Asphalt,Piedmont,Rural,40 - 45  MPH,Stop And Go Signal,Clear,No,"35.89901, -78.8801"
759,760,Yes,50-59,57,Yes,Facing Traffic,K: Killed,Travel Lane,White,Male,None - Rural Crash,Brunswick,Yes,01-01-04,2012-10-11,Bicyclist Right Turn / Merge,14,Non-Intersection,01-10-01,0001-01-01T09:23:58-04:56,Bicyclist Right Turn - Same Direction,,2012,K: Killed,Residential,50-59,52,No,46-50 mph,O: No Injury,White,Female,Van,No,No,Daylight,Rural (<30% Developed),2 lanes,2,Straight - Level,NC Route,Dry,"Two-Way, Not Divided",None,No Special Feature,Smooth Asphalt,Coastal,Rural,50 - 55  MPH,No Control Present,Clear,No,"33.93076, -78.4096"
770,771,Yes,20-24,21,No,With Traffic,B: Evident Injury,Travel Lane,White,Male,Charlotte,Mecklenburg,No,,2012-10-15,Bicyclist Failed to Yield - Signalized Intersection,17,Intersection,01-10-01,0001-01-01T12:33:58-04:56,Bicyclist Ride Out - Signalized  Intersection,,2012,B: Evident Injury,Commercial,30-39,33,No,26-30 mph,O: No Injury,Black,Female,Sport Utility,No,No,Daylight,Urban (>70% Developed),4 lanes,2,Straight - Level,Local Street,Dry,"Two-Way, Not Divided",None,T-Intersection,Smooth Asphalt,Piedmont,Urban,30 - 35  MPH,Stop And Go Signal,Clear,No,"35.22036, -80.8121"
771,772,Yes,40-49,49,Yes,With Traffic,B: Evident Injury,Travel Lane,White,Male,Lenoir,Caldwell,Yes,,2012-10-15,Motorist Overtaking Bicyclist,23,Non-Intersection,01-10-01,0001-01-01T18:28:58-04:56,Motorist Overtaking - Other /,,2012,B: Evident Injury,Commercial,20-24,21,No,41-45 mph,O: No Injury,White,Male,Pickup,No,No,Dark - Lighted Roadway,Urban (>70% Developed),5 lanes,2,Straight - Level,US Route,Dry,"Two-Way, Not Divided",None,No Special Feature,Smooth Asphalt,Mountains,Urban,40 - 45  MPH,No Control Present,Cloudy,No,"35.89663, -81.5607"