FID,OBJECTID,AmbulanceR,BikeAge_Gr,Bike_Age,Bike_Alc_D,Bike_Dir,Bike_Injur,Bike_Pos,Bike_Race,Bike_Sex,City,County,CrashAlcoh,CrashDay,Crash_Date,Crash_Grp,Crash_Hour,Crash_Loc,Crash_Mont,Crash_Time,Crash_Type,Crash_Ty_1,Crash_Year,Crsh_Sevri,Developmen,DrvrAge_Gr,Drvr_Age,Drvr_Alc_D,Drvr_EstSp,Drvr_Injur,Drvr_Race,Drvr_Sex,Drvr_VehTy,ExcsSpdInd,Hit_Run,Light_Cond,Locality,Num_Lanes,Num_Units,Rd_Charact,Rd_Class,Rd_Conditi,Rd_Config,Rd_Defects,Rd_Feature,Rd_Surface,Region,Rural_Urba,Speed_Limi,Traff_Cntr,Weather,Workzone_I,Location
166,167,Yes,25-29,25,No,With Traffic,B: Evident Injury,Travel Lane,Hispanic,Male,Sanford,Lee,No,01-01-05,2007-03-30,Bicyclist Left Turn / Merge,17,Intersection,01-03-01,0001-01-01T12:38:58-04:56,Bicyclist Left Turn - Same Direction,111221,2007,B: Evident Injury,Residential,50-59,59,No,31-35 mph,O: No Injury,White,Male,Sport Utility,No,No,Daylight,Mixed (30% To 70% Developed),3 lanes,2,Straight - Level,Local Street,Dry,"Two-Way, Divided, Unprotected Median",None,T-Intersection,Coarse Asphalt,Piedmont,Urban,40 - 45  MPH,No Control Present,Clear,No,"35.459885, -79.10708"
168,169,No,15-Nov,12,No,With Traffic,C: Possible Injury,Travel Lane,Black,Male,Salisbury,Rowan,No,01-01-03,2007-06-20,Bicyclist Failed to Yield - Sign-Controlled Intersection,13,Intersection,01-06-01,0001-01-01T08:45:58-04:56,Bicyclist Ride Out - Sign-Controlled Intersection,111142,2007,C: Possible Injury,Residential,60-69,65,No,16-20 mph,O: No Injury,White,Male,Van,No,No,Daylight,Urban (>70% Developed),1 lane,2,Straight - Level,Local Street,Dry,"One-Way, Not Divided",None,T-Intersection,Smooth Asphalt,Piedmont,Urban,20 - 25  MPH,Stop Sign,Clear,No,"35.663044, -80.48545"
173,174,Yes,15-Nov,13,No,Facing Traffic,B: Evident Injury,Travel Lane,White,Female,Fayetteville,Cumberland,No,01-01-07,2007-04-01,Bicyclist Failed to Yield - Sign-Controlled Intersection,16,Intersection,01-04-01,0001-01-01T11:45:58-04:56,Bicyclist Ride Through - Sign-Controlled Intersection,112144,2007,B: Evident Injury,Residential,60-69,69,No,,O: No Injury,Black,Male,Passenger Car,No,No,Daylight,Urban (>70% Developed),2 lanes,2,Straight - Bottom,Local Street,Dry,"Two-Way, Not Divided",None,T-Intersection,Grooved Concrete,Coastal,Urban,30 - 35  MPH,Stop Sign,Clear,No,"35.099197, -78.89891"
174,175,Yes,50-59,51,No,With Traffic,C: Possible Injury,Travel Lane,Black,Male,Laurinburg,Scotland,No,01-01-07,2007-04-01,Bicyclist Right Turn / Merge,13,Non-Intersection,01-04-01,0001-01-01T08:03:58-04:56,Bicyclist Right Turn - Same Direction,311223,2007,C: Possible Injury,Residential,50-59,57,No,31-35 mph,O: No Injury,White,Female,Van,No,No,Daylight,Urban (>70% Developed),2 lanes,2,Straight - Level,Local Street,Dry,"Two-Way, Divided, Unprotected Median",None,No Special Feature,Smooth Asphalt,Coastal,Urban,30 - 35  MPH,No Control Present,Clear,No,"34.775394, -79.45074"
176,177,Yes,15-Nov,15,No,,B: Evident Injury,Travel Lane,Black,Male,Winston-Salem,Forsyth,No,,2007-04-02,Bicyclist Failed to Yield - Sign-Controlled Intersection,17,Intersection,01-04-01,0001-01-01T12:53:58-04:56,Bicyclist Ride Through - Sign-Controlled Intersection,119144,2007,B: Evident Injury,Residential,40-49,45,No,26-30 mph,O: No Injury,Black,Female,Sport Utility,No,No,Daylight,Rural (<30% Developed),2 lanes,2,Straight - Level,Local Street,Dry,"Two-Way, Not Divided",None,No Special Feature,Smooth Asphalt,Piedmont,Urban,30 - 35  MPH,No Control Present,Clear,No,"36.105316, -80.2045"
178,179,Yes,50-59,51,No,With Traffic,B: Evident Injury,Travel Lane,Black,Male,Charlotte,Mecklenburg,No,,2007-06-25,Motorist Overtaking Bicyclist,8,Non-Intersection,01-06-01,0001-01-01T03:41:58-04:56,Motorist Overtaking - Misjudged Space,311232,2007,B: Evident Injury,Commercial,50-59,55,No,16-20 mph,O: No Injury,Black,Male,Pickup,No,No,Daylight,Urban (>70% Developed),3 lanes,2,Straight - Level,Local Street,Dry,"Two-Way, Not Divided",None,No Special Feature,Smooth Asphalt,Piedmont,Urban,30 - 35  MPH,No Control Present,Clear,No,"35.21595, -80.8223"
179,180,No,10-Jun,6,No,Facing Traffic,O: No Injury,Sidewalk / Crosswalk / Driveway Crossing,White,Male,Charlotte,Mecklenburg,No,01-01-02,2007-04-03,Motorist Failed to Yield - Midblock,15,Non-Intersection,01-04-01,0001-01-01T10:20:58-04:56,Motorist Drive Out - Commercial Driveway / Alley,332322,2007,O: No Injury,Residential,60-69,61,No,0-5 mph,O: No Injury,Black,Female,Passenger Car,No,No,Daylight,Urban (>70% Developed),1 lane,2,Straight - Level,Public Vehicular Area,Dry,"One-Way, Not Divided",None,No Special Feature,Smooth Asphalt,Piedmont,Urban,5 - 15 MPH,No Control Present,Clear,No,"35.202824, -80.73739"
188,189,Yes,60-69,65,Yes,,C: Possible Injury,,Black,Male,Statesville,Iredell,Yes,01-01-04,2007-04-05,Bicyclist Failed to Yield - Sign-Controlled Intersection,12,Intersection-Related,01-04-01,0001-01-01T07:29:58-04:56,Bicyclist Ride Out - Sign-Controlled Intersection,299142,2007,C: Possible Injury,Residential,70,,No,26-30 mph,O: No Injury,White,Male,Pickup,No,No,Daylight,Urban (>70% Developed),4 lanes,2,Straight - Hillcrest,Local Street,Dry,"Two-Way, Not Divided",None,No Special Feature,Smooth Asphalt,Piedmont,Urban,30 - 35  MPH,No Control Present,Clear,No,"35.78919, -80.8735"
189,190,Yes,15-Nov,12,No,,Injury,,/Missing,,Morehead City,Carteret,No,01-01-05,2007-04-06,Other /  - Insufficient Details,18,Non-Intersection,01-04-01,0001-01-01T13:21:58-04:56,Approach Paths,399970,2007,O: No Injury,Residential,30-39,39,No,31-35 mph,O: No Injury,White,Female,Passenger Car,No,No,Daylight,Urban (>70% Developed),2 lanes,2,Straight - Level,Local Street,Dry,"Two-Way, Not Divided",None,No Special Feature,Smooth Asphalt,Coastal,Urban,30 - 35  MPH,No Control Present,Clear,No,"34.73611, -76.73064"
190,191,Yes,30-39,36,No,With Traffic,B: Evident Injury,Travel Lane,Black,Male,Wilson,Wilson,No,01-01-05,2007-04-06,Motorist Failed to Yield - Sign-Controlled Intersection,16,Intersection,01-04-01,0001-01-01T11:39:58-04:56,Motorist Drive Out - Sign-Controlled Intersection,111141,2007,B: Evident Injury,Residential,50-59,52,No,21-25 mph,O: No Injury,Black,Male,Passenger Car,No,No,Daylight,Urban (>70% Developed),2 lanes,2,Straight - Level,Local Street,Dry,"Two-Way, Not Divided",None,No Special Feature,Coarse Asphalt,Coastal,Urban,30 - 35  MPH,Stop Sign,Clear,No,"35.72779, -77.922745"
191,192,Yes,40-49,41,No,With Traffic,Injury,Sidewalk / Crosswalk / Driveway Crossing,Black,Male,Fayetteville,Cumberland,No,01-01-04,2007-06-28,Motorist Right Turn / Merge,17,Intersection,01-06-01,0001-01-01T12:20:58-04:56,Motorist Right Turn - Same Direction,131213,2007,O: No Injury,Commercial,20-24,23,No,0-5 mph,O: No Injury,Black,Female,Passenger Car,No,No,Daylight,Urban (>70% Developed),5 lanes,2,Straight - Level,Local Street,Dry,"Two-Way, Divided, Unprotected Median",None,Four-Way Intersection,Coarse Asphalt,Coastal,Urban,30 - 35  MPH,Stop And Go Signal,Clear,No,"35.05358, -78.8876"
196,197,No,30-39,30,No,Facing Traffic,C: Possible Injury,Sidewalk / Crosswalk / Driveway Crossing,White,Male,Durham,Durham,No,01-01-03,2007-06-27,Motorist Right Turn / Merge,10,Intersection,01-06-01,0001-01-01T05:53:58-04:56,Motorist Right Turn - Opposite Direction,132214,2007,C: Possible Injury,Commercial,,,No,0-5 mph,Injury,/Missing,,Passenger Car,No,Yes,Daylight,Urban (>70% Developed),5 lanes,2,Straight - Level,Local Street,Dry,"Two-Way, Not Divided",None,Four-Way Intersection,Smooth Asphalt,Piedmont,Urban,30 - 35  MPH,Stop And Go Signal,Clear,No,"35.963886, -78.95944"
600,601,Yes,16-19,16,No,,B: Evident Injury,,White,Male,None - Rural Crash,Beaufort,No,01-01-07,2009-10-11,Bicyclist Failed to Yield - Midblock,21,Non-Intersection,01-10-01,0001-01-01T16:25:58-04:56,Bicyclist Ride Out - Midblock -,399319,2009,B: Evident Injury,Residential,20-24,20,No,41-45 mph,O: No Injury,White,Male,Passenger Car,No,No,Dark - Roadway Not Lighted,Rural (<30% Developed),2 lanes,2,Straight - Level,State Secondary Route,Dry,"Two-Way, Not Divided",None,No Special Feature,Coarse Asphalt,Coastal,Rural,50 - 55  MPH,"Double Yellow Line, No Passing Zone",Clear,No,"35.558372, -76.93874"
602,603,Yes,16-19,18,No,Facing Traffic,B: Evident Injury,,Black,Male,Rocky Mount,Nash,No,01-01-02,2009-09-15,Bicyclist Failed to Yield - Signalized Intersection,19,Intersection,01-09-01,0001-01-01T14:35:58-04:56,Bicyclist Ride Through - Signalized Intersection,192155,2009,B: Evident Injury,Commercial,70,,No,31-35 mph,O: No Injury,White,Male,Pickup,No,No,Dark - Lighted Roadway,Urban (>70% Developed),3 lanes,2,Straight - Level,Local Street,Dry,"One-Way, Not Divided",None,Four-Way Intersection,Coarse Asphalt,Coastal,Urban,30 - 35  MPH,Stop And Go Signal,Clear,No,"35.944557, -77.796165"
616,617,No,40-49,44,No,With Traffic,Injury,Travel Lane,Black,Male,Charlotte,Mecklenburg,No,01-01-03,2009-09-30,Motorist Overtaking Bicyclist,19,Non-Intersection,01-09-01,0001-01-01T14:25:58-04:56,Motorist Overtaking - Bicyclist Swerved,311235,2009,C: Possible Injury,Residential,0-19,17,No,,C: Possible Injury,Black,Male,Pedestrian,No,No,Dawn,Mixed (30% To 70% Developed),2 lanes,2,Straight - Grade,Local Street,"Water (Standing, Moving)","Two-Way, Not Divided",None,No Special Feature,Smooth Asphalt,Piedmont,Urban,,No Control Present,Clear,No,"35.24186, -80.6617"
624,625,Yes,50-59,54,No,With Traffic,C: Possible Injury,Travel Lane,White,Male,None - Rural Crash,Moore,No,,2009-09-28,Motorist Overtaking Bicyclist,16,Non-Intersection,01-09-01,0001-01-01T12:02:58-04:56,Motorist Overtaking - Other /,311239,2009,C: Possible Injury,"Farms, Woods, Pastures",30-39,34,No,41-45 mph,Injury,White,Male,Passenger Car,No,Yes,Daylight,Rural (<30% Developed),2 lanes,2,Straight - Level,State Secondary Route,Dry,"Two-Way, Not Divided",None,No Special Feature,Smooth Asphalt,Piedmont,Rural,40 - 45  MPH,No Control Present,Clear,No,"35.179253, -79.32311"
632,633,Yes,30-39,38,No,With Traffic,B: Evident Injury,Travel Lane,Hispanic,Male,Fayetteville,Cumberland,No,01-01-05,2009-10-16,Bicyclist Left Turn / Merge,18,Non-Intersection,01-10-01,0001-01-01T13:18:58-04:56,Bicyclist Left Turn - Same Direction,311221,2009,B: Evident Injury,Residential,60-69,63,No,21-25 mph,O: No Injury,Black,Female,Passenger Car,No,No,Daylight,Rural (<30% Developed),5 lanes,2,Straight - Level,Local Street,Dry,"Two-Way, Not Divided",None,No Special Feature,Coarse Asphalt,Coastal,Urban,40 - 45  MPH,No Control Present,Clear,No,"35.092957, -78.91917"
636,637,Yes,20-24,22,No,Facing Traffic,C: Possible Injury,Sidewalk / Crosswalk / Driveway Crossing,White,Male,Winston-Salem,Forsyth,No,,2009-10-19,Motorist Failed to Yield - Sign-Controlled Intersection,15,Intersection,01-10-01,0001-01-01T10:48:58-04:56,Motorist Drive Out - Sign-Controlled Intersection,132141,2009,C: Possible Injury,Residential,40-49,48,No,0-5 mph,O: No Injury,Black,Female,Pickup,No,No,Daylight,Urban (>70% Developed),2 lanes,2,Straight - Hillcrest,Local Street,Dry,"Two-Way, Divided, Unprotected Median",None,T-Intersection,Smooth Asphalt,Piedmont,Urban,20 - 25  MPH,Stop Sign,Clear,No,"36.112877, -80.22526"
647,648,Yes,16-19,19,No,With Traffic,B: Evident Injury,Travel Lane,White,Male,None - Rural Crash,Onslow,No,01-01-07,2009-09-27,Motorist Overtaking Bicyclist,23,Non-Intersection,01-09-01,0001-01-01T18:03:58-04:56,Motorist Overtaking - Other /,311239,2009,B: Evident Injury,Residential,,,Missing,51-55 mph,Injury,/Missing,,,No,Yes,Dark - Roadway Not Lighted,Mixed (30% To 70% Developed),5 lanes,2,Straight - Level,US Route,Dry,"Two-Way, Not Divided",None,No Special Feature,Coarse Asphalt,Coastal,Rural,50 - 55  MPH,No Control Present,Clear,No,"34.90975, -77.57086"
650,651,No,15-Nov,14,No,With Traffic,C: Possible Injury,Sidewalk / Crosswalk / Driveway Crossing,White,Male,Fayetteville,Cumberland,No,01-01-03,2009-10-28,Motorist Left Turn / Merge,22,Intersection,01-10-01,0001-01-01T17:56:58-04:56,Motorist Left Turn - Opposite Direction,131212,2009,C: Possible Injury,Commercial,20-24,20,No,21-25 mph,O: No Injury,Black,Female,Passenger Car,No,No,Dark - Lighted Roadway,Urban (>70% Developed),5 lanes,2,Straight - Level,Local Street,Dry,"Two-Way, Divided, Unprotected Median",None,Four-Way Intersection,Coarse Asphalt,Coastal,Urban,30 - 35  MPH,Stop And Go Signal,Clear,No,"35.04542, -78.924446"
660,661,No,40-49,44,No,With Traffic,C: Possible Injury,Travel Lane,White,Male,None - Rural Crash,Rowan,No,01-01-06,2009-11-14,Motorist Failed to Yield - Sign-Controlled Intersection,12,Intersection,01-11-01,0001-01-01T07:36:58-04:56,Motorist Drive Out - Sign-Controlled Intersection,111141,2009,C: Possible Injury,"Farms, Woods, Pastures",20-24,22,No,0-5 mph,O: No Injury,White,Male,Pickup,No,No,Daylight,Rural (<30% Developed),5 lanes,2,Straight - Level,US Route,Dry,"Two-Way, Not Divided",None,Four-Way Intersection,Smooth Asphalt,Piedmont,Rural,50 - 55  MPH,No Control Present,Clear,No,"35.590878, -80.5513"
662,663,Yes,30-39,30,Yes,Not Applicable,C: Possible Injury,,Black,Male,Raleigh,Wake,Yes,01-01-04,2009-10-08,Bicyclist Failed to Yield - Midblock,20,Non-Intersection,01-10-01,0001-01-01T15:15:58-04:56,Bicyclist Ride Out - Midblock -,393319,2009,C: Possible Injury,Residential,40-49,49,No,31-35 mph,O: No Injury,Black,Male,Passenger Car,No,No,Dark - Lighted Roadway,Urban (>70% Developed),3 lanes,2,Straight - Hillcrest,Local Street,Dry,"One-Way, Not Divided",None,No Special Feature,Smooth Asphalt,Piedmont,Urban,30 - 35  MPH,No Control Present,Clear,No,"35.772335, -78.64596"
664,665,Yes,25-29,26,No,With Traffic,B: Evident Injury,Bike Lane / Paved Shoulder,White,Female,Greensboro,Guilford,No,01-01-03,2009-10-28,Motorist Right Turn / Merge,11,Intersection,01-10-01,0001-01-01T06:54:58-04:56,Motorist Right Turn - Same Direction,121213,2009,B: Evident Injury,Institutional,50-59,54,No,0-5 mph,O: No Injury,White,Male,Passenger Car,No,No,Daylight,Urban (>70% Developed),2 lanes,2,Straight - Level,Local Street,Dry,"Two-Way, Divided, Unprotected Median",None,Four-Way Intersection,Smooth Asphalt,Piedmont,Urban,20 - 25  MPH,Stop And Go Signal,Clear,No,"36.065918, -79.81024"
669,670,Yes,40-49,48,No,With Traffic,C: Possible Injury,Travel Lane,Black,Male,Tarboro,Edgecombe,No,01-01-07,2009-11-01,Motorist Failed to Yield - Sign-Controlled Intersection,16,Intersection,01-11-01,0001-01-01T11:42:58-04:56,Motorist Drive Out - Sign-Controlled Intersection,111141,2009,C: Possible Injury,Commercial,0-19,18,No,0-5 mph,O: No Injury,Black,Male,Passenger Car,No,No,Daylight,Urban (>70% Developed),1 lane,2,Straight - Level,Local Street,Wet,"Two-Way, Divided, Unprotected Median",,"Driveway, Private",Smooth Asphalt,Coastal,Urban,40 - 45  MPH,Stop Sign,Rain,No,"35.90341, -77.56208"
670,671,Yes,40-49,45,No,,C: Possible Injury,,Black,Male,Oxford,Granville,No,01-01-02,2009-04-28,Crossing Paths - Other Circumstances,16,Intersection-Related,01-04-01,0001-01-01T11:59:58-04:56,Crossing Paths - Intersection - Other /,299180,2009,C: Possible Injury,Commercial,50-59,53,No,11-15 mph,O: No Injury,Black,Male,Passenger Car,No,No,Daylight,Urban (>70% Developed),9 or more lanes,3,Straight - Level,Local Street,Dry,"Two-Way, Not Divided",None,No Special Feature,Smooth Asphalt,Piedmont,Urban,30 - 35  MPH,Stop And Go Signal,Clear,No,"36.312084, -78.592224"
671,672,Yes,50-59,52,Yes,With Traffic,B: Evident Injury,Travel Lane,White,Male,Greensboro,Guilford,Yes,01-01-02,2009-10-20,Bicyclist Overtaking Motorist,4,Non-Intersection,01-10-01,0000-12-31T23:28:58-04:56,Bicyclist Overtaking - Parked Vehicle,311243,2009,B: Evident Injury,Residential,,,Missing,0-5 mph,Injury,/Missing,,Passenger Car,No,No,Dark - Roadway Not Lighted,Urban (>70% Developed),1 lane,2,Straight - Grade,Local Street,Dry,"Two-Way, Not Divided",None,No Special Feature,Smooth Asphalt,Piedmont,Urban,30 - 35  MPH,No Control Present,Clear,No,"36.068775, -79.82911"
672,673,Yes,40-49,49,No,Facing Traffic,C: Possible Injury,Sidewalk / Crosswalk / Driveway Crossing,Black,Male,Wilmington,New Hanover,No,01-01-04,2009-10-29,Motorist Failed to Yield - Signalized Intersection,12,Intersection,01-10-01,0001-01-01T07:06:58-04:56,Motorist Drive Out - Signalized Intersection,132152,2009,C: Possible Injury,Commercial,25-29,25,No,6-10 mph,O: No Injury,White,Female,Passenger Car,No,No,Daylight,Urban (>70% Developed),6 lanes,2,Straight - Level,Local Street,Dry,"Two-Way, Not Divided",None,Four-Way Intersection,Smooth Asphalt,Coastal,Urban,20 - 25  MPH,Stop And Go Signal,Clear,No,"34.228287, -77.94253"
674,675,Yes,25-29,25,No,Facing Traffic,B: Evident Injury,Sidewalk / Crosswalk / Driveway Crossing,Black,Male,Charlotte,Mecklenburg,No,01-01-02,2009-11-03,Motorist Failed to Yield - Sign-Controlled Intersection,13,Intersection,01-11-01,0001-01-01T08:11:58-04:56,Motorist Drive Out - Sign-Controlled Intersection,132141,2009,B: Evident Injury,Residential,30-39,33,No,0-5 mph,O: No Injury,Hispanic,Female,Passenger Car,No,No,Daylight,Urban (>70% Developed),2 lanes,2,Straight - Grade,Local Street,Dry,"Two-Way, Not Divided",None,T-Intersection,Coarse Asphalt,Piedmont,Urban,30 - 35  MPH,Stop Sign,Clear,No,"35.13637, -80.88857"
675,676,Yes,40-49,41,No,With Traffic,B: Evident Injury,Travel Lane,White,Female,Durham,Durham,No,01-01-06,2009-11-21,Crossing Paths - Other Circumstances,11,Intersection,01-11-01,0001-01-01T06:14:58-04:56,Crossing Paths - Intersection - Other /,111180,2009,B: Evident Injury,Commercial,30-39,31,No,36-40 mph,O: No Injury,Asian,Male,Passenger Car,No,No,Daylight,Urban (>70% Developed),4 lanes,2,Straight - Level,NC Route,Dry,"Two-Way, Not Divided",None,No Special Feature,Smooth Asphalt,Piedmont,Urban,40 - 45  MPH,Human Control,Clear,No,"35.900654, -78.888985"
684,685,No,50-59,57,No,With Traffic,B: Evident Injury,Travel Lane,Asian,Male,Durham,Durham,No,01-01-05,2009-10-30,Motorist Overtaking Bicyclist,21,Intersection,01-10-01,0001-01-01T16:12:58-04:56,Motorist Overtaking - Misjudged Space,111232,2009,B: Evident Injury,Residential,,,Missing,41-45 mph,Injury,/Missing,,,No,Yes,Dark - Roadway Not Lighted,Urban (>70% Developed),2 lanes,2,Straight - Hillcrest,NC Route,Dry,"Two-Way, Divided, Unprotected Median",None,T-Intersection,Coarse Asphalt,Piedmont,Urban,40 - 45  MPH,No Control Present,Clear,No,"35.916576, -78.95112"
686,687,No,50-59,54,No,With Traffic,C: Possible Injury,Travel Lane,White,Male,High Point,Guilford,No,01-01-03,2009-11-04,Motorist Overtaking Bicyclist,6,Non-Intersection,01-11-01,0001-01-01T01:33:58-04:56,Motorist Overtaking - Undetected Bicyclist,311231,2009,C: Possible Injury,Commercial,0-19,18,No,,O: No Injury,White,Male,Passenger Car,No,No,Dark - Lighted Roadway,Urban (>70% Developed),5 lanes,2,Straight - Level,Local Street,Dry,"Two-Way, Not Divided",None,No Special Feature,Coarse Asphalt,Piedmont,Urban,40 - 45  MPH,No Control Present,Clear,No,"35.98807, -80.02632"
687,688,Yes,40-49,47,No,With Traffic,C: Possible Injury,Travel Lane,Hispanic,Female,Morrisville,Wake,No,,2009-11-09,Motorist Failed to Yield - Midblock,7,Non-Intersection,01-11-01,0001-01-01T02:03:58-04:56,Motorist Drive Out - Other Midblock,311328,2009,C: Possible Injury,Commercial,25-29,28,No,6-10 mph,O: No Injury,White,Male,Pickup,No,No,Daylight,Mixed (30% To 70% Developed),2 lanes,2,Straight - Level,NC Route,Dry,"Two-Way, Not Divided",None,No Special Feature,Smooth Asphalt,Piedmont,Urban,40 - 45  MPH,"Double Yellow Line, No Passing Zone",Clear,No,"35.836864, -78.82955"
698,699,Yes,16-19,18,No,Facing Traffic,B: Evident Injury,Travel Lane,Black,Male,Charlotte,Mecklenburg,No,01-01-06,2009-11-14,Motorist Failed to Yield - Sign-Controlled Intersection,20,Intersection,01-11-01,0001-01-01T15:56:58-04:56,Motorist Drive Out - Sign-Controlled Intersection,112141,2009,B: Evident Injury,Residential,30-39,37,No,0-5 mph,O: No Injury,Black,Female,Sport Utility,No,No,Dark - Lighted Roadway,Urban (>70% Developed),4 lanes,2,Straight - Level,Local Street,Dry,"Two-Way, Divided, Positive Median Barrier",None,No Special Feature,Smooth Asphalt,Piedmont,Urban,20 - 25  MPH,Stop Sign,Clear,No,"35.249794, -80.77271"
714,715,Yes,25-29,27,No,With Traffic,C: Possible Injury,Bike Lane / Paved Shoulder,White,Male,None - Rural Crash,New Hanover,No,,2009-12-14,Motorist Overtaking Bicyclist,17,Non-Intersection,01-12-01,0001-01-01T12:38:58-04:56,Motorist Overtaking - Undetected Bicyclist,321231,2009,C: Possible Injury,Residential,60-69,62,No,41-45 mph,O: No Injury,White,Female,Sport Utility,No,No,Dark - Roadway Not Lighted,Urban (>70% Developed),2 lanes,2,Straight - Level,NC Route,Dry,"Two-Way, Not Divided",None,No Special Feature,Smooth Asphalt,Coastal,Rural,40 - 45  MPH,No Control Present,Clear,No,"34.27923, -77.923935"
723,724,No,20-24,24,No,Facing Traffic,C: Possible Injury,Travel Lane,White,Female,Raleigh,Wake,No,01-01-02,2009-11-17,Motorist Failed to Yield - Sign-Controlled Intersection,11,Intersection,01-11-01,0001-01-01T06:33:58-04:56,Motorist Drive Out - Sign-Controlled Intersection,112141,2009,C: Possible Injury,Residential,,,No,21-25 mph,Injury,/Missing,,,No,Yes,Daylight,Urban (>70% Developed),2 lanes,2,Straight - Level,Local Street,Dry,"Two-Way, Not Divided",None,No Special Feature,Smooth Asphalt,Piedmont,Urban,40 - 45  MPH,No Control Present,Clear,No,"35.7703, -78.61983"
724,725,Yes,20-24,23,No,Facing Traffic,B: Evident Injury,Sidewalk / Crosswalk / Driveway Crossing,White,Male,Cary,Wake,No,01-01-02,2009-12-22,Motorist Failed to Yield - Sign-Controlled Intersection,15,Intersection,01-12-01,0001-01-01T10:15:58-04:56,Motorist Drive Out - Sign-Controlled Intersection,132141,2009,B: Evident Injury,Commercial,20-24,21,No,0-5 mph,O: No Injury,White,Female,Passenger Car,No,No,Daylight,Urban (>70% Developed),2 lanes,2,Straight - Grade,Public Vehicular Area,Dry,"Two-Way, Not Divided",None,"Driveway, Public",Smooth Asphalt,Piedmont,Urban,5 - 15 MPH,Stop Sign,Clear,No,"35.744076, -78.76094"
730,731,Yes,40-49,43,No,Not Applicable,B: Evident Injury,Non-Roadway,White,Female,Franklin,Macon,No,01-01-04,2009-12-10,Non-Roadway,16,Non-Roadway,01-12-01,0001-01-01T11:43:58-04:56,Non-Roadway,460910,2009,B: Evident Injury,Commercial,70,,No,11-15 mph,O: No Injury,White,Male,"Light Truck (Mini-Van, Panel)",No,No,Daylight,Urban (>70% Developed),,2,Straight - Level,Public Vehicular Area,Dry,"Two-Way, Not Divided",None,Four-Way Intersection,Smooth Asphalt,Mountains,Rural,,No Control Present,Clear,No,"35.174343, -83.36237"
742,743,Yes,30-39,38,Yes,With Traffic,B: Evident Injury,Travel Lane,White,Male,None - Rural Crash,Catawba,Yes,01-01-03,2009-12-30,Motorist Overtaking Bicyclist,18,Non-Intersection,01-12-01,0001-01-01T13:10:58-04:56,Motorist Overtaking - Other /,311239,2009,B: Evident Injury,"Farms, Woods, Pastures",40-49,48,No,41-45 mph,O: No Injury,White,Female,Passenger Car,No,No,Dark - Roadway Not Lighted,Rural (<30% Developed),2 lanes,2,Straight - Level,NC Route,Dry,"Two-Way, Not Divided",None,No Special Feature,Coarse Asphalt,Piedmont,Rural,40 - 45  MPH,"Double Yellow Line, No Passing Zone",Clear,No,"35.553116, -81.06227"
744,745,No,60-69,66,No,With Traffic,B: Evident Injury,Travel Lane,Black,Male,Goldsboro,Wayne,No,01-01-05,2009-12-04,Bicyclist Failed to Yield - Signalized Intersection,18,Intersection,01-12-01,0001-01-01T13:03:58-04:56,Bicyclist Ride Through - Signalized Intersection,111155,2009,B: Evident Injury,Commercial,60-69,68,No,6-10 mph,O: No Injury,White,Female,Sport Utility,No,No,Dark - Lighted Roadway,Urban (>70% Developed),5 lanes,2,Straight - Level,Local Street,Dry,"Two-Way, Not Divided",None,Four-Way Intersection,Smooth Asphalt,Coastal,Urban,20 - 25  MPH,Stop And Go Signal,Cloudy,No,"35.38469, -77.992615"
746,747,Yes,20-24,24,Yes,Not Applicable,C: Possible Injury,Non-Roadway,White,Male,None - Rural Crash,Currituck,Yes,01-01-07,2009-11-29,Bicyclist Failed to Yield - Midblock,20,Non-Intersection,01-11-01,0001-01-01T16:00:58-04:56,Bicyclist Ride Out - Commercial Driveway / Alley,363312,2009,C: Possible Injury,Commercial,50-59,57,No,41-45 mph,O: No Injury,White,Female,Sport Utility,No,No,Dark - Roadway Not Lighted,Rural (<30% Developed),5 lanes,2,Straight - Level,US Route,Dry,"Two-Way, Not Divided",None,No Special Feature,Coarse Asphalt,Coastal,Rural,40 - 45  MPH,No Control Present,Clear,No,"36.238754, -75.87539"
749,750,No,16-19,18,No,,B: Evident Injury,Sidewalk / Crosswalk / Driveway Crossing,White,Male,Raleigh,Wake,No,,2009-11-23,Motorist Left Turn / Merge,12,Intersection,01-11-01,0001-01-01T07:16:58-04:56,Motorist Left Turn - Opposite Direction,139212,2009,B: Evident Injury,Commercial,20-24,21,No,6-10 mph,O: No Injury,White,Female,Passenger Car,No,No,Daylight,Urban (>70% Developed),2 lanes,2,Straight - Level,Local Street,Wet,"Two-Way, Not Divided",None,No Special Feature,Smooth Asphalt,Piedmont,Urban,20 - 25  MPH,No Control Present,Rain,No,"35.78189, -78.66763"