FID,OBJECTID,AmbulanceR,BikeAge_Gr,Bike_Age,Bike_Alc_D,Bike_Dir,Bike_Injur,Bike_Pos,Bike_Race,Bike_Sex,City,County,CrashAlcoh,CrashDay,Crash_Date,Crash_Grp,Crash_Hour,Crash_Loc,Crash_Mont,Crash_Time,Crash_Type,Crash_Ty_1,Crash_Year,Crsh_Sevri,Developmen,DrvrAge_Gr,Drvr_Age,Drvr_Alc_D,Drvr_EstSp,Drvr_Injur,Drvr_Race,Drvr_Sex,Drvr_VehTy,ExcsSpdInd,Hit_Run,Light_Cond,Locality,Num_Lanes,Num_Units,Rd_Charact,Rd_Class,Rd_Conditi,Rd_Config,Rd_Defects,Rd_Feature,Rd_Surface,Region,Rural_Urba,Speed_Limi,Traff_Cntr,Weather,Workzone_I,Location
272,273,Yes,20-24,21,No,Not Applicable,C: Possible Injury,,White,Male,Goldsboro,Wayne,No,01-01-05,2011-05-20,Bicyclist Failed to Yield - Midblock,14,Non-Intersection,01-05-01,0001-01-01T09:23:58-04:56,Bicyclist Ride Out - Other Midblock,393318,2011,C: Possible Injury,Commercial,40-49,43,No,21-25 mph,O: No Injury,White,Female,Sport Utility,No,No,Daylight,Urban (>70% Developed),6 lanes,2,Straight - Level,Local Street,Dry,"Two-Way, Divided, Unprotected Median",None,Related To Intersection,Coarse Asphalt,Coastal,Urban,30 - 35  MPH,Other,Clear,No,"35.37068, -77.9537"
279,280,Yes,10-Jun,8,No,Facing Traffic,B: Evident Injury,Travel Lane,Black,Male,Monroe,Union,No,01-01-07,2011-05-15,Head-On,19,Non-Intersection,01-05-01,0001-01-01T14:37:58-04:56,Head-On - Bicyclist,312250,2011,B: Evident Injury,Residential,25-29,26,No,31-35 mph,O: No Injury,Hispanic,Male,Passenger Car,No,No,Daylight,Urban (>70% Developed),2 lanes,2,Straight - Grade,Local Street,Dry,"Two-Way, Not Divided",None,No Special Feature,Smooth Asphalt,Piedmont,Urban,30 - 35  MPH,No Control Present,Clear,No,"34.99067, -80.5014"
281,282,No,40-49,40,No,With Traffic,C: Possible Injury,Travel Lane,White,Male,Salisbury,Rowan,No,,2011-06-06,Motorist Right Turn / Merge,15,Intersection,01-06-01,0001-01-01T10:47:58-04:56,Motorist Right Turn - Same Direction,111213,2011,C: Possible Injury,Commercial,50-59,50,No,0-5 mph,O: No Injury,Black,Female,Sport Utility,No,Yes,Daylight,Urban (>70% Developed),2 lanes,2,Straight - Level,Local Street,Dry,"Two-Way, Not Divided",None,No Special Feature,Smooth Asphalt,Piedmont,Urban,30 - 35  MPH,Stop And Go Signal,Clear,No,"35.65725, -80.4877"
282,283,No,16-19,17,No,With Traffic,B: Evident Injury,Travel Lane,White,Male,None - Rural Crash,Robeson,No,,2011-06-06,Bicyclist Left Turn / Merge,18,Non-Intersection,01-06-01,0001-01-01T13:31:58-04:56,Bicyclist Left Turn - Same Direction,311221,2011,B: Evident Injury,"Farms, Woods, Pastures",25-29,25,No,51-55 mph,O: No Injury,Native American,Male,Pickup,No,No,Daylight,Rural (<30% Developed),2 lanes,2,Straight - Level,State Secondary Route,Dry,"Two-Way, Not Divided",None,No Special Feature,Smooth Asphalt,Coastal,Rural,50 - 55  MPH,"Double Yellow Line, No Passing Zone",Clear,No,"34.625, -79.1275"
284,285,No,25-29,28,No,Not Applicable,C: Possible Injury,Sidewalk / Crosswalk / Driveway Crossing,Hispanic,Male,Charlotte,Mecklenburg,No,01-01-03,2011-05-18,Crossing Paths - Other Circumstances,14,Intersection,01-05-01,0001-01-01T09:45:58-04:56,Crossing Paths - Intersection - Other /,133180,2011,C: Possible Injury,Residential,40-49,40,No,26-30 mph,O: No Injury,Black,Female,Passenger Car,No,No,Daylight,Urban (>70% Developed),4 lanes,2,Straight - Grade,Local Street,Dry,"Two-Way, Not Divided",None,No Special Feature,Smooth Asphalt,Piedmont,Urban,30 - 35  MPH,No Control Present,Clear,No,"35.23371, -80.8427"
287,288,Yes,16-19,19,No,With Traffic,C: Possible Injury,Travel Lane,White,Male,Asheville,Buncombe,No,,2011-05-09,Bicyclist Failed to Yield - Signalized Intersection,19,Intersection,01-05-01,0001-01-01T14:29:58-04:56,Bicyclist Ride Through - Signalized Intersection,111155,2011,C: Possible Injury,Commercial,70,,No,6-10 mph,O: No Injury,White,Male,Passenger Car,No,No,Daylight,Urban (>70% Developed),2 lanes,2,Straight - Grade,US Route,Dry,"Two-Way, Not Divided",None,Four-Way Intersection,Smooth Asphalt,Mountains,Urban,20 - 25  MPH,Stop And Go Signal,Clear,No,"35.59555, -82.5518"
292,293,No,30-39,30,No,With Traffic,C: Possible Injury,Travel Lane,White,Male,None - Rural Crash,Cabarrus,No,01-01-06,2011-06-11,Bicyclist Left Turn / Merge,20,Intersection,01-06-01,0001-01-01T15:18:58-04:56,Bicyclist Left Turn - Same Direction,111221,2011,C: Possible Injury,Residential,70,,No,51-55 mph,O: No Injury,White,Female,Passenger Car,No,No,Daylight,Mixed (30% To 70% Developed),2 lanes,2,Straight - Grade,State Secondary Route,Dry,"Two-Way, Not Divided",None,T-Intersection,Smooth Asphalt,Piedmont,Rural,50 - 55  MPH,No Control Present,Clear,No,"35.44625, -80.5475"
300,301,Yes,25-29,29,No,With Traffic,B: Evident Injury,Sidewalk / Crosswalk / Driveway Crossing,Other,Male,Charlotte,Mecklenburg,No,01-01-04,2011-05-26,Motorist Left Turn / Merge,19,Intersection,01-05-01,0001-01-01T14:28:58-04:56,Motorist Left Turn - Opposite Direction,131212,2011,B: Evident Injury,Residential,30-39,30,No,11-15 mph,O: No Injury,White,Female,Passenger Car,No,No,Daylight,Urban (>70% Developed),4 lanes,2,Straight - Level,Local Street,Dry,"Two-Way, Not Divided",None,No Special Feature,Smooth Asphalt,Piedmont,Urban,40 - 45  MPH,No Control Present,Clear,No,"35.16269, -80.9006"
310,311,No,15-Nov,12,No,,C: Possible Injury,Travel Lane,Black,Male,Durham,Durham,No,01-01-03,2011-06-15,Bicyclist Failed to Yield - Sign-Controlled Intersection,20,Intersection,01-06-01,0001-01-01T15:23:58-04:56,Bicyclist Ride Out - Sign-Controlled Intersection,119142,2011,C: Possible Injury,Residential,40-49,48,No,26-30 mph,O: No Injury,Hispanic,Female,Passenger Car,No,No,Daylight,Urban (>70% Developed),2 lanes,2,Curve - Level,Local Street,Dry,"Two-Way, Not Divided",None,No Special Feature,Smooth Asphalt,Piedmont,Urban,30 - 35  MPH,Stop Sign,Clear,No,"36.00156, -78.8668"
317,318,No,10-Jun,8,No,Facing Traffic,C: Possible Injury,Travel Lane,/Missing,Male,None - Rural Crash,Craven,No,,2011-06-13,Bicyclist Right Turn / Merge,18,Non-Intersection,01-06-01,0001-01-01T13:41:58-04:56,Bicyclist Right Turn - Same Direction,312223,2011,C: Possible Injury,Residential,20-24,20,No,31-35 mph,O: No Injury,White,Male,Passenger Car,No,No,Daylight,Urban (>70% Developed),2 lanes,2,Straight - Level,State Secondary Route,Dry,"Two-Way, Not Divided",None,No Special Feature,Coarse Asphalt,Coastal,Rural,30 - 35  MPH,No Control Present,Clear,No,"35.08897, -76.9493"
319,320,Yes,40-49,41,Yes,Facing Traffic,O: No Injury,Travel Lane,Black,Male,None - Rural Crash,Lee,Yes,01-01-05,2011-06-17,Head-On,22,Non-Intersection,01-06-01,0001-01-01T17:13:58-04:56,Head-On - Bicyclist,312250,2011,O: No Injury,"Farms, Woods, Pastures",30-39,35,No,46-50 mph,O: No Injury,Black,Male,Passenger Car,No,No,Dark - Roadway Not Lighted,Rural (<30% Developed),2 lanes,2,Straight - Level,State Secondary Route,Dry,"Two-Way, Not Divided",None,No Special Feature,Smooth Asphalt,Piedmont,Rural,50 - 55  MPH,"Double Yellow Line, No Passing Zone",Clear,No,"35.45516, -79.2879"
322,323,No,40-49,43,No,With Traffic,C: Possible Injury,Travel Lane,White,Male,Wilmington,New Hanover,No,,2011-05-30,Motorist Failed to Yield - Sign-Controlled Intersection,15,Intersection,01-05-01,0001-01-01T10:22:58-04:56,Motorist Drive Through - Sign-Controlled Intersection,111143,2011,C: Possible Injury,Residential,,,Missing,21-25 mph,Injury,/Missing,,,No,Yes,Daylight,Urban (>70% Developed),2 lanes,2,Straight - Level,Local Street,Dry,"Two-Way, Not Divided",None,Four-Way Intersection,Coarse Asphalt,Coastal,Urban,20 - 25  MPH,Stop Sign,Clear,No,"34.22606, -77.9368"
325,326,No,20-24,21,No,Not Applicable,O: No Injury,Sidewalk / Crosswalk / Driveway Crossing,Black,Male,Raleigh,Wake,No,01-01-04,2011-06-16,Non-Roadway,16,Non-Roadway,01-06-01,0001-01-01T11:14:58-04:56,Non-Roadway,430910,2011,O: No Injury,Commercial,,,Missing,0-5 mph,Injury,/Missing,,,No,Yes,Daylight,Urban (>70% Developed),2 lanes,2,Straight - Level,Local Street,Dry,"Two-Way, Not Divided",None,No Special Feature,Smooth Asphalt,Piedmont,Urban,30 - 35  MPH,No Control Present,Clear,No,"35.77413, -78.6375"
503,504,Yes,15-Nov,15,Yes,With Traffic,B: Evident Injury,Travel Lane,Black,Male,Charlotte,Mecklenburg,Yes,,2011-08-01,Motorist Right Turn / Merge,20,Intersection,01-08-01,0001-01-01T15:33:58-04:56,Motorist Right Turn - Same Direction,111213,2011,B: Evident Injury,Residential,20-24,20,No,0-5 mph,O: No Injury,Black,Male,Sport Utility,No,No,Dawn,Rural (<30% Developed),2 lanes,2,Straight - Level,Local Street,Dry,"Two-Way, Not Divided",None,No Special Feature,Smooth Asphalt,Piedmont,Urban,30 - 35  MPH,Stop Sign,Clear,No,"35.23726, -80.7989"
509,510,Yes,40-49,43,Yes,With Traffic,K: Killed,Travel Lane,Black,Male,Gibsonville,Alamance,Yes,01-01-07,2011-07-31,Motorist Overtaking Bicyclist,20,Intersection-Related,01-07-01,0001-01-01T16:01:58-04:56,Motorist Overtaking - Other /,211239,2011,K: Killed,Residential,25-29,28,No,31-35 mph,O: No Injury,White,Male,,No,Yes,Dark - Lighted Roadway,Urban (>70% Developed),2 lanes,2,Curve - Level,Local Street,Dry,"Two-Way, Not Divided",None,T-Intersection,Smooth Asphalt,Piedmont,Urban,30 - 35  MPH,Stop Sign,Cloudy,No,"36.10033, -79.5336"
514,515,No,15-Nov,13,No,Facing Traffic,Injury,Travel Lane,White,Male,Grimesland,Pitt,No,01-01-02,2011-08-09,Motorist Failed to Yield - Sign-Controlled Intersection,11,Intersection,01-08-01,0001-01-01T07:00:58-04:56,Motorist Drive Out - Sign-Controlled Intersection,112141,2011,O: No Injury,Residential,30-39,33,No,0-5 mph,O: No Injury,Black,Female,Passenger Car,No,No,Daylight,Rural (<30% Developed),2 lanes,2,Straight - Level,Local Street,Dry,"Two-Way, Not Divided",None,T-Intersection,Concrete,Coastal,Rural,30 - 35  MPH,Warning Sign,Clear,No,"35.56508, -77.1955"
522,523,No,16-19,17,No,Facing Traffic,B: Evident Injury,Multi-use Path,White,Male,Duck,Dare,No,01-01-07,2011-07-31,Motorist Failed to Yield - Midblock,10,Non-Intersection,01-07-01,0001-01-01T05:26:58-04:56,Motorist Drive Out - Commercial Driveway / Alley,342322,2011,B: Evident Injury,Commercial,30-39,37,No,,O: No Injury,White,Female,Sport Utility,No,No,Daylight,Urban (>70% Developed),2 lanes,2,Straight - Grade,NC Route,Dry,"Two-Way, Divided, Unprotected Median",None,"Driveway, Public",Coarse Asphalt,Coastal,Rural,,No Control Present,Clear,No,"36.16579, -75.7533"
524,525,No,50-59,51,No,Facing Traffic,B: Evident Injury,Sidewalk / Crosswalk / Driveway Crossing,White,Female,Jacksonville,Onslow,No,01-01-07,2011-07-31,Motorist Failed to Yield - Midblock,11,Non-Intersection,01-07-01,0001-01-01T06:54:58-04:56,Motorist Drive Out - Commercial Driveway / Alley,332322,2011,B: Evident Injury,Commercial,,,Missing,0-5 mph,Injury,/Missing,,,No,Yes,Daylight,Urban (>70% Developed),1 lane,2,Straight - Level,Public Vehicular Area,Dry,"Two-Way, Not Divided",None,"Driveway, Public",Smooth Asphalt,Coastal,Urban,,No Control Present,Clear,No,"34.76026, -77.4158"
530,531,Yes,15-Nov,13,No,,C: Possible Injury,Travel Lane,Black,Female,Durham,Durham,No,01-01-03,2011-08-17,Head-On,2,Non-Intersection,01-08-01,0000-12-31T21:43:58-04:56,Head-On -,319259,2011,C: Possible Injury,Residential,,,Missing,21-25 mph,Injury,/Missing,,Passenger Car,No,Yes,Dark - Roadway Not Lighted,Mixed (30% To 70% Developed),2 lanes,2,Curve - Grade,"Private Road, Driveway",Dry,"Two-Way, Not Divided",None,No Special Feature,Coarse Asphalt,Piedmont,Urban,20 - 25  MPH,No Control Present,Clear,No,"35.98433, -78.9049"
537,538,No,16-19,17,No,With Traffic,C: Possible Injury,Sidewalk / Crosswalk / Driveway Crossing,Black,Male,Carrboro,Orange,No,01-01-06,2011-08-13,Motorist Failed to Yield - Midblock,13,Non-Intersection,01-08-01,0001-01-01T08:20:58-04:56,Motorist Drive Out - Commercial Driveway / Alley,331322,2011,C: Possible Injury,Commercial,,,No,0-5 mph,Injury,/Missing,,,No,Yes,Daylight,Urban (>70% Developed),4 lanes,2,Straight - Level,NC Route,Wet,"Two-Way, Divided, Unprotected Median",None,No Special Feature,Smooth Asphalt,Piedmont,Urban,30 - 35  MPH,"Double Yellow Line, No Passing Zone",Cloudy,No,"35.94748, -79.0587"
551,552,Yes,15-Nov,11,No,With Traffic,C: Possible Injury,Sidewalk / Crosswalk / Driveway Crossing,Black,Female,Greensboro,Guilford,No,01-01-03,2011-08-17,Loss of Control / Turning Error,20,Intersection,01-08-01,0001-01-01T15:06:58-04:56,Bicyclist Lost Control - Mechanical Problems,131121,2011,C: Possible Injury,Residential,70,,No,,O: No Injury,Black,Male,Pickup,No,No,Daylight,Urban (>70% Developed),2 lanes,2,Straight - Hillcrest,Local Street,Dry,"Two-Way, Divided, Unprotected Median",None,No Special Feature,Coarse Asphalt,Piedmont,Urban,30 - 35  MPH,Stop Sign,Clear,No,"36.0732, -79.7408"
557,558,Yes,40-49,40,No,With Traffic,B: Evident Injury,Bike Lane / Paved Shoulder,White,Male,None - Rural Crash,Craven,No,,2011-08-29,Motorist Overtaking Bicyclist,1,Non-Intersection,01-08-01,0000-12-31T20:25:58-04:56,Motorist Overtaking - Other /,321239,2011,B: Evident Injury,"Farms, Woods, Pastures",,,Missing,21-25 mph,Injury,/Missing,,Passenger Car,No,Yes,Dark - Roadway Not Lighted,Rural (<30% Developed),4 lanes,2,Straight - Level,US Route,Dry,"Two-Way, Divided, Positive Median Barrier",None,Bridge,Concrete,Coastal,Rural,50 - 55  MPH,No Control Present,Clear,No,"35.09915, -77.0179"
561,562,Yes,30-39,32,No,With Traffic,C: Possible Injury,Travel Lane,Asian,Male,Durham,Durham,No,,2011-08-29,Bicyclist Left Turn / Merge,18,Intersection,01-08-01,0001-01-01T13:31:58-04:56,Bicyclist Left Turn - Same Direction,111221,2011,C: Possible Injury,Commercial,40-49,47,No,21-25 mph,O: No Injury,Native American,Female,Passenger Car,No,No,Daylight,Urban (>70% Developed),2 lanes,2,Straight - Level,Local Street,Wet,"Two-Way, Not Divided",None,T-Intersection,Coarse Asphalt,Piedmont,Urban,30 - 35  MPH,No Control Present,Cloudy,No,"35.91515, -78.8888"
564,565,No,15-Nov,14,No,With Traffic,C: Possible Injury,Travel Lane,Black,Male,Hamlet,Richmond,No,01-01-02,2011-08-16,Bicyclist Failed to Yield - Sign-Controlled Intersection,16,Intersection,01-08-01,0001-01-01T11:31:58-04:56,Bicyclist Ride Through - Sign-Controlled Intersection,111144,2011,C: Possible Injury,Commercial,0-19,19,No,31-35 mph,O: No Injury,Black,Male,Sport Utility,No,No,Daylight,Mixed (30% To 70% Developed),2 lanes,2,Straight - Hillcrest,Local Street,Dry,"Two-Way, Not Divided",None,No Special Feature,Coarse Asphalt,Piedmont,Urban,30 - 35  MPH,Stop Sign,Clear,No,"34.88593, -79.6985"
565,566,Yes,15-Nov,15,No,Facing Traffic,C: Possible Injury,Multi-use Path,White,Female,Duck,Dare,No,01-01-07,2011-08-21,Motorist Failed to Yield - Sign-Controlled Intersection,12,Intersection,01-08-01,0001-01-01T07:33:58-04:56,Motorist Drive Out - Sign-Controlled Intersection,142141,2011,C: Possible Injury,Commercial,0-19,18,No,0-5 mph,O: No Injury,White,Male,Passenger Car,No,No,Daylight,Urban (>70% Developed),3 lanes,2,Straight - Level,NC Route,Dry,"Two-Way, Divided, Unprotected Median",None,T-Intersection,Coarse Asphalt,Coastal,Rural,20 - 25  MPH,Stop Sign,Clear,No,"36.16388, -75.7528"
575,576,Yes,16-19,18,No,Facing Traffic,B: Evident Injury,Travel Lane,White,Male,None - Rural Crash,Brunswick,No,,2011-08-22,Head-On,15,Non-Intersection,01-08-01,0001-01-01T10:28:58-04:56,Head-On - Bicyclist,312250,2011,B: Evident Injury,"Farms, Woods, Pastures",25-29,29,No,41-45 mph,O: No Injury,White,Female,Sport Utility,No,No,Daylight,Rural (<30% Developed),2 lanes,2,Straight - Level,State Secondary Route,Wet,"Two-Way, Not Divided",None,No Special Feature,Coarse Asphalt,Coastal,Rural,40 - 45  MPH,No Control Present,Rain,No,"33.94205, -78.3512"
579,580,Yes,60-69,61,No,With Traffic,B: Evident Injury,Travel Lane,White,Male,Fayetteville,Cumberland,No,01-01-04,2011-09-01,Motorist Overtaking Bicyclist,7,Intersection-Related,01-09-01,0001-01-01T02:26:58-04:56,Motorist Overtaking - Undetected Bicyclist,211231,2011,B: Evident Injury,Residential,30-39,31,No,21-25 mph,O: No Injury,Asian,Female,Passenger Car,No,No,Daylight,Urban (>70% Developed),2 lanes,2,Straight - Level,Local Street,Dry,"Two-Way, Not Divided",None,No Special Feature,Smooth Asphalt,Coastal,Urban,20 - 25  MPH,No Control Present,Clear,No,"35.04541, -78.9602"
583,584,No,40-49,43,No,Facing Traffic,C: Possible Injury,Sidewalk / Crosswalk / Driveway Crossing,Black,Male,Charlotte,Mecklenburg,No,01-01-06,2011-08-27,Loss of Control / Turning Error,17,Intersection,01-08-01,0001-01-01T12:46:58-04:56,Motorist Turning Error - Right Turn,132112,2011,C: Possible Injury,Commercial,50-59,54,No,0-5 mph,O: No Injury,White,Male,Van,No,No,Daylight,Mixed (30% To 70% Developed),4 lanes,2,Straight - Level,Local Street,Dry,"Two-Way, Not Divided",None,No Special Feature,Smooth Asphalt,Piedmont,Urban,40 - 45  MPH,Stop And Go Signal,Clear,No,"35.16962, -80.9047"
585,586,Yes,40-49,40,No,Not Applicable,C: Possible Injury,Non-Roadway,White,Male,None - Rural Crash,Brunswick,No,,2011-08-29,Non-Roadway,2,Non-Roadway,01-08-01,0000-12-31T21:05:58-04:56,Non-Roadway,460910,2011,C: Possible Injury,Residential,60-69,61,No,0-5 mph,O: No Injury,White,Male,Pickup,No,No,Dark - Roadway Not Lighted,Mixed (30% To 70% Developed),2 lanes,2,Straight - Level,Public Vehicular Area,Dry,"Two-Way, Divided, Unprotected Median",None,"Driveway, Private",Coarse Asphalt,Coastal,Rural,,No Control Present,Clear,No,"33.94721, -78.5758"
586,587,Yes,15-Nov,15,No,Not Applicable,B: Evident Injury,Driveway / Alley,Black,Male,None - Rural Crash,Warren,No,,2011-09-05,Bicyclist Failed to Yield - Midblock,10,Non-Intersection,01-09-01,0001-01-01T05:40:58-04:56,Bicyclist Ride Out - Residential Driveway,353311,2011,B: Evident Injury,"Farms, Woods, Pastures",0-19,19,No,16-20 mph,O: No Injury,Black,Male,Van,No,No,Daylight,Rural (<30% Developed),2 lanes,2,Straight - Hillcrest,State Secondary Route,Dry,"Two-Way, Not Divided",None,"Driveway, Private",Smooth Asphalt,Piedmont,Rural,50 - 55  MPH,"Double Yellow Line, No Passing Zone",Clear,No,"36.4264, -78.0822"
591,592,Yes,20-24,20,No,,B: Evident Injury,Travel Lane,White,Male,Raleigh,Wake,No,01-01-03,2011-08-31,Motorist Failed to Yield - Sign-Controlled Intersection,20,Intersection,01-08-01,0001-01-01T15:57:58-04:56,Motorist Drive Out - Sign-Controlled Intersection,119141,2011,B: Evident Injury,Institutional,20-24,21,No,0-5 mph,O: No Injury,Black,Male,Passenger Car,No,No,Dark - Lighted Roadway,Urban (>70% Developed),2 lanes,2,Straight - Level,Local Street,Dry,"Two-Way, Not Divided",None,Four-Way Intersection,Smooth Asphalt,Piedmont,Urban,5 - 15 MPH,Stop Sign,Clear,No,"35.78658, -78.681"
592,593,Yes,16-19,19,No,With Traffic,B: Evident Injury,Travel Lane,White,Female,Raleigh,Wake,No,01-01-02,2011-08-30,Motorist Right Turn / Merge,11,Non-Intersection,01-08-01,0001-01-01T06:48:58-04:56,Motorist Right Turn - Same Direction,311213,2011,B: Evident Injury,Institutional,0-19,19,No,11-15 mph,O: No Injury,White,Female,Passenger Car,No,No,Daylight,Urban (>70% Developed),2 lanes,2,Straight - Level,Local Street,Dry,"Two-Way, Not Divided",None,"Driveway, Public",Coarse Asphalt,Piedmont,Urban,20 - 25  MPH,No Control Present,Clear,No,"35.78515, -78.6756"
597,598,No,50-59,57,No,With Traffic,B: Evident Injury,Travel Lane,White,Male,None - Rural Crash,Orange,No,01-01-03,2011-09-07,Bicyclist Left Turn / Merge,19,Non-Intersection,01-09-01,0001-01-01T14:08:58-04:56,Bicyclist Left Turn - Same Direction,311221,2011,B: Evident Injury,"Farms, Woods, Pastures",50-59,59,No,31-35 mph,O: No Injury,Black,Male,Passenger Car,No,No,Daylight,Rural (<30% Developed),2 lanes,2,Straight - Hillcrest,State Secondary Route,Dry,"Two-Way, Not Divided",None,"Driveway, Private",Smooth Asphalt,Piedmont,Rural,30 - 35  MPH,"Double Yellow Line, No Passing Zone",Clear,No,"36.0523, -79.1323"
599,600,Yes,25-29,29,No,With Traffic,B: Evident Injury,Travel Lane,White,Male,Winston-Salem,Forsyth,No,,2011-08-29,Motorist Left Turn / Merge,22,Intersection-Related,01-08-01,0001-01-01T17:42:58-04:56,Motorist Left Turn - Opposite Direction,211212,2011,B: Evident Injury,Commercial,40-49,46,No,6-10 mph,O: No Injury,Black,Male,Sport Utility,No,No,Dark - Lighted Roadway,Urban (>70% Developed),4 lanes,2,Straight - Level,Local Street,Dry,"Two-Way, Not Divided",None,No Special Feature,Coarse Asphalt,Piedmont,Urban,30 - 35  MPH,No Control Present,Clear,No,"36.09261, -80.2651"
603,604,No,15-Nov,11,No,With Traffic,C: Possible Injury,Travel Lane,White,Male,None - Rural Crash,Buncombe,No,01-01-05,2011-09-09,Bicyclist Failed to Yield - Sign-Controlled Intersection,18,Intersection,01-09-01,0001-01-01T13:31:58-04:56,Bicyclist Ride Through - Sign-Controlled Intersection,111144,2011,C: Possible Injury,Residential,70,,No,11-15 mph,O: No Injury,White,Male,Passenger Car,No,No,Daylight,Urban (>70% Developed),2 lanes,2,Curve - Grade,State Secondary Route,Dry,"Two-Way, Not Divided",None,T-Intersection,Coarse Asphalt,Mountains,Rural,20 - 25  MPH,Stop Sign,Clear,No,"35.623, -82.6247"
606,607,No,70,,No,With Traffic,O: No Injury,Travel Lane,White,Male,Fayetteville,Cumberland,No,01-01-02,2011-08-30,Motorist Overtaking Bicyclist,19,Non-Intersection,01-08-01,0001-01-01T14:51:58-04:56,Motorist Overtaking - Other /,311239,2011,O: No Injury,Commercial,40-49,41,No,6-10 mph,O: No Injury,Native American,Female,Passenger Car,No,No,Dusk,Urban (>70% Developed),5 lanes,2,Straight - Level,Local Street,Dry,"Two-Way, Not Divided",None,No Special Feature,Coarse Asphalt,Coastal,Urban,40 - 45  MPH,No Control Present,Clear,No,"35.04103, -78.9342"
711,712,No,16-19,16,No,With Traffic,C: Possible Injury,Travel Lane,White,Male,None - Rural Crash,Rockingham,No,,2011-10-17,Motorist Overtaking Bicyclist,18,Non-Intersection,01-10-01,0001-01-01T13:03:58-04:56,Motorist Overtaking - Misjudged Space,311232,2011,C: Possible Injury,"Farms, Woods, Pastures",,,No,51-55 mph,Injury,/Missing,,Passenger Car,No,Yes,Daylight,Rural (<30% Developed),2 lanes,2,Straight - Grade,NC Route,Dry,"Two-Way, Not Divided",None,No Special Feature,Smooth Asphalt,Piedmont,Rural,50 - 55  MPH,No Control Present,Clear,No,"36.46988, -79.9592"
712,713,Yes,20-24,20,No,With Traffic,C: Possible Injury,Sidewalk / Crosswalk / Driveway Crossing,White,Female,Wilmington,New Hanover,No,01-01-05,2011-10-07,Bicyclist Failed to Yield - Signalized Intersection,13,Intersection,01-10-01,0001-01-01T08:50:58-04:56,Bicyclist Ride Out - Signalized  Intersection,131153,2011,C: Possible Injury,Commercial,60-69,64,No,11-15 mph,O: No Injury,White,Male,Passenger Car,No,No,Daylight,Urban (>70% Developed),2 lanes,2,Straight - Level,Local Street,Dry,"Two-Way, Not Divided",None,No Special Feature,Coarse Asphalt,Coastal,Urban,30 - 35  MPH,Stop And Go Signal,Clear,No,"34.23715, -77.8676"
713,714,Yes,30-39,31,No,With Traffic,B: Evident Injury,Travel Lane,Black,Female,Wilmington,New Hanover,No,01-01-05,2011-10-07,Parallel Paths - Other Circumstances,23,Intersection,01-10-01,0001-01-01T18:41:58-04:56,Parallel Paths - Other /,111280,2011,B: Evident Injury,Residential,,,Missing,11-15 mph,Injury,/Missing,,,No,Yes,Dark - Lighted Roadway,Urban (>70% Developed),2 lanes,2,Straight - Level,Local Street,Dry,"Two-Way, Not Divided",None,No Special Feature,Smooth Asphalt,Coastal,Urban,20 - 25  MPH,Stop Sign,Clear,No,"34.23514, -77.9366"
723,724,Yes,50-59,59,No,Facing Traffic,C: Possible Injury,Sidewalk / Crosswalk / Driveway Crossing,Black,Male,Benson,Johnston,No,01-01-07,2011-05-15,Motorist Failed to Yield - Midblock,15,Non-Intersection,01-05-01,0001-01-01T10:58:58-04:56,Motorist Drive Out - Commercial Driveway / Alley,332322,2011,C: Possible Injury,Commercial,20-24,20,No,6-10 mph,O: No Injury,Hispanic,Female,Pickup,No,No,Daylight,Urban (>70% Developed),4 lanes,2,Straight - Level,Local Street,Dry,"Two-Way, Divided, Unprotected Median",None,T-Intersection,Smooth Asphalt,Coastal,Rural,30 - 35  MPH,Stop And Go Signal,Clear,No,"35.37787, -78.542"
724,725,Yes,15-Nov,11,No,With Traffic,B: Evident Injury,Travel Lane,White,Male,Winston-Salem,Forsyth,Yes,01-01-02,2011-10-04,Loss of Control / Turning Error,14,Intersection,01-10-01,0001-01-01T10:00:58-04:56,Bicyclist Turning Error - Right Turn,111115,2011,B: Evident Injury,Residential,40-49,44,Yes,,O: No Injury,Black,Male,Sport Utility,No,No,Daylight,Urban (>70% Developed),2 lanes,2,Straight - Grade,Local Street,Dry,"Two-Way, Not Divided",None,Related To Intersection,Smooth Asphalt,Piedmont,Urban,5 - 15 MPH,Stop Sign,Clear,No,"36.1785, -80.2827"
726,727,Yes,30-39,30,No,With Traffic,B: Evident Injury,Travel Lane,White,Male,None - Rural Crash,Carteret,No,01-01-07,2011-10-23,Motorist Overtaking Bicyclist,21,Non-Intersection,01-10-01,0001-01-01T16:33:58-04:56,Motorist Overtaking - Other /,311239,2011,B: Evident Injury,Residential,60-69,68,No,31-35 mph,O: No Injury,White,Male,Sport Utility,No,No,Dark - Roadway Not Lighted,Rural (<30% Developed),2 lanes,2,Curve - Level,NC Route,Dry,"Two-Way, Not Divided",None,No Special Feature,Smooth Asphalt,Coastal,Rural,50 - 55  MPH,"Double Yellow Line, No Passing Zone",Clear,No,"34.74952, -76.6512"