FID,OBJECTID,AmbulanceR,BikeAge_Gr,Bike_Age,Bike_Alc_D,Bike_Dir,Bike_Injur,Bike_Pos,Bike_Race,Bike_Sex,City,County,CrashAlcoh,CrashDay,Crash_Date,Crash_Grp,Crash_Hour,Crash_Loc,Crash_Mont,Crash_Time,Crash_Type,Crash_Ty_1,Crash_Year,Crsh_Sevri,Developmen,DrvrAge_Gr,Drvr_Age,Drvr_Alc_D,Drvr_EstSp,Drvr_Injur,Drvr_Race,Drvr_Sex,Drvr_VehTy,ExcsSpdInd,Hit_Run,Light_Cond,Locality,Num_Lanes,Num_Units,Rd_Charact,Rd_Class,Rd_Conditi,Rd_Config,Rd_Defects,Rd_Feature,Rd_Surface,Region,Rural_Urba,Speed_Limi,Traff_Cntr,Weather,Workzone_I,Location
49,50,Yes,20-24,23,No,With Traffic,B: Evident Injury,Travel Lane,Black,Male,Whiteville,Columbus,No,01-01-02,2012-02-07,Motorist Overtaking Bicyclist,18,Intersection-Related,01-02-01,0001-01-01T13:34:58-04:56,Motorist Overtaking - Other /,,2012,B: Evident Injury,Commercial,70,70,No,26-30 mph,O: No Injury,White,Male,Pickup,No,No,Dark -  Lighting,Urban (>70% Developed),5 lanes,2,Straight - Level,Local Street,Dry,"Two-Way, Not Divided",None,No Special Feature,Smooth Asphalt,Coastal,Urban,40 - 45  MPH,No Control Present,Clear,No,"34.33162, -78.7079"
20,21,Yes,50-59,52,No,With Traffic,C: Possible Injury,Travel Lane,Black,Male,Washington,Beaufort,No,01-01-06,2011-01-15,Motorist Overtaking Bicyclist,18,Non-Intersection,,0001-01-01T13:11:58-04:56,Motorist Overtaking - Misjudged Space,311232,2011,C: Possible Injury,Residential,70,,No,41-45 mph,O: No Injury,White,Female,Sport Utility,No,No,Dark - Lighted Roadway,Mixed (30% To 70% Developed),4 lanes,2,Straight - Level,Local Street,Dry,"Two-Way, Not Divided",None,No Special Feature,Smooth Asphalt,Coastal,Urban,40 - 45  MPH,No Control Present,Clear,No,"35.55909, -77.0433"
23,24,Yes,15-Nov,15,No,With Traffic,B: Evident Injury,Sidewalk / Crosswalk / Driveway Crossing,White,Male,Matthews,Mecklenburg,No,01-01-07,2011-01-30,Bicyclist Failed to Yield - Signalized Intersection,19,Intersection,,0001-01-01T15:01:58-04:56,Bicyclist Ride Out - Signalized  Intersection,131153,2011,B: Evident Injury,Residential,50-59,54,No,31-35 mph,O: No Injury,White,Male,Pickup,No,No,Dark - Lighted Roadway,Urban (>70% Developed),3 lanes,2,Straight - Level,Local Street,Dry,"Two-Way, Not Divided",None,No Special Feature,Smooth Asphalt,Piedmont,Urban,30 - 35  MPH,Stop And Go Signal,Clear,No,"35.10814, -80.7292"
25,26,Yes,16-19,18,No,Facing Traffic,C: Possible Injury,Sidewalk / Crosswalk / Driveway Crossing,White,Male,Charlotte,Mecklenburg,No,01-01-03,2011-02-02,Motorist Failed to Yield - Midblock,9,Non-Intersection,01-02-01,0001-01-01T04:27:58-04:56,Motorist Drive Out - Commercial Driveway / Alley,332322,2011,C: Possible Injury,Commercial,40-49,47,No,0-5 mph,O: No Injury,Hispanic,Male,Sport Utility,No,No,Daylight,Urban (>70% Developed),,2,Straight - Level,Public Vehicular Area,Wet,"Two-Way, Not Divided",None,"Driveway, Public",Concrete,Piedmont,Urban,20 - 25  MPH,No Control Present,Clear,No,"35.20294, -80.7388"
39,40,Yes,40-49,48,No,With Traffic,K: Killed,Travel Lane,Black,Male,Raleigh,Wake,No,01-01-04,2011-01-20,Bicyclist Failed to Yield - Sign-Controlled Intersection,12,Intersection,,0001-01-01T08:02:58-04:56,Bicyclist Ride Through - Sign-Controlled Intersection,111144,2011,K: Killed,Commercial,50-59,57,No,11-15 mph,O: No Injury,Black,Female,School Bus,No,No,Daylight,Mixed (30% To 70% Developed),4 lanes,2,Straight - Grade,Local Street,Dry,"Two-Way, Divided, Unprotected Median",None,"Driveway, Public",Smooth Asphalt,Piedmont,Urban,40 - 45  MPH,Stop And Go Signal,Clear,No,"35.77443, -78.6215"
41,42,Yes,50-59,53,No,With Traffic,B: Evident Injury,Travel Lane,White,Male,None - Rural Crash,Nash,No,01-01-06,2011-02-19,Motorist Overtaking Bicyclist,10,Non-Intersection,01-02-01,0001-01-01T06:00:58-04:56,Motorist Overtaking - Other /,311239,2011,B: Evident Injury,"Farms, Woods, Pastures",50-59,55,No,51-55 mph,O: No Injury,White,Male,Pickup,No,No,Daylight,Rural (<30% Developed),2 lanes,2,Straight - Grade,NC Route,Dry,"Two-Way, Not Divided",None,No Special Feature,Coarse Asphalt,Coastal,Rural,50 - 55  MPH,"Double Yellow Line, No Passing Zone",Clear,No,"35.86028, -78.1347"
126,127,No,60-69,61,No,Facing Traffic,C: Possible Injury,Travel Lane,White,Male,Concord,Cabarrus,No,01-01-04,2011-03-31,Motorist Failed to Yield - Sign-Controlled Intersection,16,Intersection,01-03-01,0001-01-01T11:16:58-04:56,Motorist Drive Out - Sign-Controlled Intersection,112141,2011,C: Possible Injury,Commercial,60-69,64,No,0-5 mph,O: No Injury,White,Male,Passenger Car,No,No,Daylight,Urban (>70% Developed),2 lanes,2,Straight - Level,Local Street,Dry,"Two-Way, Not Divided",None,No Special Feature,Smooth Asphalt,Piedmont,Urban,30 - 35  MPH,Stop Sign,Cloudy,No,"35.43642, -80.6044"
127,128,No,16-19,19,No,Facing Traffic,O: No Injury,Sidewalk / Crosswalk / Driveway Crossing,White,Male,Boone,Watauga,No,01-01-04,2011-03-31,Motorist Failed to Yield - Sign-Controlled Intersection,20,Intersection,01-03-01,0001-01-01T15:29:58-04:56,Motorist Drive Out - Sign-Controlled Intersection,132141,2011,O: No Injury,Commercial,20-24,21,No,6-10 mph,O: No Injury,White,Female,Sport Utility,No,No,Dark - Roadway Not Lighted,Mixed (30% To 70% Developed),3 lanes,2,Straight - Level,Local Street,Wet,"Two-Way, Not Divided",None,T-Intersection,Smooth Asphalt,Mountains,Urban,20 - 25  MPH,Stop Sign,Rain,No,"36.20252, -81.6643"
133,134,No,15-Nov,11,No,With Traffic,O: No Injury,Sidewalk / Crosswalk / Driveway Crossing,Black,Male,Cary,Wake,No,,2011-04-04,Bicyclist Failed to Yield - Signalized Intersection,6,Intersection,01-04-01,0001-01-01T01:33:58-04:56,Bicyclist Ride Out - Signalized  Intersection,131153,2011,O: No Injury,Residential,,,No,16-20 mph,Injury,/Missing,,Passenger Car,No,Yes,Dawn,Urban (>70% Developed),4 lanes,2,Straight - Level,State Secondary Route,Dry,"Two-Way, Not Divided",None,Four-Way Intersection,Smooth Asphalt,Piedmont,Urban,30 - 35  MPH,Stop And Go Signal,Clear,No,"35.79426, -78.7989"
142,143,No,0-5,4,No,Not Applicable,C: Possible Injury,Driveway / Alley,Black,Male,Salisbury,Rowan,No,01-01-07,2011-04-17,Bicyclist Failed to Yield - Midblock,15,Non-Intersection,01-04-01,0001-01-01T10:11:58-04:56,Bicyclist Ride Out - Residential Driveway,353311,2011,C: Possible Injury,Residential,30-39,39,No,26-30 mph,O: No Injury,White,Female,Passenger Car,No,No,Daylight,Urban (>70% Developed),2 lanes,2,Straight - Level,Local Street,Dry,"Two-Way, Not Divided",None,No Special Feature,Smooth Asphalt,Piedmont,Urban,30 - 35  MPH,No Control Present,Clear,No,"35.65965, -80.4925"
150,151,Yes,15-Nov,12,No,With Traffic,C: Possible Injury,Travel Lane,White,Female,None - Rural Crash,Onslow,No,01-01-03,2011-04-20,Bicyclist Failed to Yield - Sign-Controlled Intersection,17,Intersection,01-04-01,0001-01-01T12:28:58-04:56,Bicyclist Ride Out - Sign-Controlled Intersection,111142,2011,C: Possible Injury,Residential,30-39,32,No,31-35 mph,O: No Injury,White,Female,Passenger Car,No,No,Daylight,Urban (>70% Developed),2 lanes,2,Straight - Level,State Secondary Route,Dry,"Two-Way, Not Divided",None,T-Intersection,Smooth Asphalt,Coastal,Rural,40 - 45  MPH,Stop Sign,Clear,No,"34.74453, -77.4823"
155,156,Yes,15-Nov,15,No,With Traffic,C: Possible Injury,Travel Lane,White,Male,None - Rural Crash,Pasquotank,No,01-01-05,2011-04-22,Bicyclist Left Turn / Merge,15,Non-Intersection,01-04-01,0001-01-01T10:13:58-04:56,Bicyclist Left Turn - Same Direction,311221,2011,C: Possible Injury,Residential,30-39,32,No,6-10 mph,O: No Injury,Black,Female,Van,No,No,Daylight,Mixed (30% To 70% Developed),2 lanes,2,Straight - Level,State Secondary Route,Dry,"Two-Way, Not Divided",None,No Special Feature,Coarse Asphalt,Coastal,Rural,20 - 25  MPH,No Control Present,Clear,No,"36.33663, -76.2712"
162,163,Yes,40-49,49,No,Facing Traffic,C: Possible Injury,Travel Lane,Black,Male,Dunn,Harnett,No,01-01-06,2011-04-16,Head-On,20,Intersection,01-04-01,0001-01-01T15:33:58-04:56,Head-On - Bicyclist,112250,2011,C: Possible Injury,Commercial,20-24,21,No,0-5 mph,O: No Injury,White,Female,Sport Utility,No,No,Dark - Roadway Not Lighted,Urban (>70% Developed),2 lanes,2,Straight - Level,State Secondary Route,Wet,"Two-Way, Not Divided",None,Four-Way Intersection,Smooth Asphalt,Coastal,Urban,30 - 35  MPH,Stop Sign,Clear,No,"35.3045, -78.6062"
164,165,Yes,40-49,48,No,With Traffic,B: Evident Injury,Travel Lane,White,Male,Charlotte,Mecklenburg,No,01-01-02,2011-04-12,Motorist Left Turn / Merge,19,Intersection,01-04-01,0001-01-01T14:19:58-04:56,Motorist Left Turn - Opposite Direction,111212,2011,B: Evident Injury,Residential,25-29,26,No,41-45 mph,O: No Injury,Black,Male,Passenger Car,No,No,Daylight,Urban (>70% Developed),2 lanes,2,Straight - Bottom,Local Street,Dry,"Two-Way, Not Divided",None,T-Intersection,Smooth Asphalt,Piedmont,Urban,40 - 45  MPH,No Control Present,Clear,No,"35.15227, -80.9598"
165,166,Yes,60-69,61,No,With Traffic,C: Possible Injury,Travel Lane,Black,Male,Knightdale,Wake,No,01-01-03,2011-04-27,Motorist Failed to Yield - Signalized Intersection,20,Intersection,01-04-01,0001-01-01T15:48:58-04:56,Motorist Drive Out - Right Turn on Red,111151,2011,C: Possible Injury,Commercial,40-49,43,No,0-5 mph,O: No Injury,Black,Male,Passenger Car,No,No,Dark - Roadway Not Lighted,Mixed (30% To 70% Developed),6 lanes,2,Curve - Hillcrest,Local Street,Dry,"Two-Way, Divided, Unprotected Median",None,On or Off Ramp,Coarse Asphalt,Piedmont,Urban,40 - 45  MPH,Stop And Go Signal,Clear,No,"35.79506, -78.5173"
178,179,Yes,16-19,16,No,Not Applicable,O: No Injury,Non-Roadway,White,Male,None - Rural Crash,Brunswick,No,01-01-03,2011-04-20,Non-Roadway,18,Non-Roadway,01-04-01,0001-01-01T13:33:58-04:56,Non-Roadway,460910,2011,O: No Injury,Commercial,60-69,66,No,0-5 mph,O: No Injury,White,Male,Van,No,No,Daylight,Urban (>70% Developed),,3,Straight - Level,Public Vehicular Area,Dry,,None,No Special Feature,Coarse Asphalt,Coastal,Rural,,No Control Present,Clear,No,"33.98111, -78.3721"
207,208,Yes,60-69,61,No,With Traffic,C: Possible Injury,Travel Lane,Black,Male,Murfreesboro,Hertford,No,01-01-03,2011-04-20,Bicyclist Left Turn / Merge,14,Intersection-Related,01-04-01,0001-01-01T09:30:58-04:56,Bicyclist Left Turn - Same Direction,211221,2011,C: Possible Injury,Commercial,70,,No,16-20 mph,O: No Injury,Black,Female,Passenger Car,No,No,Daylight,Urban (>70% Developed),3 lanes,2,Straight - Level,US Route,Dry,"Two-Way, Not Divided",None,"Driveway, Public",Coarse Asphalt,Coastal,Rural,30 - 35  MPH,"Double Yellow Line, No Passing Zone",Clear,No,"36.44167, -77.1191"
209,210,Yes,40-49,48,No,Facing Traffic,C: Possible Injury,Travel Lane,Black,Male,Raleigh,Wake,No,01-01-02,2011-05-03,Loss of Control / Turning Error,17,Intersection-Related,01-05-01,0001-01-01T12:56:58-04:56,Bicyclist Turning Error - Left Turn,212114,2011,C: Possible Injury,Residential,60-69,63,No,31-35 mph,O: No Injury,Black,Female,Passenger Car,No,No,Daylight,Urban (>70% Developed),3 lanes,2,Straight - Level,Local Street,Dry,"One-Way, Not Divided",None,No Special Feature,Smooth Asphalt,Piedmont,Urban,30 - 35  MPH,Stop And Go Signal,Clear,No,"35.7809, -78.6297"
212,213,Yes,16-19,18,No,With Traffic,B: Evident Injury,Travel Lane,White,Female,Raleigh,Wake,No,01-01-07,2011-05-01,Motorist Failed to Yield - Sign-Controlled Intersection,23,Intersection,01-05-01,0001-01-01T18:46:58-04:56,Motorist Drive Out - Sign-Controlled Intersection,111141,2011,B: Evident Injury,Commercial,40-49,44,No,11-15 mph,O: No Injury,Black,Male,Passenger Car,No,No,Dark - Lighted Roadway,Urban (>70% Developed),2 lanes,2,Curve - Level,Local Street,Dry,"Two-Way, Divided, Unprotected Median",None,Traffic Circle/Roundabout,Smooth Asphalt,Piedmont,Urban,30 - 35  MPH,Yield Sign,Clear,No,"35.78315, -78.6653"
215,216,No,25-29,26,No,With Traffic,O: No Injury,Travel Lane,White,Male,Durham,Durham,No,01-01-02,2011-05-10,Motorist Left Turn / Merge,17,Non-Intersection,01-05-01,0001-01-01T12:19:58-04:56,Motorist Left Turn - Opposite Direction,311212,2011,O: No Injury,Commercial,60-69,65,No,26-30 mph,O: No Injury,White,Male,Passenger Car,No,No,Daylight,Urban (>70% Developed),2 lanes,2,Straight - Level,Local Street,Dry,"Two-Way, Not Divided",None,No Special Feature,Smooth Asphalt,Piedmont,Urban,30 - 35  MPH,No Control Present,Clear,No,"35.99478, -78.9028"
222,223,No,20-24,23,No,Facing Traffic,O: No Injury,Sidewalk / Crosswalk / Driveway Crossing,White,Male,Charlotte,Mecklenburg,No,,2011-05-09,Motorist Failed to Yield - Midblock,19,Non-Intersection,01-05-01,0001-01-01T14:36:58-04:56,Motorist Drive Out - Commercial Driveway / Alley,332322,2011,O: No Injury,Commercial,,,Missing,0-5 mph,Injury,/Missing,,Taxicab,No,Yes,Daylight,Urban (>70% Developed),,2,Straight - Level,"Private Road, Driveway",Dry,"One-Way, Not Divided",None,"Driveway, Private",Concrete,Piedmont,Urban,5 - 15 MPH,No Control Present,Clear,No,"35.22565, -80.8453"
240,241,No,15-Nov,12,No,With Traffic,O: No Injury,Travel Lane,Black,Male,None - Rural Crash,Halifax,No,01-01-03,2011-05-18,Motorist Overtaking Bicyclist,19,Non-Intersection,01-05-01,0001-01-01T14:48:58-04:56,Motorist Overtaking - Bicyclist Swerved,311235,2011,O: No Injury,"Farms, Woods, Pastures",60-69,64,No,46-50 mph,O: No Injury,Black,Male,Passenger Car,No,No,Daylight,Rural (<30% Developed),2 lanes,2,Straight - Level,State Secondary Route,Dry,"Two-Way, Not Divided",None,No Special Feature,Coarse Asphalt,Coastal,Rural,50 - 55  MPH,"Double Yellow Line, No Passing Zone",Clear,No,"36.31147, -77.6848"
244,245,Yes,25-29,27,No,With Traffic,B: Evident Injury,Travel Lane,White,Male,Asheville,Buncombe,No,01-01-04,2011-05-12,Bicyclist Overtaking Motorist,13,Non-Intersection,01-05-01,0001-01-01T08:27:58-04:56,Bicyclist Overtaking - Passing on Left,311242,2011,B: Evident Injury,Commercial,25-29,25,No,0-5 mph,O: No Injury,White,Female,Passenger Car,No,No,Daylight,Urban (>70% Developed),,2,Straight - Grade,Local Street,Dry,"Two-Way, Not Divided",None,No Special Feature,Smooth Asphalt,Mountains,Urban,30 - 35  MPH,No Control Present,Clear,No,"35.59677, -82.5482"
248,249,No,0-5,4,No,Not Applicable,O: No Injury,Driveway / Alley,Hispanic,Male,Durham,Durham,No,01-01-02,2011-05-24,Bicyclist Failed to Yield - Midblock,19,Non-Intersection,01-05-01,0001-01-01T14:12:58-04:56,Bicyclist Ride Out - Residential Driveway,353311,2011,O: No Injury,Residential,30-39,38,No,21-25 mph,O: No Injury,Black,Female,Passenger Car,No,No,Daylight,Urban (>70% Developed),2 lanes,2,Straight - Level,Local Street,Dry,"Two-Way, Not Divided",None,"Driveway, Private",Coarse Asphalt,Piedmont,Urban,20 - 25  MPH,No Control Present,Clear,No,"35.96102, -78.9087"
257,258,No,30-39,32,No,With Traffic,B: Evident Injury,Travel Lane,White,Female,Charlotte,Mecklenburg,No,,2011-05-09,Motorist Failed to Yield - Sign-Controlled Intersection,15,Intersection,01-05-01,0001-01-01T10:15:58-04:56,Motorist Drive Out - Sign-Controlled Intersection,111141,2011,B: Evident Injury,Residential,40-49,42,No,0-5 mph,O: No Injury,White,Female,Sport Utility,No,No,Daylight,Urban (>70% Developed),2 lanes,2,Straight - Level,Local Street,Dry,"Two-Way, Divided, Unprotected Median",None,No Special Feature,Smooth Asphalt,Piedmont,Urban,30 - 35  MPH,Stop Sign,Clear,No,"35.1449, -80.8451"
270,271,Yes,40-49,44,No,With Traffic,C: Possible Injury,Travel Lane,White,Male,Wesley Chapel,Union,No,01-01-06,2011-06-04,Motorist Overtaking Bicyclist,17,Non-Intersection,01-06-01,0001-01-01T12:37:58-04:56,Motorist Overtaking - Other /,311239,2011,C: Possible Injury,"Farms, Woods, Pastures",50-59,53,No,31-35 mph,O: No Injury,White,Male,"Light Truck (Mini-Van, Panel)",No,No,Daylight,Rural (<30% Developed),2 lanes,2,Straight - Level,State Secondary Route,Dry,"Two-Way, Not Divided",None,No Special Feature,Coarse Asphalt,Piedmont,Rural,40 - 45  MPH,"Double Yellow Line, No Passing Zone",Clear,No,"34.99691, -80.6991"
273,274,Yes,10-Jun,9,No,Facing Traffic,B: Evident Injury,Sidewalk / Crosswalk / Driveway Crossing,White,Male,Apex,Wake,No,01-01-04,2011-06-02,Parallel Paths - Other Circumstances,18,Non-Intersection,01-06-01,0001-01-01T13:12:58-04:56,Bicyclist Ride Out - Parallel Path,332225,2011,B: Evident Injury,Commercial,30-39,34,No,0-5 mph,O: No Injury,White,Male,Passenger Car,No,No,Daylight,Urban (>70% Developed),2 lanes,2,Straight - Level,Local Street,Dry,"Two-Way, Not Divided",None,No Special Feature,Coarse Asphalt,Piedmont,Urban,20 - 25  MPH,"Double Yellow Line, No Passing Zone",Clear,No,"35.74644, -78.8773"
277,278,Yes,50-59,50,No,With Traffic,B: Evident Injury,Travel Lane,White,Male,Statesville,Iredell,No,01-01-06,2011-05-14,Crossing Paths - Other Circumstances,8,Intersection-Related,01-05-01,0001-01-01T03:16:58-04:56,Crossing Paths - Intersection - Other /,211180,2011,B: Evident Injury,Residential,70,,No,26-30 mph,O: No Injury,White,Male,Pickup,No,No,Daylight,Urban (>70% Developed),2 lanes,2,Curve - Level,Local Street,Dry,"Two-Way, Not Divided",None,No Special Feature,Smooth Asphalt,Piedmont,Urban,30 - 35  MPH,No Control Present,Cloudy,No,"35.80485, -80.8821"
278,279,Yes,60-69,60,No,With Traffic,B: Evident Injury,Travel Lane,White,Male,Davidson,Mecklenburg,No,01-01-06,2011-05-14,Bicyclist Failed to Yield - Sign-Controlled Intersection,9,Intersection,01-05-01,0001-01-01T04:22:58-04:56,Bicyclist Ride Through - Sign-Controlled Intersection,111144,2011,B: Evident Injury,Residential,40-49,47,No,6-10 mph,O: No Injury,White,Male,Pickup,No,No,Daylight,Urban (>70% Developed),2 lanes,2,Straight - Grade,Local Street,Dry,"Two-Way, Not Divided",None,No Special Feature,Coarse Asphalt,Piedmont,Urban,20 - 25  MPH,Stop Sign,Cloudy,No,"35.4714, -80.7872"
286,287,Yes,10-Jun,9,No,Facing Traffic,A: Disabling Injury,Travel Lane,White,Female,Raleigh,Wake,No,01-01-07,2011-05-22,Bicyclist Failed to Yield - Sign-Controlled Intersection,16,Intersection,01-05-01,0001-01-01T11:30:58-04:56,Bicyclist Ride Through - Sign-Controlled Intersection,112144,2011,A: Disabling Injury,Residential,40-49,41,No,31-35 mph,O: No Injury,White,Male,Sport Utility,No,No,Daylight,Urban (>70% Developed),2 lanes,2,Straight - Hillcrest,Local Street,Dry,"Two-Way, Not Divided",None,T-Intersection,Smooth Asphalt,Piedmont,Urban,30 - 35  MPH,Stop Sign,Clear,No,"35.85485, -78.6354"
291,292,Yes,16-19,18,No,With Traffic,B: Evident Injury,Bike Lane / Paved Shoulder,White,Male,None - Rural Crash,Wake,No,01-01-05,2011-06-10,Motorist Overtaking Bicyclist,18,Non-Intersection,01-06-01,0001-01-01T13:18:58-04:56,Motorist Overtaking - Bicyclist Swerved,321235,2011,B: Evident Injury,Residential,40-49,44,No,41-45 mph,O: No Injury,White,Male,Motor Home/Recreational Vehicle,No,No,Daylight,Mixed (30% To 70% Developed),2 lanes,2,Straight - Level,NC Route,Dry,"Two-Way, Not Divided",None,No Special Feature,Smooth Asphalt,Piedmont,Rural,50 - 55  MPH,"Double Yellow Line, No Passing Zone",Clear,No,"35.97785, -78.4438"
294,295,No,30-39,34,No,With Traffic,B: Evident Injury,Travel Lane,White,Male,Charlotte,Mecklenburg,No,01-01-05,2011-05-20,Motorist Failed to Yield - Sign-Controlled Intersection,18,Intersection,01-05-01,0001-01-01T13:09:58-04:56,Motorist Drive Out - Sign-Controlled Intersection,111141,2011,B: Evident Injury,Residential,30-39,36,No,0-5 mph,O: No Injury,Black,Female,Passenger Car,No,No,Daylight,Urban (>70% Developed),2 lanes,2,Straight - Level,Local Street,Dry,"Two-Way, Divided, Unprotected Median",None,No Special Feature,Smooth Asphalt,Piedmont,Urban,30 - 35  MPH,Stop Sign,Clear,No,"35.19896, -80.8406"
304,305,Yes,20-24,23,No,Facing Traffic,C: Possible Injury,Sidewalk / Crosswalk / Driveway Crossing,White,Male,Chapel Hill,Orange,No,01-01-05,2011-05-27,Motorist Failed to Yield - Sign-Controlled Intersection,10,Intersection,01-05-01,0001-01-01T05:10:58-04:56,Motorist Drive Out - Sign-Controlled Intersection,132141,2011,C: Possible Injury,Commercial,25-29,28,No,,O: No Injury,White,Female,Sport Utility,No,No,Daylight,Urban (>70% Developed),5 lanes,2,Straight - Grade,"Private Road, Driveway",Dry,"Two-Way, Not Divided",None,"Driveway, Public",Smooth Asphalt,Piedmont,Urban,5 - 15 MPH,Stop Sign,Clear,No,"35.93046, -79.0549"
306,307,No,40-49,40,No,With Traffic,O: No Injury,Travel Lane,White,Male,None - Rural Crash,Henderson,No,01-01-03,2011-06-15,Motorist Left Turn / Merge,18,Intersection,01-06-01,0001-01-01T13:28:58-04:56,Motorist Left Turn - Opposite Direction,111212,2011,O: No Injury,Residential,20-24,20,No,16-20 mph,O: No Injury,Black,Female,Passenger Car,No,No,Dusk,Rural (<30% Developed),2 lanes,2,Straight - Bottom,State Secondary Route,Wet,"Two-Way, Not Divided",None,T-Intersection,Smooth Asphalt,Mountains,Rural,30 - 35  MPH,"Double Yellow Line, No Passing Zone",Cloudy,No,"35.30222, -82.4319"
321,322,No,30-39,37,No,Facing Traffic,O: No Injury,Sidewalk / Crosswalk / Driveway Crossing,Black,Male,Roanoke Rapids,Halifax,No,,2011-05-30,Motorist Failed to Yield - Signalized Intersection,10,Intersection,01-05-01,0001-01-01T05:29:58-04:56,Motorist Drive Out - Right Turn on Red,132151,2011,O: No Injury,Residential,60-69,63,No,0-5 mph,O: No Injury,White,Male,Pickup,No,No,Daylight,Mixed (30% To 70% Developed),2 lanes,2,Straight - Level,Local Street,Dry,"Two-Way, Not Divided",None,Four-Way Intersection,Coarse Asphalt,Coastal,Urban,20 - 25  MPH,Stop And Go Signal,Clear,No,"36.46449, -77.6528"
324,325,Yes,15-Nov,15,No,Facing Traffic,B: Evident Injury,Travel Lane,Black,Male,Garner,Wake,No,01-01-04,2011-06-16,Motorist Failed to Yield - Midblock,16,Non-Intersection,01-06-01,0001-01-01T11:46:58-04:56,Motorist Drive Out - Commercial Driveway / Alley,312322,2011,B: Evident Injury,Commercial,40-49,47,No,0-5 mph,O: No Injury,White,Female,Pickup,No,No,Daylight,Urban (>70% Developed),6 lanes,2,Straight - Level,US Route,Dry,"Two-Way, Divided, Unprotected Median",None,T-Intersection,Smooth Asphalt,Piedmont,Urban,5 - 15 MPH,Stop Sign,Clear,No,"35.72255, -78.6527"
341,342,Yes,15-Nov,12,No,With Traffic,B: Evident Injury,Travel Lane,Black,Male,Raleigh,Wake,No,01-01-06,2011-06-18,Motorist Right Turn / Merge,12,Intersection,01-06-01,0001-01-01T07:47:58-04:56,Motorist Right Turn - Same Direction,111213,2011,B: Evident Injury,Residential,0-19,19,No,0-5 mph,O: No Injury,White,Female,Passenger Car,No,No,Daylight,Urban (>70% Developed),5 lanes,2,Straight - Hillcrest,Local Street,Dry,"Two-Way, Divided, Unprotected Median",None,Four-Way Intersection,Smooth Asphalt,Piedmont,Urban,40 - 45  MPH,Stop Sign,Clear,No,"35.75728, -78.6998"
346,347,Yes,50-59,59,No,,C: Possible Injury,,Black,Male,Henderson,Vance,No,01-01-03,2011-06-08,Motorist Right Turn / Merge,15,Intersection,01-06-01,0001-01-01T10:42:58-04:56,Motorist Right Turn - Opposite Direction,199214,2011,C: Possible Injury,Commercial,25-29,29,No,26-30 mph,Injury,Black,Male,,No,Yes,Daylight,Urban (>70% Developed),2 lanes,2,Straight - Level,Local Street,Dry,"Two-Way, Not Divided",None,No Special Feature,Concrete,Piedmont,Urban,30 - 35  MPH,Yield Sign,Clear,No,"36.32773, -78.3944"
358,359,Yes,15-Nov,11,No,With Traffic,B: Evident Injury,Travel Lane,Black,Female,Jacksonville,Onslow,No,,2011-06-13,Head-On,17,Non-Intersection,01-06-01,0001-01-01T12:07:58-04:56,Head-On - Motorist,311255,2011,B: Evident Injury,Residential,20-24,23,No,16-20 mph,C: Possible Injury,Hispanic,Male,Motorcycle,No,No,Daylight,Urban (>70% Developed),2 lanes,2,Straight - Level,Local Street,Dry,"Two-Way, Not Divided",None,No Special Feature,Smooth Asphalt,Coastal,Urban,20 - 25  MPH,No Control Present,Clear,No,"34.76684, -77.3697"
366,367,No,50-59,52,No,With Traffic,C: Possible Injury,Travel Lane,White,Male,Siler City,Chatham,No,01-01-04,2011-06-09,Motorist Overtaking Bicyclist,1,Non-Intersection,01-06-01,0000-12-31T20:58:58-04:56,Motorist Overtaking - Undetected Bicyclist,311231,2011,C: Possible Injury,Residential,,,Missing,41-45 mph,Injury,/Missing,,Heavy Truck,No,Yes,Dark - Lighted Roadway,Urban (>70% Developed),5 lanes,2,Straight - Level,Local Street,Dry,"Two-Way, Divided, Unprotected Median",None,No Special Feature,Smooth Asphalt,Piedmont,Urban,40 - 45  MPH,No Control Present,Clear,No,"35.73327, -79.46"
370,371,Yes,50-59,50,No,With Traffic,B: Evident Injury,Travel Lane,White,Male,Apex,Wake,No,,2011-07-04,Bicyclist Overtaking Motorist,10,Non-Intersection,01-07-01,0001-01-01T05:31:58-04:56,Bicyclist Overtaking - Other /,311249,2011,B: Evident Injury,Commercial,60-69,63,No,0-5 mph,O: No Injury,White,Female,Passenger Car,No,No,Daylight,Urban (>70% Developed),2 lanes,2,Straight - Grade,Local Street,Dry,"Two-Way, Not Divided",None,No Special Feature,Coarse Asphalt,Piedmont,Urban,30 - 35  MPH,"Double Yellow Line, No Passing Zone",Clear,No,"35.74377, -78.8213"
382,383,Yes,50-59,53,No,With Traffic,C: Possible Injury,Travel Lane,Black,Male,Southern Pines,Moore,No,01-01-02,2011-06-14,Loss of Control / Turning Error,12,Intersection,01-06-01,0001-01-01T07:34:58-04:56,Motorist Turning Error - Left Turn,111111,2011,C: Possible Injury,Residential,60-69,68,No,6-10 mph,O: No Injury,Black,Female,Passenger Car,No,No,Daylight,Urban (>70% Developed),2 lanes,2,Straight - Grade,Local Street,Dry,"Two-Way, Not Divided",None,Four-Way Intersection,Coarse Asphalt,Piedmont,Urban,20 - 25  MPH,Stop Sign,Clear,No,"35.18126, -79.4048"