FID,OBJECTID,AmbulanceR,BikeAge_Gr,Bike_Age,Bike_Alc_D,Bike_Dir,Bike_Injur,Bike_Pos,Bike_Race,Bike_Sex,City,County,CrashAlcoh,CrashDay,Crash_Date,Crash_Grp,Crash_Hour,Crash_Loc,Crash_Mont,Crash_Time,Crash_Type,Crash_Ty_1,Crash_Year,Crsh_Sevri,Developmen,DrvrAge_Gr,Drvr_Age,Drvr_Alc_D,Drvr_EstSp,Drvr_Injur,Drvr_Race,Drvr_Sex,Drvr_VehTy,ExcsSpdInd,Hit_Run,Light_Cond,Locality,Num_Lanes,Num_Units,Rd_Charact,Rd_Class,Rd_Conditi,Rd_Config,Rd_Defects,Rd_Feature,Rd_Surface,Region,Rural_Urba,Speed_Limi,Traff_Cntr,Weather,Workzone_I,Location
32,33,No,25-29,25,Yes,Not Applicable,O: No Injury,Non-Roadway,White,Female,Raleigh,Wake,Yes,01-01-06,2011-01-15,Bicyclist Failed to Yield - Midblock,16,Non-Intersection,,0001-01-01T11:03:58-04:56,Bicyclist Ride Out - Commercial Driveway / Alley,363312,2011,O: No Injury,Industrial,30-39,34,No,11-15 mph,O: No Injury,Black,Male,Passenger Car,No,No,Daylight,Urban (>70% Developed),2 lanes,2,Straight - Grade,Local Street,Dry,"Two-Way, Not Divided",None,No Special Feature,Smooth Asphalt,Piedmont,Urban,30 - 35  MPH,No Control Present,Clear,No,"35.78099, -78.6558"
36,37,Yes,25-29,26,No,With Traffic,B: Evident Injury,Travel Lane,White,Female,Durham,Durham,No,01-01-02,2011-02-15,Motorist Left Turn / Merge,9,Intersection,01-02-01,0001-01-01T04:33:58-04:56,Motorist Left Turn - Opposite Direction,111212,2011,B: Evident Injury,Residential,20-24,21,No,11-15 mph,O: No Injury,White,Male,Passenger Car,No,No,Daylight,Urban (>70% Developed),2 lanes,2,Straight - Grade,Local Street,Dry,"Two-Way, Divided, Unprotected Median",None,No Special Feature,Smooth Asphalt,Piedmont,Urban,30 - 35  MPH,No Control Present,Clear,No,"35.99796, -78.9272"
42,43,No,40-49,44,No,With Traffic,C: Possible Injury,Sidewalk / Crosswalk / Driveway Crossing,Black,Male,Charlotte,Mecklenburg,No,,2011-02-07,Motorist Failed to Yield - Sign-Controlled Intersection,10,Intersection,01-02-01,0001-01-01T05:29:58-04:56,Motorist Drive Out - Sign-Controlled Intersection,131141,2011,C: Possible Injury,Commercial,,,Missing,0-5 mph,Injury,/Missing,,,No,Yes,Daylight,Urban (>70% Developed),2 lanes,2,Straight - Level,Local Street,Dry,"Two-Way, Not Divided",None,Four-Way Intersection,Smooth Asphalt,Piedmont,Urban,30 - 35  MPH,Stop Sign,Cloudy,No,"35.21837, -80.8538"
52,53,No,10-Jun,7,No,Not Applicable,C: Possible Injury,Driveway / Alley,Black,Male,Charlotte,Mecklenburg,No,01-01-03,2011-02-16,Bicyclist Failed to Yield - Midblock,17,Non-Intersection,01-02-01,0001-01-01T12:24:58-04:56,Bicyclist Ride Out - Residential Driveway,353311,2011,C: Possible Injury,Residential,25-29,29,No,11-15 mph,O: No Injury,Black,Female,Passenger Car,No,No,Daylight,Urban (>70% Developed),2 lanes,2,Straight - Level,Local Street,Dry,"Two-Way, Not Divided",None,T-Intersection,Smooth Asphalt,Piedmont,Urban,20 - 25  MPH,No Control Present,Clear,No,"35.13845, -80.8978"
57,58,No,25-29,28,No,With Traffic,C: Possible Injury,Travel Lane,Hispanic,Male,Charlotte,Mecklenburg,No,01-01-06,2011-02-19,Motorist Left Turn / Merge,10,Intersection,01-02-01,0001-01-01T05:47:58-04:56,Motorist Left Turn - Opposite Direction,111212,2011,C: Possible Injury,Residential,50-59,55,No,31-35 mph,O: No Injury,Black,Male,"Light Truck (Mini-Van, Panel)",No,No,Dawn,Urban (>70% Developed),4 lanes,2,Straight - Bottom,Local Street,Dry,"Two-Way, Not Divided",None,No Special Feature,Coarse Asphalt,Piedmont,Urban,30 - 35  MPH,Stop Sign,Clear,No,"35.22709, -80.8431"
58,59,Yes,16-19,18,No,Facing Traffic,C: Possible Injury,Sidewalk / Crosswalk / Driveway Crossing,White,Female,Wilmington,New Hanover,No,01-01-05,2011-02-18,Motorist Failed to Yield - Midblock,14,Non-Intersection,01-02-01,0001-01-01T09:34:58-04:56,Motorist Drive Out - Commercial Driveway / Alley,332322,2011,C: Possible Injury,Commercial,20-24,23,No,0-5 mph,O: No Injury,White,Male,Sport Utility,No,No,Daylight,Urban (>70% Developed),,3,Straight - Level,Public Vehicular Area,Dry,"Two-Way, Not Divided",None,"Driveway, Public",Coarse Asphalt,Coastal,Urban,,Stop Sign,Clear,No,"34.23693, -77.8282"
61,62,No,20-24,22,No,Not Applicable,O: No Injury,Non-Roadway,White,Male,Salisbury,Rowan,No,01-01-04,2011-03-03,Non-Roadway,11,Non-Roadway,01-03-01,0001-01-01T06:05:58-04:56,Non-Roadway,460910,2011,O: No Injury,Institutional,25-29,28,Missing,0-5 mph,O: No Injury,White,Male,Pickup,No,No,Daylight,Urban (>70% Developed),,2,Straight - Level,Public Vehicular Area,Dry,"One-Way, Not Divided",None,"Driveway, Public",Other,Piedmont,Urban,30 - 35  MPH,No Control Present,Clear,No,"35.69158, -80.4822"
65,66,No,30-39,36,No,With Traffic,C: Possible Injury,Travel Lane,White,Male,Asheville,Buncombe,No,01-01-03,2011-02-16,Bicyclist Overtaking Motorist,12,Non-Intersection,01-02-01,0001-01-01T07:18:58-04:56,Bicyclist Overtaking - Passing on Right,311241,2011,C: Possible Injury,Institutional,0-19,19,No,0-5 mph,O: No Injury,Other,Male,Passenger Car,No,No,Daylight,Urban (>70% Developed),2 lanes,2,Straight - Level,Local Street,Dry,"Two-Way, Not Divided",None,"Driveway, Public",Smooth Asphalt,Mountains,Urban,30 - 35  MPH,No Control Present,Clear,No,"35.59639, -82.5488"
69,70,No,,,Missing,With Traffic,Injury,Travel Lane,/Missing,,None - Rural Crash,Sampson,No,01-01-02,2011-03-08,Bicyclist Left Turn / Merge,15,Non-Intersection,01-03-01,0001-01-01T10:35:58-04:56,Bicyclist Left Turn - Same Direction,311221,2011,C: Possible Injury,"Farms, Woods, Pastures",,,Missing,,Injury,/Missing,,,No,No,Daylight,Rural (<30% Developed),2 lanes,2,Straight - Level,State Secondary Route,Dry,"Two-Way, Not Divided",None,No Special Feature,Coarse Asphalt,Coastal,Rural,,"Double Yellow Line, No Passing Zone",Clear,No,"34.95779, -78.4286"
71,72,No,50-59,58,No,With Traffic,O: No Injury,Sidewalk / Crosswalk / Driveway Crossing,Black,Male,Charlotte,Mecklenburg,No,01-01-04,2011-02-24,Motorist Right Turn / Merge,16,Intersection,01-02-01,0001-01-01T11:23:58-04:56,Motorist Right Turn - Same Direction,131213,2011,O: No Injury,Commercial,40-49,40,No,0-5 mph,O: No Injury,White,Male,Police,No,No,Daylight,Urban (>70% Developed),5 lanes,2,Straight - Level,Local Street,Dry,"Two-Way, Divided, Unprotected Median",None,No Special Feature,Smooth Asphalt,Piedmont,Urban,30 - 35  MPH,Stop And Go Signal,Cloudy,No,"35.21352, -80.884"
80,81,Yes,0-5,5,No,Not Applicable,C: Possible Injury,Driveway / Alley,Black,Male,Greensboro,Guilford,No,01-01-02,2011-03-08,Bicyclist Failed to Yield - Midblock,16,Non-Intersection,01-03-01,0001-01-01T11:52:58-04:56,Bicyclist Ride Out - Residential Driveway,353311,2011,C: Possible Injury,Residential,20-24,20,No,21-25 mph,O: No Injury,Asian,Female,Passenger Car,No,No,Daylight,Urban (>70% Developed),2 lanes,2,Straight - Grade,Local Street,Dry,"Two-Way, Not Divided",None,No Special Feature,Smooth Asphalt,Piedmont,Urban,30 - 35  MPH,No Control Present,Clear,No,"36.0448, -79.8618"
91,92,Yes,30-39,36,No,Facing Traffic,B: Evident Injury,Travel Lane,Black,Male,Greenville,Pitt,No,01-01-07,2011-03-06,Bicyclist Failed to Yield - Signalized Intersection,11,Intersection,01-03-01,0001-01-01T06:51:58-04:56,Bicyclist Ride Out - Signalized  Intersection,112153,2011,B: Evident Injury,Commercial,70,,No,41-45 mph,O: No Injury,Black,Male,Sport Utility,No,No,Daylight,Urban (>70% Developed),6 lanes,2,Straight - Grade,Local Street,Wet,"Two-Way, Divided, Unprotected Median",None,Four-Way Intersection,Coarse Asphalt,Coastal,Urban,40 - 45  MPH,Stop And Go Signal,Rain,No,"35.61312, -77.3929"
92,93,Yes,16-19,16,No,With Traffic,C: Possible Injury,Bike Lane / Paved Shoulder,White,Male,None - Rural Crash,Moore,No,01-01-02,2011-03-22,Motorist Overtaking Bicyclist,10,Non-Intersection,01-03-01,0001-01-01T05:18:58-04:56,Motorist Overtaking - Other /,321239,2011,C: Possible Injury,"Farms, Woods, Pastures",,,No,31-35 mph,Injury,/Missing,,Pickup,No,Yes,Daylight,Rural (<30% Developed),2 lanes,2,Straight - Grade,State Secondary Route,Dry,"Two-Way, Not Divided",None,No Special Feature,Coarse Asphalt,Piedmont,Rural,50 - 55  MPH,No Control Present,Clear,No,"35.33279, -79.3287"
96,97,Yes,50-59,52,No,With Traffic,A: Disabling Injury,Travel Lane,White,Male,Wrightsville Beach,New Hanover,No,01-01-06,2011-02-12,Crossing Paths - Other Circumstances,12,Non-Intersection,01-02-01,0001-01-01T07:29:58-04:56,Crossing Paths - Midblock - Other /,311380,2011,A: Disabling Injury,Residential,,,Missing,,Injury,/Missing,,Passenger Car,No,No,Daylight,Urban (>70% Developed),2 lanes,2,Straight - Level,US Route,Dry,"Two-Way, Not Divided",None,No Special Feature,Smooth Asphalt,Coastal,Rural,20 - 25  MPH,No Control Present,Clear,No,"34.21261, -77.7923"
97,98,No,20-24,20,No,With Traffic,O: No Injury,Bike Lane / Paved Shoulder,White,Male,Greenville,Pitt,No,01-01-03,2011-02-23,Bicyclist Failed to Yield - Signalized Intersection,12,Intersection,01-02-01,0001-01-01T07:36:58-04:56,Bicyclist Failed to Clear - Trapped,121156,2011,O: No Injury,Residential,25-29,27,No,0-5 mph,O: No Injury,White,Female,Passenger Car,No,No,Daylight,Urban (>70% Developed),2 lanes,2,Straight - Level,"Private Road, Driveway",Dry,"Two-Way, Divided, Positive Median Barrier",Other,"Driveway, Private",Coarse Asphalt,Coastal,Urban,5 - 15 MPH,Stop And Go Signal,Clear,No,"35.55946, -77.3654"
103,104,Yes,16-19,18,No,Not Applicable,A: Disabling Injury,Travel Lane,Black,Male,Jacksonville,Onslow,No,01-01-06,2011-03-05,Bicyclist Failed to Yield - Midblock,13,Non-Intersection,01-03-01,0001-01-01T08:16:58-04:56,Multiple Threat - Midblock,313357,2011,A: Disabling Injury,Commercial,25-29,29,No,36-40 mph,O: No Injury,Black,Female,Passenger Car,No,No,Daylight,Urban (>70% Developed),4 lanes,3,Straight - Level,US Route,Dry,"Two-Way, Divided, Unprotected Median",None,No Special Feature,Smooth Asphalt,Coastal,Urban,40 - 45  MPH,"Double Yellow Line, No Passing Zone",Clear,No,"34.76059, -77.4156"
106,107,Yes,50-59,55,No,With Traffic,C: Possible Injury,Sidewalk / Crosswalk / Driveway Crossing,Black,Male,Durham,Durham,No,01-01-04,2011-03-24,Motorist Failed to Yield - Signalized Intersection,16,Intersection,01-03-01,0001-01-01T11:04:58-04:56,Motorist Drive Out - Signalized Intersection,131152,2011,C: Possible Injury,Commercial,40-49,45,No,6-10 mph,O: No Injury,Hispanic,Male,Passenger Car,No,No,Daylight,Urban (>70% Developed),3 lanes,2,Straight - Level,Local Street,Dry,"Two-Way, Not Divided",None,Four-Way Intersection,Coarse Asphalt,Piedmont,Urban,30 - 35  MPH,Stop And Go Signal,Cloudy,No,"36.01003, -78.922"
108,109,Yes,30-39,34,No,With Traffic,B: Evident Injury,Travel Lane,White,Female,Fayetteville,Cumberland,No,01-01-05,2011-03-18,Motorist Overtaking Bicyclist,1,Non-Intersection,01-03-01,0000-12-31T20:58:58-04:56,Motorist Overtaking - Other /,311239,2011,B: Evident Injury,Commercial,,,Missing,,Injury,/Missing,,,No,Yes,Dark - Lighted Roadway,Urban (>70% Developed),4 lanes,2,Straight - Level,Local Street,Dry,"Two-Way, Divided, Unprotected Median",None,No Special Feature,Coarse Asphalt,Coastal,Urban,,No Control Present,Clear,Yes,"35.11166, -78.9609"
113,114,Yes,60-69,60,No,With Traffic,C: Possible Injury,Travel Lane,White,Female,Monroe,Union,No,01-01-04,2011-03-24,Bicyclist Failed to Yield - Sign-Controlled Intersection,20,Intersection,01-03-01,0001-01-01T15:20:58-04:56,Bicyclist Ride Out - Sign-Controlled Intersection,111142,2011,C: Possible Injury,Commercial,70,,No,36-40 mph,O: No Injury,White,Male,Van,No,No,Dark - Lighted Roadway,Urban (>70% Developed),2 lanes,2,Straight - Level,State Secondary Route,Dry,"Two-Way, Not Divided",None,No Special Feature,Smooth Asphalt,Piedmont,Urban,40 - 45  MPH,Stop Sign,Clear,No,"35.01803, -80.6058"
117,118,No,40-49,48,No,With Traffic,B: Evident Injury,Travel Lane,White,Male,None - Rural Crash,Union,No,01-01-06,2011-03-19,Motorist Overtaking Bicyclist,11,Non-Intersection,01-03-01,0001-01-01T06:39:58-04:56,Motorist Overtaking - Misjudged Space,311232,2011,B: Evident Injury,"Farms, Woods, Pastures",30-39,39,No,41-45 mph,O: No Injury,White,Male,Pickup,No,No,Daylight,Rural (<30% Developed),2 lanes,2,Straight - Level,State Secondary Route,Dry,"Two-Way, Not Divided",None,No Special Feature,Coarse Asphalt,Piedmont,Rural,50 - 55  MPH,"Double Yellow Line, No Passing Zone",Clear,No,"34.90045, -80.5073"
119,120,Yes,10-Jun,10,No,With Traffic,C: Possible Injury,Travel Lane,White,Male,Raleigh,Wake,No,01-01-06,2011-03-05,Bicyclist Left Turn / Merge,17,Non-Intersection,01-03-01,0001-01-01T12:05:58-04:56,Bicyclist Left Turn - Opposite Direction,311222,2011,C: Possible Injury,Residential,20-24,23,No,21-25 mph,O: No Injury,White,Female,Sport Utility,No,No,Daylight,Urban (>70% Developed),2 lanes,2,Curve - Grade,Local Street,Dry,"Two-Way, Not Divided",None,No Special Feature,Smooth Asphalt,Piedmont,Urban,20 - 25  MPH,No Control Present,Clear,No,"35.8707, -78.5255"
124,125,Yes,16-19,16,No,With Traffic,B: Evident Injury,Sidewalk / Crosswalk / Driveway Crossing,White,Male,Charlotte,Mecklenburg,No,01-01-04,2011-03-31,Motorist Overtaking Bicyclist,21,Intersection-Related,01-03-01,0001-01-01T16:29:58-04:56,Motorist Overtaking - Other /,231239,2011,B: Evident Injury,Commercial,,,Missing,11-15 mph,Injury,/Missing,,,No,Yes,Dark - Lighted Roadway,Urban (>70% Developed),5 lanes,2,Straight - Level,Local Street,Dry,"Two-Way, Divided, Unprotected Median",None,"Driveway, Public",Concrete,Piedmont,Urban,30 - 35  MPH,No Control Present,Rain,No,"35.21567, -80.7808"
129,130,Yes,20-24,20,No,With Traffic,A: Disabling Injury,Travel Lane,Black,Male,None - Rural Crash,Craven,No,01-01-04,2011-04-07,Motorist Overtaking Bicyclist,7,Non-Intersection,01-04-01,0001-01-01T02:54:58-04:56,Motorist Overtaking - Other /,311239,2011,A: Disabling Injury,"Farms, Woods, Pastures",40-49,41,No,41-45 mph,O: No Injury,Black,Female,Sport Utility,No,No,Daylight,Rural (<30% Developed),2 lanes,2,Straight - Level,State Secondary Route,Dry,"Two-Way, Not Divided",None,No Special Feature,Smooth Asphalt,Coastal,Rural,50 - 55  MPH,No Control Present,Clear,No,"35.28879, -77.3874"
130,131,Yes,15-Nov,13,No,With Traffic,C: Possible Injury,Travel Lane,White,Female,Apex,Wake,No,01-01-06,2011-04-09,Bicyclist Left Turn / Merge,13,Intersection,01-04-01,0001-01-01T08:49:58-04:56,Bicyclist Left Turn - Same Direction,111221,2011,C: Possible Injury,Residential,50-59,57,No,36-40 mph,O: No Injury,Other,Female,Passenger Car,No,No,Daylight,Urban (>70% Developed),4 lanes,2,Straight - Level,Local Street,Dry,"Two-Way, Not Divided",None,T-Intersection,Smooth Asphalt,Piedmont,Urban,40 - 45  MPH,No Control Present,Cloudy,No,"35.73546, -78.8342"
132,133,Yes,40-49,44,Yes,With Traffic,B: Evident Injury,Travel Lane,Black,Male,Raleigh,Wake,Yes,01-01-07,2011-03-27,Motorist Overtaking Bicyclist,20,Non-Intersection,01-03-01,0001-01-01T15:35:58-04:56,Motorist Overtaking - Undetected Bicyclist,311231,2011,B: Evident Injury,Commercial,20-24,20,No,41-45 mph,O: No Injury,White,Male,Passenger Car,No,No,Dark - Roadway Not Lighted,Urban (>70% Developed),5 lanes,2,Straight - Level,Local Street,Dry,"One-Way, Not Divided",None,No Special Feature,Smooth Asphalt,Piedmont,Urban,40 - 45  MPH,No Control Present,Clear,No,"35.78063, -78.6457"
137,138,No,15-Nov,14,No,Facing Traffic,C: Possible Injury,Travel Lane,Black,Male,Ahoskie,Hertford,No,01-01-03,2011-03-02,Crossing Paths - Other Circumstances,12,Intersection,01-03-01,0001-01-01T07:20:58-04:56,Sign-Controlled Intersection - Other /,112148,2011,C: Possible Injury,Residential,40-49,40,No,0-5 mph,O: No Injury,Black,Female,Passenger Car,No,No,Daylight,Mixed (30% To 70% Developed),2 lanes,2,Straight - Level,Local Street,Dry,"Two-Way, Not Divided",None,T-Intersection,Smooth Asphalt,Coastal,Rural,20 - 25  MPH,Stop Sign,Clear,No,"36.27866, -76.9793"
143,144,Yes,10-Jun,9,No,Not Applicable,B: Evident Injury,Non-Roadway,Black,Female,Winston-Salem,Forsyth,No,01-01-07,2011-04-10,Non-Roadway,18,Non-Roadway,01-04-01,0001-01-01T13:40:58-04:56,Non-Roadway,460910,2011,B: Evident Injury,Commercial,50-59,50,No,0-5 mph,O: No Injury,Black,Male,Passenger Car,No,No,Daylight,Urban (>70% Developed),,2,Straight - Level,Public Vehicular Area,Dry,"Two-Way, Not Divided",None,No Special Feature,Smooth Asphalt,Piedmont,Urban,,No Control Present,Clear,No,"36.07159, -80.2909"
147,148,Yes,25-29,26,No,With Traffic,B: Evident Injury,Travel Lane,White,Male,Charlotte,Mecklenburg,No,01-01-03,2011-04-13,Loss of Control / Turning Error,6,Intersection,01-04-01,0001-01-01T01:46:58-04:56,Motorist Turning Error - Other,111113,2011,B: Evident Injury,Residential,40-49,46,No,31-35 mph,O: No Injury,White,Female,Sport Utility,No,No,Daylight,Urban (>70% Developed),4 lanes,2,Straight - Level,Local Street,Dry,"Two-Way, Divided, Unprotected Median",None,Four-Way Intersection,Smooth Asphalt,Piedmont,Urban,30 - 35  MPH,Stop And Go Signal,Clear,No,"35.20581, -80.8104"
151,152,Yes,40-49,44,Yes,With Traffic,C: Possible Injury,Travel Lane,White,Male,None - Rural Crash,Orange,Yes,01-01-04,2011-04-07,Motorist Overtaking Bicyclist,0,Intersection-Related,01-04-01,0000-12-31T19:52:58-04:56,Motorist Overtaking - Other /,211239,2011,C: Possible Injury,Residential,,,No,26-30 mph,Injury,/Missing,,,No,Yes,Dark - Roadway Not Lighted,Mixed (30% To 70% Developed),9 or more lanes,2,Straight - Grade,State Secondary Route,Dry,"Two-Way, Not Divided",None,No Special Feature,Smooth Asphalt,Piedmont,Rural,40 - 45  MPH,"Double Yellow Line, No Passing Zone",Clear,No,"36.03222, -78.9896"
152,153,Yes,40-49,42,No,With Traffic,B: Evident Injury,Travel Lane,White,Female,Raleigh,Wake,No,01-01-04,2011-04-07,Motorist Left Turn / Merge,14,Non-Intersection,01-04-01,0001-01-01T09:36:58-04:56,Motorist Left Turn - Opposite Direction,311212,2011,B: Evident Injury,Residential,20-24,20,No,0-5 mph,O: No Injury,White,Female,Sport Utility,No,No,Daylight,Urban (>70% Developed),2 lanes,2,Curve - Grade,Local Street,Dry,"Two-Way, Not Divided",None,No Special Feature,Coarse Asphalt,Piedmont,Urban,30 - 35  MPH,No Control Present,Clear,No,"35.82064, -78.653"
170,171,No,40-49,44,No,With Traffic,C: Possible Injury,Travel Lane,White,Male,Matthews,Mecklenburg,No,01-01-03,2011-04-20,Motorist Failed to Yield - Signalized Intersection,10,Intersection,01-04-01,0001-01-01T05:41:58-04:56,Motorist Drive Through - Signalized Intersection,111154,2011,C: Possible Injury,Commercial,25-29,25,No,6-10 mph,O: No Injury,White,Female,Van,No,No,Daylight,Urban (>70% Developed),4 lanes,2,Straight - Level,Local Street,Dry,"Two-Way, Not Divided",None,No Special Feature,Smooth Asphalt,Piedmont,Urban,20 - 25  MPH,Stop And Go Signal,Cloudy,No,"35.11833, -80.7202"
173,174,No,50-59,56,No,With Traffic,O: No Injury,Travel Lane,White,Male,None - Rural Crash,Forsyth,No,01-01-06,2011-04-30,Motorist Overtaking Bicyclist,11,Non-Intersection,01-04-01,0001-01-01T06:08:58-04:56,Motorist Overtaking - Misjudged Space,311232,2011,O: No Injury,Residential,40-49,47,No,41-45 mph,O: No Injury,White,Male,Sport Utility,No,No,Daylight,Rural (<30% Developed),2 lanes,2,Straight - Level,State Secondary Route,Dry,"Two-Way, Not Divided",Road Surface Condition,No Special Feature,Smooth Asphalt,Piedmont,Rural,40 - 45  MPH,No Control Present,Clear,No,"36.24709, -80.0859"
175,176,No,70,,No,Facing Traffic,C: Possible Injury,Travel Lane,White,Male,Wilmington,New Hanover,No,01-01-03,2011-04-13,Motorist Failed to Yield - Signalized Intersection,9,Intersection,01-04-01,0001-01-01T04:22:58-04:56,Motorist Drive Out - Right Turn on Red,112151,2011,C: Possible Injury,Commercial,20-24,20,No,6-10 mph,O: No Injury,White,Female,Sport Utility,No,No,Daylight,Urban (>70% Developed),3 lanes,2,Straight - Level,Local Street,Dry,"Two-Way, Divided, Unprotected Median",None,Four-Way Intersection,Smooth Asphalt,Coastal,Urban,40 - 45  MPH,Stop And Go Signal,Clear,No,"34.24224, -77.8275"
197,198,No,15-Nov,13,No,With Traffic,C: Possible Injury,,Hispanic,Male,Troutman,Iredell,No,,2007-04-09,Motorist Right Turn / Merge,17,Non-Intersection,01-04-01,0001-01-01T12:52:58-04:56,Motorist Right Turn - Same Direction,391213,2007,C: Possible Injury,Commercial,50-59,55,No,0-5 mph,O: No Injury,White,Female,Passenger Car,No,No,Daylight,Mixed (30% To 70% Developed),2 lanes,2,Straight - Level,Local Street,Dry,"Two-Way, Not Divided",None,"Driveway, Public",Smooth Asphalt,Piedmont,Rural,30 - 35  MPH,No Control Present,Clear,No,"35.701164, -80.8876"
206,207,Yes,25-29,25,No,With Traffic,B: Evident Injury,Travel Lane,Hispanic,Male,Benson,Johnston,No,01-01-07,2007-07-01,Bicyclist Failed to Yield - Sign-Controlled Intersection,9,Intersection,01-07-01,0001-01-01T04:51:58-04:56,Bicyclist Ride Through - Sign-Controlled Intersection,111144,2007,B: Evident Injury,Residential,50-59,52,No,31-35 mph,O: No Injury,White,Female,Passenger Car,No,No,Daylight,Mixed (30% To 70% Developed),2 lanes,2,Straight - Level,NC Route,Dry,"Two-Way, Not Divided",None,Four-Way Intersection,Smooth Asphalt,Coastal,Rural,30 - 35  MPH,Stop Sign,Clear,No,"35.38292, -78.5506"
212,213,No,0-5,5,No,,B: Evident Injury,Non-Roadway,Native American,Male,Red Springs,Robeson,No,01-01-05,2007-04-13,Non-Roadway,17,Non-Roadway,01-04-01,0001-01-01T12:42:58-04:56,Non-Roadway,460910,2007,B: Evident Injury,Residential,20-24,23,No,0-5 mph,O: No Injury,Black,Female,Passenger Car,No,No,Daylight,Urban (>70% Developed),2 lanes,2,Straight - Level,Public Vehicular Area,Dry,"Two-Way, Not Divided",None,No Special Feature,Coarse Asphalt,Coastal,Rural,5 - 15 MPH,No Control Present,Clear,No,"34.818573, -79.19088"
214,215,Yes,40-49,45,No,With Traffic,C: Possible Injury,Travel Lane,White,Male,North Wilkesboro,Wilkes,No,01-01-05,2007-04-13,Crossing Paths - Other Circumstances,1,Intersection,01-04-01,0000-12-31T20:29:58-04:56,Signalized Intersection - Other /,111158,2007,C: Possible Injury,"Farms, Woods, Pastures",70,,No,0-5 mph,O: No Injury,White,Female,Passenger Car,No,No,Dark - Roadway Not Lighted,Urban (>70% Developed),4 lanes,2,Curve - Level,NC Route,Dry,"Two-Way, Not Divided",None,Four-Way Intersection,Smooth Asphalt,Mountains,Rural,30 - 35  MPH,Stop And Go Signal,Clear,No,"36.17664, -81.14423"
221,222,Yes,25-29,29,No,With Traffic,C: Possible Injury,Travel Lane,Black,Male,Winston-Salem,Forsyth,No,01-01-02,2007-04-17,Motorist Overtaking Bicyclist,10,Non-Intersection,01-04-01,0001-01-01T05:28:58-04:56,Motorist Overtaking - Bicyclist Swerved,311235,2007,C: Possible Injury,Commercial,70,,No,16-20 mph,O: No Injury,White,Male,Passenger Car,No,No,Daylight,Urban (>70% Developed),2 lanes,2,Straight - Level,Local Street,Dry,"Two-Way, Divided, Positive Median Barrier",None,No Special Feature,Coarse Asphalt,Piedmont,Urban,30 - 35  MPH,Stop Sign,Clear,No,"36.10118, -80.26122"
236,237,Yes,10-Jun,6,No,With Traffic,B: Evident Injury,Travel Lane,Hispanic,Male,Belmont,Gaston,No,01-01-06,2007-04-21,Bicyclist Failed to Yield - Sign-Controlled Intersection,13,Intersection,01-04-01,0001-01-01T08:57:58-04:56,Bicyclist Ride Through - Sign-Controlled Intersection,111144,2007,B: Evident Injury,Residential,30-39,35,No,11-15 mph,O: No Injury,White,Male,Passenger Car,No,No,Daylight,Urban (>70% Developed),2 lanes,2,Straight - Level,Local Street,Dry,"Two-Way, Not Divided",None,T-Intersection,Coarse Asphalt,Piedmont,Urban,30 - 35  MPH,Stop Sign,Clear,No,"35.217793, -81.047104"
237,238,Yes,15-Nov,13,No,Facing Traffic,B: Evident Injury,Travel Lane,White,Male,Granite Falls,Caldwell,No,01-01-07,2007-04-22,Bicyclist Failed to Yield - Sign-Controlled Intersection,17,Intersection,01-04-01,0001-01-01T12:34:58-04:56,Bicyclist Ride Through - Sign-Controlled Intersection,112144,2007,B: Evident Injury,Residential,25-29,27,No,16-20 mph,O: No Injury,White,Male,Passenger Car,No,No,Daylight,Urban (>70% Developed),1 lane,2,Straight - Grade,Local Street,Dry,"Two-Way, Not Divided",None,No Special Feature,Smooth Asphalt,Mountains,Rural,30 - 35  MPH,Stop Sign,Clear,No,"35.794437, -81.4334"
239,240,No,50-59,59,No,Facing Traffic,O: No Injury,Travel Lane,Native American,Male,None - Rural Crash,Robeson,No,01-01-03,2007-04-25,Bicyclist Failed to Yield - Sign-Controlled Intersection,19,Intersection,01-04-01,0001-01-01T14:56:58-04:56,Bicyclist Ride Through - Sign-Controlled Intersection,112144,2007,O: No Injury,Commercial,40-49,44,No,51-55 mph,O: No Injury,Native American,Female,Van,No,No,Daylight,Mixed (30% To 70% Developed),2 lanes,2,Straight - Level,State Secondary Route,Dry,"Two-Way, Not Divided",None,Four-Way Intersection,Coarse Asphalt,Coastal,Rural,50 - 55  MPH,"Double Yellow Line, No Passing Zone",Clear,No,"34.702442, -79.01924"
243,244,No,20-24,24,No,Not Applicable,O: No Injury,Non-Roadway,White,Male,Hendersonville,Henderson,No,01-01-02,2007-04-24,Bicyclist Failed to Yield - Midblock,17,Non-Intersection,01-04-01,0001-01-01T12:06:58-04:56,Bicyclist Ride Out - Commercial Driveway / Alley,363312,2007,O: No Injury,Residential,50-59,54,No,11-15 mph,O: No Injury,Black,Male,Pickup,No,No,Daylight,Urban (>70% Developed),2 lanes,2,Straight - Level,Local Street,Dry,"Two-Way, Not Divided",None,No Special Feature,Coarse Asphalt,Mountains,Urban,30 - 35  MPH,No Control Present,Clear,No,"35.30697, -82.46469"