FID,OBJECTID,AmbulanceR,BikeAge_Gr,Bike_Age,Bike_Alc_D,Bike_Dir,Bike_Injur,Bike_Pos,Bike_Race,Bike_Sex,City,County,CrashAlcoh,CrashDay,Crash_Date,Crash_Grp,Crash_Hour,Crash_Loc,Crash_Mont,Crash_Time,Crash_Type,Crash_Ty_1,Crash_Year,Crsh_Sevri,Developmen,DrvrAge_Gr,Drvr_Age,Drvr_Alc_D,Drvr_EstSp,Drvr_Injur,Drvr_Race,Drvr_Sex,Drvr_VehTy,ExcsSpdInd,Hit_Run,Light_Cond,Locality,Num_Lanes,Num_Units,Rd_Charact,Rd_Class,Rd_Conditi,Rd_Config,Rd_Defects,Rd_Feature,Rd_Surface,Region,Rural_Urba,Speed_Limi,Traff_Cntr,Weather,Workzone_I,Location
250,251,Yes,10-Jun,10,No,,C: Possible Injury,Non-Roadway,White,Male,Morganton,Burke,No,01-01-03,2007-04-25,Non-Roadway,16,Non-Roadway,01-04-01,0001-01-01T12:00:58-04:56,Non-Roadway,460910,2007,C: Possible Injury,Commercial,60-69,67,No,6-10 mph,O: No Injury,White,Female,Passenger Car,No,No,Daylight,Mixed (30% To 70% Developed),2 lanes,2,Curve - Level,Public Vehicular Area,Dry,"Two-Way, Not Divided",None,No Special Feature,Smooth Asphalt,Mountains,Urban,5 - 15 MPH,No Control Present,Clear,No,"35.733955, -81.695404"
253,254,No,15-Nov,12,No,With Traffic,B: Evident Injury,Travel Lane,White,Male,Mooresville,Iredell,No,01-01-04,2007-04-26,Motorist Right Turn / Merge,18,Non-Intersection,01-04-01,0001-01-01T13:53:58-04:56,Motorist Right Turn - Same Direction,311213,2007,B: Evident Injury,Residential,40-49,45,No,6-10 mph,O: No Injury,White,Male,Pickup,No,No,Daylight,Urban (>70% Developed),2 lanes,2,Straight - Level,Local Street,Dry,"Two-Way, Not Divided",None,"Driveway, Public",Coarse Asphalt,Piedmont,Urban,30 - 35  MPH,No Control Present,Clear,No,"35.573746, -80.822266"
267,268,Yes,40-49,44,No,With Traffic,C: Possible Injury,,Black,Male,Monroe,Union,No,,2007-07-30,Motorist Right Turn / Merge,8,Intersection,01-07-01,0001-01-01T03:23:58-04:56,Motorist Right Turn - Same Direction,191213,2007,C: Possible Injury,Commercial,30-39,36,No,0-5 mph,O: No Injury,White,Male,Pickup,No,No,Daylight,Mixed (30% To 70% Developed),1 lane,2,Straight - Grade,Local Street,Dry,"One-Way, Not Divided",None,T-Intersection,Smooth Asphalt,Piedmont,Urban,5 - 15 MPH,No Control Present,Cloudy,No,"34.981567, -80.543274"
271,272,No,15-Nov,11,No,,C: Possible Injury,Travel Lane,White,Male,None - Rural Crash,Union,No,01-01-02,2007-05-01,Backing Vehicle,17,Intersection,01-05-01,0001-01-01T12:03:58-04:56,Backing Vehicle,119600,2007,C: Possible Injury,Residential,,,Missing,0-5 mph,Injury,/Missing,,,No,Yes,Daylight,Urban (>70% Developed),2 lanes,2,Straight - Level,State Secondary Route,Dry,"Two-Way, Not Divided",None,No Special Feature,Smooth Asphalt,Piedmont,Rural,30 - 35  MPH,No Control Present,Clear,No,"34.97867, -80.60186"
273,274,Yes,40-49,45,No,Facing Traffic,C: Possible Injury,Sidewalk / Crosswalk / Driveway Crossing,Black,Male,Raleigh,Wake,No,01-01-02,2007-05-01,Motorist Failed to Yield - Signalized Intersection,16,Intersection,01-05-01,0001-01-01T11:03:58-04:56,Motorist Drive Out - Right Turn on Red,132151,2007,C: Possible Injury,Commercial,30-39,32,No,0-5 mph,O: No Injury,White,Male,Passenger Car,No,No,Daylight,Urban (>70% Developed),5 lanes,2,Straight - Grade,Local Street,Dry,"Two-Way, Not Divided",None,No Special Feature,Smooth Asphalt,Piedmont,Urban,30 - 35  MPH,Stop And Go Signal,Clear,No,"35.76768, -78.57764"
279,280,Yes,20-24,20,No,With Traffic,A: Disabling Injury,Travel Lane,White,Male,None - Rural Crash,Buncombe,No,01-01-05,2007-05-04,Bicyclist Left Turn / Merge,17,Intersection,01-05-01,0001-01-01T12:33:58-04:56,Bicyclist Left Turn - Same Direction,111221,2007,A: Disabling Injury,"Farms, Woods, Pastures",40-49,40,No,41-45 mph,O: No Injury,White,Male,Pickup,No,No,Daylight,Rural (<30% Developed),2 lanes,2,Straight - Grade,State Secondary Route,Dry,"Two-Way, Not Divided",None,T-Intersection,Smooth Asphalt,Mountains,Rural,40 - 45  MPH,"Double Yellow Line, No Passing Zone",Cloudy,No,"35.48742, -82.47751"
288,289,Yes,40-49,49,No,With Traffic,B: Evident Injury,,White,Male,Elizabeth City,Pasquotank,No,01-01-02,2007-05-08,Motorist Left Turn / Merge,20,Intersection,01-05-01,0001-01-01T15:59:58-04:56,Motorist Left Turn - Opposite Direction,191212,2007,B: Evident Injury,Residential,20-24,20,No,21-25 mph,O: No Injury,White,Male,Passenger Car,No,No,Dark - Lighted Roadway,Urban (>70% Developed),5 lanes,2,Straight - Level,Local Street,Wet,"Two-Way, Divided, Unprotected Median",None,Four-Way Intersection,Coarse Asphalt,Coastal,Urban,50 - 55  MPH,Stop And Go Signal,Cloudy,No,"36.281555, -76.223434"
291,292,Yes,20-24,23,No,With Traffic,B: Evident Injury,Travel Lane,White,Male,Wilmington,New Hanover,No,01-01-03,2007-05-09,Motorist Overtaking Bicyclist,1,Non-Intersection,01-05-01,0000-12-31T20:28:58-04:56,Motorist Overtaking - Undetected Bicyclist,311231,2007,B: Evident Injury,Residential,,,Missing,31-35 mph,Injury,/Missing,,,No,Yes,Dark - Lighted Roadway,Mixed (30% To 70% Developed),2 lanes,2,Straight - Level,Public Vehicular Area,Dry,"Two-Way, Not Divided",None,No Special Feature,Smooth Asphalt,Coastal,Urban,30 - 35  MPH,No Control Present,Cloudy,No,"34.224724, -77.850746"
301,302,Yes,40-49,47,Yes,With Traffic,C: Possible Injury,Travel Lane,Black,Male,Kinston,Lenoir,Yes,01-01-04,2007-07-12,Bicyclist Left Turn / Merge,17,Non-Intersection,01-07-01,0001-01-01T12:47:58-04:56,Bicyclist Left Turn - Opposite Direction,311222,2007,C: Possible Injury,Residential,20-24,24,No,31-35 mph,O: No Injury,Black,Male,Sport Utility,No,No,Daylight,Urban (>70% Developed),2 lanes,2,Straight - Level,Local Street,Dry,"Two-Way, Not Divided",None,"Driveway, Private",Smooth Asphalt,Coastal,Urban,30 - 35  MPH,No Control Present,Clear,No,"35.26491, -77.55592"
305,306,Yes,40-49,48,No,With Traffic,A: Disabling Injury,Travel Lane,Other,Male,Charlotte,Mecklenburg,No,01-01-07,2007-05-13,Motorist Right Turn / Merge,16,Non-Intersection,01-05-01,0001-01-01T11:47:58-04:56,Motorist Right Turn - Same Direction,311213,2007,A: Disabling Injury,Residential,,,Missing,21-25 mph,Injury,/Missing,,,No,Yes,Daylight,Urban (>70% Developed),4 lanes,2,Straight - Hillcrest,Local Street,Dry,"Two-Way, Divided, Unprotected Median",None,No Special Feature,Smooth Asphalt,Piedmont,Urban,30 - 35  MPH,No Control Present,Clear,No,"35.16407, -80.87362"
306,307,Yes,10-Jun,8,No,With Traffic,C: Possible Injury,,Black,Female,Durham,Durham,No,,2007-08-13,Bicyclist Failed to Yield - Signalized Intersection,17,Intersection,01-08-01,0001-01-01T12:27:58-04:56,Bicyclist Failed to Clear - Multiple Threat,191157,2007,C: Possible Injury,Residential,50-59,58,No,0-5 mph,O: No Injury,Other,Male,Passenger Car,No,No,Daylight,Urban (>70% Developed),3 lanes,2,Straight - Level,Local Street,Dry,"Two-Way, Not Divided",None,Four-Way Intersection,Smooth Asphalt,Piedmont,Urban,40 - 45  MPH,Stop And Go Signal,Clear,No,"35.939487, -78.906654"
307,308,Yes,40-49,42,No,Facing Traffic,C: Possible Injury,Travel Lane,Hispanic,Male,Raleigh,Wake,No,01-01-07,2007-05-13,Motorist Failed to Yield - Midblock,20,Non-Intersection,01-05-01,0001-01-01T15:29:58-04:56,Motorist Drive Out - Commercial Driveway / Alley,312322,2007,C: Possible Injury,Commercial,25-29,26,No,0-5 mph,O: No Injury,White,Male,Sport Utility,No,No,Dark - Lighted Roadway,Urban (>70% Developed),3 lanes,2,Straight - Level,Public Vehicular Area,Dry,"One-Way, Not Divided",None,"Driveway, Public",Smooth Asphalt,Piedmont,Urban,40 - 45  MPH,No Control Present,Clear,No,"35.74961, -78.649124"
309,310,No,,,Yes,Facing Traffic,C: Possible Injury,Sidewalk / Crosswalk / Driveway Crossing,Black,Female,Raleigh,Wake,Yes,01-01-07,2007-05-06,Parallel Paths - Other Circumstances,17,Non-Intersection,01-05-01,0001-01-01T12:35:58-04:56,Bicyclist Ride Out - Parallel Path,332225,2007,C: Possible Injury,Commercial,25-29,25,No,16-20 mph,O: No Injury,White,Male,Sport Utility,No,No,Daylight,Urban (>70% Developed),4 lanes,2,Straight - Level,Local Street,Wet,"Two-Way, Not Divided",None,No Special Feature,Smooth Asphalt,Piedmont,Urban,20 - 25  MPH,No Control Present,Clear,No,"35.780373, -78.622314"
327,328,Yes,50-59,51,No,With Traffic,B: Evident Injury,Travel Lane,White,Male,None - Rural Crash,Iredell,No,,2007-05-21,Motorist Overtaking Bicyclist,7,Non-Intersection,01-05-01,0001-01-01T02:08:58-04:56,Motorist Overtaking - Undetected Bicyclist,311231,2007,B: Evident Injury,"Farms, Woods, Pastures",30-39,32,No,41-45 mph,O: No Injury,White,Male,Pickup,No,No,Daylight,Rural (<30% Developed),2 lanes,2,Straight - Grade,State Secondary Route,Dry,"Two-Way, Not Divided",None,No Special Feature,Coarse Asphalt,Piedmont,Rural,50 - 55  MPH,No Control Present,Clear,No,"35.774525, -81.024216"
330,331,No,15-Nov,11,No,With Traffic,O: No Injury,Sidewalk / Crosswalk / Driveway Crossing,Black,Male,Waxhaw,Union,No,01-01-07,2007-05-06,Motorist Left Turn / Merge,19,Intersection,01-05-01,0001-01-01T14:17:58-04:56,Motorist Left Turn - Opposite Direction,131212,2007,O: No Injury,Residential,30-39,36,No,0-5 mph,O: No Injury,Native American,Female,Passenger Car,No,No,Daylight,Urban (>70% Developed),2 lanes,2,Straight - Level,Local Street,Dry,"Two-Way, Not Divided",None,No Special Feature,Coarse Asphalt,Piedmont,Rural,,No Control Present,Clear,No,"34.924225, -80.74722"
333,334,Yes,30-39,37,No,,C: Possible Injury,,Black,Male,Durham,Durham,No,,2007-08-20,Bicyclist Failed to Yield - Signalized Intersection,9,Intersection-Related,01-08-01,0001-01-01T04:49:58-04:56,Bicyclist Ride Through - Signalized Intersection,299155,2007,C: Possible Injury,Commercial,30-39,37,No,11-15 mph,O: No Injury,Black,Male,Pickup,No,No,Daylight,Mixed (30% To 70% Developed),2 lanes,2,Straight - Level,Local Street,Dry,"Two-Way, Not Divided",None,No Special Feature,Smooth Asphalt,Piedmont,Urban,30 - 35  MPH,Stop And Go Signal,Clear,No,"35.99372, -78.87011"
334,335,Yes,60-69,68,No,With Traffic,B: Evident Injury,Travel Lane,White,Male,Tarboro,Edgecombe,No,01-01-02,2007-05-22,Motorist Right Turn / Merge,12,Non-Intersection,01-05-01,0001-01-01T07:52:58-04:56,Motorist Right Turn - Same Direction,311213,2007,B: Evident Injury,Commercial,50-59,57,No,16-20 mph,Injury,White,Female,Pickup,No,No,Daylight,Urban (>70% Developed),3 lanes,2,Straight - Level,Local Street,Dry,"Two-Way, Not Divided",None,"Driveway, Public",Smooth Asphalt,Coastal,Urban,30 - 35  MPH,No Control Present,Clear,No,"35.896935, -77.54278"
335,336,No,10-Jun,7,No,,C: Possible Injury,Travel Lane,Black,Female,None - Rural Crash,Johnston,No,01-01-02,2007-05-22,Motorist Failed to Yield - Midblock,16,Non-Intersection,01-05-01,0001-01-01T11:48:58-04:56,Motorist Drive Out - Residential Driveway,319321,2007,C: Possible Injury,Residential,20-24,22,No,0-5 mph,O: No Injury,White,Female,Passenger Car,No,No,Daylight,Rural (<30% Developed),2 lanes,2,Straight - Level,Local Street,Dry,"Two-Way, Not Divided",None,"Driveway, Public",Grooved Concrete,Coastal,Rural,5 - 15 MPH,No Control Present,Clear,No,"35.266884, -78.45271"
340,341,No,70,,No,With Traffic,B: Evident Injury,Travel Lane,White,Male,Elizabeth City,Pasquotank,No,01-01-03,2007-05-23,Motorist Left Turn / Merge,7,Intersection,01-05-01,0001-01-01T02:18:58-04:56,Motorist Left Turn - Opposite Direction,111212,2007,B: Evident Injury,Commercial,20-24,22,No,31-35 mph,O: No Injury,Black,Male,Passenger Car,No,No,Daylight,Urban (>70% Developed),2 lanes,2,Straight - Grade,Local Street,Dry,"Two-Way, Not Divided",None,No Special Feature,Smooth Asphalt,Coastal,Urban,20 - 25  MPH,Stop Sign,Clear,No,"36.299107, -76.22545"
341,342,No,16-19,16,No,With Traffic,B: Evident Injury,Sidewalk / Crosswalk / Driveway Crossing,Black,Male,Raleigh,Wake,No,01-01-03,2007-05-23,Bicyclist Failed to Yield - Signalized Intersection,15,Intersection,01-05-01,0001-01-01T10:39:58-04:56,Bicyclist Ride Out - Signalized  Intersection,131153,2007,B: Evident Injury,Residential,25-29,28,No,0-5 mph,O: No Injury,White,Male,Passenger Car,No,No,Daylight,Mixed (30% To 70% Developed),4 lanes,2,Straight - Level,Local Street,Dry,"Two-Way, Not Divided",None,No Special Feature,Smooth Asphalt,Piedmont,Urban,40 - 45  MPH,Stop And Go Signal,Clear,No,"35.873188, -78.69161"
343,344,Yes,40-49,48,No,,B: Evident Injury,Non-Roadway,Black,Male,Durham,Durham,No,01-01-06,2007-08-25,Non-Roadway,14,Non-Roadway,01-08-01,0001-01-01T09:15:58-04:56,Non-Roadway,460910,2007,B: Evident Injury,Commercial,,,Missing,0-5 mph,Injury,/Missing,,Sport Utility,No,No,Daylight,Urban (>70% Developed),,2,Curve - Hillcrest,Public Vehicular Area,Dry,"Two-Way, Not Divided",None,No Special Feature,Smooth Asphalt,Piedmont,Urban,30 - 35  MPH,No Control Present,Clear,No,"35.98682, -78.89774"
346,347,Yes,16-19,17,No,,C: Possible Injury,Non-Roadway,Black,Male,Jacksonville,Onslow,No,01-01-04,2007-05-24,Non-Roadway,14,Non-Roadway,01-05-01,0001-01-01T09:34:58-04:56,Non-Roadway,460910,2007,C: Possible Injury,Commercial,30-39,38,No,0-5 mph,O: No Injury,White,Male,Pickup,No,No,Daylight,Urban (>70% Developed),,2,Straight - Level,Public Vehicular Area,Dry,"Two-Way, Not Divided",None,No Special Feature,Concrete,Coastal,Urban,,No Control Present,Clear,No,"34.782463, -77.38596"
352,353,Yes,50-59,57,No,With Traffic,C: Possible Injury,Travel Lane,White,Male,Elizabeth City,Pasquotank,No,01-01-05,2007-05-25,Motorist Failed to Yield - Signalized Intersection,21,Intersection,01-05-01,0001-01-01T16:15:58-04:56,Motorist Drive Through - Signalized Intersection,111154,2007,C: Possible Injury,Commercial,,,No,41-45 mph,Injury,/Missing,,,No,Yes,Dark - Lighted Roadway,Urban (>70% Developed),5 lanes,2,Straight - Level,US Route,Dry,"Two-Way, Divided, Unprotected Median",None,Four-Way Intersection,Smooth Asphalt,Coastal,Urban,40 - 45  MPH,Stop And Go Signal,Clear,No,"36.300236, -76.22381"
359,360,No,15-Nov,14,No,Facing Traffic,B: Evident Injury,Sidewalk / Crosswalk / Driveway Crossing,White,Male,Emerald Isle,Carteret,No,01-01-07,2007-05-27,Crossing Paths - Other Circumstances,21,Intersection,01-05-01,0001-01-01T16:59:58-04:56,Crossing Paths - Intersection - Other /,132180,2007,B: Evident Injury,Commercial,40-49,47,No,26-30 mph,O: No Injury,White,Male,Pickup,No,No,Dark - Lighted Roadway,Urban (>70% Developed),3 lanes,2,Straight - Level,NC Route,Dry,"Two-Way, Not Divided",None,"Driveway, Public",Smooth Asphalt,Coastal,Rural,40 - 45  MPH,No Control Present,Clear,No,"34.663315, -77.04197"
362,363,No,50-59,59,No,,B: Evident Injury,Travel Lane,White,Male,Charlotte,Mecklenburg,No,,2007-05-28,Crossing Paths - Other Circumstances,9,Intersection,01-05-01,0001-01-01T04:05:58-04:56,Sign-Controlled Intersection - Other /,119148,2007,B: Evident Injury,Residential,30-39,39,No,6-10 mph,O: No Injury,White,Female,Sport Utility,No,No,Daylight,Urban (>70% Developed),2 lanes,2,Straight - Level,Public Vehicular Area,Dry,"Two-Way, Not Divided",None,No Special Feature,Smooth Asphalt,Piedmont,Urban,20 - 25  MPH,Stop Sign,Clear,No,"35.228233, -80.80513"
363,364,Yes,16-19,16,No,With Traffic,O: No Injury,Travel Lane,White,Male,Charlotte,Mecklenburg,No,,2007-05-28,Head-On,21,Intersection,01-05-01,0001-01-01T16:12:58-04:56,Head-On - Motorist,111255,2007,O: No Injury,Residential,60-69,65,No,6-10 mph,O: No Injury,White,Male,Passenger Car,No,No,Dark - Roadway Not Lighted,Urban (>70% Developed),2 lanes,2,Straight - Level,Public Vehicular Area,Dry,"Two-Way, Not Divided",None,No Special Feature,Smooth Asphalt,Piedmont,Urban,20 - 25  MPH,No Control Present,Clear,No,"35.192406, -80.84484"
367,368,Yes,25-29,26,Yes,With Traffic,O: No Injury,Travel Lane,White,Male,Atlantic Beach,Carteret,Yes,01-01-03,2007-05-30,Motorist Overtaking Bicyclist,22,Non-Intersection,01-05-01,0001-01-01T17:08:58-04:56,Motorist Overtaking - Misjudged Space,311232,2007,O: No Injury,Commercial,40-49,44,No,26-30 mph,O: No Injury,White,Male,Passenger Car,No,No,Dark - Lighted Roadway,Urban (>70% Developed),5 lanes,2,Straight - Level,Local Street,Dry,"Two-Way, Divided, Unprotected Median",None,No Special Feature,Smooth Asphalt,Coastal,Rural,30 - 35  MPH,No Control Present,Clear,No,"34.704025, -76.737946"
368,369,Yes,16-19,17,No,With Traffic,C: Possible Injury,Travel Lane,Black,Male,Wilmington,New Hanover,No,01-01-03,2007-05-30,Backing Vehicle,14,Non-Intersection,01-05-01,0001-01-01T09:52:58-04:56,Backing Vehicle,311600,2007,C: Possible Injury,Residential,20-24,23,No,,C: Possible Injury,White,Female,Passenger Car,No,Yes,Daylight,Urban (>70% Developed),2 lanes,2,Straight - Level,Local Street,Dry,"Two-Way, Not Divided",None,No Special Feature,Smooth Asphalt,Coastal,Urban,,Stop Sign,Clear,No,"34.238834, -77.93573"
369,370,Yes,15-Nov,11,No,With Traffic,B: Evident Injury,,Black,Male,Durham,Durham,No,01-01-05,2007-07-27,Bicyclist Failed to Yield - Signalized Intersection,21,Intersection,01-07-01,0001-01-01T16:32:58-04:56,Bicyclist Ride Out - Signalized  Intersection,191153,2007,B: Evident Injury,Residential,25-29,26,No,26-30 mph,O: No Injury,Hispanic,Male,Pickup,No,No,Dark - Lighted Roadway,Urban (>70% Developed),2 lanes,2,Straight - Level,Local Street,Wet,"Two-Way, Not Divided",None,No Special Feature,Smooth Asphalt,Piedmont,Urban,30 - 35  MPH,Stop And Go Signal,Rain,No,"35.99027, -78.857925"
376,377,No,15-Nov,12,No,With Traffic,B: Evident Injury,Travel Lane,Hispanic,Male,Burlington,Alamance,No,01-01-05,2007-06-01,Bicyclist Failed to Yield - Sign-Controlled Intersection,17,Intersection,01-06-01,0001-01-01T12:39:58-04:56,Bicyclist Ride Through - Sign-Controlled Intersection,111144,2007,B: Evident Injury,Residential,20-24,22,No,21-25 mph,O: No Injury,Black,Female,Passenger Car,No,No,Daylight,Urban (>70% Developed),2 lanes,2,Straight - Level,Local Street,Dry,"Two-Way, Not Divided",None,Four-Way Intersection,Coarse Asphalt,Piedmont,Urban,30 - 35  MPH,Stop Sign,Clear,No,"36.075718, -79.42544"
388,389,Yes,15-Nov,14,No,Facing Traffic,C: Possible Injury,Sidewalk / Crosswalk / Driveway Crossing,Black,Male,Fayetteville,Cumberland,No,01-01-03,2007-06-06,Motorist Failed to Yield - Sign-Controlled Intersection,12,Intersection,01-06-01,0001-01-01T07:57:58-04:56,Motorist Drive Out - Sign-Controlled Intersection,132141,2007,C: Possible Injury,Commercial,20-24,20,No,6-10 mph,O: No Injury,Black,Male,Passenger Car,No,No,Daylight,Urban (>70% Developed),2 lanes,2,Straight - Level,Local Street,Dry,"Two-Way, Divided, Positive Median Barrier",None,No Special Feature,Concrete,Coastal,Urban,5 - 15 MPH,Stop Sign,Clear,No,"35.059887, -79.01058"
390,391,Yes,40-49,45,No,With Traffic,C: Possible Injury,Travel Lane,White,Male,Wilmington,New Hanover,No,01-01-03,2007-06-06,Motorist Left Turn / Merge,17,Intersection,01-06-01,0001-01-01T12:34:58-04:56,Motorist Left Turn - Opposite Direction,111212,2007,C: Possible Injury,Commercial,30-39,35,No,31-35 mph,O: No Injury,Black,Male,Sport Utility,No,No,Daylight,Urban (>70% Developed),6 lanes,2,Straight - Level,Local Street,Dry,"Two-Way, Divided, Unprotected Median",None,Four-Way Intersection,Smooth Asphalt,Coastal,Urban,30 - 35  MPH,Stop And Go Signal,Clear,No,"34.202225, -77.92314"
391,392,Yes,15-Nov,13,No,Facing Traffic,B: Evident Injury,Travel Lane,White,Male,None - Rural Crash,Surry,No,01-01-03,2007-06-06,Bicyclist Failed to Yield - Sign-Controlled Intersection,16,Intersection,01-06-01,0001-01-01T11:23:58-04:56,Bicyclist Ride Through - Sign-Controlled Intersection,112144,2007,B: Evident Injury,Residential,20-24,20,No,41-45 mph,O: No Injury,White,Male,Pickup,No,No,Daylight,Mixed (30% To 70% Developed),2 lanes,2,Straight - Grade,State Secondary Route,Dry,"Two-Way, Not Divided",None,T-Intersection,Smooth Asphalt,Mountains,Rural,50 - 55  MPH,Stop Sign,Clear,No,"36.45296, -80.54122"
392,393,Yes,15-Nov,13,No,Not Applicable,A: Disabling Injury,,White,Male,None - Rural Crash,Harnett,No,01-01-04,2007-06-07,Bicyclist Failed to Yield - Signalized Intersection,17,Intersection-Related,01-06-01,0001-01-01T12:17:58-04:56,Bicyclist Ride Out - Signalized  Intersection,293153,2007,A: Disabling Injury,Residential,40-49,42,No,41-45 mph,O: No Injury,White,Male,Pickup,No,No,Daylight,Mixed (30% To 70% Developed),5 lanes,2,Straight - Level,NC Route,Dry,"Two-Way, Not Divided",None,Related To Intersection,Coarse Asphalt,Coastal,Rural,40 - 45  MPH,Stop And Go Signal,Clear,No,"35.22448, -78.93824"
397,398,No,40-49,44,No,With Traffic,O: No Injury,Travel Lane,White,Male,Charlotte,Mecklenburg,No,01-01-04,2007-09-13,Motorist Failed to Yield - Sign-Controlled Intersection,18,Intersection,01-09-01,0001-01-01T13:10:58-04:56,Motorist Drive Out - Sign-Controlled Intersection,111141,2007,O: No Injury,Residential,30-39,32,No,0-5 mph,O: No Injury,Hispanic,Female,Passenger Car,No,No,Daylight,Urban (>70% Developed),4 lanes,2,Straight - Level,Local Street,Dry,"Two-Way, Not Divided",None,No Special Feature,Smooth Asphalt,Piedmont,Urban,30 - 35  MPH,Stop Sign,Cloudy,No,"35.196415, -80.83864"
398,399,No,0-5,4,No,,C: Possible Injury,Non-Roadway,Black,Male,Charlotte,Mecklenburg,No,,2007-05-28,Non-Roadway,16,Non-Roadway,01-05-01,0001-01-01T11:38:58-04:56,Non-Roadway,460910,2007,C: Possible Injury,Residential,30-39,30,No,0-5 mph,O: No Injury,Black,Female,Passenger Car,No,No,Daylight,Urban (>70% Developed),2 lanes,2,Straight - Level,Public Vehicular Area,Dry,"Two-Way, Not Divided",None,No Special Feature,Smooth Asphalt,Piedmont,Urban,5 - 15 MPH,No Control Present,Clear,No,"35.20945, -80.74475"
403,404,Yes,15-Nov,11,No,Not Applicable,B: Evident Injury,Driveway / Alley,White,Male,None - Rural Crash,Buncombe,No,01-01-07,2007-06-10,Bicyclist Failed to Yield - Midblock,22,Non-Intersection,01-06-01,0001-01-01T17:58:58-04:56,Bicyclist Ride Out - Residential Driveway,353311,2007,B: Evident Injury,"Farms, Woods, Pastures",30-39,32,No,26-30 mph,O: No Injury,White,Male,Pickup,No,No,Dusk,Rural (<30% Developed),2 lanes,2,Curve - Grade,State Secondary Route,Dry,"Two-Way, Not Divided",None,"Driveway, Private",Smooth Asphalt,Mountains,Rural,50 - 55  MPH,"Double Yellow Line, No Passing Zone",Clear,No,"35.511692, -82.281456"
405,406,Yes,25-29,28,No,With Traffic,B: Evident Injury,Travel Lane,White,Male,Charlotte,Mecklenburg,No,01-01-07,2007-09-16,Bicyclist Left Turn / Merge,10,Intersection,01-09-01,0001-01-01T05:24:58-04:56,Bicyclist Left Turn - Same Direction,111221,2007,B: Evident Injury,Residential,30-39,35,No,0-5 mph,O: No Injury,White,Male,Sport Utility,No,No,Daylight,Urban (>70% Developed),2 lanes,2,Straight - Level,Local Street,Dry,"Two-Way, Not Divided",None,T-Intersection,Smooth Asphalt,Piedmont,Urban,20 - 25  MPH,Stop Sign,Clear,No,"35.139812, -80.84296"
406,407,Yes,10-Jun,9,No,Facing Traffic,A: Disabling Injury,Travel Lane,Black,Male,Winston-Salem,Forsyth,No,01-01-06,2007-06-09,Bicyclist Failed to Yield - Sign-Controlled Intersection,19,Intersection,01-06-01,0001-01-01T14:35:58-04:56,Bicyclist Ride Through - Sign-Controlled Intersection,112144,2007,A: Disabling Injury,Residential,30-39,37,No,16-20 mph,A: Disabling Injury,Black,Female,Passenger Car,No,No,Daylight,Urban (>70% Developed),2 lanes,2,Straight - Level,Local Street,Dry,"Two-Way, Not Divided",None,No Special Feature,Smooth Asphalt,Piedmont,Urban,30 - 35  MPH,Stop Sign,Clear,No,"36.120785, -80.226974"
411,412,Yes,15-Nov,11,No,,B: Evident Injury,Travel Lane,White,Male,Cary,Wake,No,01-01-07,2007-09-16,Crossing Paths - Other Circumstances,18,Intersection,01-09-01,0001-01-01T13:29:58-04:56,Crossing Paths - Intersection - Other /,119180,2007,B: Evident Injury,Residential,50-59,51,No,16-20 mph,O: No Injury,Black,Female,Passenger Car,No,No,Daylight,Urban (>70% Developed),,2,Curve - Hillcrest,State Secondary Route,Dry,"Two-Way, Not Divided",None,T-Intersection,Coarse Asphalt,Piedmont,Urban,20 - 25  MPH,No Control Present,Clear,No,"35.76429, -78.76794"
412,413,No,20-24,20,No,Facing Traffic,O: No Injury,,Hispanic,Male,Charlotte,Mecklenburg,No,,2007-09-17,Crossing Paths - Other Circumstances,16,Non-Intersection,01-09-01,0001-01-01T11:16:58-04:56,Crossing Paths - Midblock - Other /,392380,2007,O: No Injury,Commercial,50-59,55,No,0-5 mph,O: No Injury,Black,Female,Passenger Car,No,No,Daylight,Urban (>70% Developed),2 lanes,2,Straight - Level,Public Vehicular Area,Dry,"Two-Way, Not Divided",None,No Special Feature,Smooth Asphalt,Piedmont,Urban,5 - 15 MPH,No Control Present,Clear,No,"35.198784, -80.74199"
423,424,Yes,20-24,22,No,With Traffic,B: Evident Injury,Bike Lane / Paved Shoulder,White,Male,Charlotte,Mecklenburg,No,01-01-02,2007-09-18,Motorist Right Turn / Merge,13,Intersection,01-09-01,0001-01-01T08:21:58-04:56,Motorist Right Turn - Same Direction,121213,2007,B: Evident Injury,Commercial,20-24,22,No,6-10 mph,O: No Injury,White,Female,Passenger Car,No,No,Daylight,Urban (>70% Developed),4 lanes,2,Straight - Level,Local Street,Dry,"Two-Way, Divided, Unprotected Median",None,No Special Feature,Smooth Asphalt,Piedmont,Urban,30 - 35  MPH,No Control Present,Clear,No,"35.20065, -80.843025"
425,426,No,10-Jun,6,No,Not Applicable,C: Possible Injury,Non-Roadway,White,Male,Cleveland,Rowan,No,01-01-02,2007-09-04,Bicyclist Failed to Yield - Midblock,8,Non-Intersection,01-09-01,0001-01-01T03:48:58-04:56,Bicyclist Ride Out - Commercial Driveway / Alley,363312,2007,C: Possible Injury,Commercial,60-69,65,No,21-25 mph,O: No Injury,White,Male,Tractor/Semi-Trailer,No,No,Daylight,Urban (>70% Developed),2 lanes,2,Straight - Level,US Route,Dry,"Two-Way, Not Divided",None,"Driveway, Public",Grooved Concrete,Piedmont,Rural,50 - 55  MPH,No Control Present,Clear,No,"35.730625, -80.69578"