FID,OBJECTID,AmbulanceR,BikeAge_Gr,Bike_Age,Bike_Alc_D,Bike_Dir,Bike_Injur,Bike_Pos,Bike_Race,Bike_Sex,City,County,CrashAlcoh,CrashDay,Crash_Date,Crash_Grp,Crash_Hour,Crash_Loc,Crash_Mont,Crash_Time,Crash_Type,Crash_Ty_1,Crash_Year,Crsh_Sevri,Developmen,DrvrAge_Gr,Drvr_Age,Drvr_Alc_D,Drvr_EstSp,Drvr_Injur,Drvr_Race,Drvr_Sex,Drvr_VehTy,ExcsSpdInd,Hit_Run,Light_Cond,Locality,Num_Lanes,Num_Units,Rd_Charact,Rd_Class,Rd_Conditi,Rd_Config,Rd_Defects,Rd_Feature,Rd_Surface,Region,Rural_Urba,Speed_Limi,Traff_Cntr,Weather,Workzone_I,Location
608,609,No,,,No,With Traffic,C: Possible Injury,Travel Lane,Black,Male,None - Rural Crash,Martin,No,01-01-02,2007-07-31,Bicyclist Left Turn / Merge,21,Non-Intersection,01-07-01,0001-01-01T16:15:58-04:56,Bicyclist Left Turn - Opposite Direction,311222,2007,C: Possible Injury,Residential,25-29,25,No,6-10 mph,O: No Injury,White,Male,Police,No,No,Daylight,Urban (>70% Developed),2 lanes,2,Straight - Level,Local Street,Dry,"Two-Way, Not Divided",None,"Driveway, Private",Smooth Asphalt,Coastal,Rural,30 - 35  MPH,No Control Present,Clear,No,"35.8508, -77.044266"
610,611,Yes,50-59,58,No,With Traffic,B: Evident Injury,Travel Lane,White,Male,Hickory,Catawba,No,01-01-02,2007-07-31,Motorist Overtaking Bicyclist,21,Non-Intersection,01-07-01,0001-01-01T16:38:58-04:56,Motorist Overtaking - Bicyclist Swerved,311235,2007,B: Evident Injury,Commercial,50-59,56,No,36-40 mph,O: No Injury,White,Male,Van,No,No,Dark - Lighted Roadway,Urban (>70% Developed),5 lanes,2,Straight - Grade,Local Street,Dry,"Two-Way, Not Divided",None,No Special Feature,Coarse Asphalt,Piedmont,Urban,40 - 45  MPH,No Control Present,Clear,No,"35.726692, -81.323204"
612,613,No,15-Nov,14,No,Facing Traffic,B: Evident Injury,Travel Lane,White,Male,None - Rural Crash,Buncombe,No,01-01-03,2007-08-01,Bicyclist Failed to Yield - Sign-Controlled Intersection,19,Intersection,01-08-01,0001-01-01T14:34:58-04:56,Bicyclist Ride Through - Sign-Controlled Intersection,112144,2007,B: Evident Injury,Residential,0-19,19,No,16-20 mph,O: No Injury,White,Male,Passenger Car,No,No,Daylight,Urban (>70% Developed),2 lanes,2,Straight - Grade,Public Vehicular Area,Dry,"Two-Way, Not Divided",None,T-Intersection,Coarse Asphalt,Mountains,Rural,,Stop Sign,Clear,No,"35.59038, -82.36452"
613,614,Yes,16-19,19,No,Facing Traffic,C: Possible Injury,Sidewalk / Crosswalk / Driveway Crossing,Black,Male,Monroe,Union,No,01-01-03,2007-08-01,Loss of Control / Turning Error,15,Intersection,01-08-01,0001-01-01T10:50:58-04:56,Bicyclist Lost Control - Mechanical Problems,132121,2007,C: Possible Injury,Commercial,0-19,16,No,0-5 mph,O: No Injury,Black,Female,Passenger Car,No,No,Daylight,Urban (>70% Developed),2 lanes,2,Straight - Level,Local Street,Dry,"Two-Way, Not Divided",None,Four-Way Intersection,Smooth Asphalt,Piedmont,Urban,30 - 35  MPH,Stop And Go Signal,Clear,No,"34.981438, -80.54387"
616,617,Yes,30-39,30,No,Facing Traffic,A: Disabling Injury,Sidewalk / Crosswalk / Driveway Crossing,Black,Male,Lexington,Davidson,No,,2007-07-09,Motorist Failed to Yield - Midblock,0,Non-Intersection,01-07-01,0000-12-31T19:04:58-04:56,Motorist Drive Out - Commercial Driveway / Alley,332322,2007,A: Disabling Injury,Commercial,50-59,53,No,0-5 mph,O: No Injury,White,Female,Sport Utility,No,No,Daylight,Urban (>70% Developed),,2,Straight - Level,Public Vehicular Area,Dry,"Two-Way, Divided, Unprotected Median",None,No Special Feature,Smooth Asphalt,Piedmont,Urban,5 - 15 MPH,No Control Present,Clear,No,"35.81719, -80.24265"
623,624,Yes,40-49,44,No,With Traffic,C: Possible Injury,Bike Lane / Paved Shoulder,Black,Male,None - Rural Crash,Hoke,No,01-01-07,2007-08-05,Motorist Overtaking Bicyclist,21,Non-Intersection,01-08-01,0001-01-01T16:18:58-04:56,Motorist Overtaking - Other /,321239,2007,C: Possible Injury,Commercial,70,,No,36-40 mph,O: No Injury,White,Male,Passenger Car,No,No,Dark - Roadway Not Lighted,Mixed (30% To 70% Developed),2 lanes,2,Straight - Grade,US Route,Dry,"Two-Way, Not Divided",None,No Special Feature,Smooth Asphalt,Coastal,Rural,40 - 45  MPH,"Double Yellow Line, No Passing Zone",Clear,No,"34.98241, -79.1918"
673,674,Yes,50-59,52,No,With Traffic,B: Evident Injury,Travel Lane,Native American,Male,Lumberton,Robeson,No,,2010-09-20,Motorist Failed to Yield - Sign-Controlled Intersection,19,Intersection,01-09-01,0001-01-01T14:57:58-04:56,Motorist Drive Out - Sign-Controlled Intersection,0,2010,B: Evident Injury,Commercial,60-69,68,No,0-5 mph,O: No Injury,White,Male,Pickup,No,No,Dark - Lighted Roadway,Urban (>70% Developed),6 lanes,2,Straight - Level,Local Street,Dry,"One-Way, Not Divided",None,Four-Way Intersection,Coarse Asphalt,Coastal,Urban,30 - 35  MPH,Other,Clear,No,"34.623993, -79.00851"
683,684,No,20-24,24,No,With Traffic,B: Evident Injury,Bike Lane / Paved Shoulder,White,Male,Boone,Watauga,No,01-01-05,2010-09-17,Motorist Left Turn / Merge,11,Non-Intersection,01-09-01,0001-01-01T06:51:58-04:56,Motorist Left Turn - Opposite Direction,0,2010,B: Evident Injury,Institutional,25-29,25,No,6-10 mph,O: No Injury,White,Female,Passenger Car,No,No,Daylight,Urban (>70% Developed),4 lanes,2,Straight - Level,Local Street,Dry,"Two-Way, Not Divided",None,No Special Feature,Smooth Asphalt,Mountains,Urban,20 - 25  MPH,"Double Yellow Line, No Passing Zone",Clear,No,"36.212566, -81.68102"
684,685,No,16-19,19,No,With Traffic,B: Evident Injury,Travel Lane,White,Female,Chapel Hill,Orange,No,01-01-06,2010-09-18,Motorist Right Turn / Merge,21,Intersection,01-09-01,0001-01-01T16:27:58-04:56,Motorist Right Turn - Same Direction,0,2010,B: Evident Injury,Residential,,,Missing,,Injury,/Missing,,Passenger Car,No,Yes,Dark - Lighted Roadway,Urban (>70% Developed),4 lanes,2,Straight - Level,Local Street,Dry,"Two-Way, Not Divided",None,T-Intersection,Smooth Asphalt,Piedmont,Urban,,No Control Present,Clear,No,"35.90886, -79.05933"
688,689,Yes,40-49,48,No,With Traffic,B: Evident Injury,Travel Lane,White,Male,Concord,Cabarrus,No,01-01-02,2010-09-14,Bicyclist Failed to Yield - Signalized Intersection,16,Intersection,01-09-01,0001-01-01T11:36:58-04:56,Bicyclist Ride Out - Signalized  Intersection,0,2010,B: Evident Injury,Commercial,0-19,19,No,16-20 mph,O: No Injury,White,Female,Passenger Car,No,No,Daylight,Mixed (30% To 70% Developed),3 lanes,2,Straight - Level,Local Street,Dry,"Two-Way, Divided, Positive Median Barrier",None,Four-Way Intersection,Smooth Asphalt,Piedmont,Urban,30 - 35  MPH,Stop And Go Signal,Clear,No,"35.398193, -80.599754"
689,690,Yes,40-49,46,No,With Traffic,B: Evident Injury,Travel Lane,White,Male,Asheville,Buncombe,No,01-01-02,2010-09-14,Motorist Left Turn / Merge,18,Intersection,01-09-01,0001-01-01T13:46:58-04:56,Motorist Left Turn - Opposite Direction,0,2010,B: Evident Injury,Residential,20-24,24,No,11-15 mph,O: No Injury,White,Female,Sport Utility,No,No,Daylight,Urban (>70% Developed),3 lanes,2,Straight - Level,State Secondary Route,Dry,"Two-Way, Divided, Unprotected Median",None,T-Intersection,Concrete,Mountains,Urban,30 - 35  MPH,No Control Present,Clear,No,"35.577663, -82.57628"
703,704,No,40-49,48,No,With Traffic,B: Evident Injury,Travel Lane,White,Male,Charlotte,Mecklenburg,No,01-01-07,2010-09-19,Motorist Overtaking Bicyclist,7,Non-Intersection,01-09-01,0001-01-01T02:48:58-04:56,Motorist Overtaking - Undetected Bicyclist,0,2010,B: Evident Injury,Residential,30-39,36,No,36-40 mph,O: No Injury,Hispanic,Male,Pickup,No,No,Daylight,Mixed (30% To 70% Developed),2 lanes,3,Straight - Hillcrest,Local Street,Dry,"Two-Way, Not Divided","Traffic Control Device Inoperative, Not Visible Or Missing",No Special Feature,Smooth Asphalt,Piedmont,Urban,40 - 45  MPH,No Control Present,Clear,No,"35.24623, -80.659"
711,712,No,50-59,59,No,With Traffic,O: No Injury,Travel Lane,White,Male,Charlotte,Mecklenburg,No,01-01-03,2010-09-22,Loss of Control / Turning Error,9,Non-Intersection,01-09-01,0001-01-01T04:16:58-04:56,Bicyclist Lost Control - Other /,0,2010,O: No Injury,Commercial,40-49,49,No,26-30 mph,O: No Injury,White,Male,Commercial Bus,No,No,Daylight,Mixed (30% To 70% Developed),2 lanes,2,Straight - Level,Local Street,Dry,"Two-Way, Not Divided",Debris,No Special Feature,Smooth Asphalt,Piedmont,Urban,30 - 35  MPH,No Control Present,Clear,No,"35.29613, -80.839584"
726,727,No,20-24,24,No,Not Applicable,C: Possible Injury,Non-Roadway,Hispanic,Male,Pineville,Mecklenburg,Yes,01-01-04,2010-08-19,Non-Roadway,22,Non-Roadway,01-08-01,0001-01-01T17:39:58-04:56,Non-Roadway,0,2010,C: Possible Injury,Commercial,30-39,39,Yes,21-25 mph,O: No Injury,White,Male,Pickup,No,No,Dark - Lighted Roadway,Urban (>70% Developed),,2,Straight - Level,Public Vehicular Area,Wet,"Two-Way, Not Divided",None,No Special Feature,Smooth Asphalt,Piedmont,Rural,5 - 15 MPH,No Control Present,Rain,No,"35.09419, -80.86735"
729,730,Yes,30-39,32,No,With Traffic,C: Possible Injury,Travel Lane,White,Male,Chapel Hill,Orange,No,01-01-02,2010-09-28,Motorist Overtaking Bicyclist,19,Intersection-Related,01-09-01,0001-01-01T14:06:58-04:56,Motorist Overtaking - Undetected Bicyclist,0,2010,C: Possible Injury,Residential,60-69,61,No,31-35 mph,O: No Injury,White,Female,Passenger Car,No,No,Daylight,Urban (>70% Developed),2 lanes,2,Straight - Level,Local Street,Dry,"Two-Way, Not Divided",None,No Special Feature,Smooth Asphalt,Piedmont,Urban,30 - 35  MPH,No Control Present,Clear,No,"35.939693, -79.05468"
733,734,Yes,20-24,23,No,With Traffic,B: Evident Injury,Travel Lane,Black,Male,Wilmington,New Hanover,No,01-01-02,2010-09-21,Bicyclist Overtaking Motorist,16,Intersection-Related,01-09-01,0001-01-01T11:03:58-04:56,Bicyclist Overtaking - Passing on Right,0,2010,B: Evident Injury,Commercial,60-69,60,No,0-5 mph,O: No Injury,Black,Male,Van,No,No,Daylight,Urban (>70% Developed),2 lanes,2,Straight - Level,Local Street,Dry,"Two-Way, Not Divided",None,No Special Feature,Smooth Asphalt,Coastal,Urban,20 - 25  MPH,No Control Present,Clear,No,"34.23899, -77.93163"
744,745,Yes,10-Jun,7,No,Not Applicable,B: Evident Injury,Non-Roadway,White,Male,None - Rural Crash,Gaston,No,01-01-06,2010-10-09,Non-Roadway,19,Non-Roadway,01-10-01,0001-01-01T14:16:58-04:56,Non-Roadway,0,2010,B: Evident Injury,Residential,40-49,45,No,0-5 mph,O: No Injury,White,Male,Van,No,No,Dusk,Urban (>70% Developed),,2,Straight - Level,Public Vehicular Area,Dry,"Two-Way, Not Divided",None,"Driveway, Public",Gravel,Piedmont,Rural,5 - 15 MPH,No Control Present,Clear,No,"35.313408, -81.151085"
745,746,Yes,15-Nov,12,No,Facing Traffic,B: Evident Injury,Sidewalk / Crosswalk / Driveway Crossing,Black,Male,Raleigh,Wake,No,01-01-04,2010-09-02,Motorist Right Turn / Merge,17,Intersection,01-09-01,0001-01-01T12:43:58-04:56,Motorist Right Turn - Opposite Direction,0,2010,B: Evident Injury,Commercial,20-24,22,No,,O: No Injury,Black,Female,Passenger Car,No,No,Daylight,Urban (>70% Developed),6 lanes,2,Straight - Level,Local Street,Dry,"Two-Way, Not Divided",None,No Special Feature,Smooth Asphalt,Piedmont,Urban,40 - 45  MPH,Stop And Go Signal,Cloudy,No,"35.842888, -78.573326"
746,747,No,40-49,48,No,Facing Traffic,B: Evident Injury,Sidewalk / Crosswalk / Driveway Crossing,White,Male,Raleigh,Wake,No,01-01-04,2010-09-02,Motorist Failed to Yield - Sign-Controlled Intersection,18,Intersection,01-09-01,0001-01-01T13:23:58-04:56,Motorist Drive Out - Sign-Controlled Intersection,0,2010,B: Evident Injury,Residential,0-19,17,No,0-5 mph,O: No Injury,Black,Male,Passenger Car,No,No,Daylight,Urban (>70% Developed),2 lanes,2,Straight - Level,Local Street,Dry,"Two-Way, Not Divided",None,T-Intersection,Smooth Asphalt,Piedmont,Urban,30 - 35  MPH,Stop Sign,Clear,No,"35.894352, -78.635414"
747,748,Yes,50-59,58,No,With Traffic,B: Evident Injury,Travel Lane,White,Female,None - Rural Crash,Robeson,No,01-01-05,2010-10-01,Motorist Overtaking Bicyclist,11,Non-Intersection,01-10-01,0001-01-01T06:50:58-04:56,Motorist Overtaking - Misjudged Space,0,2010,B: Evident Injury,"Farms, Woods, Pastures",50-59,57,No,36-40 mph,O: No Injury,Native American,Female,Passenger Car,No,No,Daylight,Rural (<30% Developed),2 lanes,3,Curve - Level,State Secondary Route,Dry,"Two-Way, Not Divided",None,No Special Feature,Smooth Asphalt,Coastal,Rural,50 - 55  MPH,"Double Yellow Line, No Passing Zone",Clear,No,"34.62066, -78.95474"
749,750,Yes,50-59,51,No,Facing Traffic,C: Possible Injury,Travel Lane,Black,Male,Raleigh,Wake,No,01-01-03,2010-08-04,Head-On,17,Non-Intersection,01-08-01,0001-01-01T12:48:58-04:56,Head-On - Bicyclist,0,2010,C: Possible Injury,Commercial,25-29,25,No,0-5 mph,O: No Injury,White,Male,Passenger Car,No,No,Daylight,Urban (>70% Developed),2 lanes,2,Straight - Level,Local Street,Dry,"One-Way, Not Divided",None,No Special Feature,Smooth Asphalt,Piedmont,Urban,30 - 35  MPH,No Control Present,Clear,No,"35.743626, -78.64702"
751,752,No,25-29,29,No,Facing Traffic,O: No Injury,Sidewalk / Crosswalk / Driveway Crossing,White,Male,Raleigh,Wake,No,01-01-03,2010-09-01,Crossing Paths - Other Circumstances,14,Intersection-Related,01-09-01,0001-01-01T09:47:58-04:56,Signalized Intersection - Other /,0,2010,O: No Injury,Commercial,50-59,51,No,0-5 mph,O: No Injury,White,Male,"Light Truck (Mini-Van, Panel)",No,No,Daylight,Urban (>70% Developed),5 lanes,2,Straight - Level,Local Street,Dry,"Two-Way, Divided, Unprotected Median",None,No Special Feature,Smooth Asphalt,Piedmont,Urban,30 - 35  MPH,Stop And Go Signal,Clear,No,"35.789207, -78.67437"
763,764,Yes,50-59,55,Yes,With Traffic,C: Possible Injury,Bike Lane / Paved Shoulder,Hispanic,Male,None - Rural Crash,Granville,Yes,01-01-07,2010-10-10,Bicyclist Left Turn / Merge,18,Intersection,01-10-01,0001-01-01T13:53:58-04:56,Bicyclist Left Turn - Same Direction,0,2010,C: Possible Injury,"Farms, Woods, Pastures",30-39,37,Yes,46-50 mph,O: No Injury,White,Male,Passenger Car,No,No,Dark - Roadway Not Lighted,Rural (<30% Developed),2 lanes,2,Straight - Grade,NC Route,Dry,"Two-Way, Not Divided",None,No Special Feature,Smooth Asphalt,Piedmont,Rural,50 - 55  MPH,No Control Present,Clear,No,"36.14223, -78.57919"
765,766,Yes,30-39,31,No,With Traffic,C: Possible Injury,Travel Lane,White,Male,None - Rural Crash,Buncombe,No,01-01-04,2010-10-14,Motorist Overtaking Bicyclist,17,Intersection,01-10-01,0001-01-01T12:39:58-04:56,Motorist Overtaking - Misjudged Space,0,2010,C: Possible Injury,Residential,70,,No,31-35 mph,O: No Injury,White,Male,Pickup,No,No,Daylight,Urban (>70% Developed),2 lanes,2,Straight - Grade,State Secondary Route,Dry,"Two-Way, Not Divided",None,T-Intersection,Coarse Asphalt,Mountains,Rural,30 - 35  MPH,"Double Yellow Line, No Passing Zone",Clear,No,"35.56439, -82.67329"
771,772,Yes,40-49,46,No,Facing Traffic,C: Possible Injury,Sidewalk / Crosswalk / Driveway Crossing,/Missing,Female,Charlotte,Mecklenburg,No,01-01-03,2010-10-06,Motorist Failed to Yield - Midblock,16,Non-Intersection,01-10-01,0001-01-01T11:55:58-04:56,Motorist Drive Out - Commercial Driveway / Alley,0,2010,C: Possible Injury,Residential,50-59,59,No,0-5 mph,O: No Injury,Hispanic,Male,"Light Truck (Mini-Van, Panel)",No,No,Daylight,Urban (>70% Developed),4 lanes,2,Straight - Grade,Local Street,Dry,"Two-Way, Divided, Positive Median Barrier",None,No Special Feature,Smooth Asphalt,Piedmont,Urban,30 - 35  MPH,No Control Present,Clear,No,"35.19785, -80.761475"
775,776,No,40-49,45,No,With Traffic,C: Possible Injury,Bike Lane / Paved Shoulder,Black,Male,Greensboro,Guilford,No,01-01-04,2010-10-07,Motorist Right Turn / Merge,11,Non-Intersection,01-10-01,0001-01-01T06:45:58-04:56,Motorist Right Turn - Same Direction,0,2010,C: Possible Injury,Commercial,40-49,46,No,0-5 mph,O: No Injury,White,Male,Passenger Car,No,No,Daylight,Urban (>70% Developed),2 lanes,2,Straight - Level,Local Street,Dry,"Two-Way, Not Divided",None,Alley Intersection,Smooth Asphalt,Piedmont,Urban,30 - 35  MPH,No Control Present,Clear,No,"36.06382, -79.82162"
778,779,Yes,16-19,16,No,With Traffic,B: Evident Injury,Travel Lane,White,Male,None - Rural Crash,Union,No,01-01-03,2010-10-20,Bicyclist Left Turn / Merge,18,Intersection-Related,01-10-01,0001-01-01T13:38:58-04:56,Bicyclist Left Turn - Same Direction,0,2010,B: Evident Injury,"Farms, Woods, Pastures",40-49,45,No,41-45 mph,O: No Injury,White,Female,Van,No,No,Daylight,Rural (<30% Developed),2 lanes,2,Straight - Grade,State Secondary Route,Dry,"Two-Way, Not Divided",None,T-Intersection,Smooth Asphalt,Piedmont,Rural,40 - 45  MPH,"Double Yellow Line, No Passing Zone",Clear,No,"35.01665, -80.70914"
781,782,Yes,60-69,60,No,With Traffic,A: Disabling Injury,Travel Lane,White,Female,Wilmington,New Hanover,No,01-01-05,2010-10-08,Motorist Failed to Yield - Sign-Controlled Intersection,14,Intersection,01-10-01,0001-01-01T09:56:58-04:56,Motorist Drive Out - Sign-Controlled Intersection,0,2010,A: Disabling Injury,Commercial,30-39,33,No,0-5 mph,O: No Injury,Black,Female,Sport Utility,No,No,Daylight,Urban (>70% Developed),,2,Straight - Grade,Local Street,Dry,"Two-Way, Divided, Unprotected Median",None,T-Intersection,Smooth Asphalt,Coastal,Urban,40 - 45  MPH,Stop Sign,Clear,No,"34.197155, -77.92153"
782,783,Yes,50-59,52,No,With Traffic,C: Possible Injury,Travel Lane,Native American,Male,Lumberton,Robeson,No,01-01-04,2010-10-07,Motorist Overtaking Bicyclist,19,Intersection-Related,01-10-01,0001-01-01T14:34:58-04:56,Motorist Overtaking - Misjudged Space,0,2010,C: Possible Injury,"Farms, Woods, Pastures",30-39,38,No,31-35 mph,O: No Injury,Native American,Female,Sport Utility,No,No,Dark - Lighted Roadway,Rural (<30% Developed),,2,Straight - Level,State Secondary Route,Dry,"Two-Way, Not Divided",None,No Special Feature,Coarse Asphalt,Coastal,Urban,40 - 45  MPH,No Control Present,Clear,No,"34.69517, -79.01346"
787,788,Yes,30-39,31,No,With Traffic,C: Possible Injury,Sidewalk / Crosswalk / Driveway Crossing,Black,Male,Raleigh,Wake,No,01-01-03,2010-09-15,Crossing Paths - Other Circumstances,9,Intersection,01-09-01,0001-01-01T04:52:58-04:56,Crossing Paths - Intersection - Other /,0,2010,C: Possible Injury,Residential,50-59,54,No,0-5 mph,O: No Injury,Black,Male,Passenger Car,No,No,Daylight,Urban (>70% Developed),2 lanes,2,Straight - Level,Local Street,Dry,"Two-Way, Not Divided",None,T-Intersection,Smooth Asphalt,Piedmont,Urban,30 - 35  MPH,No Control Present,Clear,No,"35.78447, -78.63468"
789,790,No,40-49,47,No,,C: Possible Injury,,Black,Male,Gibsonville,Guilford,Yes,01-01-04,2010-10-14,Other /  - Insufficient Details,0,Non-Intersection,01-10-01,0000-12-31T19:33:58-04:56,Approach Paths,0,2010,C: Possible Injury,Residential,25-29,28,Yes,16-20 mph,O: No Injury,Black,Male,Passenger Car,No,No,Dark - Roadway Not Lighted,Urban (>70% Developed),2 lanes,2,Straight - Level,Local Street,Dry,"Two-Way, Not Divided",None,No Special Feature,Smooth Asphalt,Piedmont,Urban,30 - 35  MPH,No Control Present,Clear,No,"36.10054, -79.54199"
799,800,Yes,10-Jun,8,No,Not Applicable,A: Disabling Injury,Driveway / Alley,Black,Female,Charlotte,Mecklenburg,No,01-01-06,2010-10-16,Bicyclist Failed to Yield - Midblock,13,Non-Intersection,01-10-01,0001-01-01T09:01:58-04:56,Bicyclist Ride Out - Residential Driveway,0,2010,A: Disabling Injury,Residential,60-69,60,No,21-25 mph,O: No Injury,Black,Male,Passenger Car,No,No,Daylight,Urban (>70% Developed),2 lanes,2,Straight - Grade,Local Street,Dry,"Two-Way, Not Divided",None,No Special Feature,Smooth Asphalt,Piedmont,Urban,20 - 25  MPH,No Control Present,Clear,No,"35.214436, -80.87942"
800,801,Yes,15-Nov,15,No,With Traffic,B: Evident Injury,Travel Lane,White,Male,Mooresville,Iredell,No,01-01-03,2010-10-06,Crossing Paths - Other Circumstances,17,Intersection,01-10-01,0001-01-01T12:09:58-04:56,Crossing Paths - Uncontrolled Intersection,0,2010,B: Evident Injury,Commercial,60-69,62,No,31-35 mph,O: No Injury,White,Female,Sport Utility,No,No,Daylight,Urban (>70% Developed),2 lanes,2,Straight - Level,Local Street,Dry,"Two-Way, Not Divided",None,T-Intersection,Smooth Asphalt,Piedmont,Urban,30 - 35  MPH,No Control Present,Clear,No,"35.57993, -80.81658"
801,802,Yes,50-59,50,No,With Traffic,B: Evident Injury,Travel Lane,White,Male,Hickory,Catawba,No,01-01-03,2010-10-20,Motorist Right Turn / Merge,17,Non-Intersection,01-10-01,0001-01-01T12:18:58-04:56,Motorist Right Turn - Same Direction,0,2010,B: Evident Injury,Commercial,40-49,49,No,0-5 mph,O: No Injury,White,Female,Van,No,No,Daylight,Urban (>70% Developed),2 lanes,2,Straight - Level,Local Street,Dry,"Two-Way, Not Divided",None,No Special Feature,Smooth Asphalt,Piedmont,Urban,30 - 35  MPH,No Control Present,Clear,No,"35.769848, -81.32918"
807,808,Yes,16-19,18,No,With Traffic,B: Evident Injury,Travel Lane,Black,Male,High Point,Guilford,No,01-01-05,2010-10-22,Motorist Overtaking Bicyclist,17,Non-Intersection,01-10-01,0001-01-01T12:33:58-04:56,Motorist Overtaking - Other /,0,2010,B: Evident Injury,Residential,,,Missing,31-35 mph,Injury,/Missing,,,No,Yes,Dusk,Urban (>70% Developed),5 lanes,2,Straight - Level,Local Street,Dry,"Two-Way, Not Divided",None,No Special Feature,Coarse Asphalt,Piedmont,Urban,30 - 35  MPH,No Control Present,Clear,No,"35.941853, -80.00432"
810,811,Yes,60-69,64,No,With Traffic,C: Possible Injury,Travel Lane,Black,Male,Charlotte,Mecklenburg,No,01-01-03,2010-10-20,Motorist Right Turn / Merge,15,Intersection,01-10-01,0001-01-01T10:15:58-04:56,Motorist Right Turn on Red - Same Direction,0,2010,C: Possible Injury,Residential,25-29,26,No,11-15 mph,O: No Injury,White,Male,Van,No,No,Daylight,Urban (>70% Developed),4 lanes,2,Straight - Level,Local Street,Dry,"Two-Way, Not Divided",None,Four-Way Intersection,Smooth Asphalt,Piedmont,Urban,30 - 35  MPH,Stop And Go Signal,Clear,No,"35.27231, -80.85442"
825,826,No,40-49,45,No,Not Applicable,O: No Injury,Travel Lane,Black,Male,Wilson,Wilson,No,01-01-05,2010-10-15,Bicyclist Failed to Yield - Midblock,15,Non-Intersection,01-10-01,0001-01-01T10:52:58-04:56,Bicyclist Ride Out - Other Midblock,0,2010,O: No Injury,Residential,30-39,32,No,,Injury,White,Female,Sport Utility,No,No,Daylight,Urban (>70% Developed),3 lanes,2,Straight - Level,Local Street,Dry,"Two-Way, Not Divided",None,No Special Feature,Coarse Asphalt,Coastal,Urban,30 - 35  MPH,No Control Present,Clear,No,"35.73835, -77.91123"
827,828,No,20-24,22,No,With Traffic,O: No Injury,Travel Lane,Black,Male,Salisbury,Rowan,No,01-01-04,2010-10-28,Motorist Overtaking Bicyclist,18,Non-Intersection,01-10-01,0001-01-01T13:21:58-04:56,Motorist Overtaking - Other /,0,2010,O: No Injury,Residential,30-39,33,No,31-35 mph,O: No Injury,White,Male,Passenger Car,No,No,Daylight,Urban (>70% Developed),2 lanes,2,Straight - Level,Local Street,Dry,"Two-Way, Not Divided",None,"Driveway, Private",Coarse Asphalt,Piedmont,Urban,30 - 35  MPH,No Control Present,Clear,No,"35.67823, -80.45077"
830,831,Yes,15-Nov,14,No,Facing Traffic,B: Evident Injury,Travel Lane,Black,Male,Greensboro,Guilford,No,01-01-07,2010-10-24,Bicyclist Failed to Yield - Sign-Controlled Intersection,12,Intersection,01-10-01,0001-01-01T07:39:58-04:56,Bicyclist Ride Through - Sign-Controlled Intersection,0,2010,B: Evident Injury,Residential,70,,No,21-25 mph,O: No Injury,Native American,Male,Passenger Car,No,No,Daylight,Urban (>70% Developed),2 lanes,2,Straight - Hillcrest,Local Street,Dry,"Two-Way, Not Divided",None,No Special Feature,Coarse Asphalt,Piedmont,Urban,30 - 35  MPH,Stop Sign,Clear,No,"36.06304, -79.79098"
837,838,Yes,50-59,51,No,Facing Traffic,C: Possible Injury,Sidewalk / Crosswalk / Driveway Crossing,Black,Male,Raleigh,Wake,No,01-01-04,2010-10-07,Motorist Failed to Yield - Sign-Controlled Intersection,19,Intersection,01-10-01,0001-01-01T14:56:58-04:56,Motorist Drive Out - Sign-Controlled Intersection,0,2010,C: Possible Injury,Commercial,25-29,28,No,0-5 mph,O: No Injury,White,Male,Sport Utility,No,No,Dark - Lighted Roadway,Urban (>70% Developed),2 lanes,2,Straight - Level,Local Street,Dry,"Two-Way, Divided, Unprotected Median",None,T-Intersection,Smooth Asphalt,Piedmont,Urban,30 - 35  MPH,Stop Sign,Clear,No,"35.78412, -78.69533"
839,840,Yes,16-19,19,No,With Traffic,B: Evident Injury,Travel Lane,White,Female,Carolina Beach,New Hanover,Yes,01-01-04,2010-10-28,Motorist Failed to Yield - Midblock,20,Non-Intersection,01-10-01,0001-01-01T15:13:58-04:56,Motorist Drive Out - Other Midblock,0,2010,B: Evident Injury,Commercial,50-59,59,Yes,,O: No Injury,White,Male,Pickup,No,No,Dark - Lighted Roadway,Urban (>70% Developed),5 lanes,2,Straight - Level,US Route,Dry,"Two-Way, Not Divided",None,Shared-Use Paths Or Trails,Smooth Asphalt,Coastal,Urban,20 - 25  MPH,No Control Present,Cloudy,No,"34.032726, -77.89445"
842,843,Yes,16-19,17,No,Not Applicable,C: Possible Injury,Travel Lane,Black,Male,Kinston,Lenoir,No,01-01-05,2010-10-22,Crossing Paths - Other Circumstances,17,Intersection,01-10-01,0001-01-01T12:54:58-04:56,Crossing Paths - Intersection - Other /,0,2010,C: Possible Injury,Residential,70,,No,16-20 mph,O: No Injury,Black,Female,Van,No,Yes,Daylight,Urban (>70% Developed),2 lanes,2,Straight - Level,Local Street,Dry,"Two-Way, Not Divided",None,T-Intersection,Coarse Asphalt,Coastal,Urban,30 - 35  MPH,No Control Present,Clear,No,"35.262653, -77.57101"