FID,OBJECTID,AmbulanceR,BikeAge_Gr,Bike_Age,Bike_Alc_D,Bike_Dir,Bike_Injur,Bike_Pos,Bike_Race,Bike_Sex,City,County,CrashAlcoh,CrashDay,Crash_Date,Crash_Grp,Crash_Hour,Crash_Loc,Crash_Mont,Crash_Time,Crash_Type,Crash_Ty_1,Crash_Year,Crsh_Sevri,Developmen,DrvrAge_Gr,Drvr_Age,Drvr_Alc_D,Drvr_EstSp,Drvr_Injur,Drvr_Race,Drvr_Sex,Drvr_VehTy,ExcsSpdInd,Hit_Run,Light_Cond,Locality,Num_Lanes,Num_Units,Rd_Charact,Rd_Class,Rd_Conditi,Rd_Config,Rd_Defects,Rd_Feature,Rd_Surface,Region,Rural_Urba,Speed_Limi,Traff_Cntr,Weather,Workzone_I,Location
179,180,No,20-24,21,No,With Traffic,B: Evident Injury,Travel Lane,White,Male,None - Rural Crash,New Hanover,No,01-01-05,2011-04-29,Motorist Failed to Yield - Sign-Controlled Intersection,17,Intersection,01-04-01,0001-01-01T12:03:58-04:56,Motorist Drive Out - Sign-Controlled Intersection,111141,2011,B: Evident Injury,Residential,40-49,43,No,0-5 mph,O: No Injury,White,Female,Sport Utility,No,No,Daylight,Urban (>70% Developed),2 lanes,2,Straight - Level,State Secondary Route,Dry,"Two-Way, Not Divided",None,T-Intersection,Smooth Asphalt,Coastal,Rural,50 - 55  MPH,Stop Sign,Clear,No,"34.07349, -77.8953"
188,189,Yes,40-49,48,No,Facing Traffic,C: Possible Injury,Sidewalk / Crosswalk / Driveway Crossing,White,Male,Chapel Hill,Orange,No,01-01-05,2011-04-22,Bicyclist Failed to Yield - Signalized Intersection,16,Intersection,01-04-01,0001-01-01T11:05:58-04:56,Bicyclist Ride Out - Signalized  Intersection,132153,2011,C: Possible Injury,Commercial,40-49,43,No,0-5 mph,O: No Injury,White,Female,Van,No,No,Daylight,Urban (>70% Developed),5 lanes,2,Straight - Level,NC Route,Wet,"Two-Way, Divided, Unprotected Median",None,Four-Way Intersection,Smooth Asphalt,Piedmont,Urban,30 - 35  MPH,Stop And Go Signal,Rain,No,"35.96408, -79.0582"
192,193,Yes,40-49,49,No,Not Applicable,C: Possible Injury,Non-Roadway,Black,Female,Kinston,Lenoir,No,01-01-06,2011-04-30,Non-Roadway,15,Non-Roadway,01-04-01,0001-01-01T10:45:58-04:56,Non-Roadway,460910,2011,C: Possible Injury,Commercial,25-29,28,No,0-5 mph,O: No Injury,Black,Female,Passenger Car,No,No,Daylight,Urban (>70% Developed),1 lane,2,Straight - Level,Public Vehicular Area,Dry,"One-Way, Not Divided",None,"Driveway, Public",Smooth Asphalt,Coastal,Urban,20 - 25  MPH,No Control Present,Clear,No,"35.2792, -77.5755"
193,194,Yes,16-19,17,No,With Traffic,B: Evident Injury,Travel Lane,Black,Male,None - Rural Crash,Wake,No,01-01-04,2011-05-05,Bicyclist Left Turn / Merge,20,Non-Intersection,01-05-01,0001-01-01T15:27:58-04:56,Bicyclist Left Turn - Same Direction,311221,2011,B: Evident Injury,Residential,20-24,22,No,41-45 mph,O: No Injury,Black,Female,Passenger Car,No,No,Dusk,Rural (<30% Developed),2 lanes,2,Straight - Level,State Secondary Route,Dry,"Two-Way, Not Divided",None,No Special Feature,Smooth Asphalt,Piedmont,Rural,40 - 45  MPH,"Double Yellow Line, No Passing Zone",Clear,No,"35.85904, -78.5459"
204,205,Yes,60-69,65,No,With Traffic,C: Possible Injury,Travel Lane,Black,Male,None - Rural Crash,Greene,No,01-01-02,2011-05-10,Bicyclist Left Turn / Merge,14,Non-Intersection,01-05-01,0001-01-01T09:46:58-04:56,Bicyclist Left Turn - Same Direction,311221,2011,C: Possible Injury,"Farms, Woods, Pastures",50-59,57,No,51-55 mph,O: No Injury,Black,Female,Sport Utility,No,No,Daylight,Rural (<30% Developed),2 lanes,2,Straight - Level,US Route,Dry,"Two-Way, Not Divided",None,"Driveway, Public",Smooth Asphalt,Coastal,Rural,50 - 55  MPH,No Control Present,Clear,No,"35.39258, -77.6657"
205,206,Yes,0-5,5,No,,B: Evident Injury,Travel Lane,White,Male,Clayton,Johnston,No,01-01-02,2011-04-26,Bicyclist Failed to Yield - Midblock,18,Non-Intersection,01-04-01,0001-01-01T13:17:58-04:56,Bicyclist Ride Out - Other Midblock,319318,2011,B: Evident Injury,Residential,30-39,33,No,6-10 mph,O: No Injury,White,Male,Pickup,No,No,Daylight,Mixed (30% To 70% Developed),2 lanes,2,Straight - Level,Local Street,Dry,"Two-Way, Not Divided",None,No Special Feature,Smooth Asphalt,Coastal,Urban,20 - 25  MPH,No Control Present,Cloudy,No,"35.63418, -78.4405"
179,180,Yes,50-59,56,Yes,With Traffic,B: Evident Injury,Bike Lane / Paved Shoulder,Black,Male,None - Rural Crash,Richmond,Yes,01-01-04,2010-04-15,Motorist Overtaking Bicyclist,13,Non-Intersection,01-04-01,0001-01-01T08:03:58-04:56,Motorist Overtaking - Misjudged Space,0,2010,B: Evident Injury,Commercial,50-59,59,No,21-25 mph,O: No Injury,Black,Male,Passenger Car,No,No,Daylight,Urban (>70% Developed),2 lanes,2,Straight - Level,State Secondary Route,Dry,"Two-Way, Not Divided",None,No Special Feature,Coarse Asphalt,Piedmont,Rural,30 - 35  MPH,"Double Yellow Line, No Passing Zone",Clear,No,"35.04096, -79.54566"
182,183,Yes,16-19,17,No,Not Applicable,B: Evident Injury,Driveway / Alley,Black,Male,None - Rural Crash,Scotland,No,,2010-04-19,Bicyclist Failed to Yield - Midblock,20,Non-Intersection,01-04-01,0001-01-01T15:37:58-04:56,Bicyclist Ride Out - Commercial Driveway / Alley,0,2010,B: Evident Injury,Residential,70,,No,41-45 mph,O: No Injury,Native American,Male,Passenger Car,No,No,Dark - Roadway Not Lighted,Mixed (30% To 70% Developed),2 lanes,2,Straight - Level,State Secondary Route,Dry,"Two-Way, Not Divided",None,"Driveway, Public",Smooth Asphalt,Coastal,Rural,40 - 45  MPH,"Double Yellow Line, No Passing Zone",Clear,No,"34.8378, -79.36449"
188,189,Yes,0-5,5,No,Facing Traffic,B: Evident Injury,Sidewalk / Crosswalk / Driveway Crossing,Other,Male,Cary,Wake,No,01-01-06,2010-05-01,Bicyclist Failed to Yield - Sign-Controlled Intersection,18,Intersection,01-05-01,0001-01-01T13:39:58-04:56,Bicyclist Ride Out - Sign-Controlled Intersection,0,2010,B: Evident Injury,Commercial,50-59,52,No,6-10 mph,O: No Injury,White,Female,Sport Utility,No,No,Daylight,Urban (>70% Developed),,2,Straight - Level,Public Vehicular Area,Dry,"Two-Way, Not Divided",None,"Driveway, Public",Smooth Asphalt,Piedmont,Urban,20 - 25  MPH,Stop Sign,Clear,No,"35.789417, -78.82802"
189,190,Yes,16-19,18,No,With Traffic,B: Evident Injury,Travel Lane,Hispanic,Male,Durham,Durham,No,01-01-05,2010-04-30,Motorist Overtaking Bicyclist,15,Non-Intersection,01-04-01,0001-01-01T10:42:58-04:56,Motorist Overtaking - Bicyclist Swerved,0,2010,B: Evident Injury,Residential,20-24,21,No,26-30 mph,O: No Injury,Black,Female,Passenger Car,No,No,Daylight,Urban (>70% Developed),2 lanes,2,Straight - Level,Local Street,Dry,"Two-Way, Not Divided",None,No Special Feature,Coarse Asphalt,Piedmont,Urban,30 - 35  MPH,No Control Present,Clear,No,"36.000484, -78.865906"
191,192,No,15-Nov,14,No,With Traffic,C: Possible Injury,Travel Lane,Black,Male,None - Rural Crash,Guilford,No,01-01-03,2010-04-28,Bicyclist Left Turn / Merge,20,Non-Intersection,01-04-01,0001-01-01T15:03:58-04:56,Bicyclist Left Turn - Same Direction,0,2010,C: Possible Injury,"Farms, Woods, Pastures",,,No,0-5 mph,Injury,/Missing,,Passenger Car,No,Yes,Dusk,Rural (<30% Developed),2 lanes,2,Straight - Level,State Secondary Route,Dry,"Two-Way, Not Divided",None,No Special Feature,Smooth Asphalt,Piedmont,Rural,50 - 55  MPH,"Double Yellow Line, No Passing Zone",Clear,No,"36.10839, -79.632545"
211,212,No,,,Missing,Facing Traffic,Injury,Travel Lane,/Missing,,Raleigh,Wake,No,01-01-05,2010-04-16,Crossing Paths - Other Circumstances,19,Intersection,01-04-01,0001-01-01T14:45:58-04:56,Crossing Paths - Intersection - Other /,0,2010,O: No Injury,Residential,40-49,43,No,41-45 mph,O: No Injury,White,Female,Van,No,No,Dusk,Urban (>70% Developed),4 lanes,2,Straight - Hillcrest,Local Street,Dry,"Two-Way, Divided, Unprotected Median",None,No Special Feature,Smooth Asphalt,Piedmont,Urban,40 - 45  MPH,No Control Present,Clear,No,"35.944714, -78.55581"
215,216,No,20-24,22,No,With Traffic,B: Evident Injury,Travel Lane,White,Male,Raleigh,Wake,No,01-01-02,2010-04-06,Motorist Failed to Yield - Sign-Controlled Intersection,9,Intersection,01-04-01,0001-01-01T04:32:58-04:56,Motorist Drive Through - Sign-Controlled Intersection,0,2010,B: Evident Injury,Commercial,,,Missing,16-20 mph,Injury,/Missing,,,No,Yes,Daylight,Urban (>70% Developed),4 lanes,2,Straight - Hillcrest,Local Street,Dry,"Two-Way, Divided, Unprotected Median",None,T-Intersection,Coarse Asphalt,Piedmont,Urban,30 - 35  MPH,Stop Sign,Clear,No,"35.79091, -78.68005"
216,217,Yes,16-19,16,No,With Traffic,B: Evident Injury,Sidewalk / Crosswalk / Driveway Crossing,White,Male,Raleigh,Wake,No,01-01-03,2010-04-14,Parallel Paths - Other Circumstances,15,Intersection-Related,01-04-01,0001-01-01T10:03:58-04:56,Bicyclist Ride Out - Parallel Path,0,2010,B: Evident Injury,Residential,60-69,62,No,21-25 mph,O: No Injury,White,Male,Passenger Car,No,No,Daylight,Urban (>70% Developed),2 lanes,2,Straight - Level,Local Street,Dry,"Two-Way, Not Divided",None,No Special Feature,Concrete,Piedmont,Urban,30 - 35  MPH,No Control Present,Cloudy,No,"35.8515, -78.575485"
228,229,Yes,20-24,22,No,With Traffic,C: Possible Injury,Travel Lane,White,Male,None - Rural Crash,Orange,No,01-01-04,2010-04-29,Motorist Overtaking Bicyclist,16,Intersection,01-04-01,0001-01-01T11:41:58-04:56,Motorist Overtaking - Other /,0,2010,C: Possible Injury,"Farms, Woods, Pastures",,,No,41-45 mph,Injury,/Missing,,,No,Yes,Daylight,Rural (<30% Developed),2 lanes,2,Straight - Level,State Secondary Route,Dry,"Two-Way, Divided, Unprotected Median",None,Four-Way Intersection,Smooth Asphalt,Piedmont,Rural,40 - 45  MPH,"Double Yellow Line, No Passing Zone",Clear,No,"35.97213, -79.163185"
229,230,Yes,20-24,22,No,With Traffic,O: No Injury,Travel Lane,White,Male,Roxboro,Person,No,01-01-07,2010-04-18,Head-On,19,Intersection-Related,01-04-01,0001-01-01T14:33:58-04:56,Head-On - Motorist,0,2010,O: No Injury,Commercial,,,Missing,,Injury,/Missing,,,No,Yes,Dark - Lighted Roadway,Urban (>70% Developed),5 lanes,2,Straight - Level,US Route,Dry,"Two-Way, Not Divided",None,No Special Feature,Smooth Asphalt,Piedmont,Urban,,No Control Present,Clear,No,"36.392788, -78.98794"
232,233,Yes,15-Nov,15,No,With Traffic,B: Evident Injury,Travel Lane,White,Male,None - Rural Crash,Scotland,No,01-01-04,2010-05-13,Motorist Overtaking Bicyclist,14,Non-Intersection,01-05-01,0001-01-01T09:50:58-04:56,Motorist Overtaking - Other /,0,2010,B: Evident Injury,"Farms, Woods, Pastures",25-29,26,No,51-55 mph,O: No Injury,White,Female,Passenger Car,No,No,Daylight,Rural (<30% Developed),2 lanes,2,Straight - Level,NC Route,Dry,"Two-Way, Not Divided",None,No Special Feature,Smooth Asphalt,Coastal,Rural,50 - 55  MPH,No Control Present,Clear,No,"34.7769, -79.50063"
236,237,Yes,15-Nov,14,No,Not Applicable,B: Evident Injury,Sidewalk / Crosswalk / Driveway Crossing,White,Male,Charlotte,Mecklenburg,No,01-01-04,2010-05-06,Bicyclist Failed to Yield - Sign-Controlled Intersection,7,Intersection,01-05-01,0001-01-01T02:40:58-04:56,Bicyclist Ride Out - Sign-Controlled Intersection,0,2010,B: Evident Injury,Commercial,50-59,50,No,21-25 mph,O: No Injury,White,Female,Sport Utility,No,No,Daylight,Mixed (30% To 70% Developed),6 lanes,2,Straight - Level,Local Street,Dry,"Two-Way, Not Divided",None,Four-Way Intersection,Smooth Asphalt,Piedmont,Urban,30 - 35  MPH,Stop And Go Signal,Clear,No,"35.064114, -80.77425"
239,240,No,15-Nov,14,No,Not Applicable,O: No Injury,Travel Lane,White,Female,Pittsboro,Chatham,No,01-01-06,2010-04-03,Bicyclist Failed to Yield - Midblock,15,Non-Intersection,01-04-01,0001-01-01T10:15:58-04:56,Bicyclist Ride Out - Other Midblock,0,2010,C: Possible Injury,Commercial,50-59,57,No,21-25 mph,C: Possible Injury,White,Male,Motorcycle,No,No,Daylight,Urban (>70% Developed),2 lanes,2,Straight - Level,Local Street,Dry,"Two-Way, Not Divided",None,No Special Feature,Smooth Asphalt,Piedmont,Rural,40 - 45  MPH,No Control Present,Clear,Yes,"35.722057, -79.1868"
244,245,Yes,0-5,4,No,With Traffic,O: No Injury,Travel Lane,Black,Female,Gastonia,Gaston,No,01-01-03,2010-05-05,Head-On,15,Non-Intersection,01-05-01,0001-01-01T10:52:58-04:56,Head-On - Bicyclist,0,2010,B: Evident Injury,Residential,0-19,18,No,16-20 mph,B: Evident Injury,Hispanic,Female,Passenger Car,No,No,Daylight,Urban (>70% Developed),2 lanes,2,Straight - Level,Local Street,Dry,"Two-Way, Not Divided",None,"Driveway, Public",Smooth Asphalt,Piedmont,Urban,20 - 25  MPH,No Control Present,Clear,No,"35.236496, -81.21694"
245,246,Yes,30-39,37,No,With Traffic,B: Evident Injury,Travel Lane,White,Male,High Point,Guilford,No,,2010-04-26,Motorist Left Turn / Merge,17,Intersection,01-04-01,0001-01-01T12:20:58-04:56,Motorist Left Turn - Opposite Direction,0,2010,B: Evident Injury,Residential,60-69,60,No,6-10 mph,O: No Injury,White,Male,Pickup,No,No,Daylight,Mixed (30% To 70% Developed),2 lanes,2,Straight - Level,Local Street,Dry,"Two-Way, Not Divided",None,Four-Way Intersection,Coarse Asphalt,Piedmont,Urban,40 - 45  MPH,Stop Sign,Cloudy,No,"35.95659, -79.92972"
253,254,No,10-Jun,7,No,Facing Traffic,B: Evident Injury,Travel Lane,Hispanic,Female,Burlington,Alamance,No,01-01-05,2010-05-07,Bicyclist Right Turn / Merge,18,Non-Intersection,01-05-01,0001-01-01T13:18:58-04:56,Bicyclist Right Turn - Same Direction,0,2010,B: Evident Injury,Residential,0-19,17,No,16-20 mph,O: No Injury,Black,Female,Passenger Car,No,No,Daylight,Urban (>70% Developed),1 lane,2,Straight - Level,Local Street,Dry,"Two-Way, Not Divided",None,No Special Feature,Smooth Asphalt,Piedmont,Urban,30 - 35  MPH,No Control Present,Clear,No,"36.0948, -79.42722"
53,54,Yes,40-49,47,No,Not Applicable,C: Possible Injury,Non-Roadway,Black,Male,Hickory,Catawba,No,,2012-02-06,Crossing Paths - Other Circumstances,18,Intersection,01-02-01,0001-01-01T13:51:58-04:56,Signalized Intersection - Other /,,2012,C: Possible Injury,Commercial,,,No,,Injury,/Missing,,,No,Yes,Dark - Lighted Roadway,Urban (>70% Developed),5 lanes,2,Straight - Grade,Local Street,,"Two-Way, Divided, Unprotected Median",,No Special Feature,Smooth Asphalt,Piedmont,Urban,30 - 35  MPH,Stop And Go Signal,Clear,No,"35.70558, -81.2936"
57,58,Yes,25-29,25,No,Facing Traffic,C: Possible Injury,Travel Lane,Black,Male,Charlotte,Mecklenburg,No,,2012-02-27,Crossing Paths - Other Circumstances,10,Intersection,01-02-01,0001-01-01T05:44:58-04:56,Signalized Intersection - Other /,,2012,C: Possible Injury,Commercial,50-59,50,No,0-5 mph,O: No Injury,Black,Male,Truck/Tractor,No,No,Daylight,Urban (>70% Developed),4 lanes,2,Straight - Level,Local Street,Wet,"Two-Way, Not Divided",None,T-Intersection,Smooth Asphalt,Piedmont,Urban,30 - 35  MPH,Stop And Go Signal,Rain,No,"35.25198, -80.8104"
66,67,Yes,16-19,18,No,Facing Traffic,B: Evident Injury,Sidewalk / Crosswalk / Driveway Crossing,Hispanic,Male,Charlotte,Mecklenburg,No,01-01-04,2012-03-01,Motorist Failed to Yield - Sign-Controlled Intersection,15,Intersection,01-03-01,0001-01-01T10:37:58-04:56,Motorist Drive Out - Sign-Controlled Intersection,,2012,B: Evident Injury,Residential,25-29,26,No,,O: No Injury,Black,Female,School Bus,No,No,Daylight,Urban (>70% Developed),2 lanes,2,Straight - Grade,Local Street,Dry,"Two-Way, Divided, Unprotected Median",None,No Special Feature,Smooth Asphalt,Piedmont,Urban,20 - 25  MPH,Stop Sign,Clear,No,"35.24945, -80.7724"
88,89,No,20-24,20,No,With Traffic,O: No Injury,Sidewalk / Crosswalk / Driveway Crossing,/Missing,Male,Greensboro,Guilford,No,01-01-04,2012-02-23,Motorist Left Turn / Merge,10,Intersection,01-02-01,0001-01-01T05:56:58-04:56,Motorist Left Turn - Opposite Direction,,2012,O: No Injury,Institutional,,,Missing,,Injury,/Missing,,,No,Yes,Daylight,Urban (>70% Developed),,2,Straight - Level,Local Street,Dry,"Two-Way, Not Divided",None,No Special Feature,Smooth Asphalt,Piedmont,Urban,,Stop And Go Signal,Clear,No,"36.06642, -79.8055"
91,92,Yes,0-5,4,No,Not Applicable,B: Evident Injury,Bike Lane / Paved Shoulder,Hispanic,Male,None - Rural Crash,Wake,No,01-01-04,2012-03-15,Bicyclist Failed to Yield - Midblock,18,Non-Intersection,01-03-01,0001-01-01T13:08:58-04:56,Bicyclist Ride Out - Other Midblock,,2012,B: Evident Injury,Residential,50-59,55,No,16-20 mph,O: No Injury,White,Male,Passenger Car,No,No,Daylight,Urban (>70% Developed),2 lanes,2,Straight - Grade,Local Street,Dry,"Two-Way, Not Divided",None,No Special Feature,Coarse Asphalt,Piedmont,Rural,5 - 15 MPH,No Control Present,Clear,No,"35.84307, -78.4144"
92,93,No,16-19,18,No,With Traffic,C: Possible Injury,Travel Lane,White,Male,Boone,Watauga,No,01-01-04,2012-03-01,Bicyclist Overtaking Motorist,16,Non-Intersection,01-03-01,0001-01-01T11:23:58-04:56,Bicyclist Overtaking - Other /,,2012,C: Possible Injury,Commercial,50-59,51,No,16-20 mph,O: No Injury,White,Female,Passenger Car,No,No,Daylight,Urban (>70% Developed),2 lanes,2,Straight - Level,Local Street,Dry,"Two-Way, Not Divided",None,No Special Feature,Smooth Asphalt,Mountains,Urban,20 - 25  MPH,"Double Yellow Line, No Passing Zone",Clear,No,"36.19885, -81.6695"
94,95,Yes,30-39,30,No,With Traffic,B: Evident Injury,Travel Lane,White,Male,Durham,Durham,No,01-01-07,2012-03-18,Motorist Left Turn / Merge,20,Intersection,01-03-01,0001-01-01T16:02:58-04:56,Motorist Left Turn - Opposite Direction,,2012,B: Evident Injury,Residential,,,Missing,6-10 mph,Injury,/Missing,,Passenger Car,No,Yes,Dark - Lighted Roadway,Urban (>70% Developed),4 lanes,2,Straight - Level,Local Street,Dry,"Two-Way, Not Divided",None,No Special Feature,Smooth Asphalt,Piedmont,Urban,30 - 35  MPH,Stop And Go Signal,Clear,No,"36.01652, -78.9364"
95,96,Yes,60-69,61,No,Facing Traffic,C: Possible Injury,Travel Lane,Black,Male,Greensboro,Guilford,No,01-01-02,2012-02-21,Loss of Control / Turning Error,18,Intersection,01-02-01,0001-01-01T13:04:58-04:56,Motorist Turning Error - Other,,2012,C: Possible Injury,Residential,60-69,62,No,0-5 mph,O: No Injury,White,Male,Pickup,No,No,Daylight,Urban (>70% Developed),2 lanes,2,Straight - Grade,Local Street,Dry,"Two-Way, Not Divided",None,T-Intersection,Smooth Asphalt,Piedmont,Urban,30 - 35  MPH,Stop Sign,Clear,No,"36.07525, -79.765"
96,97,Yes,20-24,20,No,Not Applicable,B: Evident Injury,Travel Lane,White,Female,Elon College,Alamance,No,01-01-02,2012-02-28,Non-Roadway,12,Non-Roadway,01-02-01,0001-01-01T07:08:58-04:56,Non-Roadway,,2012,B: Evident Injury,Institutional,0-19,18,No,6-10 mph,O: No Injury,White,Male,Passenger Car,No,No,Daylight,Urban (>70% Developed),,2,Straight - Level,Public Vehicular Area,Dry,"Two-Way, Not Divided",None,No Special Feature,Smooth Asphalt,Piedmont,Urban,20 - 25  MPH,No Control Present,Clear,No,"36.10485, -79.5044"
99,100,No,16-19,16,No,Not Applicable,Injury,Travel Lane,/Missing,,Swansboro,Onslow,No,,2012-02-27,Bicyclist Failed to Yield - Midblock,14,Non-Intersection,01-02-01,0001-01-01T09:53:58-04:56,Bicyclist Ride Out - Other Midblock,,2012,O: No Injury,Commercial,70,70,No,26-30 mph,O: No Injury,White,Female,Passenger Car,No,No,Daylight,Urban (>70% Developed),3 lanes,2,Straight - Level,State Secondary Route,Dry,"Two-Way, Divided, Unprotected Median",None,No Special Feature,Smooth Asphalt,Coastal,Rural,30 - 35  MPH,No Control Present,Clear,No,"34.70283, -77.1553"
100,101,No,,0,Yes,With Traffic,Injury,Travel Lane,/Missing,,Pinehurst,Moore,Yes,01-01-02,2012-02-28,Motorist Failed to Yield - Sign-Controlled Intersection,7,Intersection,01-02-01,0001-01-01T02:13:58-04:56,Motorist Drive Out - Sign-Controlled Intersection,,2012,O: No Injury,Residential,60-69,63,No,6-10 mph,O: No Injury,White,Male,Pickup,No,No,Daylight,Mixed (30% To 70% Developed),2 lanes,2,Straight - Level,NC Route,Dry,"Two-Way, Not Divided",None,T-Intersection,Smooth Asphalt,Piedmont,Urban,30 - 35  MPH,Stop Sign,Clear,No,"35.19116, -79.4722"
120,121,Yes,30-39,31,No,With Traffic,B: Evident Injury,Travel Lane,White,Male,None - Rural Crash,Alamance,No,01-01-04,2012-03-22,Loss of Control / Turning Error,14,Non-Intersection,01-03-01,0001-01-01T09:56:58-04:56,Motorist Lost Control - Other /,,2012,B: Evident Injury,"Farms, Woods, Pastures",,,No,41-45 mph,Injury,/Missing,,,No,Yes,Daylight,Rural (<30% Developed),2 lanes,2,Straight - Level,State Secondary Route,Dry,"Two-Way, Not Divided",None,No Special Feature,Smooth Asphalt,Piedmont,Rural,40 - 45  MPH,"Double Yellow Line, No Passing Zone",Clear,No,"36.05846, -79.293"
141,142,Yes,50-59,54,No,With Traffic,B: Evident Injury,Travel Lane,Black,Male,Rocky Mount,Nash,No,01-01-02,2012-03-06,Motorist Overtaking Bicyclist,7,Intersection-Related,01-03-01,0001-01-01T02:57:58-04:56,Motorist Overtaking - Misjudged Space,,2012,B: Evident Injury,Residential,25-29,27,No,6-10 mph,O: No Injury,Hispanic,Male,Van,No,No,Daylight,Urban (>70% Developed),2 lanes,2,Straight - Level,Local Street,Dry,"Two-Way, Not Divided",None,No Special Feature,Coarse Asphalt,Coastal,Urban,40 - 45  MPH,No Control Present,Clear,No,"35.95609, -77.872"
158,159,No,20-24,22,No,Facing Traffic,O: No Injury,Sidewalk / Crosswalk / Driveway Crossing,White,Male,Raleigh,Wake,No,01-01-02,2012-03-27,Motorist Failed to Yield - Signalized Intersection,4,Intersection,01-03-01,0000-12-31T23:10:58-04:56,Motorist Drive Out - Right Turn on Red,,2012,O: No Injury,Commercial,,,Missing,11-15 mph,Injury,/Missing,,,No,Yes,Dusk,Mixed (30% To 70% Developed),3 lanes,2,Straight - Level,Local Street,Dry,"Two-Way, Not Divided",None,No Special Feature,Coarse Asphalt,Piedmont,Urban,20 - 25  MPH,Stop And Go Signal,Clear,No,"35.78481, -78.6896"
159,160,Yes,15-Nov,11,No,Facing Traffic,C: Possible Injury,Travel Lane,Black,Female,Raleigh,Wake,No,,2012-04-09,Motorist Left Turn / Merge,20,Intersection,01-04-01,0001-01-01T15:30:58-04:56,Motorist Left Turn - Same Direction,,2012,C: Possible Injury,Commercial,60-69,64,No,0-5 mph,O: No Injury,White,Female,Passenger Car,No,No,Dark - Roadway Not Lighted,Urban (>70% Developed),2 lanes,2,Straight - Level,Local Street,Dry,"Two-Way, Not Divided",None,No Special Feature,Smooth Asphalt,Piedmont,Urban,40 - 45  MPH,No Control Present,Clear,No,"35.84813, -78.6444"
162,163,Yes,30-39,30,No,Facing Traffic,C: Possible Injury,Sidewalk / Crosswalk / Driveway Crossing,Black,Male,None - Rural Crash,Guilford,No,01-01-02,2012-03-27,Bicyclist Failed to Yield - Signalized Intersection,17,Intersection,01-03-01,0001-01-01T12:08:58-04:56,Bicyclist Ride Through - Signalized Intersection,,2012,C: Possible Injury,Residential,40-49,40,No,0-5 mph,O: No Injury,Black,Female,Sport Utility,No,No,Daylight,Urban (>70% Developed),8 lanes,2,Straight - Level,Local Street,Dry,"Two-Way, Divided, Unprotected Median",None,Four-Way Intersection,Smooth Asphalt,Piedmont,Rural,5 - 15 MPH,Stop And Go Signal,Clear,No,"36.08503, -79.7567"
164,165,No,10-Jun,7,No,Not Applicable,B: Evident Injury,Non-Roadway,Hispanic,Male,Raleigh,Wake,No,01-01-04,2012-04-12,Non-Roadway,18,Non-Roadway,01-04-01,0001-01-01T13:23:58-04:56,Non-Roadway,,2012,B: Evident Injury,Residential,30-39,34,No,0-5 mph,O: No Injury,White,Female,Passenger Car,No,No,Daylight,Urban (>70% Developed),,2,Straight - Grade,Public Vehicular Area,Dry,"Two-Way, Not Divided",None,T-Intersection,Smooth Asphalt,Piedmont,Urban,5 - 15 MPH,No Control Present,Clear,No,"35.87593, -78.7289"
166,167,No,16-19,18,No,Not Applicable,C: Possible Injury,Non-Roadway,Black,Male,Kinston,Lenoir,No,01-01-05,2012-04-13,Crossing Paths - Other Circumstances,12,Intersection-Related,01-04-01,0001-01-01T07:45:58-04:56,Crossing Paths - Uncontrolled Intersection,,2012,C: Possible Injury,Commercial,40-49,46,No,6-10 mph,C: Possible Injury,Black,Female,Passenger Car,No,No,Daylight,Urban (>70% Developed),2 lanes,2,Straight - Level,Local Street,Dry,"Two-Way, Not Divided",None,No Special Feature,Coarse Asphalt,Coastal,Urban,30 - 35  MPH,No Control Present,Clear,No,"35.2687, -77.5831"
171,172,Yes,20-24,23,No,With Traffic,B: Evident Injury,Bike Lane / Paved Shoulder,White,Male,None - Rural Crash,Orange,No,01-01-02,2012-04-10,Motorist Overtaking Bicyclist,9,Non-Intersection,01-04-01,0001-01-01T04:55:58-04:56,Motorist Overtaking - Other /,,2012,B: Evident Injury,Residential,,,No,31-35 mph,Injury,/Missing,,,No,Yes,Daylight,Rural (<30% Developed),2 lanes,2,Curve - Level,Local Street,Dry,"Two-Way, Not Divided",,No Special Feature,Smooth Asphalt,Piedmont,Rural,30 - 35  MPH,No Control Present,Clear,No,"35.92787, -79.0676"
173,174,Yes,60-69,60,No,With Traffic,C: Possible Injury,Travel Lane,Hispanic,Male,Raleigh,Wake,No,,2012-04-16,Motorist Failed to Yield - Signalized Intersection,6,Intersection,01-04-01,0001-01-01T01:45:58-04:56,Motorist Drive Out - Right Turn on Red,,2012,C: Possible Injury,Residential,50-59,51,No,0-5 mph,O: No Injury,Black,Female,Passenger Car,No,No,Daylight,Mixed (30% To 70% Developed),6 lanes,2,Straight - Level,Local Street,Dry,"Two-Way, Not Divided",None,No Special Feature,Coarse Asphalt,Piedmont,Urban,40 - 45  MPH,Stop And Go Signal,Clear,No,"35.82179, -78.5692"
186,187,Yes,50-59,57,No,With Traffic,B: Evident Injury,Bike Lane / Paved Shoulder,White,Male,Wilmington,New Hanover,No,01-01-04,2012-03-29,Motorist Failed to Yield - Midblock,18,Non-Intersection,01-03-01,0001-01-01T13:35:58-04:56,Motorist Drive Out - Commercial Driveway / Alley,,2012,B: Evident Injury,Commercial,30-39,34,No,16-20 mph,O: No Injury,White,Male,Passenger Car,No,No,Daylight,Urban (>70% Developed),3 lanes,2,Straight - Level,Local Street,Dry,"Two-Way, Not Divided",None,No Special Feature,Smooth Asphalt,Coastal,Urban,40 - 45  MPH,No Control Present,Clear,No,"34.22022, -77.8216"