FID,OBJECTID,AmbulanceR,BikeAge_Gr,Bike_Age,Bike_Alc_D,Bike_Dir,Bike_Injur,Bike_Pos,Bike_Race,Bike_Sex,City,County,CrashAlcoh,CrashDay,Crash_Date,Crash_Grp,Crash_Hour,Crash_Loc,Crash_Mont,Crash_Time,Crash_Type,Crash_Ty_1,Crash_Year,Crsh_Sevri,Developmen,DrvrAge_Gr,Drvr_Age,Drvr_Alc_D,Drvr_EstSp,Drvr_Injur,Drvr_Race,Drvr_Sex,Drvr_VehTy,ExcsSpdInd,Hit_Run,Light_Cond,Locality,Num_Lanes,Num_Units,Rd_Charact,Rd_Class,Rd_Conditi,Rd_Config,Rd_Defects,Rd_Feature,Rd_Surface,Region,Rural_Urba,Speed_Limi,Traff_Cntr,Weather,Workzone_I,Location
187,188,No,15-Nov,13,No,Facing Traffic,C: Possible Injury,Travel Lane,White,Male,Cary,Wake,No,01-01-03,2012-04-04,Motorist Overtaking Bicyclist,16,Non-Intersection,01-04-01,0001-01-01T11:28:58-04:56,Motorist Overtaking - Bicyclist Swerved,,2012,C: Possible Injury,Residential,,,Missing,,Injury,/Missing,,,No,Yes,Daylight,Urban (>70% Developed),2 lanes,2,Straight - Level,Local Street,Dry,"Two-Way, Not Divided",None,No Special Feature,Smooth Asphalt,Piedmont,Urban,20 - 25  MPH,No Control Present,Clear,No,"35.77365, -78.8423"
189,190,No,40-49,42,No,With Traffic,B: Evident Injury,Travel Lane,Black,Male,Kinston,Lenoir,No,01-01-05,2012-04-20,Motorist Overtaking Bicyclist,20,Intersection,01-04-01,0001-01-01T15:03:58-04:56,Motorist Overtaking - Misjudged Space,,2012,B: Evident Injury,Residential,,,Missing,31-35 mph,Injury,/Missing,,Passenger Car,No,Yes,Dark - Lighted Roadway,Urban (>70% Developed),4 lanes,2,Straight - Level,Local Street,Dry,"Two-Way, Not Divided",None,T-Intersection,Coarse Asphalt,Coastal,Urban,30 - 35  MPH,Stop And Go Signal,Clear,No,"35.27833, -77.5756"
200,201,No,25-29,28,No,With Traffic,C: Possible Injury,Bike Lane / Paved Shoulder,Asian,Male,Greensboro,Guilford,No,,2012-04-02,Motorist Left Turn / Merge,19,Intersection,01-04-01,0001-01-01T14:42:58-04:56,Motorist Left Turn - Opposite Direction,,2012,C: Possible Injury,Commercial,20-24,21,No,6-10 mph,O: No Injury,White,Female,Passenger Car,No,No,Daylight,Urban (>70% Developed),2 lanes,2,Straight - Level,Local Street,Dry,"Two-Way, Not Divided",None,Four-Way Intersection,Smooth Asphalt,Piedmont,Urban,30 - 35  MPH,Stop And Go Signal,Clear,No,"36.06374, -79.8239"
201,202,No,16-19,17,No,With Traffic,B: Evident Injury,Travel Lane,Black,Male,None - Rural Crash,Hertford,No,01-01-03,2012-04-04,Motorist Overtaking Bicyclist,21,Non-Intersection,01-04-01,0001-01-01T16:24:58-04:56,Motorist Overtaking - Other /,,2012,B: Evident Injury,"Farms, Woods, Pastures",25-29,29,No,21-25 mph,O: No Injury,Black,Male,Passenger Car,No,No,Dark - Roadway Not Lighted,Rural (<30% Developed),2 lanes,2,Straight - Level,State Secondary Route,Dry,"Two-Way, Not Divided",None,No Special Feature,Coarse Asphalt,Coastal,Rural,50 - 55  MPH,No Control Present,Cloudy,No,"36.30174, -76.9589"
204,205,Yes,40-49,45,No,With Traffic,B: Evident Injury,Travel Lane,White,Male,Stallings,Union,No,01-01-06,2012-04-07,Motorist Left Turn / Merge,3,Non-Intersection,01-04-01,0000-12-31T22:51:58-04:56,Motorist Left Turn - Opposite Direction,,2012,B: Evident Injury,Residential,50-59,59,No,6-10 mph,O: No Injury,White,Female,Passenger Car,No,No,Daylight,Mixed (30% To 70% Developed),2 lanes,2,Curve - Hillcrest,Local Street,Dry,"Two-Way, Not Divided",None,No Special Feature,Smooth Asphalt,Piedmont,Urban,40 - 45  MPH,No Control Present,Clear,No,"35.10617, -80.6747"
205,206,No,,0,No,With Traffic,Injury,Travel Lane,/Missing,,None - Rural Crash,Rockingham,No,,2012-04-23,Motorist Overtaking Bicyclist,22,Non-Intersection,01-04-01,0001-01-01T17:07:58-04:56,Motorist Overtaking - Misjudged Space,,2012,O: No Injury,"Farms, Woods, Pastures",40-49,40,No,41-45 mph,O: No Injury,White,Female,Passenger Car,No,No,Dark - Roadway Not Lighted,Rural (<30% Developed),2 lanes,2,Straight - Level,NC Route,Dry,"Two-Way, Not Divided",None,No Special Feature,Smooth Asphalt,Piedmont,Rural,40 - 45  MPH,"Double Yellow Line, No Passing Zone",Clear,No,"36.35368, -79.6926"
206,207,Yes,15-Nov,13,No,With Traffic,C: Possible Injury,Travel Lane,White,Female,Morehead City,Carteret,No,01-01-04,2012-04-12,Crossing Paths - Other Circumstances,16,Intersection,01-04-01,0001-01-01T11:19:58-04:56,Crossing Paths - Intersection - Other /,,2012,C: Possible Injury,Commercial,40-49,43,No,31-35 mph,O: No Injury,White,Female,Passenger Car,No,No,Other,Urban (>70% Developed),4 lanes,3,Straight - Level,Local Street,Dry,"Two-Way, Divided, Unprotected Median",None,T-Intersection,Coarse Asphalt,Coastal,Urban,30 - 35  MPH,No Control Present,Clear,No,"34.72716, -76.7509"
207,208,No,50-59,51,No,With Traffic,C: Possible Injury,Travel Lane,White,Female,Asheville,Buncombe,No,01-01-07,2012-04-15,Motorist Failed to Yield - Sign-Controlled Intersection,13,Intersection,01-04-01,0001-01-01T08:17:58-04:56,Motorist Drive Out - Sign-Controlled Intersection,,2012,C: Possible Injury,Residential,30-39,36,No,0-5 mph,O: No Injury,White,Female,Passenger Car,No,No,Daylight,Urban (>70% Developed),2 lanes,2,Straight - Level,Local Street,Dry,"Two-Way, Not Divided",None,T-Intersection,Smooth Asphalt,Mountains,Urban,20 - 25  MPH,Stop Sign,Clear,No,"35.60994, -82.546"
208,209,Yes,16-19,19,No,With Traffic,B: Evident Injury,Travel Lane,White,Male,Mount Olive,Wayne,No,01-01-05,2012-04-27,Bicyclist Failed to Yield - Sign-Controlled Intersection,12,Intersection,01-04-01,0001-01-01T07:16:58-04:56,Bicyclist Ride Through - Sign-Controlled Intersection,,2012,B: Evident Injury,Residential,40-49,42,No,26-30 mph,O: No Injury,White,Male,Police,No,No,Daylight,Urban (>70% Developed),2 lanes,2,Straight - Level,Local Street,Dry,"Two-Way, Not Divided",None,Four-Way Intersection,Coarse Asphalt,Coastal,Rural,30 - 35  MPH,Flashing Signal With Stop Sign,Clear,No,"35.19722, -78.0626"
211,212,Yes,40-49,42,No,With Traffic,B: Evident Injury,Travel Lane,White,Male,None - Rural Crash,Wake,No,01-01-05,2012-04-27,Motorist Left Turn / Merge,13,Intersection,01-04-01,0001-01-01T08:10:58-04:56,Motorist Left Turn - Opposite Direction,,2012,B: Evident Injury,Residential,30-39,39,No,16-20 mph,O: No Injury,White,Male,Passenger Car,No,No,Daylight,Urban (>70% Developed),2 lanes,2,Curve - Level,State Secondary Route,Dry,"Two-Way, Not Divided",None,T-Intersection,Coarse Asphalt,Piedmont,Rural,40 - 45  MPH,"Double Yellow Line, No Passing Zone",Clear,No,"35.63449, -78.6713"
212,213,No,40-49,42,No,With Traffic,O: No Injury,Travel Lane,White,Male,None - Rural Crash,Cleveland,No,01-01-04,2012-04-26,Motorist Right Turn / Merge,18,Intersection,01-04-01,0001-01-01T13:13:58-04:56,Motorist Right Turn - Same Direction,,2012,O: No Injury,"Farms, Woods, Pastures",30-39,38,No,36-40 mph,O: No Injury,White,Female,Sport Utility,No,No,Daylight,Rural (<30% Developed),2 lanes,2,Straight - Level,State Secondary Route,Dry,"Two-Way, Not Divided",None,T-Intersection,Smooth Asphalt,Mountains,Rural,40 - 45  MPH,"Double Yellow Line, No Passing Zone",Clear,No,"35.32547, -81.6214"
214,215,No,50-59,50,No,Not Applicable,C: Possible Injury,Non-Roadway,White,Male,Wilmington,New Hanover,No,01-01-03,2012-04-18,Non-Roadway,15,Non-Roadway,01-04-01,0001-01-01T10:54:58-04:56,Non-Roadway,,2012,C: Possible Injury,Commercial,50-59,56,No,,O: No Injury,White,Female,Passenger Car,No,No,Daylight,Urban (>70% Developed),,2,Straight - Level,Public Vehicular Area,Dry,"Two-Way, Not Divided",None,No Special Feature,Coarse Asphalt,Coastal,Urban,30 - 35  MPH,Stop Sign,Clear,No,"34.2339, -77.8769"
216,217,Yes,50-59,54,No,With Traffic,B: Evident Injury,Travel Lane,Black,Male,Wilmington,New Hanover,No,01-01-05,2012-04-20,Crossing Paths - Other Circumstances,18,Intersection,01-04-01,0001-01-01T13:54:58-04:56,Sign-Controlled Intersection - Other /,,2012,B: Evident Injury,Residential,30-39,32,No,21-25 mph,O: No Injury,Black,Male,Pickup,No,No,Daylight,Urban (>70% Developed),3 lanes,2,Straight - Level,Local Street,Dry,"One-Way, Not Divided",None,No Special Feature,Coarse Asphalt,Coastal,Urban,30 - 35  MPH,Stop Sign,Clear,No,"34.22648, -77.933"
220,221,Yes,20-24,20,No,With Traffic,C: Possible Injury,Travel Lane,White,Male,Greensboro,Guilford,No,01-01-04,2012-04-12,Bicyclist Failed to Yield - Signalized Intersection,13,Intersection,01-04-01,0001-01-01T08:18:58-04:56,Bicyclist Ride Through - Signalized Intersection,,2012,C: Possible Injury,Residential,40-49,46,No,0-5 mph,O: No Injury,Black,Male,Passenger Car,No,No,Daylight,Urban (>70% Developed),5 lanes,2,Straight - Level,Local Street,Dry,"Two-Way, Divided, Unprotected Median",None,Four-Way Intersection,Smooth Asphalt,Piedmont,Urban,30 - 35  MPH,Stop And Go Signal,Clear,No,"36.11319, -79.7755"
222,223,No,,0,Missing,With Traffic,Injury,Travel Lane,/Missing,,Winston-Salem,Forsyth,No,01-01-03,2012-04-18,Motorist Overtaking Bicyclist,20,Intersection-Related,01-04-01,0001-01-01T16:00:58-04:56,Motorist Overtaking - Other /,,2012,O: No Injury,Residential,70,70,No,31-35 mph,O: No Injury,White,Male,Passenger Car,No,No,Dark - Roadway Not Lighted,Mixed (30% To 70% Developed),2 lanes,2,Straight - Level,Local Street,Wet,"Two-Way, Divided, Unprotected Median",None,No Special Feature,Smooth Asphalt,Piedmont,Urban,30 - 35  MPH,No Control Present,Cloudy,No,"36.1529, -80.2641"
239,240,Yes,50-59,54,No,With Traffic,B: Evident Injury,Travel Lane,White,Male,None - Rural Crash,Craven,No,01-01-06,2012-05-05,Backing Vehicle,12,Non-Intersection,01-05-01,0001-01-01T07:55:58-04:56,Backing Vehicle,,2012,B: Evident Injury,Residential,50-59,55,No,0-5 mph,O: No Injury,White,Male,Passenger Car,No,No,Daylight,Rural (<30% Developed),2 lanes,2,Straight - Level,State Secondary Route,Dry,"Two-Way, Not Divided",None,"Driveway, Private",Smooth Asphalt,Coastal,Rural,30 - 35  MPH,No Control Present,Clear,No,"34.98316, -76.9824"
241,242,No,16-19,19,No,With Traffic,B: Evident Injury,Travel Lane,Asian,Male,Chapel Hill,Orange,No,01-01-03,2012-04-11,Bicyclist Left Turn / Merge,15,Non-Intersection,01-04-01,0001-01-01T10:30:58-04:56,Bicyclist Left Turn - Same Direction,,2012,B: Evident Injury,Institutional,25-29,26,No,11-15 mph,O: No Injury,White,Male,Sport Utility,No,No,Daylight,Urban (>70% Developed),4 lanes,2,Straight - Grade,Local Street,Dry,"Two-Way, Not Divided",None,No Special Feature,Smooth Asphalt,Piedmont,Urban,20 - 25  MPH,No Control Present,Clear,No,"35.9004, -79.0408"
242,243,No,10-Jun,9,No,Not Applicable,O: No Injury,Sidewalk / Crosswalk / Driveway Crossing,White,Female,Wilmington,New Hanover,No,01-01-04,2012-05-03,Crossing Paths - Other Circumstances,7,Non-Intersection,01-05-01,0001-01-01T02:42:58-04:56,Crossing Paths - Midblock - Other /,,2012,O: No Injury,Commercial,50-59,59,No,0-5 mph,O: No Injury,White,Female,Sport Utility,No,No,Daylight,Urban (>70% Developed),3 lanes,2,Straight - Level,Local Street,Dry,"Two-Way, Divided, Unprotected Median",None,No Special Feature,Coarse Asphalt,Coastal,Urban,30 - 35  MPH,Human Control,Clear,No,"34.19667, -77.844"
243,244,No,,0,Missing,Facing Traffic,Injury,Travel Lane,/Missing,,Chapel Hill,Orange,No,,2012-04-30,Bicyclist Left Turn / Merge,18,Non-Intersection,01-04-01,0001-01-01T13:30:58-04:56,Bicyclist Left Turn - Opposite Direction,,2012,O: No Injury,Residential,25-29,27,No,31-35 mph,O: No Injury,White,Male,Passenger Car,No,No,Daylight,Urban (>70% Developed),1 lane,2,Curve - Grade,Local Street,Dry,"Two-Way, Not Divided",None,No Special Feature,Smooth Asphalt,Piedmont,Urban,30 - 35  MPH,No Control Present,Clear,No,"35.91593, -79.0644"
248,249,No,50-59,52,No,Not Applicable,B: Evident Injury,,White,Female,None - Rural Crash,Wake,No,01-01-07,2012-04-29,Bicyclist Failed to Yield - Midblock,16,Non-Intersection,01-04-01,0001-01-01T12:00:58-04:56,Bicyclist Ride Out - Midblock -,,2012,B: Evident Injury,Residential,,,Missing,36-40 mph,Injury,/Missing,,,No,Yes,Daylight,Rural (<30% Developed),2 lanes,2,Curve - Grade,State Secondary Route,Dry,"Two-Way, Not Divided",None,No Special Feature,Smooth Asphalt,Piedmont,Rural,40 - 45  MPH,"Double Yellow Line, No Passing Zone",Clear,No,"35.78601, -78.923"
251,252,Yes,16-19,16,No,Facing Traffic,C: Possible Injury,Travel Lane,Black,Female,None - Rural Crash,Wayne,No,,2012-05-07,Head-On,20,Non-Intersection,01-05-01,0001-01-01T15:53:58-04:56,Head-On - Bicyclist,,2012,C: Possible Injury,"Farms, Woods, Pastures",40-49,49,No,41-45 mph,O: No Injury,Black,Male,Passenger Car,No,No,Dark - Roadway Not Lighted,Rural (<30% Developed),2 lanes,2,Straight - Level,State Secondary Route,Dry,"Two-Way, Not Divided",None,No Special Feature,Smooth Asphalt,Coastal,Rural,40 - 45  MPH,"Double Yellow Line, No Passing Zone",Clear,No,"35.40624, -77.9785"
258,259,No,40-49,40,No,Facing Traffic,C: Possible Injury,Sidewalk / Crosswalk / Driveway Crossing,White,Female,Washington,Beaufort,No,,2012-04-23,Motorist Failed to Yield - Midblock,16,Non-Intersection,01-04-01,0001-01-01T11:49:58-04:56,Motorist Drive Out - Commercial Driveway / Alley,,2012,C: Possible Injury,Commercial,20-24,23,No,0-5 mph,O: No Injury,White,Male,Passenger Car,No,No,Daylight,Urban (>70% Developed),,2,Straight - Level,Public Vehicular Area,Dry,"Two-Way, Not Divided",None,"Driveway, Public",Coarse Asphalt,Coastal,Urban,30 - 35  MPH,No Control Present,Clear,No,"35.54614, -77.0304"
259,260,No,30-39,36,No,Facing Traffic,C: Possible Injury,Sidewalk / Crosswalk / Driveway Crossing,White,Male,Stanley,Gaston,No,01-01-04,2012-03-01,Loss of Control / Turning Error,17,Non-Intersection,01-03-01,0001-01-01T12:13:58-04:56,Bicyclist Lost Control - Mechanical Problems,,2012,C: Possible Injury,Commercial,70,70,No,,O: No Injury,White,Female,Passenger Car,No,No,Daylight,Urban (>70% Developed),,2,Straight - Grade,Public Vehicular Area,Dry,"Two-Way, Not Divided",None,T-Intersection,Smooth Asphalt,Piedmont,Rural,,No Control Present,Clear,No,"35.35504, -81.0912"
267,268,Yes,15-Nov,12,No,With Traffic,C: Possible Injury,Travel Lane,White,Male,None - Rural Crash,Lenoir,No,01-01-05,2012-05-11,Bicyclist Left Turn / Merge,19,Non-Intersection,01-05-01,0001-01-01T14:33:58-04:56,Bicyclist Left Turn - Opposite Direction,,2012,C: Possible Injury,Residential,0-19,18,No,41-45 mph,O: No Injury,White,Male,Passenger Car,No,No,Daylight,Mixed (30% To 70% Developed),2 lanes,2,Straight - Level,State Secondary Route,Dry,"Two-Way, Not Divided",None,No Special Feature,Smooth Asphalt,Coastal,Rural,50 - 55  MPH,No Control Present,Clear,No,"35.24266, -77.6125"
270,271,No,40-49,46,Yes,,C: Possible Injury,,Black,Female,Rocky Mount,Nash,Yes,01-01-05,2012-04-13,Crossing Paths - Other Circumstances,21,Intersection-Related,01-04-01,0001-01-01T16:18:58-04:56,Signalized Intersection - Other /,,2012,C: Possible Injury,Residential,20-24,20,No,6-10 mph,O: No Injury,Black,Male,Passenger Car,No,No,Dark - Lighted Roadway,Urban (>70% Developed),5 lanes,2,Straight - Level,Local Street,Dry,"Two-Way, Not Divided",None,Four-Way Intersection,Coarse Asphalt,Coastal,Urban,30 - 35  MPH,Stop And Go Signal,Clear,No,"35.93568, -77.8047"
274,275,Yes,60-69,64,No,With Traffic,B: Evident Injury,Travel Lane,White,Male,Sanford,Lee,No,,2012-04-30,Bicyclist Left Turn / Merge,19,Intersection,01-04-01,0001-01-01T14:05:58-04:56,Bicyclist Left Turn - Same Direction,,2012,B: Evident Injury,Residential,0-19,18,No,41-45 mph,O: No Injury,White,Male,Pickup,No,No,Daylight,Urban (>70% Developed),2 lanes,2,Straight - Level,Local Street,Dry,"Two-Way, Not Divided",None,Four-Way Intersection,Coarse Asphalt,Piedmont,Urban,40 - 45  MPH,No Control Present,Clear,No,"35.45287, -79.2263"
275,276,No,60-69,69,No,With Traffic,C: Possible Injury,Travel Lane,White,Male,Wrightsville Beach,New Hanover,No,01-01-07,2012-05-06,Motorist Left Turn / Merge,16,Intersection,01-05-01,0001-01-01T11:50:58-04:56,Motorist Left Turn - Opposite Direction,,2012,C: Possible Injury,Residential,20-24,20,No,0-5 mph,O: No Injury,White,Male,Passenger Car,No,No,Daylight,Urban (>70% Developed),2 lanes,2,Straight - Level,Local Street,Dry,"Two-Way, Not Divided",None,Four-Way Intersection,Grooved Concrete,Coastal,Rural,20 - 25  MPH,Stop Sign,Cloudy,No,"34.21407, -77.7914"
276,277,No,20-24,20,No,Facing Traffic,Injury,Travel Lane,Black,Male,Durham,Durham,No,01-01-04,2012-03-29,Motorist Failed to Yield - Sign-Controlled Intersection,11,Intersection,01-03-01,0001-01-01T06:43:58-04:56,Motorist Drive Out - Sign-Controlled Intersection,,2012,O: No Injury,Residential,30-39,39,No,0-5 mph,O: No Injury,Black,Male,Van,No,No,Daylight,Mixed (30% To 70% Developed),2 lanes,2,Curve - Grade,Local Street,Dry,"Two-Way, Not Divided",None,No Special Feature,Coarse Asphalt,Piedmont,Urban,30 - 35  MPH,No Control Present,Clear,No,"35.97351, -78.9028"
285,286,Yes,0-5,4,No,With Traffic,A: Disabling Injury,Travel Lane,Hispanic,Male,Winston-Salem,Forsyth,No,01-01-06,2012-04-21,Bicyclist Failed to Yield - Sign-Controlled Intersection,9,Intersection,01-04-01,0001-01-01T05:00:58-04:56,Bicyclist Ride Through - Sign-Controlled Intersection,,2012,A: Disabling Injury,Residential,25-29,25,No,21-25 mph,O: No Injury,Black,Female,Sport Utility,No,No,Daylight,Urban (>70% Developed),2 lanes,2,Straight - Level,Local Street,Dry,"Two-Way, Not Divided",None,Four-Way Intersection,Smooth Asphalt,Piedmont,Urban,30 - 35  MPH,No Control Present,Clear,No,"36.12415, -80.2197"
287,288,No,25-29,27,No,Facing Traffic,O: No Injury,Sidewalk / Crosswalk / Driveway Crossing,White,Male,Boone,Watauga,No,,2012-05-07,Motorist Failed to Yield - Midblock,17,Non-Intersection,01-05-01,0001-01-01T12:47:58-04:56,Motorist Drive Out - Commercial Driveway / Alley,,2012,O: No Injury,Commercial,30-39,38,No,,O: No Injury,White,Male,Pickup,No,No,Daylight,Urban (>70% Developed),,2,Straight - Level,Public Vehicular Area,Dry,"Two-Way, Not Divided",None,"Driveway, Public",Smooth Asphalt,Mountains,Urban,,Other,Clear,No,"36.20647, -81.6711"
289,290,No,30-39,32,No,With Traffic,B: Evident Injury,Travel Lane,White,Male,Morrisville,Wake,No,01-01-04,2012-05-17,Motorist Right Turn / Merge,9,Intersection,01-05-01,0001-01-01T04:45:58-04:56,Motorist Right Turn - Same Direction,,2012,B: Evident Injury,Commercial,20-24,21,No,41-45 mph,O: No Injury,Black,Female,Passenger Car,No,No,Daylight,Urban (>70% Developed),5 lanes,2,Straight - Level,State Secondary Route,Dry,"Two-Way, Not Divided",None,No Special Feature,Coarse Asphalt,Piedmont,Urban,40 - 45  MPH,Stop And Go Signal,Cloudy,No,"35.85367, -78.8252"
294,295,Yes,60-69,60,No,With Traffic,B: Evident Injury,Travel Lane,White,Male,None - Rural Crash,Lenoir,No,01-01-06,2012-05-19,Loss of Control / Turning Error,17,Intersection,01-05-01,0001-01-01T12:43:58-04:56,Motorist Turning Error - Left Turn,,2012,B: Evident Injury,Residential,0-19,16,No,21-25 mph,O: No Injury,White,Male,Pickup,No,No,Daylight,Mixed (30% To 70% Developed),2 lanes,2,Straight - Level,State Secondary Route,Dry,"Two-Way, Not Divided",None,T-Intersection,Coarse Asphalt,Coastal,Rural,40 - 45  MPH,Stop Sign,Clear,No,"35.29614, -77.6932"
297,298,Yes,40-49,42,No,Facing Traffic,C: Possible Injury,Sidewalk / Crosswalk / Driveway Crossing,White,Male,Asheville,Buncombe,No,,2012-04-23,Motorist Failed to Yield - Midblock,13,Non-Intersection,01-04-01,0001-01-01T08:09:58-04:56,Motorist Drive Out - Commercial Driveway / Alley,,2012,C: Possible Injury,Commercial,60-69,60,No,0-5 mph,O: No Injury,White,Male,Passenger Car,No,No,Daylight,Urban (>70% Developed),2 lanes,2,Straight - Level,Public Vehicular Area,Dry,"Two-Way, Not Divided",None,No Special Feature,Smooth Asphalt,Mountains,Urban,5 - 15 MPH,No Control Present,Cloudy,No,"35.55139, -82.5371"
298,299,Yes,50-59,52,No,Facing Traffic,B: Evident Injury,Travel Lane,Black,Male,Raleigh,Wake,No,,2012-05-14,Motorist Failed to Yield - Signalized Intersection,9,Intersection,01-05-01,0001-01-01T04:51:58-04:56,Motorist Drive Out - Right Turn on Red,,2012,B: Evident Injury,Commercial,20-24,24,No,6-10 mph,O: No Injury,Hispanic,Female,Passenger Car,No,No,Daylight,Urban (>70% Developed),5 lanes,2,Straight - Level,Interstate,Dry,"One-Way, Not Divided",None,On or Off Ramp,Smooth Asphalt,Piedmont,Urban,20 - 25  MPH,Stop And Go Signal,Clear,No,"35.76948, -78.6484"
299,300,No,30-39,31,No,With Traffic,C: Possible Injury,Travel Lane,White,Female,None - Rural Crash,Wayne,No,01-01-07,2012-05-20,Motorist Overtaking Bicyclist,15,Non-Intersection,01-05-01,0001-01-01T10:38:58-04:56,Motorist Overtaking - Other /,,2012,C: Possible Injury,"Farms, Woods, Pastures",,,No,41-45 mph,Injury,/Missing,,Passenger Car,No,Yes,Daylight,Urban (>70% Developed),2 lanes,2,Straight - Level,State Secondary Route,Dry,"Two-Way, Not Divided",None,No Special Feature,Smooth Asphalt,Coastal,Rural,40 - 45  MPH,"Double Yellow Line, No Passing Zone",Clear,No,"35.32736, -78.032"
300,301,Yes,40-49,47,No,Facing Traffic,B: Evident Injury,Sidewalk / Crosswalk / Driveway Crossing,White,Female,Raleigh,Wake,No,01-01-05,2012-05-11,Motorist Failed to Yield - Signalized Intersection,19,Intersection,01-05-01,0001-01-01T14:07:58-04:56,Motorist Drive Out - Right Turn on Red,,2012,B: Evident Injury,Residential,30-39,33,No,6-10 mph,O: No Injury,White,Female,Passenger Car,No,No,Daylight,Urban (>70% Developed),4 lanes,2,Straight - Level,Local Street,Dry,"Two-Way, Not Divided",None,Four-Way Intersection,Smooth Asphalt,Piedmont,Urban,30 - 35  MPH,Stop And Go Signal,Clear,No,"35.8114, -78.5656"
330,331,Yes,30-39,36,No,Facing Traffic,C: Possible Injury,Sidewalk / Crosswalk / Driveway Crossing,Asian,Female,Cary,Wake,No,01-01-03,2011-06-01,Motorist Failed to Yield - Sign-Controlled Intersection,8,Intersection,01-06-01,0001-01-01T03:30:58-04:56,Motorist Drive Out - Sign-Controlled Intersection,132141,2011,C: Possible Injury,Commercial,30-39,34,No,0-5 mph,O: No Injury,White,Male,Passenger Car,No,No,Daylight,Urban (>70% Developed),3 lanes,2,Straight - Grade,Local Street,Dry,"Two-Way, Not Divided",None,Four-Way Intersection,Smooth Asphalt,Piedmont,Urban,30 - 35  MPH,Stop And Go Signal,Clear,No,"35.76179, -78.7834"
336,337,No,10-Jun,10,No,With Traffic,B: Evident Injury,Travel Lane,Black,Male,None - Rural Crash,Iredell,No,01-01-07,2011-06-05,Motorist Overtaking Bicyclist,11,Non-Intersection,01-06-01,0001-01-01T06:24:58-04:56,Motorist Overtaking - Bicyclist Swerved,311235,2011,B: Evident Injury,Residential,20-24,23,No,6-10 mph,O: No Injury,Black,Male,Passenger Car,No,No,Daylight,Mixed (30% To 70% Developed),2 lanes,2,Straight - Grade,State Secondary Route,Dry,"Two-Way, Not Divided",None,No Special Feature,Coarse Asphalt,Piedmont,Rural,30 - 35  MPH,No Control Present,Clear,No,"35.77857, -80.8399"
340,341,Yes,50-59,52,Yes,With Traffic,C: Possible Injury,Sidewalk / Crosswalk / Driveway Crossing,Black,Male,Salisbury,Rowan,Yes,01-01-02,2011-06-14,Parallel Paths - Other Circumstances,17,Non-Intersection,01-06-01,0001-01-01T12:53:58-04:56,Bicyclist Ride Out - Parallel Path,331225,2011,C: Possible Injury,Residential,25-29,26,No,16-20 mph,O: No Injury,White,Female,Passenger Car,No,No,Daylight,Urban (>70% Developed),2 lanes,2,Straight - Level,.,Dry,"Two-Way, Divided, Unprotected Median",None,No Special Feature,Smooth Asphalt,Piedmont,Urban,30 - 35  MPH,No Control Present,Clear,No,"35.6601, -80.4802"
355,356,No,20-24,23,No,Not Applicable,O: No Injury,Non-Roadway,Black,Male,Durham,Durham,No,,2011-06-27,Non-Roadway,21,Non-Roadway,01-06-01,0001-01-01T16:23:58-04:56,Non-Roadway,460910,2011,O: No Injury,Residential,30-39,34,No,0-5 mph,O: No Injury,White,Male,Police,No,No,Dark - Lighted Roadway,Urban (>70% Developed),,2,Straight - Level,Public Vehicular Area,Dry,,None,Other,Other,Piedmont,Urban,5 - 15 MPH,No Control Present,Clear,No,"35.99259, -78.8819"
363,364,No,50-59,57,No,With Traffic,A: Disabling Injury,Travel Lane,White,Male,Madison,Rockingham,No,,2011-05-16,Bicyclist Failed to Yield - Signalized Intersection,16,Intersection,01-05-01,0001-01-01T11:28:58-04:56,Bicyclist Ride Through - Signalized Intersection,111155,2011,A: Disabling Injury,Commercial,40-49,47,No,11-15 mph,O: No Injury,White,Male,Pickup,No,No,Daylight,Rural (<30% Developed),2 lanes,2,Straight - Level,Local Street,Dry,"Two-Way, Not Divided",None,Four-Way Intersection,Smooth Asphalt,Piedmont,Rural,20 - 25  MPH,Stop And Go Signal,Clear,No,"36.38753, -79.9596"
365,366,Yes,30-39,34,No,With Traffic,B: Evident Injury,Travel Lane,White,Male,Jacksonville,Onslow,No,01-01-05,2011-05-27,Bicyclist Left Turn / Merge,8,Intersection-Related,01-05-01,0001-01-01T03:37:58-04:56,Bicyclist Left Turn - Same Direction,211221,2011,B: Evident Injury,Commercial,40-49,48,No,31-35 mph,O: No Injury,White,Male,Truck/Trailer,No,No,Daylight,Urban (>70% Developed),1 lane,2,Straight - Level,US Route,Dry,"One-Way, Not Divided",None,Y-Intersection,Smooth Asphalt,Coastal,Urban,40 - 45  MPH,No Control Present,Clear,No,"34.7523, -77.4496"
368,369,No,30-39,32,No,Facing Traffic,C: Possible Injury,Travel Lane,White,Female,Wilmington,New Hanover,No,01-01-03,2011-06-15,Motorist Failed to Yield - Sign-Controlled Intersection,17,Intersection,01-06-01,0001-01-01T12:03:58-04:56,Motorist Drive Out - Sign-Controlled Intersection,112141,2011,C: Possible Injury,Commercial,40-49,47,No,0-5 mph,O: No Injury,White,Female,Sport Utility,No,No,Daylight,Urban (>70% Developed),2 lanes,2,Straight - Grade,Local Street,Dry,"Two-Way, Not Divided",None,T-Intersection,Coarse Asphalt,Coastal,Urban,20 - 25  MPH,Stop Sign,Clear,No,"34.19453, -77.9131"