FID,OBJECTID,AmbulanceR,BikeAge_Gr,Bike_Age,Bike_Alc_D,Bike_Dir,Bike_Injur,Bike_Pos,Bike_Race,Bike_Sex,City,County,CrashAlcoh,CrashDay,Crash_Date,Crash_Grp,Crash_Hour,Crash_Loc,Crash_Mont,Crash_Time,Crash_Type,Crash_Ty_1,Crash_Year,Crsh_Sevri,Developmen,DrvrAge_Gr,Drvr_Age,Drvr_Alc_D,Drvr_EstSp,Drvr_Injur,Drvr_Race,Drvr_Sex,Drvr_VehTy,ExcsSpdInd,Hit_Run,Light_Cond,Locality,Num_Lanes,Num_Units,Rd_Charact,Rd_Class,Rd_Conditi,Rd_Config,Rd_Defects,Rd_Feature,Rd_Surface,Region,Rural_Urba,Speed_Limi,Traff_Cntr,Weather,Workzone_I,Location
824,825,Yes,40-49,46,No,With Traffic,B: Evident Injury,Travel Lane,White,Male,None - Rural Crash,Scotland,No,01-01-03,2011-11-30,Motorist Overtaking Bicyclist,15,Non-Intersection,01-11-01,0001-01-01T10:44:58-04:56,Motorist Overtaking - Undetected Bicyclist,311231,2011,B: Evident Injury,"Farms, Woods, Pastures",40-49,49,No,41-45 mph,O: No Injury,Black,Female,Passenger Car,No,No,Daylight,Rural (<30% Developed),2 lanes,2,Straight - Level,State Secondary Route,Dry,"Two-Way, Not Divided",None,No Special Feature,Smooth Asphalt,Coastal,Rural,50 - 55  MPH,No Control Present,Clear,No,"34.86348, -79.549"
830,831,Yes,70,,No,With Traffic,Injury,Sidewalk / Crosswalk / Driveway Crossing,White,Male,Wilmington,New Hanover,No,01-01-02,2011-11-08,Loss of Control / Turning Error,6,Non-Intersection,01-11-01,0001-01-01T01:58:58-04:56,Bicyclist Turning Error - Right Turn,331115,2011,O: No Injury,Commercial,60-69,65,No,0-5 mph,O: No Injury,White,Male,Taxicab,No,No,Daylight,Urban (>70% Developed),2 lanes,2,Straight - Level,Public Vehicular Area,Dry,"Two-Way, Not Divided",None,"Driveway, Public",Concrete,Coastal,Urban,20 - 25  MPH,No Control Present,Clear,No,"34.21974, -77.8867"
839,840,Yes,20-24,21,No,With Traffic,A: Disabling Injury,Travel Lane,White,Male,Raleigh,Wake,No,01-01-02,2011-11-15,Motorist Left Turn / Merge,18,Non-Intersection,01-11-01,0001-01-01T13:28:58-04:56,Motorist Left Turn - Opposite Direction,311212,2011,A: Disabling Injury,Institutional,0-19,19,No,16-20 mph,O: No Injury,White,Male,Sport Utility,No,No,Dark - Lighted Roadway,Urban (>70% Developed),2 lanes,2,Straight - Grade,Local Street,Dry,"Two-Way, Not Divided",None,T-Intersection,Coarse Asphalt,Piedmont,Urban,20 - 25  MPH,No Control Present,Clear,No,"35.78375, -78.6771"
845,846,No,50-59,56,No,With Traffic,B: Evident Injury,Sidewalk / Crosswalk / Driveway Crossing,White,Female,Raleigh,Wake,No,01-01-02,2011-12-13,Motorist Failed to Yield - Midblock,18,Non-Intersection,01-12-01,0001-01-01T13:22:58-04:56,Motorist Drive Out - Commercial Driveway / Alley,331322,2011,B: Evident Injury,Residential,40-49,47,No,0-5 mph,O: No Injury,White,Male,Passenger Car,No,No,Daylight,Urban (>70% Developed),1 lane,2,Straight - Grade,Local Street,Dry,"Two-Way, Not Divided",None,"Driveway, Private",Coarse Asphalt,Piedmont,Urban,5 - 15 MPH,No Control Present,Clear,No,"35.92622, -78.5683"
846,847,Yes,30-39,38,No,Facing Traffic,C: Possible Injury,Sidewalk / Crosswalk / Driveway Crossing,White,Male,Charlotte,Mecklenburg,No,01-01-02,2011-12-06,Motorist Right Turn / Merge,7,Intersection,01-12-01,0001-01-01T02:30:58-04:56,Motorist Right Turn - Opposite Direction,132214,2011,C: Possible Injury,Commercial,40-49,49,No,6-10 mph,O: No Injury,White,Male,Passenger Car,No,No,Dusk,Urban (>70% Developed),4 lanes,2,Straight - Level,Local Street,Wet,"Two-Way, Not Divided",None,No Special Feature,Smooth Asphalt,Piedmont,Urban,30 - 35  MPH,Stop And Go Signal,Rain,No,"35.22492, -80.8464"
854,855,Yes,16-19,19,No,With Traffic,K: Killed,Travel Lane,White,Female,None - Rural Crash,Avery,No,01-01-04,2011-12-15,Head-On,14,Non-Intersection,01-12-01,0001-01-01T09:29:58-04:56,Head-On - Motorist,311255,2011,K: Killed,"Farms, Woods, Pastures",0-19,19,No,41-45 mph,O: No Injury,White,Male,Pickup,No,No,Daylight,Mixed (30% To 70% Developed),2 lanes,2,Straight - Grade,US Route,Dry,"Two-Way, Not Divided",None,No Special Feature,Smooth Asphalt,Mountains,Rural,40 - 45  MPH,"Double Yellow Line, No Passing Zone",Cloudy,No,"35.98765, -81.948"
856,857,Yes,40-49,40,Yes,With Traffic,B: Evident Injury,Travel Lane,White,Male,Mooresville,Iredell,Yes,01-01-02,2011-11-22,Motorist Overtaking Bicyclist,21,Non-Intersection,01-11-01,0001-01-01T16:18:58-04:56,Motorist Overtaking - Bicyclist Swerved,311235,2011,B: Evident Injury,Residential,30-39,39,No,31-35 mph,O: No Injury,White,Male,Passenger Car,No,No,Dark - Roadway Not Lighted,Mixed (30% To 70% Developed),2 lanes,2,Curve - Level,Local Street,Dry,"Two-Way, Not Divided",None,No Special Feature,Smooth Asphalt,Piedmont,Urban,30 - 35  MPH,No Control Present,Clear,No,"35.59211, -80.8156"
857,858,Yes,25-29,25,Yes,With Traffic,B: Evident Injury,Travel Lane,White,Female,None - Rural Crash,Brunswick,Yes,01-01-04,2011-11-17,Motorist Overtaking Bicyclist,23,Non-Intersection,01-11-01,0001-01-01T18:39:58-04:56,Motorist Overtaking - Misjudged Space,311232,2011,B: Evident Injury,"Farms, Woods, Pastures",50-59,52,No,41-45 mph,O: No Injury,White,Male,Pickup,No,No,Dark - Roadway Not Lighted,Mixed (30% To 70% Developed),3 lanes,2,Straight - Level,NC Route,Dry,"Two-Way, Not Divided",None,No Special Feature,Coarse Asphalt,Coastal,Rural,40 - 45  MPH,"Double Yellow Line, No Passing Zone",Clear,No,"33.90115, -78.4885"
859,860,Yes,60-69,60,No,With Traffic,C: Possible Injury,Travel Lane,White,Male,Winston-Salem,Forsyth,No,01-01-02,2011-11-29,Motorist Left Turn / Merge,9,Non-Intersection,01-11-01,0001-01-01T04:53:58-04:56,Motorist Left Turn - Opposite Direction,311212,2011,C: Possible Injury,Commercial,40-49,47,No,11-15 mph,O: No Injury,Black,Male,Van,No,No,Daylight,Urban (>70% Developed),4 lanes,2,Straight - Grade,Local Street,Dry,"Two-Way, Not Divided",None,T-Intersection,Smooth Asphalt,Piedmont,Urban,30 - 35  MPH,No Control Present,Cloudy,No,"36.08928, -80.2712"
868,869,Yes,10-Jun,8,No,,C: Possible Injury,,Native American,Male,Red Springs,Robeson,No,01-01-06,2011-11-19,Crossing Paths - Other Circumstances,17,Intersection-Related,01-11-01,0001-01-01T12:48:58-04:56,Sign-Controlled Intersection - Other /,299148,2011,C: Possible Injury,Residential,0-19,18,No,16-20 mph,O: No Injury,Other,Male,Passenger Car,No,No,Daylight,Urban (>70% Developed),2 lanes,2,Straight - Level,Local Street,Wet,"Two-Way, Not Divided",None,No Special Feature,Coarse Asphalt,Coastal,Rural,30 - 35  MPH,Stop Sign,Rain,No,"34.82768, -79.174"
870,871,No,20-24,20,No,Not Applicable,B: Evident Injury,Travel Lane,Black,Male,Lumberton,Robeson,No,01-01-06,2011-12-31,Bicyclist Failed to Yield - Midblock,10,Non-Intersection,01-12-01,0001-01-01T05:11:58-04:56,Bicyclist Ride Out - Other Midblock,313318,2011,B: Evident Injury,Commercial,0-19,19,No,41-45 mph,O: No Injury,White,Female,Passenger Car,No,No,Daylight,Mixed (30% To 70% Developed),6 lanes,2,Straight - Level,Local Street,Dry,"Two-Way, Not Divided",None,No Special Feature,Coarse Asphalt,Coastal,Urban,40 - 45  MPH,Stop And Go Signal,Cloudy,No,"34.63216, -78.9921"
875,876,No,30-39,34,No,Facing Traffic,C: Possible Injury,Travel Lane,White,Male,Concord,Cabarrus,No,01-01-03,2011-12-14,Crossing Paths - Other Circumstances,19,Intersection,01-12-01,0001-01-01T14:39:58-04:56,Signalized Intersection - Other /,112158,2011,C: Possible Injury,Commercial,50-59,51,No,0-5 mph,O: No Injury,Black,Female,Sport Utility,No,No,Dark - Lighted Roadway,Urban (>70% Developed),4 lanes,2,Straight - Level,.,Dry,"Two-Way, Not Divided",None,Four-Way Intersection,Smooth Asphalt,Piedmont,Urban,30 - 35  MPH,Stop And Go Signal,Clear,No,"35.43252, -80.6043"
883,884,Yes,20-24,20,Yes,With Traffic,B: Evident Injury,Travel Lane,Black,Male,Greensboro,Guilford,Yes,01-01-04,2011-12-15,Bicyclist Failed to Yield - Sign-Controlled Intersection,21,Intersection,01-12-01,0001-01-01T17:01:58-04:56,Bicyclist Ride Out - Sign-Controlled Intersection,111142,2011,B: Evident Injury,Residential,,,Missing,,Injury,/Missing,,,No,Yes,Dark - Lighted Roadway,Urban (>70% Developed),4 lanes,2,Straight - Level,Local Street,Dry,"Two-Way, Not Divided",None,No Special Feature,Smooth Asphalt,Piedmont,Urban,30 - 35  MPH,Stop Sign,Clear,No,"36.06021, -79.7852"
889,890,Yes,40-49,40,No,With Traffic,C: Possible Injury,Travel Lane,White,Male,Greensboro,Guilford,No,01-01-05,2011-12-23,Motorist Right Turn / Merge,15,Non-Intersection,01-12-01,0001-01-01T10:37:58-04:56,Motorist Right Turn - Same Direction,311213,2011,C: Possible Injury,Commercial,25-29,28,No,0-5 mph,O: No Injury,White,Female,Passenger Car,No,No,Daylight,Urban (>70% Developed),5 lanes,2,Straight - Level,Local Street,Dry,"Two-Way, Not Divided",None,No Special Feature,Smooth Asphalt,Piedmont,Urban,40 - 45  MPH,No Control Present,Clear,No,"36.11134, -79.8313"
896,897,No,,8,No,With Traffic,O: No Injury,Travel Lane,White,Male,None - Rural Crash,Wake,No,,2011-12-26,Motorist Left Turn / Merge,21,Intersection,01-12-01,0001-01-01T16:17:58-04:56,Motorist Left Turn - Opposite Direction,111212,2011,O: No Injury,Residential,30-39,39,No,6-10 mph,O: No Injury,White,Male,Passenger Car,No,No,Dark - Lighted Roadway,Urban (>70% Developed),2 lanes,2,Straight - Level,Local Street,Dry,"Two-Way, Not Divided",None,No Special Feature,Coarse Asphalt,Piedmont,Rural,5 - 15 MPH,No Control Present,Clear,No,"35.80179, -78.772"
897,898,No,25-29,27,No,With Traffic,O: No Injury,Travel Lane,White,Female,Greensboro,Guilford,No,,2011-02-21,Motorist Right Turn / Merge,11,Intersection,01-02-01,0001-01-01T06:51:58-04:56,Motorist Right Turn - Same Direction,111213,2011,O: No Injury,Institutional,,,Missing,,Injury,/Missing,,,No,Yes,Daylight,Urban (>70% Developed),2 lanes,2,Straight - Grade,Local Street,Dry,"Two-Way, Divided, Positive Median Barrier",None,Four-Way Intersection,Smooth Asphalt,Piedmont,Urban,,Stop And Go Signal,Clear,No,"36.06529, -79.8128"
0,1,Yes,40-49,48,No,Facing Traffic,C: Possible Injury,Sidewalk / Crosswalk / Driveway Crossing,Hispanic,Female,Charlotte,Mecklenburg,No,,2012-01-02,Motorist Failed to Yield - Sign-Controlled Intersection,17,Intersection,,0001-01-01T12:26:58-04:56,Motorist Drive Out - Sign-Controlled Intersection,,2012,C: Possible Injury,Commercial,50-59,55,No,0-5 mph,O: No Injury,White,Female,"Light Truck (Mini-Van, Panel)",No,No,Dusk,Urban (>70% Developed),2 lanes,2,Straight - Level,Local Street,Dry,"Two-Way, Not Divided",None,No Special Feature,Smooth Asphalt,Piedmont,Urban,20 - 25  MPH,Stop Sign,Clear,No,"35.08782, -80.8481"
1,2,No,20-24,23,No,With Traffic,O: No Injury,Travel Lane,White,Male,Charlotte,Mecklenburg,No,01-01-06,2012-01-07,Motorist Right Turn / Merge,14,Non-Intersection,,0001-01-01T09:23:58-04:56,Motorist Right Turn - Same Direction,,2012,O: No Injury,Commercial,30-39,34,No,6-10 mph,O: No Injury,Black,Male,Sport Utility,No,No,Daylight,Urban (>70% Developed),3 lanes,2,Straight - Level,Local Street,Dry,"Two-Way, Not Divided",None,No Special Feature,Coarse Asphalt,Piedmont,Urban,30 - 35  MPH,No Control Present,Clear,No,"35.19896, -80.8406"
2,3,No,40-49,45,No,Facing Traffic,O: No Injury,Sidewalk / Crosswalk / Driveway Crossing,Black,Male,Raleigh,Wake,No,01-01-05,2012-01-06,Bicyclist Failed to Yield - Signalized Intersection,11,Intersection,,0001-01-01T06:38:58-04:56,Bicyclist Ride Through - Signalized Intersection,,2012,O: No Injury,Commercial,40-49,43,No,31-35 mph,O: No Injury,White,Male,Passenger Car,No,No,Daylight,Urban (>70% Developed),4 lanes,2,Straight - Level,Local Street,Dry,"One-Way, Not Divided",None,Four-Way Intersection,Smooth Asphalt,Piedmont,Urban,30 - 35  MPH,Stop And Go Signal,Clear,No,"35.78261, -78.6417"
6,7,Yes,40-49,48,No,With Traffic,C: Possible Injury,Travel Lane,Black,Male,None - Rural Crash,Gates,No,01-01-05,2012-01-06,Motorist Overtaking Bicyclist,14,Non-Intersection,,0001-01-01T09:03:58-04:56,Motorist Overtaking - Misjudged Space,,2012,C: Possible Injury,"Farms, Woods, Pastures",70,70,No,31-35 mph,O: No Injury,White,Male,Pickup,No,No,Daylight,Rural (<30% Developed),2 lanes,2,Curve - Hillcrest,NC Route,Dry,"Two-Way, Not Divided",None,No Special Feature,Coarse Asphalt,Coastal,Rural,50 - 55  MPH,"Double Yellow Line, No Passing Zone",Clear,No,"36.4345, -76.611"
9,10,Yes,50-59,57,No,With Traffic,C: Possible Injury,Travel Lane,White,Male,None - Rural Crash,Guilford,No,01-01-02,2012-01-10,Motorist Failed to Yield - Sign-Controlled Intersection,18,Intersection,,0001-01-01T13:50:58-04:56,Motorist Drive Out - Sign-Controlled Intersection,,2012,C: Possible Injury,Residential,30-39,39,No,11-15 mph,O: No Injury,White,Female,Passenger Car,No,No,Dark - Roadway Not Lighted,Rural (<30% Developed),2 lanes,2,Straight - Level,State Secondary Route,Dry,"Two-Way, Not Divided",None,Four-Way Intersection,Smooth Asphalt,Piedmont,Rural,40 - 45  MPH,Stop Sign,Clear,No,"35.95493, -79.9211"
14,15,No,30-39,38,No,With Traffic,C: Possible Injury,Travel Lane,White,Male,None - Rural Crash,Stanly,No,,2012-01-23,Motorist Overtaking Bicyclist,6,Non-Intersection,,0001-01-01T02:01:58-04:56,Motorist Overtaking - Misjudged Space,,2012,C: Possible Injury,"Farms, Woods, Pastures",,,No,,Injury,/Missing,,Passenger Car,No,Yes,Dark - Roadway Not Lighted,Rural (<30% Developed),2 lanes,2,Straight - Grade,NC Route,Wet,"Two-Way, Not Divided",None,No Special Feature,Smooth Asphalt,Piedmont,Rural,50 - 55  MPH,"Double Yellow Line, No Passing Zone","Fog, Smog, Smoke",No,"35.37003, -80.145"
16,17,Yes,20-24,20,No,With Traffic,B: Evident Injury,Travel Lane,White,Male,Boone,Watauga,No,01-01-02,2012-01-24,Motorist Left Turn / Merge,14,Non-Intersection,,0001-01-01T09:33:58-04:56,Motorist Left Turn - Opposite Direction,,2012,B: Evident Injury,Residential,50-59,56,No,6-10 mph,O: No Injury,White,Male,Pickup,No,No,Daylight,Urban (>70% Developed),2 lanes,2,Curve - Grade,Public Vehicular Area,Dry,"Two-Way, Not Divided",None,"Driveway, Public",Coarse Asphalt,Mountains,Urban,30 - 35  MPH,No Control Present,Clear,No,"36.21477, -81.6888"
19,20,No,20-24,23,No,With Traffic,C: Possible Injury,Sidewalk / Crosswalk / Driveway Crossing,White,Male,Wilmington,New Hanover,No,01-01-06,2012-01-07,Crossing Paths - Other Circumstances,20,Intersection,,0001-01-01T15:12:58-04:56,Signalized Intersection - Other /,,2012,C: Possible Injury,Commercial,20-24,21,No,6-10 mph,O: No Injury,White,Male,Pickup,No,No,Dark - Lighted Roadway,Urban (>70% Developed),8 lanes,2,,NC Route,Dry,"Two-Way, Divided, Positive Median Barrier",None,No Special Feature,Coarse Asphalt,Coastal,Urban,40 - 45  MPH,Stop And Go Signal,Clear,No,"34.23483, -77.8742"
38,39,Yes,40-49,46,Yes,With Traffic,C: Possible Injury,Travel Lane,Black,Female,Patterson Springs,Cleveland,Yes,,2012-02-13,Motorist Overtaking Bicyclist,21,Non-Intersection,01-02-01,0001-01-01T16:56:58-04:56,Motorist Overtaking - Other /,,2012,C: Possible Injury,Residential,30-39,37,No,41-45 mph,O: No Injury,White,Female,Passenger Car,No,No,Dark - Roadway Not Lighted,Mixed (30% To 70% Developed),2 lanes,2,Straight - Level,NC Route,Dry,"Two-Way, Not Divided",None,No Special Feature,Smooth Asphalt,Mountains,Rural,40 - 45  MPH,"Double Yellow Line, No Passing Zone",Clear,No,"35.22684, -81.5122"
40,41,No,16-19,18,No,With Traffic,B: Evident Injury,Travel Lane,White,Male,Chapel Hill,Orange,No,01-01-04,2012-01-26,Bicyclist Overtaking Motorist,17,Non-Intersection,,0001-01-01T12:16:58-04:56,Bicyclist Overtaking - Other /,,2012,B: Evident Injury,Institutional,60-69,62,No,6-10 mph,O: No Injury,White,Male,Passenger Car,No,No,Daylight,Urban (>70% Developed),,2,Straight - Level,Public Vehicular Area,Dry,"Two-Way, Not Divided",None,No Special Feature,Smooth Asphalt,Piedmont,Urban,5 - 15 MPH,No Control Present,Cloudy,No,"35.90869, -79.0483"
51,52,Yes,20-24,24,No,With Traffic,C: Possible Injury,Sidewalk / Crosswalk / Driveway Crossing,White,Female,Durham,Durham,No,01-01-07,2012-02-26,Motorist Left Turn / Merge,17,Intersection,01-02-01,0001-01-01T12:38:58-04:56,Motorist Left Turn - Opposite Direction,,2012,C: Possible Injury,Commercial,50-59,59,No,0-5 mph,O: No Injury,Other,Female,Passenger Car,No,No,Daylight,Urban (>70% Developed),3 lanes,2,Straight - Level,Local Street,Dry,"Two-Way, Not Divided",None,No Special Feature,Smooth Asphalt,Piedmont,Urban,20 - 25  MPH,Stop And Go Signal,Clear,No,"36.00986, -78.9196"
67,68,Yes,40-49,45,No,Facing Traffic,C: Possible Injury,Travel Lane,Black,Female,Raleigh,Wake,No,01-01-05,2012-03-02,Motorist Failed to Yield - Signalized Intersection,9,Intersection,01-03-01,0001-01-01T04:11:58-04:56,Motorist Drive Out - Signalized Intersection,,2012,C: Possible Injury,Commercial,25-29,27,No,0-5 mph,O: No Injury,White,Male,Passenger Car,No,No,Daylight,Mixed (30% To 70% Developed),2 lanes,2,Straight - Level,Local Street,Dry,"One-Way, Not Divided",None,T-Intersection,Smooth Asphalt,Piedmont,Urban,40 - 45  MPH,Stop And Go Signal,Clear,No,"35.75395, -78.6489"
72,73,Yes,30-39,32,No,With Traffic,B: Evident Injury,Travel Lane,Hispanic,Male,Greensboro,Guilford,No,01-01-04,2012-02-16,Motorist Overtaking Bicyclist,19,Non-Intersection,01-02-01,0001-01-01T14:46:58-04:56,Motorist Overtaking - Other /,,2012,B: Evident Injury,Residential,70,70,No,31-35 mph,O: No Injury,Hispanic,Male,Passenger Car,No,No,Dark - Lighted Roadway,Urban (>70% Developed),5 lanes,2,Straight - Level,Local Street,Wet,"Two-Way, Not Divided",None,No Special Feature,Smooth Asphalt,Piedmont,Urban,30 - 35  MPH,No Control Present,Rain,No,"36.12623, -79.8319"
80,81,Yes,20-24,24,No,With Traffic,C: Possible Injury,Sidewalk / Crosswalk / Driveway Crossing,Black,Female,Wilmington,New Hanover,No,01-01-02,2012-02-14,Motorist Failed to Yield - Sign-Controlled Intersection,18,Intersection,01-02-01,0001-01-01T13:57:58-04:56,Motorist Drive Out - Sign-Controlled Intersection,,2012,C: Possible Injury,Residential,20-24,21,No,6-10 mph,O: No Injury,White,Male,Sport Utility,No,No,Dark - Lighted Roadway,Urban (>70% Developed),2 lanes,2,Straight - Level,Local Street,Dry,"One-Way, Not Divided",None,No Special Feature,Smooth Asphalt,Coastal,Urban,30 - 35  MPH,Stop Sign,Clear,No,"34.22994, -77.871"
84,85,Yes,50-59,51,Yes,Facing Traffic,B: Evident Injury,Travel Lane,Black,Male,Rocky Mount,Edgecombe,Yes,01-01-02,2012-02-14,Head-On,16,Non-Intersection,01-02-01,0001-01-01T11:40:58-04:56,Head-On - Bicyclist,,2012,B: Evident Injury,Commercial,20-24,22,No,26-30 mph,O: No Injury,Black,Female,Passenger Car,No,No,Daylight,Urban (>70% Developed),2 lanes,2,Curve - Level,State Secondary Route,Dry,"Two-Way, Divided, Unprotected Median",None,No Special Feature,Smooth Asphalt,Coastal,Urban,30 - 35  MPH,No Control Present,Clear,No,"35.9412, -77.7874"
101,102,Yes,50-59,53,No,With Traffic,A: Disabling Injury,Travel Lane,White,Male,None - Rural Crash,Orange,No,01-01-07,2012-02-26,Motorist Overtaking Bicyclist,14,Non-Intersection,01-02-01,0001-01-01T09:47:58-04:56,Motorist Overtaking - Misjudged Space,,2012,A: Disabling Injury,"Farms, Woods, Pastures",,,Missing,51-55 mph,Injury,/Missing,,,No,Yes,Daylight,Rural (<30% Developed),2 lanes,2,Straight - Level,State Secondary Route,Dry,"Two-Way, Not Divided",None,No Special Feature,Coarse Asphalt,Piedmont,Rural,50 - 55  MPH,No Control Present,Clear,No,"36.12576, -79.0369"
102,103,Yes,25-29,26,No,With Traffic,C: Possible Injury,Travel Lane,White,Male,Gastonia,Gaston,No,01-01-04,2012-03-08,Bicyclist Failed to Yield - Sign-Controlled Intersection,15,Intersection,01-03-01,0001-01-01T10:25:58-04:56,Bicyclist Ride Through - Sign-Controlled Intersection,,2012,C: Possible Injury,Residential,40-49,42,No,16-20 mph,O: No Injury,Black,Male,Van,No,No,Daylight,Urban (>70% Developed),2 lanes,2,Straight - Grade,Local Street,Dry,"Two-Way, Not Divided",None,Four-Way Intersection,Coarse Asphalt,Piedmont,Urban,30 - 35  MPH,Stop Sign,Cloudy,No,"35.25567, -81.1745"
103,104,No,50-59,57,No,With Traffic,C: Possible Injury,Travel Lane,White,Male,None - Rural Crash,Chowan,No,01-01-04,2012-03-01,Bicyclist Failed to Yield - Sign-Controlled Intersection,14,Intersection,01-03-01,0001-01-01T09:03:58-04:56,Bicyclist Ride Through - Sign-Controlled Intersection,,2012,C: Possible Injury,Residential,60-69,67,No,11-15 mph,O: No Injury,White,Male,Passenger Car,No,No,Daylight,Mixed (30% To 70% Developed),2 lanes,2,Straight - Level,State Secondary Route,Dry,"Two-Way, Not Divided",None,T-Intersection,Smooth Asphalt,Coastal,Rural,20 - 25  MPH,Stop Sign,Clear,No,"36.22672, -76.7015"
116,117,Yes,15-Nov,11,No,Facing Traffic,B: Evident Injury,Sidewalk / Crosswalk / Driveway Crossing,Hispanic,Male,Durham,Durham,No,01-01-02,2012-03-20,Parallel Paths - Other Circumstances,18,Non-Intersection,01-03-01,0001-01-01T13:53:58-04:56,Bicyclist Ride Out - Parallel Path,,2012,B: Evident Injury,Commercial,30-39,30,No,26-30 mph,O: No Injury,Hispanic,Male,Passenger Car,No,No,Daylight,Urban (>70% Developed),2 lanes,2,Straight - Level,Local Street,Dry,"Two-Way, Not Divided",None,No Special Feature,Smooth Asphalt,Piedmont,Urban,30 - 35  MPH,No Control Present,Clear,No,"35.99029, -78.8689"
117,118,No,40-49,44,No,With Traffic,O: No Injury,Travel Lane,White,Male,Winston-Salem,Forsyth,No,01-01-03,2012-03-14,Motorist Failed to Yield - Sign-Controlled Intersection,6,Intersection,01-03-01,0001-01-01T01:41:58-04:56,Motorist Drive Through - Sign-Controlled Intersection,,2012,O: No Injury,Commercial,,,Missing,6-10 mph,Injury,/Missing,,Passenger Car,No,Yes,Dawn,Urban (>70% Developed),2 lanes,2,Straight - Level,Local Street,Dry,"Two-Way, Not Divided",None,T-Intersection,Smooth Asphalt,Piedmont,Urban,,No Control Present,"Fog, Smog, Smoke",No,"36.13577, -80.2957"
121,122,No,30-39,32,No,With Traffic,C: Possible Injury,Travel Lane,White,Male,Durham,Durham,No,01-01-05,2012-03-23,Loss of Control / Turning Error,16,Non-Intersection,01-03-01,0001-01-01T11:03:58-04:56,Bicyclist Lost Control - Mechanical Problems,,2012,C: Possible Injury,Commercial,,,Missing,0-5 mph,Injury,/Missing,,Van,No,No,Daylight,Urban (>70% Developed),2 lanes,2,Straight - Level,Local Street,Dry,"Two-Way, Not Divided",None,No Special Feature,Coarse Asphalt,Piedmont,Urban,30 - 35  MPH,No Control Present,Clear,No,"36.00756, -78.921"
122,123,No,50-59,55,No,With Traffic,C: Possible Injury,Travel Lane,White,Male,None - Rural Crash,Johnston,No,01-01-02,2012-03-27,Motorist Left Turn / Merge,5,Intersection,01-03-01,0001-01-01T00:38:58-04:56,Motorist Left Turn - Opposite Direction,,2012,C: Possible Injury,Commercial,40-49,49,No,11-15 mph,O: No Injury,White,Male,Passenger Car,No,No,Dark - Lighted Roadway,Urban (>70% Developed),5 lanes,2,Straight - Level,NC Route,Dry,"Two-Way, Not Divided",None,Four-Way Intersection,Coarse Asphalt,Coastal,Rural,30 - 35  MPH,Stop And Go Signal,Cloudy,No,"35.60783, -78.5629"
123,124,Yes,30-39,33,No,With Traffic,C: Possible Injury,Sidewalk / Crosswalk / Driveway Crossing,White,Male,Washington,Beaufort,No,01-01-06,2012-03-10,Motorist Left Turn / Merge,23,Intersection,01-03-01,0001-01-01T18:45:58-04:56,Motorist Left Turn - Opposite Direction,,2012,C: Possible Injury,Commercial,25-29,26,No,6-10 mph,O: No Injury,Black,Male,Passenger Car,No,No,Dark - Lighted Roadway,Urban (>70% Developed),2 lanes,2,Straight - Level,Local Street,Dry,"Two-Way, Not Divided",None,Four-Way Intersection,Coarse Asphalt,Coastal,Urban,30 - 35  MPH,Stop Sign,Clear,No,"35.5534, -77.0586"
131,132,Yes,20-24,23,No,With Traffic,B: Evident Injury,Travel Lane,White,Male,Aberdeen,Moore,No,01-01-03,2012-03-21,Loss of Control / Turning Error,12,Intersection,01-03-01,0001-01-01T07:42:58-04:56,Bicyclist Lost Control - Mechanical Problems,,2012,B: Evident Injury,Residential,20-24,20,No,26-30 mph,O: No Injury,Black,Female,Passenger Car,No,No,Daylight,Urban (>70% Developed),2 lanes,2,Straight - Level,Local Street,Dry,"Two-Way, Not Divided",None,No Special Feature,Coarse Asphalt,Piedmont,Rural,30 - 35  MPH,Stop Sign,Clear,No,"35.1305, -79.4326"
148,149,No,50-59,50,No,With Traffic,C: Possible Injury,Travel Lane,Black,Male,Rocky Mount,Nash,No,01-01-05,2012-03-16,Bicyclist Failed to Yield - Signalized Intersection,5,Intersection,01-03-01,0001-01-01T00:49:58-04:56,Bicyclist Failed to Clear - Trapped,,2012,C: Possible Injury,Commercial,50-59,59,No,0-5 mph,O: No Injury,White,Male,Pickup,No,No,Dark - Lighted Roadway,Urban (>70% Developed),2 lanes,2,Straight - Level,Local Street,Dry,"Two-Way, Not Divided",None,Four-Way Intersection,Smooth Asphalt,Coastal,Urban,40 - 45  MPH,Stop And Go Signal,Clear,No,"35.98064, -77.8088"
149,150,No,10-Jun,9,No,Facing Traffic,B: Evident Injury,Sidewalk / Crosswalk / Driveway Crossing,White,Female,Concord,Cabarrus,No,01-01-02,2012-03-20,Loss of Control / Turning Error,17,Intersection,01-03-01,0001-01-01T12:09:58-04:56,Bicyclist Lost Control - Mechanical Problems,,2012,B: Evident Injury,Residential,40-49,40,No,0-5 mph,O: No Injury,White,Male,Passenger Car,No,No,Daylight,Urban (>70% Developed),2 lanes,2,Straight - Level,Local Street,Dry,"Two-Way, Not Divided",None,T-Intersection,Smooth Asphalt,Piedmont,Urban,30 - 35  MPH,Stop Sign,Clear,No,"35.41771, -80.6015"