FID,OBJECTID,AmbulanceR,BikeAge_Gr,Bike_Age,Bike_Alc_D,Bike_Dir,Bike_Injur,Bike_Pos,Bike_Race,Bike_Sex,City,County,CrashAlcoh,CrashDay,Crash_Date,Crash_Grp,Crash_Hour,Crash_Loc,Crash_Mont,Crash_Time,Crash_Type,Crash_Ty_1,Crash_Year,Crsh_Sevri,Developmen,DrvrAge_Gr,Drvr_Age,Drvr_Alc_D,Drvr_EstSp,Drvr_Injur,Drvr_Race,Drvr_Sex,Drvr_VehTy,ExcsSpdInd,Hit_Run,Light_Cond,Locality,Num_Lanes,Num_Units,Rd_Charact,Rd_Class,Rd_Conditi,Rd_Config,Rd_Defects,Rd_Feature,Rd_Surface,Region,Rural_Urba,Speed_Limi,Traff_Cntr,Weather,Workzone_I,Location
156,157,No,40-49,47,No,With Traffic,C: Possible Injury,Travel Lane,Black,Male,Raleigh,Wake,No,01-01-03,2012-03-21,Motorist Left Turn / Merge,22,Intersection,01-03-01,0001-01-01T17:10:58-04:56,Motorist Left Turn - Opposite Direction,,2012,C: Possible Injury,Residential,20-24,21,No,6-10 mph,O: No Injury,Black,Female,Passenger Car,No,No,Dark - Roadway Not Lighted,Urban (>70% Developed),2 lanes,2,Straight - Level,Local Street,Dry,"Two-Way, Not Divided",None,T-Intersection,Smooth Asphalt,Piedmont,Urban,30 - 35  MPH,Stop Sign,Clear,No,"35.77775, -78.6236"
170,171,Yes,30-39,38,No,With Traffic,K: Killed,Travel Lane,White,Female,Summerfield,Guilford,No,01-01-05,2012-04-13,Motorist Overtaking Bicyclist,19,Non-Intersection,01-04-01,0001-01-01T14:13:58-04:56,Motorist Overtaking - Other /,,2012,K: Killed,Residential,30-39,33,No,41-45 mph,O: No Injury,White,Female,Sport Utility,No,No,Daylight,Mixed (30% To 70% Developed),2 lanes,2,Straight - Hillcrest,State Secondary Route,Dry,"Two-Way, Not Divided",None,No Special Feature,Smooth Asphalt,Piedmont,Urban,40 - 45  MPH,"Double Yellow Line, No Passing Zone",Clear,No,"36.20875, -79.9048"
174,175,Yes,10-Jun,7,No,Facing Traffic,B: Evident Injury,Travel Lane,Black,Female,Kannapolis,Rowan,No,01-01-06,2012-03-31,Loss of Control / Turning Error,19,Intersection,01-03-01,0001-01-01T14:10:58-04:56,Bicyclist Lost Control - Mechanical Problems,,2012,B: Evident Injury,Residential,70,70,No,26-30 mph,O: No Injury,White,Male,"Single Unit Truck (2-Axle, 6-Tire)",No,No,Daylight,Urban (>70% Developed),2 lanes,2,Straight - Hillcrest,Local Street,Wet,"Two-Way, Not Divided",None,No Special Feature,Smooth Asphalt,Piedmont,Urban,30 - 35  MPH,No Control Present,Rain,No,"35.5292, -80.6184"
182,183,Yes,25-29,26,No,Facing Traffic,C: Possible Injury,Sidewalk / Crosswalk / Driveway Crossing,White,Female,Wilmington,New Hanover,No,,2012-04-02,Motorist Failed to Yield - Midblock,9,Non-Intersection,01-04-01,0001-01-01T04:47:58-04:56,Motorist Drive Out - Other Midblock,,2012,C: Possible Injury,Commercial,40-49,40,No,0-5 mph,O: No Injury,White,Female,Passenger Car,No,No,Daylight,Urban (>70% Developed),4 lanes,2,Straight - Level,Local Street,Dry,"Two-Way, Divided, Positive Median Barrier",None,T-Intersection,Smooth Asphalt,Coastal,Urban,40 - 45  MPH,Stop Sign,Clear,No,"34.25177, -77.8265"
190,191,Yes,16-19,19,No,With Traffic,C: Possible Injury,Travel Lane,Black,Male,Durham,Durham,No,01-01-05,2012-04-20,Motorist Right Turn / Merge,17,Intersection,01-04-01,0001-01-01T12:54:58-04:56,Motorist Right Turn - Same Direction,,2012,C: Possible Injury,Commercial,30-39,36,No,0-5 mph,O: No Injury,White,Male,Passenger Car,No,No,Daylight,Urban (>70% Developed),4 lanes,2,Straight - Level,Local Street,Dry,"Two-Way, Not Divided",None,No Special Feature,Coarse Asphalt,Piedmont,Urban,30 - 35  MPH,Stop And Go Signal,Clear,No,"35.99021, -78.8925"
193,194,Yes,10-Jun,9,No,With Traffic,B: Evident Injury,Travel Lane,White,Male,High Point,Guilford,No,01-01-02,2012-04-10,Bicyclist Failed to Yield - Sign-Controlled Intersection,17,Intersection,01-04-01,0001-01-01T12:23:58-04:56,Bicyclist Ride Through - Sign-Controlled Intersection,,2012,B: Evident Injury,Residential,70,70,No,26-30 mph,O: No Injury,White,Female,Passenger Car,No,No,Daylight,Urban (>70% Developed),2 lanes,3,Straight - Grade,Local Street,Dry,"Two-Way, Not Divided",None,Four-Way Intersection,Coarse Asphalt,Piedmont,Urban,30 - 35  MPH,Yield Sign,Clear,No,"35.97474, -80.0059"
196,197,No,16-19,17,No,Facing Traffic,C: Possible Injury,Sidewalk / Crosswalk / Driveway Crossing,White,Female,Greensboro,Guilford,No,01-01-03,2012-04-04,Motorist Failed to Yield - Signalized Intersection,9,Intersection,01-04-01,0001-01-01T05:00:58-04:56,Motorist Drive Out - Right Turn on Red,,2012,C: Possible Injury,Commercial,0-19,17,No,0-5 mph,O: No Injury,Black,Male,Passenger Car,No,No,Daylight,Urban (>70% Developed),9 or more lanes,2,Straight - Bottom,Local Street,Dry,"Two-Way, Not Divided",None,No Special Feature,Smooth Asphalt,Piedmont,Urban,30 - 35  MPH,Stop And Go Signal,Clear,No,"36.09481, -79.8913"
219,220,No,15-Nov,14,No,Not Applicable,B: Evident Injury,Driveway / Alley,White,Male,Raleigh,Wake,No,01-01-05,2012-04-27,Bicyclist Failed to Yield - Midblock,21,Non-Intersection,01-04-01,0001-01-01T16:41:58-04:56,Bicyclist Ride Out - Commercial Driveway / Alley,,2012,B: Evident Injury,Residential,60-69,67,No,21-25 mph,O: No Injury,White,Male,Sport Utility,No,No,Daylight,Urban (>70% Developed),2 lanes,2,Straight - Level,Local Street,Dry,"Two-Way, Not Divided",None,No Special Feature,Smooth Asphalt,Piedmont,Urban,5 - 15 MPH,No Control Present,Clear,No,"35.92929, -78.5693"
224,225,No,50-59,51,No,Not Applicable,B: Evident Injury,Travel Lane,Hispanic,Male,Warsaw,Duplin,No,01-01-07,2012-03-18,Crossing Paths - Other Circumstances,19,Intersection-Related,01-03-01,0001-01-01T14:28:58-04:56,Crossing Paths - Uncontrolled Intersection,,2012,B: Evident Injury,Commercial,30-39,35,No,16-20 mph,O: No Injury,Black,Female,Passenger Car,No,No,Dusk,Urban (>70% Developed),2 lanes,2,Straight - Level,Local Street,Dry,"Two-Way, Not Divided",None,Four-Way Intersection,Smooth Asphalt,Coastal,Rural,30 - 35  MPH,Stop Sign,Clear,No,"34.99875, -78.0941"
225,226,Yes,50-59,53,No,With Traffic,A: Disabling Injury,Travel Lane,White,Male,None - Rural Crash,Orange,No,,2012-04-16,Motorist Overtaking Bicyclist,20,Non-Intersection,01-04-01,0001-01-01T15:14:58-04:56,Motorist Overtaking - Other /,,2012,A: Disabling Injury,Residential,20-24,24,No,51-55 mph,O: No Injury,Other,Female,Sport Utility,No,No,Dusk,Mixed (30% To 70% Developed),2 lanes,2,Straight - Level,US Route,Dry,"Two-Way, Not Divided",None,No Special Feature,Smooth Asphalt,Piedmont,Rural,50 - 55  MPH,"Double Yellow Line, No Passing Zone",Clear,No,"36.04933, -79.0299"
227,228,No,10-Jun,9,No,With Traffic,O: No Injury,Travel Lane,Black,Male,Wilson,Wilson,No,01-01-04,2012-03-29,Bicyclist Left Turn / Merge,17,Intersection-Related,01-03-01,0001-01-01T12:50:58-04:56,Bicyclist Left Turn - Same Direction,,2012,O: No Injury,Residential,60-69,61,No,,O: No Injury,Black,Male,Van,No,No,Daylight,Urban (>70% Developed),5 lanes,2,Straight - Bottom,Local Street,Dry,"Two-Way, Not Divided",None,No Special Feature,Smooth Asphalt,Coastal,Urban,30 - 35  MPH,No Control Present,Clear,No,"35.74473, -77.909"
228,229,Yes,30-39,39,No,With Traffic,O: No Injury,Travel Lane,White,Male,Kinston,Lenoir,No,01-01-03,2012-05-02,Loss of Control / Turning Error,18,Intersection-Related,01-05-01,0001-01-01T13:40:58-04:56,Bicyclist Lost Control - Other /,,2012,O: No Injury,Commercial,50-59,59,No,0-5 mph,O: No Injury,Black,Male,Commercial Bus,No,No,Daylight,Urban (>70% Developed),4 lanes,2,Straight - Level,Local Street,Dry,"Two-Way, Not Divided",None,T-Intersection,Smooth Asphalt,Coastal,Urban,30 - 35  MPH,No Control Present,Clear,No,"35.27103, -77.6053"
230,231,No,60-69,62,No,Facing Traffic,B: Evident Injury,Sidewalk / Crosswalk / Driveway Crossing,White,Male,Raleigh,Wake,No,01-01-05,2012-04-13,Motorist Failed to Yield - Midblock,17,Non-Intersection,01-04-01,0001-01-01T12:45:58-04:56,Motorist Drive Out - Commercial Driveway / Alley,,2012,B: Evident Injury,Commercial,25-29,26,No,0-5 mph,O: No Injury,White,Female,Passenger Car,No,No,Daylight,Urban (>70% Developed),1 lane,2,Straight - Level,Local Street,Dry,"One-Way, Not Divided",None,"Driveway, Private",Concrete,Piedmont,Urban,5 - 15 MPH,Other,Clear,No,"35.77978, -78.6422"
231,232,Yes,30-39,38,No,With Traffic,B: Evident Injury,Bike Lane / Paved Shoulder,White,Male,Raleigh,Wake,Yes,01-01-07,2012-04-29,Loss of Control / Turning Error,21,Non-Intersection,01-04-01,0001-01-01T16:56:58-04:56,Motorist Lost Control - Other /,,2012,B: Evident Injury,"Farms, Woods, Pastures",30-39,39,Yes,41-45 mph,O: No Injury,White,Female,Van,No,No,Dark - Roadway Not Lighted,Urban (>70% Developed),4 lanes,2,Straight - Level,Local Street,Dry,"Two-Way, Divided, Unprotected Median",None,No Special Feature,Smooth Asphalt,Piedmont,Urban,40 - 45  MPH,No Control Present,Clear,No,"35.79552, -78.7019"
233,234,Yes,60-69,65,No,With Traffic,C: Possible Injury,Travel Lane,Black,Male,Raleigh,Wake,No,01-01-05,2012-04-13,Motorist Left Turn / Merge,15,Intersection,01-04-01,0001-01-01T10:42:58-04:56,Motorist Left Turn - Opposite Direction,,2012,C: Possible Injury,Commercial,60-69,62,No,6-10 mph,O: No Injury,Black,Female,Passenger Car,No,No,Daylight,Urban (>70% Developed),4 lanes,2,Straight - Level,Local Street,Dry,"One-Way, Not Divided",None,No Special Feature,Smooth Asphalt,Piedmont,Urban,30 - 35  MPH,No Control Present,Clear,No,"35.77979, -78.6206"
235,236,Yes,10-Jun,7,No,With Traffic,C: Possible Injury,Sidewalk / Crosswalk / Driveway Crossing,White,Female,Cary,Wake,No,01-01-06,2012-04-21,Parallel Paths - Other Circumstances,15,Non-Intersection,01-04-01,0001-01-01T10:39:58-04:56,Parallel Paths - Other /,,2012,C: Possible Injury,Commercial,50-59,50,No,,C: Possible Injury,Black,Male,Passenger Car,No,No,Daylight,Urban (>70% Developed),4 lanes,3,Straight - Grade,State Secondary Route,Dry,"Two-Way, Divided, Unprotected Median",None,Related To Intersection,Smooth Asphalt,Piedmont,Urban,40 - 45  MPH,No Control Present,Clear,No,"35.78981, -78.8274"
252,253,Yes,20-24,20,No,Facing Traffic,C: Possible Injury,Sidewalk / Crosswalk / Driveway Crossing,White,Female,Raleigh,Wake,No,01-01-02,2012-04-24,Motorist Failed to Yield - Midblock,12,Non-Intersection,01-04-01,0001-01-01T07:17:58-04:56,Motorist Drive Out - Commercial Driveway / Alley,,2012,C: Possible Injury,Commercial,40-49,44,No,0-5 mph,O: No Injury,White,Male,Passenger Car,No,No,Daylight,Urban (>70% Developed),2 lanes,2,Straight - Level,Public Vehicular Area,Dry,"Two-Way, Not Divided",None,"Driveway, Public",Smooth Asphalt,Piedmont,Urban,30 - 35  MPH,Other,Clear,No,"35.77862, -78.6383"
253,254,Yes,15-Nov,15,No,With Traffic,B: Evident Injury,Travel Lane,Black,Male,Raleigh,Wake,No,01-01-06,2012-05-05,Bicyclist Failed to Yield - Sign-Controlled Intersection,14,Intersection,01-05-01,0001-01-01T09:47:58-04:56,Bicyclist Ride Through - Sign-Controlled Intersection,,2012,B: Evident Injury,Residential,40-49,46,No,21-25 mph,O: No Injury,Black,Male,Pickup,No,No,Daylight,Urban (>70% Developed),,2,Straight - Grade,Local Street,"Water (Standing, Moving)","Two-Way, Not Divided",None,Four-Way Intersection,Smooth Asphalt,Piedmont,Urban,30 - 35  MPH,Stop Sign,Cloudy,No,"35.73687, -78.5409"
254,255,Yes,50-59,55,No,Facing Traffic,C: Possible Injury,Bike Lane / Paved Shoulder,Black,Male,Fayetteville,Cumberland,No,,2012-04-16,Crossing Paths - Other Circumstances,14,Intersection,01-04-01,0001-01-01T09:48:58-04:56,Crossing Paths - Intersection - Other /,,2012,C: Possible Injury,Commercial,20-24,24,No,0-5 mph,O: No Injury,Hispanic,Female,Passenger Car,No,No,Daylight,Urban (>70% Developed),5 lanes,2,Straight - Level,Local Street,Dry,"Two-Way, Divided, Positive Median Barrier",None,No Special Feature,Coarse Asphalt,Coastal,Urban,40 - 45  MPH,Stop And Go Signal,Clear,No,"35.12218, -78.8795"
261,262,Yes,30-39,30,No,Facing Traffic,K: Killed,Travel Lane,Black,Male,Laurinburg,Scotland,No,01-01-03,2012-05-02,Loss of Control / Turning Error,8,Non-Intersection,01-05-01,0001-01-01T03:11:58-04:56,Motorist Lost Control - Other /,,2012,K: Killed,Residential,60-69,64,No,31-35 mph,O: No Injury,Black,Female,Passenger Car,No,No,Daylight,Urban (>70% Developed),2 lanes,2,Straight - Level,Local Street,Dry,"Two-Way, Not Divided",None,No Special Feature,Coarse Asphalt,Coastal,Urban,30 - 35  MPH,No Control Present,Clear,No,"34.75815, -79.4593"
263,264,Yes,15-Nov,12,No,Not Applicable,C: Possible Injury,Travel Lane,Black,Male,Winston-Salem,Forsyth,No,01-01-04,2012-04-26,Bicyclist Failed to Yield - Midblock,18,Non-Intersection,01-04-01,0001-01-01T13:06:58-04:56,Multiple Threat - Midblock,,2012,C: Possible Injury,Commercial,20-24,20,No,31-35 mph,O: No Injury,Hispanic,Male,Passenger Car,No,No,Daylight,Mixed (30% To 70% Developed),4 lanes,2,Straight - Level,Local Street,Dry,"Two-Way, Divided, Unprotected Median",None,No Special Feature,Smooth Asphalt,Piedmont,Urban,30 - 35  MPH,Stop And Go Signal,Clear,No,"36.05898, -80.2141"
264,265,No,50-59,50,No,With Traffic,C: Possible Injury,Travel Lane,White,Male,Charlotte,Mecklenburg,No,01-01-05,2012-05-11,Motorist Overtaking Bicyclist,21,Non-Intersection,01-05-01,0001-01-01T16:54:58-04:56,Motorist Overtaking - Other /,,2012,C: Possible Injury,Commercial,,,Missing,31-35 mph,Injury,/Missing,,,No,Yes,Daylight,Mixed (30% To 70% Developed),2 lanes,2,Straight - Level,Interstate,Dry,"Two-Way, Not Divided",None,No Special Feature,Smooth Asphalt,Piedmont,Urban,40 - 45  MPH,No Control Present,Clear,No,"35.34079, -80.8359"
272,273,No,50-59,59,No,With Traffic,B: Evident Injury,Travel Lane,Black,Male,Rocky Mount,Nash,No,01-01-03,2012-04-25,Motorist Overtaking Bicyclist,17,Non-Intersection,01-04-01,0001-01-01T12:03:58-04:56,Motorist Overtaking - Misjudged Space,,2012,B: Evident Injury,Commercial,20-24,21,No,26-30 mph,O: No Injury,Black,Female,Passenger Car,No,No,Daylight,Urban (>70% Developed),5 lanes,2,Straight - Level,Local Street,Dry,"Two-Way, Not Divided",None,No Special Feature,Coarse Asphalt,Coastal,Urban,40 - 45  MPH,No Control Present,Clear,No,"35.97028, -77.7861"
280,281,Yes,40-49,42,No,Facing Traffic,B: Evident Injury,Travel Lane,Hispanic,Male,Havelock,Craven,No,,2012-04-16,Head-On,9,Non-Intersection,01-04-01,0001-01-01T04:41:58-04:56,Head-On - Bicyclist,,2012,B: Evident Injury,Commercial,60-69,60,No,6-10 mph,O: No Injury,White,Male,Passenger Car,No,No,Daylight,Urban (>70% Developed),4 lanes,2,Straight - Level,US Route,Dry,"Two-Way, Divided, Unprotected Median",None,No Special Feature,Smooth Asphalt,Coastal,Urban,40 - 45  MPH,No Control Present,Clear,No,"34.86042, -76.8972"
283,284,Yes,15-Nov,15,No,Facing Traffic,C: Possible Injury,Travel Lane,White,Male,Holly Springs,Wake,No,01-01-03,2012-05-16,Crossing Paths - Other Circumstances,6,Intersection,01-05-01,0001-01-01T01:57:58-04:56,Signalized Intersection - Other /,,2012,C: Possible Injury,Residential,60-69,60,No,0-5 mph,O: No Injury,White,Female,Passenger Car,No,No,Daylight,Urban (>70% Developed),3 lanes,2,Straight - Level,Local Street,Wet,"Two-Way, Not Divided",None,T-Intersection,Smooth Asphalt,Piedmont,Urban,50 - 55  MPH,Stop And Go Signal,Clear,No,"35.63912, -78.8433"
286,287,Yes,60-69,64,No,Not Applicable,B: Evident Injury,,White,Male,None - Rural Crash,Transylvania,No,01-01-06,2012-03-17,Non-Roadway,12,Non-Roadway,01-03-01,0001-01-01T07:23:58-04:56,Non-Roadway,,2012,B: Evident Injury,"Farms, Woods, Pastures",40-49,49,No,11-15 mph,O: No Injury,White,Male,Sport Utility,No,No,Daylight,Rural (<30% Developed),2 lanes,2,Curve - Level,"Private Road, Driveway",Dry,"Two-Way, Not Divided",None,"Driveway, Private",Gravel,Mountains,Rural,,No Control Present,Clear,No,"35.24979, -82.6712"
288,289,Yes,15-Nov,15,No,Facing Traffic,C: Possible Injury,Sidewalk / Crosswalk / Driveway Crossing,Black,Male,Hickory,Catawba,No,01-01-04,2012-05-03,Bicyclist Failed to Yield - Signalized Intersection,13,Intersection,01-05-01,0001-01-01T08:58:58-04:56,Bicyclist Failed to Clear - Multiple Threat,,2012,C: Possible Injury,Commercial,25-29,26,No,0-5 mph,O: No Injury,White,Female,Sport Utility,No,No,Daylight,Urban (>70% Developed),2 lanes,2,Straight - Level,Local Street,Dry,"One-Way, Not Divided",None,Four-Way Intersection,Coarse Asphalt,Piedmont,Urban,30 - 35  MPH,Stop And Go Signal,Clear,No,"35.73554, -81.3355"
295,296,Yes,30-39,31,No,With Traffic,B: Evident Injury,Travel Lane,Black,Male,Salisbury,Rowan,No,01-01-07,2012-05-20,Loss of Control / Turning Error,18,Intersection,01-05-01,0001-01-01T13:35:58-04:56,Bicyclist Lost Control - Mechanical Problems,,2012,B: Evident Injury,Residential,40-49,47,No,26-30 mph,O: No Injury,Black,Male,Passenger Car,No,No,Daylight,Urban (>70% Developed),2 lanes,2,Straight - Level,Local Street,Dry,"Two-Way, Not Divided",None,No Special Feature,Coarse Asphalt,Piedmont,Urban,30 - 35  MPH,Stop Sign,Clear,No,"35.66552, -80.4634"
308,309,Yes,20-24,23,No,Facing Traffic,C: Possible Injury,Sidewalk / Crosswalk / Driveway Crossing,Black,Male,Charlotte,Mecklenburg,No,01-01-06,2012-05-12,Motorist Failed to Yield - Midblock,18,Non-Intersection,01-05-01,0001-01-01T13:22:58-04:56,Motorist Drive Out - Commercial Driveway / Alley,,2012,C: Possible Injury,Residential,,,Missing,6-10 mph,Injury,Hispanic,Female,"Light Truck (Mini-Van, Panel)",No,Yes,Daylight,Urban (>70% Developed),2 lanes,2,Straight - Level,Local Street,Dry,"Two-Way, Divided, Positive Median Barrier",None,"Driveway, Public",Smooth Asphalt,Piedmont,Urban,30 - 35  MPH,No Control Present,Cloudy,No,"35.22271, -80.75"
310,311,Yes,50-59,58,No,Facing Traffic,C: Possible Injury,Sidewalk / Crosswalk / Driveway Crossing,White,Male,Oak Island,Brunswick,No,01-01-06,2012-05-12,Loss of Control / Turning Error,10,Non-Intersection,01-05-01,0001-01-01T05:23:58-04:56,Motorist Lost Control - Other /,,2012,C: Possible Injury,Residential,0-19,17,No,26-30 mph,O: No Injury,White,Male,Sport Utility,No,No,Daylight,Urban (>70% Developed),3 lanes,3,Straight - Level,Local Street,Dry,"Two-Way, Not Divided",None,No Special Feature,Smooth Asphalt,Coastal,Urban,30 - 35  MPH,No Control Present,Clear,No,"33.90992, -78.0957"
312,313,Yes,20-24,22,No,Facing Traffic,C: Possible Injury,Sidewalk / Crosswalk / Driveway Crossing,Other,Male,Asheboro,Randolph,No,01-01-07,2012-05-20,Motorist Failed to Yield - Midblock,17,Non-Intersection,01-05-01,0001-01-01T12:05:58-04:56,Motorist Drive Out - Commercial Driveway / Alley,,2012,C: Possible Injury,Commercial,40-49,48,No,0-5 mph,O: No Injury,White,Female,Passenger Car,No,No,Daylight,Urban (>70% Developed),2 lanes,2,Straight - Level,Public Vehicular Area,Dry,"Two-Way, Not Divided",None,"Driveway, Public",Grooved Concrete,Piedmont,Urban,,No Control Present,Clear,No,"35.70826, -79.8137"
316,317,Yes,20-24,20,No,With Traffic,B: Evident Injury,Travel Lane,White,Male,None - Rural Crash,Wake,No,01-01-04,2012-05-17,Motorist Overtaking Bicyclist,16,Non-Intersection,01-05-01,0001-01-01T11:59:58-04:56,Motorist Overtaking - Bicyclist Swerved,,2012,B: Evident Injury,Residential,25-29,28,No,31-35 mph,O: No Injury,White,Male,Single Unit Truck (3 Or More Axles),No,No,Daylight,Mixed (30% To 70% Developed),2 lanes,2,Straight - Level,State Secondary Route,Dry,"Two-Way, Not Divided",None,No Special Feature,Smooth Asphalt,Piedmont,Rural,40 - 45  MPH,"Double Yellow Line, No Passing Zone",Clear,No,"35.83147, -78.4423"
321,322,Yes,60-69,60,No,With Traffic,C: Possible Injury,Travel Lane,Black,Male,Wilmington,New Hanover,No,01-01-03,2012-05-16,Motorist Failed to Yield - Sign-Controlled Intersection,10,Intersection,01-05-01,0001-01-01T05:21:58-04:56,Motorist Drive Out - Sign-Controlled Intersection,,2012,C: Possible Injury,Residential,40-49,44,No,0-5 mph,O: No Injury,White,Male,Passenger Car,No,No,Daylight,Urban (>70% Developed),4 lanes,2,Straight - Level,Local Street,Dry,"Two-Way, Not Divided",None,No Special Feature,Smooth Asphalt,Coastal,Urban,30 - 35  MPH,Stop Sign,Clear,No,"34.21798, -77.9426"
322,323,Yes,20-24,20,No,With Traffic,B: Evident Injury,Travel Lane,White,Male,Wilmington,New Hanover,No,01-01-03,2012-05-16,Motorist Failed to Yield - Sign-Controlled Intersection,12,Intersection,01-05-01,0001-01-01T07:44:58-04:56,Motorist Drive Out - Sign-Controlled Intersection,,2012,B: Evident Injury,Commercial,50-59,50,No,0-5 mph,O: No Injury,White,Male,Passenger Car,No,No,Daylight,Mixed (30% To 70% Developed),6 lanes,2,Straight - Level,Local Street,Wet,"Two-Way, Divided, Positive Median Barrier",None,No Special Feature,Smooth Asphalt,Coastal,Urban,20 - 25  MPH,Stop Sign,Cloudy,No,"34.24319, -77.9497"
332,333,Yes,40-49,46,No,With Traffic,C: Possible Injury,Travel Lane,Black,Male,Garysburg,Northampton,No,01-01-06,2012-06-02,Motorist Overtaking Bicyclist,1,Non-Intersection,01-06-01,0000-12-31T20:09:58-04:56,Motorist Overtaking - Misjudged Space,,2012,C: Possible Injury,Residential,,,No,,Injury,/Missing,,,No,Yes,Dark - Roadway Not Lighted,Mixed (30% To 70% Developed),2 lanes,2,Straight - Level,US Route,Wet,"Two-Way, Not Divided",None,No Special Feature,Smooth Asphalt,Coastal,Rural,40 - 45  MPH,No Control Present,Rain,No,"36.45314, -77.5579"
335,336,Yes,40-49,47,No,With Traffic,B: Evident Injury,Travel Lane,White,Male,Duck,Dare,No,01-01-07,2012-05-27,Motorist Right Turn / Merge,16,Intersection,01-05-01,0001-01-01T11:38:58-04:56,Motorist Right Turn - Same Direction,,2012,B: Evident Injury,Commercial,70,70,No,21-25 mph,O: No Injury,White,Male,Van,No,No,Daylight,Urban (>70% Developed),3 lanes,2,Straight - Level,NC Route,Dry,"Two-Way, Not Divided",None,No Special Feature,Smooth Asphalt,Coastal,Rural,,No Control Present,Clear,No,"36.1631, -75.7527"
336,337,No,20-24,21,No,With Traffic,O: No Injury,Travel Lane,/Missing,,None - Rural Crash,Alamance,No,,2012-05-14,Crossing Paths - Other Circumstances,7,Intersection-Related,01-05-01,0001-01-01T02:47:58-04:56,Crossing Paths - Uncontrolled Intersection,,2012,O: No Injury,Residential,70,70,No,0-5 mph,O: No Injury,White,Male,Other Bus,No,No,Daylight,Urban (>70% Developed),2 lanes,2,Straight - Level,Local Street,Dry,"Two-Way, Not Divided",None,"Driveway, Public",Smooth Asphalt,Piedmont,Rural,30 - 35  MPH,"Double Yellow Line, No Passing Zone",Cloudy,No,"36.10808, -79.4842"
343,344,No,15-Nov,11,No,Not Applicable,O: No Injury,Non-Roadway,White,Male,Mooresville,Iredell,No,,2012-05-28,Non-Roadway,20,Non-Roadway,01-05-01,0001-01-01T15:27:58-04:56,Non-Roadway,,2012,O: No Injury,Commercial,50-59,50,No,0-5 mph,O: No Injury,White,Female,Sport Utility,No,No,Daylight,Urban (>70% Developed),,2,Straight - Level,Public Vehicular Area,Dry,"Two-Way, Not Divided",None,No Special Feature,Smooth Asphalt,Piedmont,Urban,5 - 15 MPH,No Control Present,Clear,No,"35.53492, -80.8001"
344,345,Yes,30-39,30,No,With Traffic,B: Evident Injury,Travel Lane,/Missing,,Wrightsville Beach,New Hanover,No,01-01-07,2012-05-27,Motorist Left Turn / Merge,12,Intersection,01-05-01,0001-01-01T07:30:58-04:56,Motorist Left Turn - Same Direction,,2012,B: Evident Injury,Residential,40-49,40,No,6-10 mph,O: No Injury,White,Female,Sport Utility,No,No,Daylight,Mixed (30% To 70% Developed),2 lanes,2,Straight - Level,Local Street,Dry,"Two-Way, Not Divided",None,No Special Feature,Smooth Asphalt,Coastal,Rural,20 - 25  MPH,No Control Present,Clear,No,"34.20949, -77.7948"
346,347,No,16-19,16,No,With Traffic,C: Possible Injury,Travel Lane,White,Female,Wilmington,New Hanover,No,01-01-02,2012-05-29,Crossing Paths - Other Circumstances,9,Intersection,01-05-01,0001-01-01T04:20:58-04:56,Signalized Intersection - Other /,,2012,C: Possible Injury,Commercial,,,No,,Injury,/Missing,,,No,Yes,Daylight,Urban (>70% Developed),2 lanes,2,Straight - Level,Local Street,Wet,"One-Way, Not Divided",None,No Special Feature,Smooth Asphalt,Coastal,Urban,30 - 35  MPH,Stop And Go Signal,Rain,No,"34.23593, -77.9275"
356,357,Yes,15-Nov,13,No,Facing Traffic,C: Possible Injury,Sidewalk / Crosswalk / Driveway Crossing,White,Male,Cary,Wake,No,01-01-06,2012-05-19,Crossing Paths - Other Circumstances,13,Intersection,01-05-01,0001-01-01T08:35:58-04:56,Signalized Intersection - Other /,,2012,C: Possible Injury,Commercial,0-19,18,No,0-5 mph,O: No Injury,White,Female,Sport Utility,No,No,Daylight,Urban (>70% Developed),5 lanes,2,Straight - Level,State Secondary Route,Dry,"Two-Way, Not Divided",None,Related To Intersection,Smooth Asphalt,Piedmont,Urban,40 - 45  MPH,Stop And Go Signal,Clear,No,"35.79135, -78.8475"
358,359,No,,0,Missing,Facing Traffic,Injury,Sidewalk / Crosswalk / Driveway Crossing,/Missing,,Cary,Wake,No,01-01-05,2012-05-25,Motorist Failed to Yield - Midblock,11,Non-Intersection,01-05-01,0001-01-01T06:43:58-04:56,Motorist Drive Out - Commercial Driveway / Alley,,2012,O: No Injury,Commercial,40-49,49,No,0-5 mph,O: No Injury,White,Male,Passenger Car,No,No,Daylight,Urban (>70% Developed),2 lanes,2,Straight - Level,Public Vehicular Area,Dry,"Two-Way, Divided, Unprotected Median",None,"Driveway, Private",Smooth Asphalt,Piedmont,Urban,40 - 45  MPH,Stop Sign,Clear,No,"35.76359, -78.747"