FID,OBJECTID,AmbulanceR,BikeAge_Gr,Bike_Age,Bike_Alc_D,Bike_Dir,Bike_Injur,Bike_Pos,Bike_Race,Bike_Sex,City,County,CrashAlcoh,CrashDay,Crash_Date,Crash_Grp,Crash_Hour,Crash_Loc,Crash_Mont,Crash_Time,Crash_Type,Crash_Ty_1,Crash_Year,Crsh_Sevri,Developmen,DrvrAge_Gr,Drvr_Age,Drvr_Alc_D,Drvr_EstSp,Drvr_Injur,Drvr_Race,Drvr_Sex,Drvr_VehTy,ExcsSpdInd,Hit_Run,Light_Cond,Locality,Num_Lanes,Num_Units,Rd_Charact,Rd_Class,Rd_Conditi,Rd_Config,Rd_Defects,Rd_Feature,Rd_Surface,Region,Rural_Urba,Speed_Limi,Traff_Cntr,Weather,Workzone_I,Location
639,640,Yes,15-Nov,12,No,With Traffic,B: Evident Injury,Travel Lane,White,Male,Dallas,Gaston,No,01-01-05,2010-08-13,Bicyclist Failed to Yield - Sign-Controlled Intersection,17,Intersection,01-08-01,0001-01-01T12:34:58-04:56,Bicyclist Ride Out - Sign-Controlled Intersection,0,2010,B: Evident Injury,Residential,70,,No,16-20 mph,C: Possible Injury,Black,Female,Passenger Car,No,No,Daylight,Urban (>70% Developed),2 lanes,2,Straight - Bottom,Local Street,Dry,"Two-Way, Not Divided",None,T-Intersection,Smooth Asphalt,Piedmont,Rural,20 - 25  MPH,Stop Sign,Clear,No,"35.31113, -81.178055"
643,644,Yes,15-Nov,11,No,With Traffic,C: Possible Injury,Travel Lane,White,Female,None - Rural Crash,Onslow,No,01-01-07,2010-09-05,Bicyclist Left Turn / Merge,14,Non-Intersection,01-09-01,0001-01-01T09:29:58-04:56,Bicyclist Left Turn - Same Direction,0,2010,B: Evident Injury,"Farms, Woods, Pastures",50-59,58,No,31-35 mph,B: Evident Injury,White,Male,Motorcycle,No,No,Daylight,Rural (<30% Developed),2 lanes,2,Straight - Level,State Secondary Route,Dry,"Two-Way, Not Divided",None,No Special Feature,Coarse Asphalt,Coastal,Rural,50 - 55  MPH,No Control Present,Clear,No,"34.925636, -77.33551"
646,647,No,30-39,31,Yes,With Traffic,O: No Injury,Travel Lane,Hispanic,Male,Cary,Wake,Yes,01-01-05,2010-09-10,Bicyclist Failed to Yield - Sign-Controlled Intersection,22,Intersection,01-09-01,0001-01-01T17:12:58-04:56,Bicyclist Ride Through - Sign-Controlled Intersection,0,2010,O: No Injury,Residential,40-49,43,No,16-20 mph,O: No Injury,Asian,Male,"Light Truck (Mini-Van, Panel)",No,No,Dark - Lighted Roadway,Urban (>70% Developed),2 lanes,2,Straight - Level,Local Street,Dry,"Two-Way, Not Divided",None,Four-Way Intersection,Smooth Asphalt,Piedmont,Urban,20 - 25  MPH,Stop Sign,Clear,No,"35.785057, -78.778625"
663,664,No,16-19,19,No,Not Applicable,O: No Injury,Sidewalk / Crosswalk / Driveway Crossing,White,Male,Southern Pines,Moore,No,01-01-05,2010-09-10,Non-Roadway,7,Non-Roadway,01-09-01,0001-01-01T02:29:58-04:56,Non-Roadway,0,2010,O: No Injury,Commercial,20-24,24,No,6-10 mph,O: No Injury,White,Female,Passenger Car,No,No,Daylight,Rural (<30% Developed),,2,Straight - Bottom,Public Vehicular Area,Dry,"Two-Way, Not Divided",None,Bridge,Smooth Asphalt,Piedmont,Urban,,No Control Present,Clear,No,"35.176086, -79.38884"
669,670,Yes,20-24,24,No,With Traffic,B: Evident Injury,Travel Lane,White,Male,None - Rural Crash,Carteret,No,01-01-05,2010-09-17,Motorist Overtaking Bicyclist,21,Non-Intersection,01-09-01,0001-01-01T16:12:58-04:56,Motorist Overtaking - Other /,0,2010,B: Evident Injury,Residential,20-24,21,Missing,26-30 mph,C: Possible Injury,White,Male,Motorcycle,No,No,Dark - Roadway Not Lighted,Rural (<30% Developed),2 lanes,2,Straight - Level,US Route,Dry,"Two-Way, Not Divided",None,No Special Feature,Smooth Asphalt,Coastal,Rural,50 - 55  MPH,"Double Yellow Line, No Passing Zone",Clear,No,"34.78076, -76.57323"
173,174,Yes,30-39,37,No,With Traffic,B: Evident Injury,Travel Lane,White,Male,Wilmington,New Hanover,No,01-01-05,2010-04-09,Motorist Right Turn / Merge,14,Intersection,01-04-01,0001-01-01T09:12:58-04:56,Motorist Right Turn - Same Direction,0,2010,B: Evident Injury,Commercial,30-39,32,No,41-45 mph,O: No Injury,White,Female,Passenger Car,No,No,Daylight,Urban (>70% Developed),5 lanes,2,Straight - Level,Local Street,Dry,"Two-Way, Not Divided",None,Related To Intersection,Coarse Asphalt,Coastal,Urban,40 - 45  MPH,Stop Sign,Clear,No,"34.22186, -77.81973"
176,177,No,25-29,27,No,With Traffic,Injury,Travel Lane,Black,Male,Fayetteville,Cumberland,No,,2010-04-19,Loss of Control / Turning Error,19,Intersection-Related,01-04-01,0001-01-01T14:13:58-04:56,Motorist Turning Error - Other,0,2010,Injury,Commercial,,,Missing,6-10 mph,Injury,/Missing,,Passenger Car,No,Yes,Daylight,Urban (>70% Developed),2 lanes,2,Straight - Level,Local Street,Dry,"Two-Way, Divided, Unprotected Median",None,No Special Feature,Coarse Asphalt,Coastal,Urban,40 - 45  MPH,No Control Present,Clear,No,"35.097523, -78.91591"
177,178,Yes,20-24,24,No,With Traffic,B: Evident Injury,Sidewalk / Crosswalk / Driveway Crossing,White,Male,Charlotte,Mecklenburg,No,,2010-04-19,Crossing Paths - Other Circumstances,17,Intersection,01-04-01,0001-01-01T12:03:58-04:56,Signalized Intersection - Other /,0,2010,B: Evident Injury,Institutional,30-39,36,No,26-30 mph,O: No Injury,Hispanic,Male,Pickup,No,No,Daylight,Urban (>70% Developed),4 lanes,2,Straight - Level,Local Street,Dry,"Two-Way, Divided, Positive Median Barrier",None,No Special Feature,Smooth Asphalt,Piedmont,Urban,50 - 55  MPH,Stop And Go Signal,Clear,No,"35.30119, -80.73129"
181,182,Yes,40-49,41,No,With Traffic,A: Disabling Injury,Travel Lane,White,Male,Huntersville,Mecklenburg,No,01-01-07,2010-04-18,Motorist Failed to Yield - Sign-Controlled Intersection,19,Intersection,01-04-01,0001-01-01T14:33:58-04:56,Motorist Drive Out - Sign-Controlled Intersection,0,2010,A: Disabling Injury,Residential,30-39,33,No,0-5 mph,O: No Injury,White,Male,Sport Utility,No,No,Dusk,Mixed (30% To 70% Developed),2 lanes,2,Straight - Grade,Local Street,Dry,"Two-Way, Not Divided",None,No Special Feature,Smooth Asphalt,Piedmont,Urban,20 - 25  MPH,Stop Sign,Clear,No,"35.425896, -80.84695"
186,187,Yes,60-69,61,No,With Traffic,B: Evident Injury,Travel Lane,White,Female,None - Rural Crash,Pasquotank,No,01-01-07,2010-04-11,Motorist Overtaking Bicyclist,9,Non-Intersection,01-04-01,0001-01-01T04:43:58-04:56,Motorist Overtaking - Other /,0,2010,B: Evident Injury,"Farms, Woods, Pastures",70,,No,46-50 mph,O: No Injury,White,Male,Van,No,No,Daylight,Rural (<30% Developed),2 lanes,2,Straight - Level,State Secondary Route,Dry,"Two-Way, Not Divided",None,No Special Feature,Smooth Asphalt,Coastal,Rural,50 - 55  MPH,No Control Present,Clear,No,"36.268047, -76.243935"
187,188,Yes,16-19,17,No,With Traffic,B: Evident Injury,Travel Lane,Hispanic,Male,Kannapolis,Cabarrus,No,01-01-06,2010-04-24,Bicyclist Failed to Yield - Sign-Controlled Intersection,12,Intersection,01-04-01,0001-01-01T07:28:58-04:56,Bicyclist Ride Out - Sign-Controlled Intersection,0,2010,B: Evident Injury,Residential,60-69,63,No,16-20 mph,O: No Injury,White,Female,Passenger Car,No,No,Daylight,Urban (>70% Developed),2 lanes,2,Straight - Bottom,Local Street,Dry,"Two-Way, Not Divided",None,Four-Way Intersection,Smooth Asphalt,Piedmont,Urban,30 - 35  MPH,No Control Present,Clear,No,"35.502026, -80.63825"
193,194,Yes,60-69,65,No,With Traffic,B: Evident Injury,Travel Lane,White,Male,Charlotte,Mecklenburg,No,01-01-07,2010-04-25,Motorist Right Turn / Merge,18,Intersection,01-04-01,0001-01-01T13:30:58-04:56,Motorist Right Turn - Same Direction,0,2010,B: Evident Injury,Residential,50-59,52,No,21-25 mph,O: No Injury,White,Female,Passenger Car,No,No,Daylight,Urban (>70% Developed),3 lanes,2,Straight - Level,Local Street,Dry,"Two-Way, Divided, Unprotected Median",None,Four-Way Intersection,Smooth Asphalt,Piedmont,Urban,30 - 35  MPH,Stop And Go Signal,Clear,No,"35.132595, -80.80899"
199,200,Yes,40-49,46,No,Facing Traffic,C: Possible Injury,Sidewalk / Crosswalk / Driveway Crossing,Black,Male,Cary,Wake,No,01-01-05,2010-04-30,Motorist Failed to Yield - Sign-Controlled Intersection,16,Intersection,01-04-01,0001-01-01T11:27:58-04:56,Motorist Drive Out - Sign-Controlled Intersection,0,2010,C: Possible Injury,Commercial,30-39,36,No,0-5 mph,O: No Injury,White,Female,Sport Utility,No,No,Daylight,Urban (>70% Developed),2 lanes,2,Straight - Level,Local Street,Dry,"Two-Way, Not Divided",None,No Special Feature,Smooth Asphalt,Piedmont,Urban,30 - 35  MPH,Stop Sign,Clear,No,"35.784924, -78.76434"
201,202,Yes,15-Nov,12,No,Facing Traffic,C: Possible Injury,Travel Lane,White,Male,None - Rural Crash,Pender,No,01-01-03,2010-05-05,Bicyclist Right Turn / Merge,17,Non-Intersection,01-05-01,0001-01-01T12:13:58-04:56,Bicyclist Right Turn - Same Direction,0,2010,C: Possible Injury,Residential,30-39,31,No,31-35 mph,O: No Injury,White,Male,Passenger Car,No,No,Daylight,Mixed (30% To 70% Developed),3 lanes,2,Straight - Level,State Secondary Route,Dry,"Two-Way, Not Divided",None,No Special Feature,Coarse Asphalt,Coastal,Rural,40 - 45  MPH,"Double Yellow Line, No Passing Zone",Clear,No,"34.383553, -77.67035"
206,207,Yes,60-69,66,No,With Traffic,B: Evident Injury,Bike Lane / Paved Shoulder,Black,Male,None - Rural Crash,Sampson,No,01-01-05,2010-05-07,Motorist Overtaking Bicyclist,5,Non-Intersection,01-05-01,0001-01-01T00:51:58-04:56,Motorist Overtaking - Misjudged Space,0,2010,B: Evident Injury,"Farms, Woods, Pastures",,,No,41-45 mph,Injury,/Missing,,,No,Yes,Dark - Roadway Not Lighted,Rural (<30% Developed),2 lanes,2,Straight - Level,NC Route,Dry,"Two-Way, Not Divided",None,No Special Feature,Coarse Asphalt,Coastal,Rural,50 - 55  MPH,No Control Present,Clear,No,"35.010113, -78.30045"
214,215,Yes,10-Jun,10,No,With Traffic,C: Possible Injury,Travel Lane,Asian,Male,Raleigh,Wake,No,01-01-02,2010-04-20,Bicyclist Failed to Yield - Sign-Controlled Intersection,17,Intersection,01-04-01,0001-01-01T13:00:58-04:56,Bicyclist Ride Through - Sign-Controlled Intersection,0,2010,C: Possible Injury,Residential,40-49,43,No,26-30 mph,O: No Injury,Black,Male,Passenger Car,No,No,Daylight,Urban (>70% Developed),2 lanes,2,Straight - Hillcrest,Local Street,Dry,"Two-Way, Divided, Unprotected Median",None,Four-Way Intersection,Coarse Asphalt,Piedmont,Urban,30 - 35  MPH,Stop Sign,Clear,No,"35.74792, -78.68071"
217,218,Yes,25-29,28,Yes,With Traffic,B: Evident Injury,Travel Lane,White,Male,Raleigh,Wake,Yes,01-01-06,2010-04-03,Bicyclist Left Turn / Merge,15,Intersection-Related,01-04-01,0001-01-01T10:27:58-04:56,Bicyclist Left Turn - Same Direction,0,2010,B: Evident Injury,Commercial,40-49,40,No,16-20 mph,C: Possible Injury,White,Male,Sport Utility,No,No,Daylight,Urban (>70% Developed),4 lanes,2,Straight - Level,Local Street,Dry,"Two-Way, Divided, Unprotected Median",None,No Special Feature,Smooth Asphalt,Piedmont,Urban,40 - 45  MPH,No Control Present,Clear,No,"35.79382, -78.705925"
218,219,Yes,10-Jun,8,No,Not Applicable,C: Possible Injury,Driveway / Alley,Black,Male,Greensboro,Guilford,No,01-01-04,2010-04-29,Bicyclist Failed to Yield - Midblock,16,Non-Intersection,01-04-01,0001-01-01T11:12:58-04:56,Bicyclist Ride Out - Residential Driveway,0,2010,C: Possible Injury,Residential,50-59,51,No,16-20 mph,O: No Injury,Black,Female,Passenger Car,No,No,Daylight,Urban (>70% Developed),2 lanes,2,Straight - Level,Local Street,Dry,"Two-Way, Not Divided",None,No Special Feature,Smooth Asphalt,Piedmont,Urban,30 - 35  MPH,No Control Present,Clear,No,"36.014256, -79.806114"
220,221,Yes,20-24,22,No,With Traffic,Injury,Bike Lane / Paved Shoulder,White,Male,Carolina Beach,New Hanover,No,01-01-04,2010-04-22,Motorist Left Turn / Merge,5,Intersection,01-04-01,0001-01-01T00:35:58-04:56,Motorist Left Turn - Opposite Direction,0,2010,Injury,Residential,70,,No,21-25 mph,Injury,White,Female,Passenger Car,No,No,Daylight,Urban (>70% Developed),2 lanes,2,Straight - Level,State Secondary Route,Dry,"Two-Way, Divided, Unprotected Median",None,No Special Feature,Smooth Asphalt,Coastal,Urban,20 - 25  MPH,No Control Present,Clear,No,"34.031982, -77.89496"
222,223,Yes,40-49,43,No,Facing Traffic,C: Possible Injury,Sidewalk / Crosswalk / Driveway Crossing,Black,Male,Charlotte,Mecklenburg,No,01-01-03,2010-04-28,Motorist Failed to Yield - Midblock,13,Non-Intersection,01-04-01,0001-01-01T08:27:58-04:56,Motorist Drive Out - Commercial Driveway / Alley,0,2010,C: Possible Injury,Commercial,25-29,27,No,6-10 mph,O: No Injury,Hispanic,Male,Passenger Car,No,No,Daylight,Urban (>70% Developed),2 lanes,2,Straight - Level,Public Vehicular Area,Dry,"Two-Way, Not Divided",None,"Driveway, Private",Smooth Asphalt,Piedmont,Urban,,No Control Present,Clear,No,"35.210953, -80.75901"
225,226,No,,,No,,Injury,Travel Lane,/Missing,,Cary,Wake,No,01-01-03,2010-05-12,Bicyclist Failed to Yield - Signalized Intersection,15,Intersection,01-05-01,0001-01-01T10:37:58-04:56,Bicyclist Ride Through - Signalized Intersection,0,2010,O: No Injury,Commercial,30-39,32,No,0-5 mph,O: No Injury,White,Female,Passenger Car,No,No,Daylight,Urban (>70% Developed),4 lanes,2,Straight - Level,State Secondary Route,Dry,"Two-Way, Divided, Unprotected Median",None,Four-Way Intersection,Coarse Asphalt,Piedmont,Urban,40 - 45  MPH,Stop And Go Signal,Clear,No,"35.829407, -78.773"
226,227,Yes,16-19,17,No,With Traffic,C: Possible Injury,Travel Lane,Black,Male,Laurinburg,Scotland,No,01-01-05,2010-04-30,Bicyclist Left Turn / Merge,18,Non-Intersection,01-04-01,0001-01-01T13:12:58-04:56,Bicyclist Left Turn - Same Direction,0,2010,C: Possible Injury,Residential,40-49,40,No,26-30 mph,O: No Injury,White,Male,Van,No,No,Daylight,Urban (>70% Developed),2 lanes,2,Straight - Level,Local Street,"Water (Standing, Moving)","Two-Way, Not Divided",None,No Special Feature,Coarse Asphalt,Coastal,Urban,30 - 35  MPH,No Control Present,Clear,No,"34.75955, -79.459175"
230,231,Yes,40-49,40,No,With Traffic,B: Evident Injury,Travel Lane,White,Male,None - Rural Crash,Davidson,No,01-01-05,2010-05-14,Motorist Failed to Yield - Sign-Controlled Intersection,13,Intersection,01-05-01,0001-01-01T08:19:58-04:56,Motorist Drive Out - Sign-Controlled Intersection,0,2010,B: Evident Injury,Residential,20-24,21,No,0-5 mph,O: No Injury,White,Female,Passenger Car,No,No,Daylight,Rural (<30% Developed),2 lanes,2,Straight - Grade,State Secondary Route,Dry,"Two-Way, Not Divided",None,Four-Way Intersection,Smooth Asphalt,Piedmont,Rural,50 - 55  MPH,Stop Sign,Clear,No,"35.81228, -80.2015"
231,232,Yes,10-Jun,8,No,With Traffic,C: Possible Injury,Travel Lane,Black,Female,Durham,Durham,No,01-01-06,2010-05-15,Crossing Paths - Other Circumstances,19,Intersection,01-05-01,0001-01-01T14:10:58-04:56,Sign-Controlled Intersection - Other /,0,2010,C: Possible Injury,Residential,30-39,31,No,21-25 mph,O: No Injury,White,Female,Sport Utility,No,No,Daylight,Urban (>70% Developed),2 lanes,2,Straight - Level,Local Street,Dry,"Two-Way, Not Divided",None,Four-Way Intersection,Coarse Asphalt,Piedmont,Urban,20 - 25  MPH,Stop Sign,Clear,No,"36.01519, -78.915634"
637,638,No,,,No,With Traffic,C: Possible Injury,Sidewalk / Crosswalk / Driveway Crossing,Black,Male,Elizabeth City,Pasquotank,No,01-01-04,2007-08-09,Parallel Paths - Other Circumstances,0,Non-Intersection,01-08-01,0000-12-31T19:03:58-04:56,Bicyclist Ride Out - Parallel Path,331225,2007,C: Possible Injury,Commercial,30-39,34,No,21-25 mph,O: No Injury,Black,Male,Passenger Car,No,No,Daylight,Urban (>70% Developed),5 lanes,2,Straight - Level,Local Street,Dry,"Two-Way, Divided, Unprotected Median",None,No Special Feature,Smooth Asphalt,Coastal,Urban,30 - 35  MPH,No Control Present,Cloudy,No,"36.296814, -76.22131"
642,643,Yes,50-59,50,No,With Traffic,B: Evident Injury,Bike Lane / Paved Shoulder,Black,Male,Fayetteville,Cumberland,No,01-01-05,2007-08-10,Motorist Overtaking Bicyclist,5,Non-Intersection,01-08-01,0001-01-01T00:06:58-04:56,Motorist Overtaking - Other /,321239,2007,B: Evident Injury,Commercial,40-49,45,No,41-45 mph,O: No Injury,White,Male,Pickup,No,No,Dark - Roadway Not Lighted,Urban (>70% Developed),4 lanes,2,Straight - Level,Local Street,Dry,"Two-Way, Divided, Positive Median Barrier",None,No Special Feature,Coarse Asphalt,Coastal,Urban,40 - 45  MPH,No Control Present,Clear,No,"35.05947, -78.85149"
652,653,No,20-24,20,No,,B: Evident Injury,Non-Roadway,White,Female,Greenville,Pitt,No,,2007-08-13,Non-Roadway,15,Non-Roadway,01-08-01,0001-01-01T10:03:58-04:56,Non-Roadway,460910,2007,B: Evident Injury,Institutional,,,Missing,0-5 mph,Injury,/Missing,,,No,Yes,Daylight,Urban (>70% Developed),1 lane,2,Curve - Level,Public Vehicular Area,Dry,"Two-Way, Not Divided",None,"Driveway, Public",Smooth Asphalt,Coastal,Urban,5 - 15 MPH,No Control Present,Clear,No,"35.606796, -77.36946"
654,655,Yes,20-24,20,No,With Traffic,B: Evident Injury,Travel Lane,White,Male,High Point,Guilford,No,,2007-08-13,Bicyclist Failed to Yield - Sign-Controlled Intersection,14,Intersection,01-08-01,0001-01-01T09:25:58-04:56,Bicyclist Ride Through - Sign-Controlled Intersection,111144,2007,B: Evident Injury,Residential,60-69,61,No,21-25 mph,O: No Injury,White,Female,Sport Utility,No,No,Daylight,Urban (>70% Developed),2 lanes,2,Straight - Level,Local Street,Dry,"Two-Way, Not Divided",None,T-Intersection,Smooth Asphalt,Piedmont,Urban,30 - 35  MPH,Stop Sign,Clear,No,"35.941494, -80.00289"
685,686,No,16-19,17,No,With Traffic,C: Possible Injury,Travel Lane,White,Male,None - Rural Crash,Caldwell,No,01-01-03,2007-08-22,Head-On,22,Non-Intersection,01-08-01,0001-01-01T17:13:58-04:56,Head-On - Motorist,311255,2007,C: Possible Injury,Residential,,,Missing,41-45 mph,Injury,/Missing,,,No,Yes,Dark - Roadway Not Lighted,Urban (>70% Developed),2 lanes,2,Curve - Level,State Secondary Route,Dry,"Two-Way, Not Divided",None,No Special Feature,Smooth Asphalt,Mountains,Rural,40 - 45  MPH,"Double Yellow Line, No Passing Zone",Clear,No,"35.810963, -81.51026"
687,688,Yes,30-39,32,No,,C: Possible Injury,Travel Lane,Black,Male,Wilson,Wilson,No,01-01-03,2007-08-22,Motorist Failed to Yield - Sign-Controlled Intersection,8,Intersection,01-08-01,0001-01-01T03:55:58-04:56,Motorist Drive Out - Sign-Controlled Intersection,119141,2007,C: Possible Injury,Commercial,40-49,45,No,6-10 mph,O: No Injury,Black,Female,Sport Utility,No,No,Daylight,Urban (>70% Developed),3 lanes,2,Straight - Level,Local Street,Dry,"Two-Way, Not Divided",None,Related To Intersection,Coarse Asphalt,Coastal,Urban,5 - 15 MPH,Stop Sign,Clear,No,"35.720673, -77.9058"
690,691,No,30-39,38,No,With Traffic,B: Evident Injury,Travel Lane,White,Male,None - Rural Crash,Transylvania,No,01-01-04,2007-08-23,Motorist Overtaking Bicyclist,14,Non-Intersection,01-08-01,0001-01-01T09:44:58-04:56,Motorist Overtaking - Misjudged Space,311232,2007,B: Evident Injury,Residential,70,,No,36-40 mph,O: No Injury,White,Female,Passenger Car,No,No,Daylight,Mixed (30% To 70% Developed),2 lanes,2,Straight - Level,State Secondary Route,Dry,"Two-Way, Not Divided",None,No Special Feature,Smooth Asphalt,Mountains,Rural,40 - 45  MPH,"Double Yellow Line, No Passing Zone",Cloudy,No,"35.234787, -82.70414"
691,692,Yes,16-19,17,No,With Traffic,C: Possible Injury,Travel Lane,White,Male,Cary,Wake,No,01-01-04,2007-11-29,Bicyclist Failed to Yield - Signalized Intersection,18,Intersection,01-11-01,0001-01-01T13:25:58-04:56,Bicyclist Ride Through - Signalized Intersection,111155,2007,C: Possible Injury,Commercial,25-29,27,No,31-35 mph,O: No Injury,Hispanic,Female,Sport Utility,No,No,Dark - Lighted Roadway,Urban (>70% Developed),4 lanes,2,Straight - Grade,State Secondary Route,Dry,"Two-Way, Divided, Unprotected Median",None,Four-Way Intersection,Smooth Asphalt,Piedmont,Urban,40 - 45  MPH,Stop And Go Signal,Clear,No,"35.80254, -78.782936"
698,699,No,20-24,22,No,With Traffic,C: Possible Injury,Travel Lane,White,Female,Raleigh,Wake,No,01-01-04,2007-08-23,Motorist Failed to Yield - Sign-Controlled Intersection,20,Intersection,01-08-01,0001-01-01T15:10:58-04:56,Motorist Drive Out - Sign-Controlled Intersection,111141,2007,C: Possible Injury,Residential,30-39,37,No,21-25 mph,O: No Injury,White,Female,Passenger Car,No,No,Dark - Roadway Not Lighted,Urban (>70% Developed),2 lanes,2,Straight - Level,Local Street,Dry,"Two-Way, Divided, Unprotected Median",None,Four-Way Intersection,Concrete,Piedmont,Urban,30 - 35  MPH,Stop Sign,Clear,No,"35.793137, -78.67304"
699,700,Yes,10-Jun,9,No,,C: Possible Injury,Non-Roadway,Black,Female,Charlotte,Mecklenburg,No,01-01-06,2007-12-01,Non-Roadway,15,Non-Roadway,01-12-01,0001-01-01T10:23:58-04:56,Non-Roadway,460910,2007,C: Possible Injury,Residential,20-24,24,No,0-5 mph,O: No Injury,Hispanic,Male,Sport Utility,No,No,Daylight,Urban (>70% Developed),,2,Straight - Level,Public Vehicular Area,Dry,"Two-Way, Not Divided",None,No Special Feature,Smooth Asphalt,Piedmont,Urban,20 - 25  MPH,No Control Present,Clear,No,"35.304985, -80.84734"
707,708,Yes,15-Nov,15,No,With Traffic,B: Evident Injury,Travel Lane,White,Male,None - Rural Crash,New Hanover,No,01-01-03,2007-08-29,Bicyclist Left Turn / Merge,16,Non-Intersection,01-08-01,0001-01-01T11:22:58-04:56,Bicyclist Left Turn - Same Direction,311221,2007,B: Evident Injury,"Farms, Woods, Pastures",25-29,29,No,51-55 mph,O: No Injury,White,Male,Sport Utility,No,No,Daylight,Rural (<30% Developed),4 lanes,2,Straight - Level,US Route,Dry,"Two-Way, Divided, Unprotected Median",None,No Special Feature,Coarse Asphalt,Coastal,Rural,50 - 55  MPH,No Control Present,Clear,No,"34.05103, -77.89979"
711,712,Yes,60-69,60,No,With Traffic,A: Disabling Injury,Travel Lane,White,Male,Wilmington,New Hanover,No,01-01-04,2007-08-30,Motorist Overtaking Bicyclist,22,Non-Intersection,01-08-01,0001-01-01T17:38:58-04:56,Motorist Overtaking - Other /,311239,2007,A: Disabling Injury,Commercial,25-29,29,No,41-45 mph,O: No Injury,White,Male,Passenger Car,No,No,Dark - Roadway Not Lighted,Urban (>70% Developed),5 lanes,2,Straight - Level,Local Street,Dry,"Two-Way, Not Divided",None,No Special Feature,Smooth Asphalt,Coastal,Urban,40 - 45  MPH,No Control Present,Clear,No,"34.209602, -77.839935"
713,714,No,30-39,35,No,Facing Traffic,C: Possible Injury,Sidewalk / Crosswalk / Driveway Crossing,Black,Male,Raleigh,Wake,No,01-01-05,2007-08-31,Motorist Failed to Yield - Signalized Intersection,17,Intersection,01-08-01,0001-01-01T12:13:58-04:56,Motorist Drive Out - Right Turn on Red,132151,2007,C: Possible Injury,Commercial,30-39,30,No,0-5 mph,O: No Injury,White,Female,Sport Utility,No,No,Daylight,Urban (>70% Developed),9 or more lanes,2,Straight - Hillcrest,Local Street,Dry,"Two-Way, Not Divided",None,Four-Way Intersection,Smooth Asphalt,Piedmont,Urban,30 - 35  MPH,Stop And Go Signal,Clear,No,"35.77515, -78.6567"
718,719,Yes,20-24,23,No,With Traffic,B: Evident Injury,Travel Lane,White,Female,Asheville,Buncombe,No,01-01-07,2007-09-02,Motorist Failed to Yield - Sign-Controlled Intersection,10,Intersection,01-09-01,0001-01-01T05:33:58-04:56,Motorist Drive Out - Sign-Controlled Intersection,111141,2007,B: Evident Injury,Residential,30-39,38,No,0-5 mph,O: No Injury,White,Female,Passenger Car,No,No,Daylight,Urban (>70% Developed),2 lanes,2,Straight - Bottom,Local Street,Dry,"Two-Way, Not Divided",None,Four-Way Intersection,Coarse Asphalt,Mountains,Urban,30 - 35  MPH,Stop Sign,Clear,No,"35.55902, -82.514755"
728,729,Yes,40-49,43,No,With Traffic,C: Possible Injury,Travel Lane,White,Male,None - Rural Crash,Pasquotank,No,01-01-03,2007-09-05,Head-On,11,Non-Intersection,01-09-01,0001-01-01T06:32:58-04:56,Head-On -,311259,2007,C: Possible Injury,"Farms, Woods, Pastures",0-19,17,No,11-15 mph,O: No Injury,White,Female,Sport Utility,No,No,Daylight,Rural (<30% Developed),2 lanes,2,Straight - Level,State Secondary Route,Dry,"Two-Way, Not Divided",None,No Special Feature,Smooth Asphalt,Coastal,Rural,50 - 55  MPH,No Control Present,Clear,No,"36.219486, -76.27497"
730,731,No,20-24,21,No,With Traffic,C: Possible Injury,Travel Lane,/Missing,Male,Raleigh,Wake,No,01-01-03,2007-09-05,Motorist Right Turn / Merge,16,Intersection,01-09-01,0001-01-01T11:03:58-04:56,Motorist Right Turn - Same Direction,111213,2007,C: Possible Injury,Residential,25-29,25,No,6-10 mph,O: No Injury,/Missing,Female,Pickup,No,No,Daylight,Mixed (30% To 70% Developed),4 lanes,2,Straight - Level,Local Street,Dry,"Two-Way, Not Divided",None,Four-Way Intersection,Smooth Asphalt,Piedmont,Urban,30 - 35  MPH,Stop Sign,Clear,No,"35.794384, -78.60743"
736,737,No,40-49,45,No,With Traffic,O: No Injury,Travel Lane,White,Male,Raleigh,Wake,No,,2007-10-08,Bicyclist Overtaking Motorist,13,Intersection-Related,01-10-01,0001-01-01T08:46:58-04:56,Bicyclist Overtaking - Passing on Right,211241,2007,O: No Injury,Residential,50-59,54,No,0-5 mph,O: No Injury,Black,Male,Passenger Car,No,No,Daylight,Urban (>70% Developed),2 lanes,2,Straight - Level,Local Street,Dry,"Two-Way, Not Divided",None,No Special Feature,Smooth Asphalt,Piedmont,Urban,20 - 25  MPH,Stop Sign,Clear,No,"35.950146, -78.55923"