FID,OBJECTID,AmbulanceR,BikeAge_Gr,Bike_Age,Bike_Alc_D,Bike_Dir,Bike_Injur,Bike_Pos,Bike_Race,Bike_Sex,City,County,CrashAlcoh,CrashDay,Crash_Date,Crash_Grp,Crash_Hour,Crash_Loc,Crash_Mont,Crash_Time,Crash_Type,Crash_Ty_1,Crash_Year,Crsh_Sevri,Developmen,DrvrAge_Gr,Drvr_Age,Drvr_Alc_D,Drvr_EstSp,Drvr_Injur,Drvr_Race,Drvr_Sex,Drvr_VehTy,ExcsSpdInd,Hit_Run,Light_Cond,Locality,Num_Lanes,Num_Units,Rd_Charact,Rd_Class,Rd_Conditi,Rd_Config,Rd_Defects,Rd_Feature,Rd_Surface,Region,Rural_Urba,Speed_Limi,Traff_Cntr,Weather,Workzone_I,Location
737,738,No,15-Nov,14,No,With Traffic,C: Possible Injury,Travel Lane,Black,Male,None - Rural Crash,Halifax,No,01-01-06,2007-09-01,Motorist Overtaking Bicyclist,12,Non-Intersection,01-09-01,0001-01-01T07:12:58-04:56,Motorist Overtaking - Misjudged Space,311232,2007,C: Possible Injury,Residential,,,Missing,,Injury,/Missing,,,No,Yes,Daylight,Mixed (30% To 70% Developed),2 lanes,2,Curve - Level,State Secondary Route,Dry,"Two-Way, Not Divided",None,No Special Feature,Smooth Asphalt,Coastal,Rural,40 - 45  MPH,"Double Yellow Line, No Passing Zone",Clear,No,"36.40958, -77.687706"
740,741,No,15-Nov,14,No,Not Applicable,B: Evident Injury,Non-Roadway,Black,Male,Erwin,Harnett,No,01-01-03,2007-09-05,Bicyclist Failed to Yield - Signalized Intersection,14,Intersection-Related,01-09-01,0001-01-01T09:54:58-04:56,Bicyclist Ride Out - Signalized  Intersection,263153,2007,B: Evident Injury,Commercial,0-19,16,No,11-15 mph,O: No Injury,White,Male,Passenger Car,No,No,Daylight,Urban (>70% Developed),2 lanes,2,Straight - Level,Local Street,Dry,"Two-Way, Not Divided",None,"Driveway, Private",Coarse Asphalt,Coastal,Rural,30 - 35  MPH,No Control Present,Clear,No,"35.3353, -78.67266"
745,746,No,50-59,51,No,Facing Traffic,C: Possible Injury,Sidewalk / Crosswalk / Driveway Crossing,White,Male,Charlotte,Mecklenburg,No,01-01-03,2007-12-12,Motorist Left Turn / Merge,10,Intersection,01-12-01,0001-01-01T05:37:58-04:56,Motorist Left Turn - Same Direction,132211,2007,C: Possible Injury,Commercial,30-39,38,No,26-30 mph,O: No Injury,White,Male,Passenger Car,No,No,Daylight,Urban (>70% Developed),4 lanes,2,Straight - Level,Local Street,Dry,"Two-Way, Not Divided",None,Four-Way Intersection,Smooth Asphalt,Piedmont,Urban,30 - 35  MPH,Stop And Go Signal,Clear,Yes,"35.222946, -80.83791"
750,751,Yes,15-Nov,15,No,With Traffic,C: Possible Injury,Travel Lane,Black,Male,Raleigh,Wake,No,01-01-05,2007-09-07,Motorist Overtaking Bicyclist,16,Non-Intersection,01-09-01,0001-01-01T11:03:58-04:56,Motorist Overtaking - Bicyclist Swerved,311235,2007,C: Possible Injury,Residential,40-49,47,No,16-20 mph,O: No Injury,Black,Female,Sport Utility,No,No,Daylight,Urban (>70% Developed),2 lanes,2,Straight - Level,Local Street,Dry,"Two-Way, Not Divided",None,No Special Feature,Smooth Asphalt,Piedmont,Urban,30 - 35  MPH,No Control Present,Clear,No,"35.77205, -78.61814"
754,755,No,0-5,4,No,With Traffic,C: Possible Injury,Travel Lane,Other,Male,None - Rural Crash,Beaufort,No,01-01-07,2007-09-09,Bicyclist Failed to Yield - Sign-Controlled Intersection,16,Intersection,01-09-01,0001-01-01T11:13:58-04:56,Bicyclist Ride Through - Sign-Controlled Intersection,111144,2007,C: Possible Injury,Residential,70,,No,16-20 mph,O: No Injury,Black,Female,Passenger Car,No,No,Daylight,Mixed (30% To 70% Developed),2 lanes,2,Straight - Level,State Secondary Route,Wet,"Two-Way, Not Divided",None,T-Intersection,Coarse Asphalt,Coastal,Rural,30 - 35  MPH,"Double Yellow Line, No Passing Zone",Cloudy,No,"35.32807, -76.87887"
766,767,Yes,30-39,30,No,Facing Traffic,C: Possible Injury,,White,Male,Kinston,Lenoir,No,01-01-03,2007-12-19,Motorist Left Turn / Merge,19,Intersection,01-12-01,0001-01-01T14:34:58-04:56,Motorist Left Turn - Same Direction,192211,2007,C: Possible Injury,Commercial,40-49,48,No,11-15 mph,O: No Injury,White,Female,Passenger Car,No,No,Dark - Lighted Roadway,Urban (>70% Developed),5 lanes,2,Straight - Level,US Route,Dry,"Two-Way, Not Divided",None,T-Intersection,Coarse Asphalt,Coastal,Urban,30 - 35  MPH,No Control Present,Clear,No,"35.271072, -77.60522"
770,771,No,30-39,36,No,With Traffic,B: Evident Injury,Travel Lane,Hispanic,Male,Charlotte,Mecklenburg,No,01-01-04,2007-12-20,Motorist Overtaking Bicyclist,12,Intersection,01-12-01,0001-01-01T07:27:58-04:56,Motorist Overtaking - Other /,111239,2007,B: Evident Injury,Commercial,,,Missing,,Injury,/Missing,,Passenger Car,No,Yes,Daylight,Urban (>70% Developed),4 lanes,2,Straight - Grade,Local Street,Dry,"Two-Way, Not Divided",None,Four-Way Intersection,Smooth Asphalt,Piedmont,Urban,,Stop And Go Signal,Clear,No,"35.13792, -80.87934"
777,778,Yes,40-49,43,No,With Traffic,A: Disabling Injury,Travel Lane,Native American,Male,None - Rural Crash,Hoke,No,01-01-06,2007-09-15,Motorist Overtaking Bicyclist,17,Non-Intersection,01-09-01,0001-01-01T12:33:58-04:56,Motorist Overtaking - Bicyclist Swerved,311235,2007,A: Disabling Injury,"Farms, Woods, Pastures",50-59,59,No,51-55 mph,O: No Injury,White,Male,Pickup,No,No,Daylight,Rural (<30% Developed),2 lanes,2,Straight - Level,State Secondary Route,Dry,"Two-Way, Not Divided",None,No Special Feature,Smooth Asphalt,Coastal,Rural,50 - 55  MPH,No Control Present,Clear,No,"34.90628, -79.11907"
778,779,Yes,10-Jun,10,No,,C: Possible Injury,Non-Roadway,Black,Male,Charlotte,Mecklenburg,No,01-01-07,2007-12-09,Non-Roadway,11,Non-Roadway,01-12-01,0001-01-01T07:02:58-04:56,Non-Roadway,460910,2007,C: Possible Injury,Residential,0-19,12,No,0-5 mph,O: No Injury,Black,Male,Passenger Car,No,No,Daylight,Urban (>70% Developed),,2,Straight - Level,Public Vehicular Area,Dry,"Two-Way, Not Divided",None,No Special Feature,Smooth Asphalt,Piedmont,Urban,5 - 15 MPH,No Control Present,Clear,No,"35.247334, -80.840996"
781,782,Yes,30-39,31,No,With Traffic,B: Evident Injury,Travel Lane,White,Female,Raleigh,Wake,No,01-01-07,2007-09-16,Motorist Left Turn / Merge,20,Intersection,01-09-01,0001-01-01T15:35:58-04:56,Motorist Left Turn - Opposite Direction,111212,2007,B: Evident Injury,Residential,20-24,20,No,0-5 mph,O: No Injury,Black,Male,Passenger Car,No,No,Dark -  Lighting,Urban (>70% Developed),5 lanes,2,Straight - Level,Local Street,Dry,"Two-Way, Divided, Unprotected Median",None,Four-Way Intersection,Smooth Asphalt,Piedmont,Urban,30 - 35  MPH,Stop And Go Signal,Clear,No,"35.810463, -78.62568"
784,785,Yes,50-59,51,No,With Traffic,B: Evident Injury,Travel Lane,White,Male,Charlotte,Mecklenburg,No,01-01-06,2007-12-29,Motorist Left Turn / Merge,16,Non-Intersection,01-12-01,0001-01-01T11:56:58-04:56,Motorist Left Turn - Opposite Direction,311212,2007,B: Evident Injury,Residential,,,Missing,,Injury,/Missing,,Passenger Car,No,Yes,Daylight,Urban (>70% Developed),2 lanes,2,Curve - Level,Local Street,Wet,"Two-Way, Not Divided",None,No Special Feature,Smooth Asphalt,Piedmont,Urban,,No Control Present,Cloudy,No,"35.21553, -80.851135"
790,791,Yes,15-Nov,11,No,Not Applicable,B: Evident Injury,Driveway / Alley,White,Female,None - Rural Crash,Buncombe,No,01-01-02,2007-09-18,Bicyclist Failed to Yield - Midblock,17,Non-Intersection,01-09-01,0001-01-01T12:23:58-04:56,Bicyclist Ride Out - Residential Driveway,353311,2007,B: Evident Injury,"Farms, Woods, Pastures",40-49,48,No,26-30 mph,O: No Injury,White,Male,Pickup,No,No,Daylight,Rural (<30% Developed),2 lanes,2,Straight - Level,State Secondary Route,Dry,"Two-Way, Not Divided",None,No Special Feature,Coarse Asphalt,Mountains,Rural,30 - 35  MPH,"Double Yellow Line, No Passing Zone",Clear,No,"35.618645, -82.29222"
799,800,No,25-29,25,No,With Traffic,B: Evident Injury,Travel Lane,White,Male,Greensboro,Guilford,No,01-01-03,2007-09-19,Bicyclist Overtaking Motorist,16,Non-Intersection,01-09-01,0001-01-01T11:14:58-04:56,Bicyclist Overtaking - Extended Door,311244,2007,B: Evident Injury,Commercial,50-59,51,No,,O: No Injury,White,Male,Passenger Car,No,Yes,Daylight,Urban (>70% Developed),2 lanes,4,Straight - Level,Local Street,Dry,"Two-Way, Not Divided",None,No Special Feature,Smooth Asphalt,Piedmont,Urban,20 - 25  MPH,No Control Present,Clear,No,"36.07047, -79.79049"
801,802,Yes,40-49,42,No,Facing Traffic,B: Evident Injury,Sidewalk / Crosswalk / Driveway Crossing,White,Male,Greensboro,Guilford,No,01-01-04,2007-09-20,Bicyclist Failed to Yield - Signalized Intersection,13,Intersection,01-09-01,0001-01-01T08:33:58-04:56,Bicyclist Ride Through - Signalized Intersection,132155,2007,B: Evident Injury,Commercial,,,Missing,6-10 mph,Injury,/Missing,,,No,Yes,Daylight,Urban (>70% Developed),5 lanes,2,Straight - Level,Local Street,Dry,"Two-Way, Not Divided",None,Four-Way Intersection,Smooth Asphalt,Piedmont,Urban,30 - 35  MPH,Stop And Go Signal,Clear,No,"36.021015, -79.79169"
802,803,Yes,40-49,47,No,Not Applicable,B: Evident Injury,,Hispanic,Male,None - Rural Crash,Davie,No,01-01-05,2007-09-21,Bicyclist Failed to Yield - Midblock,5,Non-Intersection,01-09-01,0001-01-01T00:58:58-04:56,Bicyclist Ride Out - Midblock -,393319,2007,B: Evident Injury,Residential,30-39,39,No,41-45 mph,O: No Injury,White,Male,Passenger Car,No,No,Dark - Roadway Not Lighted,Rural (<30% Developed),2 lanes,2,Straight - Level,US Route,Dry,"Two-Way, Not Divided",None,"Driveway, Private",Smooth Asphalt,Piedmont,Rural,40 - 45  MPH,"Double Yellow Line, No Passing Zone",Cloudy,No,"35.862648, -80.54944"
806,807,Yes,15-Nov,12,No,Not Applicable,B: Evident Injury,Driveway / Alley,Black,Male,None - Rural Crash,Vance,No,01-01-06,2007-09-22,Bicyclist Failed to Yield - Midblock,16,Non-Intersection,01-09-01,0001-01-01T11:55:58-04:56,Bicyclist Ride Out - Residential Driveway,353311,2007,B: Evident Injury,Residential,50-59,52,No,31-35 mph,O: No Injury,Black,Female,Passenger Car,No,No,Daylight,Rural (<30% Developed),2 lanes,2,Straight - Level,State Secondary Route,Dry,"Two-Way, Not Divided",None,No Special Feature,Smooth Asphalt,Piedmont,Rural,40 - 45  MPH,"Double Yellow Line, No Passing Zone",Clear,No,"36.431152, -78.43014"
825,826,Yes,40-49,42,No,With Traffic,B: Evident Injury,Travel Lane,White,Male,Oak Ridge,Guilford,No,,2007-10-01,Bicyclist Failed to Yield - Signalized Intersection,13,Intersection,01-10-01,0001-01-01T08:43:58-04:56,Bicyclist Ride Through - Signalized Intersection,111155,2007,B: Evident Injury,Institutional,25-29,29,No,31-35 mph,O: No Injury,White,Male,Passenger Car,No,No,Daylight,Mixed (30% To 70% Developed),2 lanes,2,Straight - Hillcrest,NC Route,Dry,"Two-Way, Not Divided",None,Four-Way Intersection,Coarse Asphalt,Piedmont,Rural,30 - 35  MPH,Stop And Go Signal,Clear,No,"36.170074, -79.993805"
845,846,Yes,40-49,41,No,,B: Evident Injury,,Hispanic,Male,Cary,Wake,No,01-01-02,2007-10-09,Other /  - Insufficient Details,7,Location,01-10-01,0001-01-01T02:13:58-04:56,Location,999980,2007,B: Evident Injury,Commercial,,,Missing,41-45 mph,Injury,/Missing,,Passenger Car,No,Yes,Dawn,Urban (>70% Developed),5 lanes,2,Straight - Grade,State Secondary Route,Dry,"Two-Way, Not Divided",None,No Special Feature,Smooth Asphalt,Piedmont,Urban,40 - 45  MPH,No Control Present,Clear,No,"35.780975, -78.764305"
847,848,Yes,16-19,19,No,Facing Traffic,C: Possible Injury,Travel Lane,White,Female,Raleigh,Wake,No,01-01-03,2007-10-10,Motorist Left Turn / Merge,15,Intersection,01-10-01,0001-01-01T10:50:58-04:56,Motorist Left Turn - Same Direction,112211,2007,C: Possible Injury,Commercial,,,Missing,26-30 mph,Injury,/Missing,,,No,Yes,Daylight,Urban (>70% Developed),2 lanes,2,Straight - Level,Local Street,Dry,"Two-Way, Not Divided",None,No Special Feature,Smooth Asphalt,Piedmont,Urban,30 - 35  MPH,Stop Sign,Clear,No,"35.772003, -78.71441"
858,859,Yes,40-49,40,No,With Traffic,B: Evident Injury,Travel Lane,Black,Male,Morganton,Burke,No,01-01-07,2007-10-14,Crossing Paths - Other Circumstances,10,Intersection,01-10-01,0001-01-01T05:50:58-04:56,Crossing Paths - Intersection - Other /,111180,2007,B: Evident Injury,Commercial,25-29,29,No,6-10 mph,O: No Injury,White,Male,Sport Utility,No,No,Daylight,Mixed (30% To 70% Developed),4 lanes,2,Straight - Level,Local Street,Dry,"Two-Way, Divided, Unprotected Median",None,Related To Intersection,Smooth Asphalt,Mountains,Urban,30 - 35  MPH,No Control Present,Clear,No,"35.74847, -81.68839"
868,869,Yes,16-19,16,No,Not Applicable,B: Evident Injury,,Black,Male,Greensboro,Guilford,No,01-01-05,2007-10-19,Bicyclist Failed to Yield - Midblock,19,Non-Intersection,01-10-01,0001-01-01T14:11:58-04:56,Bicyclist Ride Out - Midblock -,393319,2007,B: Evident Injury,Residential,30-39,31,No,,O: No Injury,Black,Female,Passenger Car,No,No,Other,Urban (>70% Developed),2 lanes,2,Straight - Level,Local Street,Dry,"Two-Way, Divided, Unprotected Median",None,No Special Feature,Smooth Asphalt,Piedmont,Urban,30 - 35  MPH,No Control Present,Clear,No,"36.0644, -79.76222"
871,872,Yes,30-39,36,Yes,With Traffic,B: Evident Injury,Travel Lane,Black,Male,Wilson,Wilson,Yes,01-01-06,2007-10-20,Motorist Failed to Yield - Sign-Controlled Intersection,18,Intersection,01-10-01,0001-01-01T13:32:58-04:56,Motorist Drive Out - Sign-Controlled Intersection,111141,2007,B: Evident Injury,Residential,30-39,37,No,16-20 mph,O: No Injury,Hispanic,Male,Pickup,No,No,Daylight,Rural (<30% Developed),2 lanes,2,Straight - Level,Local Street,Dry,"Two-Way, Not Divided",None,Four-Way Intersection,Coarse Asphalt,Coastal,Urban,30 - 35  MPH,Stop Sign,Clear,No,"35.73124, -77.91561"
876,877,Yes,0-5,5,No,,C: Possible Injury,Travel Lane,Black,Male,Rocky Mount,Edgecombe,No,01-01-02,2007-10-23,Bicyclist Failed to Yield - Sign-Controlled Intersection,16,Intersection,01-10-01,0001-01-01T11:56:58-04:56,Bicyclist Ride Through - Sign-Controlled Intersection,119144,2007,C: Possible Injury,Residential,20-24,22,No,16-20 mph,O: No Injury,Black,Male,Passenger Car,No,No,Daylight,Urban (>70% Developed),2 lanes,2,Straight - Level,Local Street,Dry,"Two-Way, Not Divided",None,Four-Way Intersection,Smooth Asphalt,Coastal,Urban,30 - 35  MPH,Stop Sign,Clear,No,"35.92618, -77.79376"
882,883,Yes,,,No,Not Applicable,C: Possible Injury,Driveway / Alley,White,Male,Roanoke Rapids,Halifax,No,01-01-05,2007-10-26,Bicyclist Failed to Yield - Midblock,12,Non-Intersection,01-10-01,0001-01-01T07:19:58-04:56,Bicyclist Ride Out - Residential Driveway,353311,2007,C: Possible Injury,Commercial,20-24,23,No,21-25 mph,O: No Injury,White,Female,Passenger Car,No,No,Daylight,Urban (>70% Developed),2 lanes,2,Straight - Level,Local Street,Wet,"Two-Way, Not Divided",None,No Special Feature,Grooved Concrete,Coastal,Urban,20 - 25  MPH,No Control Present,Cloudy,No,"36.450268, -77.65871"
885,886,Yes,16-19,18,No,Facing Traffic,A: Disabling Injury,Travel Lane,White,Male,None - Rural Crash,Wilson,No,01-01-05,2007-10-19,Head-On,20,Non-Intersection,01-10-01,0001-01-01T15:06:58-04:56,Head-On - Bicyclist,312250,2007,A: Disabling Injury,"Farms, Woods, Pastures",25-29,29,No,41-45 mph,O: No Injury,White,Female,Passenger Car,No,Yes,Dark - Roadway Not Lighted,Rural (<30% Developed),4 lanes,2,Straight - Level,US Route,Dry,"Two-Way, Divided, Unprotected Median",None,No Special Feature,Smooth Asphalt,Coastal,Rural,50 - 55  MPH,No Control Present,Clear,No,"35.600616, -78.11563"
890,891,No,16-19,18,No,,C: Possible Injury,Non-Roadway,Black,Male,Goldsboro,Wayne,No,,2007-10-29,Non-Roadway,19,Non-Roadway,01-10-01,0001-01-01T14:03:58-04:56,Non-Roadway,460910,2007,C: Possible Injury,Commercial,25-29,27,No,0-5 mph,O: No Injury,Black,Female,Passenger Car,No,No,Dark - Lighted Roadway,Urban (>70% Developed),,2,Straight - Level,Public Vehicular Area,Dry,"Two-Way, Not Divided",None,No Special Feature,Smooth Asphalt,Coastal,Urban,5 - 15 MPH,No Control Present,Clear,No,"35.374462, -77.99035"
893,894,Yes,15-Nov,13,No,Not Applicable,A: Disabling Injury,,White,Male,Wilmington,New Hanover,No,,2007-10-29,Bicyclist Failed to Yield - Midblock,12,Non-Intersection,01-10-01,0001-01-01T07:37:58-04:56,Bicyclist Ride Out - Midblock -,393319,2007,A: Disabling Injury,Commercial,70,,No,31-35 mph,O: No Injury,White,Male,Passenger Car,No,No,Daylight,Urban (>70% Developed),4 lanes,2,Straight - Level,Local Street,Dry,"Two-Way, Divided, Unprotected Median",,No Special Feature,Smooth Asphalt,Coastal,Urban,40 - 45  MPH,No Control Present,Clear,No,"34.19503, -77.88915"
897,898,Yes,30-39,37,Yes,With Traffic,B: Evident Injury,Travel Lane,Black,Male,None - Rural Crash,Bertie,Yes,01-01-04,2007-11-01,Bicyclist Left Turn / Merge,14,Non-Intersection,01-11-01,0001-01-01T09:57:58-04:56,Bicyclist Left Turn - Same Direction,311221,2007,B: Evident Injury,Residential,50-59,53,No,>100 mph,O: No Injury,White,Female,Van,No,No,Daylight,Mixed (30% To 70% Developed),2 lanes,2,Straight - Level,US Route,Dry,"Two-Way, Not Divided",None,No Special Feature,Coarse Asphalt,Coastal,Rural,40 - 45  MPH,"Double Yellow Line, No Passing Zone",Clear,No,"35.984623, -76.95754"
900,901,Yes,40-49,47,No,With Traffic,O: No Injury,Travel Lane,Black,Female,Holly Springs,Wake,No,01-01-05,2007-11-02,Motorist Overtaking Bicyclist,13,Non-Intersection,01-11-01,0001-01-01T08:29:58-04:56,Motorist Overtaking - Misjudged Space,311232,2007,O: No Injury,Residential,70,,No,16-20 mph,O: No Injury,Black,Male,Truck/Trailer,No,No,Daylight,Mixed (30% To 70% Developed),4 lanes,2,Straight - Level,Local Street,Dry,"Two-Way, Not Divided",None,No Special Feature,Smooth Asphalt,Piedmont,Urban,30 - 35  MPH,No Control Present,Clear,No,"35.641724, -78.84034"
902,903,Yes,50-59,58,No,Facing Traffic,O: No Injury,Travel Lane,Black,Male,Raleigh,Wake,No,01-01-06,2007-11-03,Motorist Failed to Yield - Sign-Controlled Intersection,12,Intersection,01-11-01,0001-01-01T07:36:58-04:56,Motorist Drive Out - Sign-Controlled Intersection,112141,2007,O: No Injury,Residential,70,,No,0-5 mph,O: No Injury,Black,Female,Passenger Car,No,No,Daylight,Urban (>70% Developed),3 lanes,2,Straight - Level,Local Street,Dry,"One-Way, Not Divided",None,Four-Way Intersection,Concrete,Piedmont,Urban,30 - 35  MPH,Stop Sign,Clear,No,"35.76702, -78.63557"
913,914,Yes,30-39,39,Yes,With Traffic,C: Possible Injury,Travel Lane,White,Male,Garner,Wake,Yes,01-01-04,2007-11-08,Motorist Failed to Yield - Midblock,16,Non-Intersection,01-11-01,0001-01-01T11:27:58-04:56,Motorist Drive Out - Commercial Driveway / Alley,311322,2007,C: Possible Injury,Commercial,40-49,48,No,21-25 mph,O: No Injury,White,Male,Passenger Car,No,No,Daylight,Urban (>70% Developed),2 lanes,2,Straight - Grade,Local Street,Dry,"Two-Way, Not Divided",None,T-Intersection,Coarse Asphalt,Piedmont,Urban,,Stop Sign,Clear,No,"35.68509, -78.61796"
914,915,No,40-49,47,No,Facing Traffic,C: Possible Injury,,White,Male,Greensboro,Guilford,No,01-01-04,2007-11-08,Motorist Failed to Yield - Signalized Intersection,12,Intersection,01-11-01,0001-01-01T08:00:58-04:56,Motorist Drive Out - Signalized Intersection,192152,2007,C: Possible Injury,Commercial,25-29,26,No,0-5 mph,O: No Injury,White,Male,Sport Utility,No,No,Daylight,Urban (>70% Developed),4 lanes,2,Straight - Level,Local Street,Dry,"Two-Way, Not Divided",None,Four-Way Intersection,Smooth Asphalt,Piedmont,Urban,30 - 35  MPH,Stop And Go Signal,Clear,No,"36.055668, -79.83071"
932,933,Yes,10-Jun,8,No,Not Applicable,B: Evident Injury,Non-Roadway,Black,Male,None - Rural Crash,Forsyth,No,01-01-02,2007-11-20,Bicyclist Failed to Yield - Midblock,9,Non-Intersection,01-11-01,0001-01-01T04:21:58-04:56,Bicyclist Ride Out - Other Midblock,363318,2007,B: Evident Injury,Residential,50-59,58,No,46-50 mph,O: No Injury,Black,Female,Passenger Car,No,No,Daylight,Mixed (30% To 70% Developed),2 lanes,2,Straight - Level,State Secondary Route,Dry,"Two-Way, Not Divided",None,No Special Feature,Smooth Asphalt,Piedmont,Rural,50 - 55  MPH,No Control Present,Clear,No,"36.211643, -80.2253"
940,941,No,15-Nov,11,No,With Traffic,C: Possible Injury,Travel Lane,Black,Male,Lexington,Davidson,No,01-01-02,2007-11-27,Bicyclist Left Turn / Merge,17,Non-Intersection,01-11-01,0001-01-01T12:29:58-04:56,Bicyclist Left Turn - Opposite Direction,311222,2007,C: Possible Injury,Commercial,50-59,54,No,26-30 mph,O: No Injury,White,Female,Passenger Car,No,No,Daylight,Rural (<30% Developed),4 lanes,2,Straight - Level,Local Street,Dry,"Two-Way, Divided, Unprotected Median",None,No Special Feature,Smooth Asphalt,Piedmont,Urban,30 - 35  MPH,No Control Present,Clear,No,"35.814728, -80.26379"
943,944,No,40-49,45,No,Facing Traffic,O: No Injury,Travel Lane,Hispanic,Male,Grantsboro,Pamlico,No,01-01-03,2007-11-28,Bicyclist Right Turn / Merge,17,Non-Intersection,01-11-01,0001-01-01T12:55:58-04:56,Bicyclist Right Turn - Same Direction,312223,2007,O: No Injury,"Farms, Woods, Pastures",60-69,63,No,46-50 mph,O: No Injury,Black,Female,Sport Utility,No,No,Dark - Roadway Not Lighted,Rural (<30% Developed),2 lanes,2,Straight - Level,NC Route,Dry,"Two-Way, Not Divided",None,No Special Feature,Smooth Asphalt,Coastal,Rural,50 - 55  MPH,"Double Yellow Line, No Passing Zone",Clear,No,"35.129337, -76.840805"
945,946,No,40-49,44,No,Facing Traffic,C: Possible Injury,Travel Lane,Black,Male,Raleigh,Wake,No,01-01-02,2007-11-20,Bicyclist Failed to Yield - Signalized Intersection,9,Intersection,01-11-01,0001-01-01T04:03:58-04:56,Bicyclist Ride Through - Signalized Intersection,112155,2007,C: Possible Injury,Commercial,30-39,34,No,0-5 mph,O: No Injury,White,Male,Passenger Car,No,No,Daylight,Urban (>70% Developed),4 lanes,2,Curve - Grade,Local Street,Dry,"Two-Way, Divided, Positive Median Barrier",None,On or Off Ramp,Smooth Asphalt,Piedmont,Urban,30 - 35  MPH,Stop And Go Signal,Clear,No,"35.835308, -78.63908"
946,947,Yes,50-59,51,No,With Traffic,C: Possible Injury,Travel Lane,Black,Male,Greensboro,Guilford,No,01-01-03,2007-11-28,Motorist Failed to Yield - Midblock,6,Non-Intersection,01-11-01,0001-01-01T01:42:58-04:56,Motorist Drive Out - Commercial Driveway / Alley,311322,2007,C: Possible Injury,Commercial,50-59,50,No,0-5 mph,O: No Injury,White,Male,Pickup,No,No,Dark - Lighted Roadway,Urban (>70% Developed),1 lane,2,Straight - Level,Local Street,Dry,"Two-Way, Divided, Unprotected Median",None,No Special Feature,Smooth Asphalt,Piedmont,Urban,30 - 35  MPH,No Control Present,Clear,No,"36.038292, -79.799995"
949,950,No,15-Nov,13,No,With Traffic,C: Possible Injury,Travel Lane,White,Male,Kannapolis,Rowan,No,01-01-05,2007-11-30,Loss of Control / Turning Error,20,Intersection-Related,01-11-01,0001-01-01T15:33:58-04:56,Motorist Turning Error - Right Turn,211112,2007,C: Possible Injury,Residential,,,Missing,6-10 mph,Injury,/Missing,,,No,Yes,Dark - Roadway Not Lighted,Urban (>70% Developed),2 lanes,2,Straight - Grade,Local Street,Dry,"Two-Way, Not Divided",None,No Special Feature,Smooth Asphalt,Piedmont,Urban,30 - 35  MPH,No Control Present,Clear,No,"35.50779, -80.59057"
952,953,Yes,50-59,51,No,With Traffic,B: Evident Injury,Travel Lane,Hispanic,Male,Raleigh,Wake,No,01-01-06,2007-12-01,Bicyclist Left Turn / Merge,9,Non-Intersection,01-12-01,0001-01-01T04:43:58-04:56,Bicyclist Left Turn - Same Direction,311221,2007,B: Evident Injury,Residential,50-59,54,No,6-10 mph,O: No Injury,White,Female,Passenger Car,No,No,Daylight,Urban (>70% Developed),2 lanes,2,Straight - Grade,Local Street,Dry,"Two-Way, Divided, Unprotected Median",None,T-Intersection,Coarse Asphalt,Piedmont,Urban,30 - 35  MPH,No Control Present,Clear,No,"35.833164, -78.68018"
957,958,Yes,15-Nov,15,No,,B: Evident Injury,,Black,Male,Greenville,Pitt,No,,2007-12-03,Bicyclist Failed to Yield - Midblock,16,Non-Intersection,01-12-01,0001-01-01T11:37:58-04:56,Bicyclist Ride Out - Midblock -,399319,2007,B: Evident Injury,Commercial,60-69,64,No,31-35 mph,O: No Injury,Hispanic,,"Light Truck (Mini-Van, Panel)",No,No,Daylight,Urban (>70% Developed),4 lanes,2,Straight - Level,Local Street,Dry,"Two-Way, Not Divided",None,No Special Feature,Smooth Asphalt,Coastal,Urban,30 - 35  MPH,No Control Present,Clear,No,"35.607388, -77.38498"
960,961,Yes,20-24,21,No,,B: Evident Injury,Multi-use Path,White,Male,Chapel Hill,Orange,No,01-01-02,2007-12-04,Non-Roadway,18,Non-Roadway,01-12-01,0001-01-01T13:51:58-04:56,Non-Roadway,440910,2007,B: Evident Injury,Institutional,30-39,38,No,6-10 mph,O: No Injury,Asian,Male,Passenger Car,No,No,Dark - Lighted Roadway,Urban (>70% Developed),1 lane,2,Straight - Grade,Public Vehicular Area,Dry,"One-Way, Not Divided",None,No Special Feature,Coarse Asphalt,Piedmont,Urban,5 - 15 MPH,No Control Present,Clear,No,"35.90505, -79.048004"
972,973,Yes,50-59,53,No,,O: No Injury,,Black,Male,Tarboro,Edgecombe,No,01-01-02,2007-12-11,Bicyclist Failed to Yield - Midblock,12,Non-Intersection,01-12-01,0001-01-01T07:15:58-04:56,Bicyclist Ride Out - Midblock -,399319,2007,O: No Injury,Residential,50-59,54,No,,O: No Injury,Black,Female,Passenger Car,No,No,Daylight,Mixed (30% To 70% Developed),1 lane,2,Straight - Level,Local Street,Dry,"One-Way, Not Divided",None,No Special Feature,Smooth Asphalt,Coastal,Urban,,No Control Present,Clear,No,"35.90138, -77.535736"
981,982,Yes,50-59,53,No,With Traffic,C: Possible Injury,Bike Lane / Paved Shoulder,Black,Male,Hamlet,Richmond,No,,2007-12-17,Motorist Overtaking Bicyclist,1,Non-Intersection,01-12-01,0000-12-31T20:37:58-04:56,Motorist Overtaking - Undetected Bicyclist,321231,2007,C: Possible Injury,Residential,60-69,65,No,21-25 mph,O: No Injury,White,Female,Passenger Car,No,No,Dark -  Lighting,Mixed (30% To 70% Developed),2 lanes,2,Straight - Level,Local Street,Dry,"Two-Way, Not Divided",None,No Special Feature,Smooth Asphalt,Piedmont,Urban,30 - 35  MPH,No Control Present,Clear,No,"34.895954, -79.703545"