FID,OBJECTID,AmbulanceR,BikeAge_Gr,Bike_Age,Bike_Alc_D,Bike_Dir,Bike_Injur,Bike_Pos,Bike_Race,Bike_Sex,City,County,CrashAlcoh,CrashDay,Crash_Date,Crash_Grp,Crash_Hour,Crash_Loc,Crash_Mont,Crash_Time,Crash_Type,Crash_Ty_1,Crash_Year,Crsh_Sevri,Developmen,DrvrAge_Gr,Drvr_Age,Drvr_Alc_D,Drvr_EstSp,Drvr_Injur,Drvr_Race,Drvr_Sex,Drvr_VehTy,ExcsSpdInd,Hit_Run,Light_Cond,Locality,Num_Lanes,Num_Units,Rd_Charact,Rd_Class,Rd_Conditi,Rd_Config,Rd_Defects,Rd_Feature,Rd_Surface,Region,Rural_Urba,Speed_Limi,Traff_Cntr,Weather,Workzone_I,Location
278,279,Yes,15-Nov,14,No,Not Applicable,C: Possible Injury,Non-Roadway,White,Male,Morehead City,Carteret,No,01-01-03,2010-05-19,Non-Roadway,18,Non-Roadway,01-05-01,0001-01-01T13:05:58-04:56,Non-Roadway,0,2010,C: Possible Injury,Commercial,70,,No,,O: No Injury,White,Female,Passenger Car,No,No,Daylight,Urban (>70% Developed),,2,Straight - Level,Public Vehicular Area,Dry,"Two-Way, Not Divided",None,No Special Feature,Smooth Asphalt,Coastal,Urban,,No Control Present,Cloudy,No,"34.72278, -76.72608"
279,280,No,0-5,3,No,Not Applicable,B: Evident Injury,Non-Roadway,White,Male,Andrews,Cherokee,No,01-01-06,2010-05-01,Non-Roadway,17,Non-Roadway,01-05-01,0001-01-01T12:51:58-04:56,Non-Roadway,0,2010,B: Evident Injury,Residential,0-19,13,No,6-10 mph,O: No Injury,White,Male,Motorcycle,No,No,Daylight,Rural (<30% Developed),,2,Straight - Level,Public Vehicular Area,Dry,"One-Way, Not Divided",None,No Special Feature,Smooth Asphalt,Mountains,Rural,,No Control Present,Clear,No,"35.194786, -83.83569"
280,281,No,30-39,31,No,With Traffic,C: Possible Injury,Travel Lane,White,Male,None - Rural Crash,Burke,No,01-01-03,2010-05-19,Motorist Overtaking Bicyclist,18,Non-Intersection,01-05-01,0001-01-01T13:38:58-04:56,Motorist Overtaking - Other /,0,2010,C: Possible Injury,Residential,70,,No,36-40 mph,O: No Injury,White,Female,Van,No,No,Daylight,Rural (<30% Developed),2 lanes,2,Straight - Grade,State Secondary Route,Dry,"Two-Way, Not Divided",None,"Driveway, Private",Smooth Asphalt,Mountains,Rural,40 - 45  MPH,"Double Yellow Line, No Passing Zone",Clear,No,"35.761864, -81.45438"
281,282,No,10-Jun,7,No,With Traffic,O: No Injury,Travel Lane,Black,Male,Rocky Mount,Nash,No,01-01-06,2010-04-03,Bicyclist Failed to Yield - Sign-Controlled Intersection,19,Intersection,01-04-01,0001-01-01T14:03:58-04:56,Bicyclist Ride Out - Sign-Controlled Intersection,0,2010,O: No Injury,Residential,50-59,57,No,26-30 mph,O: No Injury,Black,Female,Passenger Car,No,No,Daylight,Urban (>70% Developed),2 lanes,2,Straight - Level,Local Street,Dry,"One-Way, Not Divided",None,No Special Feature,Grooved Concrete,Coastal,Urban,30 - 35  MPH,Stop Sign,Clear,No,"35.944653, -77.80405"
284,285,Yes,16-19,17,No,With Traffic,O: No Injury,Travel Lane,White,Male,Mount Airy,Surry,No,,2010-05-17,Motorist Overtaking Bicyclist,23,Non-Intersection,01-05-01,0001-01-01T18:13:58-04:56,Motorist Overtaking - Other /,0,2010,O: No Injury,Residential,,,Missing,31-35 mph,Injury,/Missing,,,No,Yes,Dark - Lighted Roadway,Urban (>70% Developed),2 lanes,2,Straight - Level,Local Street,Dry,"Two-Way, Not Divided",None,No Special Feature,Smooth Asphalt,Mountains,Urban,30 - 35  MPH,No Control Present,Cloudy,No,"36.497803, -80.60603"
287,288,No,30-39,33,No,With Traffic,B: Evident Injury,Travel Lane,White,Female,None - Rural Crash,Wake,No,01-01-05,2010-05-28,Motorist Overtaking Bicyclist,10,Non-Intersection,01-05-01,0001-01-01T05:23:58-04:56,Motorist Overtaking - Misjudged Space,0,2010,B: Evident Injury,"Farms, Woods, Pastures",25-29,27,No,51-55 mph,O: No Injury,Black,Male,Passenger Car,No,Yes,Daylight,Rural (<30% Developed),2 lanes,2,Straight - Level,State Secondary Route,Dry,"Two-Way, Not Divided",None,No Special Feature,Coarse Asphalt,Piedmont,Rural,50 - 55  MPH,No Control Present,Clear,No,"35.830883, -78.428795"
292,293,Yes,16-19,19,No,With Traffic,B: Evident Injury,Travel Lane,Black,Male,Southern Pines,Moore,No,01-01-05,2010-05-21,Bicyclist Failed to Yield - Sign-Controlled Intersection,11,Intersection,01-05-01,0001-01-01T06:05:58-04:56,Bicyclist Ride Through - Sign-Controlled Intersection,0,2010,B: Evident Injury,Residential,30-39,35,No,31-35 mph,O: No Injury,Black,Female,Passenger Car,No,No,Daylight,Urban (>70% Developed),2 lanes,2,Straight - Grade,Local Street,Dry,"Two-Way, Not Divided",None,Four-Way Intersection,Coarse Asphalt,Piedmont,Urban,30 - 35  MPH,Stop Sign,Clear,No,"35.177338, -79.40533"
293,294,Yes,50-59,54,No,Facing Traffic,B: Evident Injury,Travel Lane,Hispanic,Male,Durham,Durham,No,01-01-02,2010-05-25,Crossing Paths - Other Circumstances,14,Non-Intersection,01-05-01,0001-01-01T09:53:58-04:56,Crossing Paths - Midblock - Other /,0,2010,B: Evident Injury,Commercial,30-39,35,No,0-5 mph,O: No Injury,Black,Female,Passenger Car,No,No,Daylight,Urban (>70% Developed),4 lanes,2,Straight - Level,Local Street,Dry,"Two-Way, Not Divided",None,"Driveway, Public",Smooth Asphalt,Piedmont,Urban,20 - 25  MPH,No Control Present,Cloudy,No,"36.00625, -78.92051"
295,296,Yes,70,,No,With Traffic,B: Evident Injury,Travel Lane,White,Male,None - Rural Crash,Randolph,No,01-01-05,2010-06-04,Bicyclist Failed to Yield - Sign-Controlled Intersection,10,Intersection,01-06-01,0001-01-01T05:17:58-04:56,Bicyclist Ride Out - Sign-Controlled Intersection,0,2010,B: Evident Injury,"Farms, Woods, Pastures",30-39,33,No,31-35 mph,O: No Injury,White,Female,Passenger Car,No,No,Daylight,Rural (<30% Developed),2 lanes,2,Straight - Level,State Secondary Route,Dry,"Two-Way, Not Divided",None,T-Intersection,Smooth Asphalt,Piedmont,Rural,50 - 55  MPH,"Double Yellow Line, No Passing Zone",Clear,No,"35.62321, -79.86047"
296,297,Yes,40-49,48,No,With Traffic,B: Evident Injury,Travel Lane,White,Male,None - Rural Crash,Rutherford,No,01-01-06,2010-06-05,Motorist Failed to Yield - Midblock,8,Non-Intersection,01-06-01,0001-01-01T04:00:58-04:56,Motorist Drive Out - Residential Driveway,0,2010,B: Evident Injury,Residential,0-19,17,No,0-5 mph,O: No Injury,White,Male,Passenger Car,No,No,Daylight,Mixed (30% To 70% Developed),2 lanes,2,Straight - Grade,State Secondary Route,Dry,"Two-Way, Not Divided",None,"Driveway, Private",Smooth Asphalt,Mountains,Rural,50 - 55  MPH,No Control Present,Clear,No,"35.399876, -82.003944"
308,309,Yes,40-49,48,Yes,With Traffic,C: Possible Injury,Travel Lane,White,Male,Kannapolis,Cabarrus,Yes,01-01-04,2010-05-20,Motorist Left Turn / Merge,21,Intersection,01-05-01,0001-01-01T16:07:58-04:56,Motorist Left Turn - Opposite Direction,0,2010,C: Possible Injury,Residential,40-49,45,No,31-35 mph,O: No Injury,White,Male,Pickup,No,No,Dark - Lighted Roadway,Rural (<30% Developed),2 lanes,2,Straight - Grade,Local Street,Dry,"Two-Way, Not Divided",None,T-Intersection,Smooth Asphalt,Piedmont,Urban,30 - 35  MPH,No Control Present,Clear,No,"35.486984, -80.63374"
312,313,No,40-49,42,No,Facing Traffic,O: No Injury,Sidewalk / Crosswalk / Driveway Crossing,White,Female,Lumberton,Robeson,No,01-01-05,2010-05-07,Motorist Failed to Yield - Sign-Controlled Intersection,11,Intersection,01-05-01,0001-01-01T06:06:58-04:56,Motorist Drive Out - Sign-Controlled Intersection,0,2010,O: No Injury,Commercial,60-69,60,No,0-5 mph,O: No Injury,White,Male,Passenger Car,No,No,Daylight,Urban (>70% Developed),4 lanes,2,Straight - Level,Local Street,Dry,"Two-Way, Not Divided",None,No Special Feature,Coarse Asphalt,Coastal,Urban,30 - 35  MPH,No Control Present,Clear,No,"34.6225, -79.05118"
323,324,Yes,10-Jun,9,No,Facing Traffic,B: Evident Injury,Travel Lane,Hispanic,Male,Hope Mills,Cumberland,No,01-01-05,2010-05-28,Loss of Control / Turning Error,17,Intersection,01-05-01,0001-01-01T12:40:58-04:56,Bicyclist Turning Error - Right Turn,0,2010,B: Evident Injury,Residential,20-24,21,No,21-25 mph,O: No Injury,Black,Female,Passenger Car,No,No,Daylight,Urban (>70% Developed),2 lanes,2,Straight - Level,Local Street,Dry,"Two-Way, Not Divided",None,T-Intersection,Coarse Asphalt,Coastal,Urban,20 - 25  MPH,No Control Present,Clear,No,"34.97562, -78.95325"
324,325,Yes,50-59,50,No,With Traffic,B: Evident Injury,Travel Lane,White,Female,None - Rural Crash,Cherokee,No,01-01-06,2010-06-05,Motorist Overtaking Bicyclist,9,Non-Intersection,01-06-01,0001-01-01T04:34:58-04:56,Motorist Overtaking - Misjudged Space,0,2010,B: Evident Injury,"Farms, Woods, Pastures",70,,No,46-50 mph,O: No Injury,White,Female,Pickup,No,No,Daylight,Rural (<30% Developed),4 lanes,2,Straight - Hillcrest,US Route,Dry,"Two-Way, Divided, Unprotected Median",None,No Special Feature,Smooth Asphalt,Mountains,Rural,60 - 75 MPH,No Control Present,Clear,No,"35.176212, -83.9219"
350,351,Yes,10-Jun,8,No,Not Applicable,C: Possible Injury,Non-Roadway,White,Female,None - Rural Crash,Dare,No,,2010-06-21,Bicyclist Failed to Yield - Midblock,14,Non-Intersection,01-06-01,0001-01-01T09:48:58-04:56,Bicyclist Ride Out - Commercial Driveway / Alley,0,2010,C: Possible Injury,Commercial,60-69,64,No,31-35 mph,O: No Injury,White,Male,Sport Utility,No,No,Daylight,Urban (>70% Developed),2 lanes,2,Straight - Level,NC Route,Dry,"Two-Way, Not Divided",None,"Driveway, Public",Smooth Asphalt,Coastal,Rural,30 - 35  MPH,"Double Yellow Line, No Passing Zone",Clear,No,"35.579735, -75.46716"
352,353,Yes,40-49,43,No,With Traffic,B: Evident Injury,Travel Lane,White,Female,Charlotte,Mecklenburg,No,01-01-04,2010-06-03,Bicyclist Overtaking Motorist,16,Non-Intersection,01-06-01,0001-01-01T12:01:58-04:56,Bicyclist Overtaking - Parked Vehicle,0,2010,B: Evident Injury,Residential,,,Missing,,Injury,/Missing,,Passenger Car,No,No,Daylight,Urban (>70% Developed),1 lane,2,Straight - Level,Local Street,Dry,"One-Way, Not Divided",None,No Special Feature,Smooth Asphalt,Piedmont,Urban,,No Control Present,Clear,No,"35.12171, -80.970604"
359,360,Yes,16-19,18,No,,C: Possible Injury,Sidewalk / Crosswalk / Driveway Crossing,White,Female,Charlotte,Mecklenburg,No,01-01-02,2010-06-15,Crossing Paths - Other Circumstances,13,Intersection,01-06-01,0001-01-01T08:26:58-04:56,Signalized Intersection - Other /,0,2010,C: Possible Injury,Commercial,30-39,30,No,0-5 mph,O: No Injury,White,Female,Sport Utility,No,No,Daylight,Urban (>70% Developed),5 lanes,2,Straight - Level,Local Street,Dry,"Two-Way, Not Divided",None,No Special Feature,Smooth Asphalt,Piedmont,Urban,5 - 15 MPH,Stop And Go Signal,Clear,No,"35.172005, -80.85127"
385,386,No,40-49,48,No,With Traffic,B: Evident Injury,Travel Lane,Black,Male,Fayetteville,Cumberland,No,01-01-02,2010-06-15,Parallel Paths - Other Circumstances,6,Intersection-Related,01-06-01,0001-01-01T01:33:58-04:56,Parallel Paths - Other /,0,2010,B: Evident Injury,Commercial,,,Missing,,Injury,/Missing,,,No,Yes,Dawn,Rural (<30% Developed),7 lanes,2,Straight - Level,Local Street,Dry,"Two-Way, Not Divided",None,"Driveway, Public",Coarse Asphalt,Coastal,Urban,,No Control Present,Clear,No,"35.107906, -78.878975"
388,389,Yes,15-Nov,14,No,With Traffic,B: Evident Injury,Bike Lane / Paved Shoulder,White,Male,None - Rural Crash,Brunswick,No,01-01-03,2010-06-30,Motorist Overtaking Bicyclist,21,Non-Intersection,01-06-01,0001-01-01T16:12:58-04:56,Motorist Overtaking - Bicyclist Swerved,0,2010,B: Evident Injury,"Farms, Woods, Pastures",25-29,27,No,46-50 mph,O: No Injury,White,Male,Police,No,No,Dark - Roadway Not Lighted,Rural (<30% Developed),2 lanes,2,Straight - Level,State Secondary Route,Wet,"Two-Way, Not Divided",None,"Driveway, Private",Smooth Asphalt,Coastal,Rural,50 - 55  MPH,No Control Present,Cloudy,No,"34.090347, -78.12835"
395,396,Yes,50-59,57,Yes,With Traffic,B: Evident Injury,Travel Lane,Black,Male,None - Rural Crash,Sampson,Yes,01-01-05,2010-07-02,Motorist Overtaking Bicyclist,16,Non-Intersection,01-07-01,0001-01-01T11:40:58-04:56,Motorist Overtaking - Bicyclist Swerved,0,2010,B: Evident Injury,"Farms, Woods, Pastures",30-39,34,No,41-45 mph,O: No Injury,Black,Male,Passenger Car,No,No,Daylight,Rural (<30% Developed),2 lanes,2,Straight - Level,State Secondary Route,Dry,"Two-Way, Not Divided",None,No Special Feature,Coarse Asphalt,Coastal,Rural,40 - 45  MPH,"Double Yellow Line, No Passing Zone",Clear,No,"35.033287, -78.31886"
399,400,No,50-59,52,No,With Traffic,C: Possible Injury,Travel Lane,White,Female,Durham,Durham,No,01-01-07,2010-07-04,Motorist Overtaking Bicyclist,18,Non-Intersection,01-07-01,0001-01-01T13:46:58-04:56,Motorist Overtaking - Misjudged Space,0,2010,C: Possible Injury,Residential,50-59,55,No,21-25 mph,O: No Injury,Black,Female,Passenger Car,No,No,Daylight,Urban (>70% Developed),2 lanes,2,Straight - Level,Local Street,Dry,"Two-Way, Not Divided",None,No Special Feature,Smooth Asphalt,Piedmont,Urban,30 - 35  MPH,No Control Present,Clear,No,"36.07806, -78.92284"
403,404,No,50-59,54,No,With Traffic,O: No Injury,Bike Lane / Paved Shoulder,Black,Male,Raleigh,Wake,No,01-01-03,2010-06-02,Motorist Failed to Yield - Midblock,13,Non-Intersection,01-06-01,0001-01-01T08:27:58-04:56,Motorist Drive Out - Commercial Driveway / Alley,0,2010,O: No Injury,Commercial,25-29,29,No,16-20 mph,O: No Injury,White,Female,Passenger Car,No,No,Daylight,Urban (>70% Developed),4 lanes,2,Straight - Level,Local Street,Dry,"Two-Way, Not Divided",None,No Special Feature,Smooth Asphalt,Piedmont,Urban,20 - 25  MPH,No Control Present,Clear,No,"35.788628, -78.64675"
405,406,No,30-39,36,No,With Traffic,B: Evident Injury,Travel Lane,White,Male,Raleigh,Wake,No,01-01-02,2010-06-08,Motorist Overtaking Bicyclist,18,Intersection-Related,01-06-01,0001-01-01T13:54:58-04:56,Motorist Overtaking - Misjudged Space,0,2010,B: Evident Injury,Commercial,,,Missing,26-30 mph,Injury,/Missing,,,No,Yes,Daylight,Urban (>70% Developed),3 lanes,2,Straight - Level,Local Street,Dry,"Two-Way, Not Divided",None,No Special Feature,Smooth Asphalt,Piedmont,Urban,40 - 45  MPH,Stop And Go Signal,Clear,No,"35.826138, -78.70492"
406,407,No,16-19,16,No,Facing Traffic,O: No Injury,Sidewalk / Crosswalk / Driveway Crossing,White,Male,Raleigh,Wake,No,01-01-03,2010-06-09,Bicyclist Failed to Yield - Sign-Controlled Intersection,5,Intersection,01-06-01,0001-01-01T00:12:58-04:56,Bicyclist Ride Through - Sign-Controlled Intersection,0,2010,O: No Injury,Commercial,25-29,29,No,6-10 mph,O: No Injury,White,Male,Passenger Car,No,No,Dark - Roadway Not Lighted,Urban (>70% Developed),3 lanes,2,Straight - Level,Local Street,Dry,"Two-Way, Divided, Unprotected Median",None,No Special Feature,Coarse Asphalt,Piedmont,Urban,40 - 45  MPH,Stop And Go Signal,Clear,No,"35.793705, -78.5488"
409,410,No,15-Nov,15,No,Not Applicable,B: Evident Injury,Non-Roadway,White,Male,Charlotte,Mecklenburg,No,01-01-02,2010-06-22,Non-Roadway,19,Non-Roadway,01-06-01,0001-01-01T14:57:58-04:56,Non-Roadway,0,2010,B: Evident Injury,Residential,,,Missing,16-20 mph,Injury,/Missing,,Passenger Car,No,Yes,Dusk,Urban (>70% Developed),2 lanes,2,Straight - Level,Public Vehicular Area,Dry,"Two-Way, Not Divided",None,No Special Feature,Smooth Asphalt,Piedmont,Urban,5 - 15 MPH,No Control Present,Clear,No,"35.138103, -80.739395"
416,417,Yes,40-49,44,No,With Traffic,B: Evident Injury,Travel Lane,White,Male,None - Rural Crash,Pitt,No,01-01-04,2010-07-08,Motorist Overtaking Bicyclist,12,Non-Intersection,01-07-01,0001-01-01T08:00:58-04:56,Motorist Overtaking - Misjudged Space,0,2010,B: Evident Injury,"Farms, Woods, Pastures",70,,No,51-55 mph,O: No Injury,Black,Male,Pickup,No,No,Daylight,Mixed (30% To 70% Developed),2 lanes,2,Straight - Level,NC Route,Dry,"Two-Way, Not Divided",None,No Special Feature,Smooth Asphalt,Coastal,Rural,50 - 55  MPH,"Double Yellow Line, No Passing Zone",Clear,No,"35.54249, -77.54495"
421,422,Yes,70,,No,With Traffic,C: Possible Injury,Travel Lane,White,Male,None - Rural Crash,Avery,No,01-01-05,2010-07-09,Motorist Overtaking Bicyclist,13,Non-Intersection,01-07-01,0001-01-01T08:41:58-04:56,Motorist Overtaking - Misjudged Space,0,2010,C: Possible Injury,"Farms, Woods, Pastures",25-29,25,No,41-45 mph,O: No Injury,White,Female,Sport Utility,No,No,Daylight,Rural (<30% Developed),2 lanes,2,Straight - Hillcrest,NC Route,Dry,"Two-Way, Not Divided",None,No Special Feature,Smooth Asphalt,Mountains,Rural,50 - 55  MPH,"Double Yellow Line, No Passing Zone",Clear,No,"36.009773, -81.894"
429,430,No,50-59,51,No,With Traffic,C: Possible Injury,Travel Lane,White,Female,None - Rural Crash,Orange,No,01-01-02,2010-06-22,Motorist Failed to Yield - Sign-Controlled Intersection,10,Intersection,01-06-01,0001-01-01T06:00:58-04:56,Motorist Drive Out - Sign-Controlled Intersection,0,2010,C: Possible Injury,"Farms, Woods, Pastures",70,,No,,O: No Injury,White,Male,Passenger Car,No,No,Daylight,Rural (<30% Developed),2 lanes,2,Straight - Level,US Route,Dry,"Two-Way, Not Divided",None,Four-Way Intersection,Smooth Asphalt,Piedmont,Rural,50 - 55  MPH,Stop Sign,Clear,No,"36.05636, -79.04973"
433,434,Yes,20-24,20,No,Facing Traffic,B: Evident Injury,Sidewalk / Crosswalk / Driveway Crossing,White,Female,Kill Devil Hills,Dare,No,01-01-04,2010-07-01,Motorist Failed to Yield - Midblock,15,Non-Intersection,01-07-01,0001-01-01T10:08:58-04:56,Motorist Drive Out - Commercial Driveway / Alley,0,2010,B: Evident Injury,Commercial,70,,No,0-5 mph,O: No Injury,White,Male,Sport Utility,No,No,Daylight,Urban (>70% Developed),2 lanes,2,Straight - Level,"Private Road, Driveway",Dry,"Two-Way, Not Divided",None,"Driveway, Public",Coarse Asphalt,Coastal,Urban,,No Control Present,Clear,No,"36.03828, -75.675705"
439,440,Yes,40-49,49,No,With Traffic,B: Evident Injury,Travel Lane,White,Female,None - Rural Crash,Buncombe,No,01-01-03,2010-07-07,Motorist Overtaking Bicyclist,6,Non-Intersection,01-07-01,0001-01-01T01:50:58-04:56,Motorist Overtaking - Misjudged Space,0,2010,B: Evident Injury,Commercial,30-39,37,No,0-5 mph,O: No Injury,White,Female,Passenger Car,No,No,Daylight,Urban (>70% Developed),4 lanes,2,Straight - Grade,US Route,Dry,"Two-Way, Not Divided",None,No Special Feature,Smooth Asphalt,Mountains,Rural,30 - 35  MPH,No Control Present,Clear,No,"35.603424, -82.55311"
440,441,Yes,25-29,28,No,Facing Traffic,C: Possible Injury,Sidewalk / Crosswalk / Driveway Crossing,White,Male,Wilmington,New Hanover,No,,2010-07-12,Motorist Failed to Yield - Sign-Controlled Intersection,16,Intersection,01-07-01,0001-01-01T11:37:58-04:56,Motorist Drive Out - Sign-Controlled Intersection,0,2010,C: Possible Injury,Commercial,25-29,28,No,0-5 mph,Injury,White,Male,Passenger Car,No,Yes,Daylight,Urban (>70% Developed),,2,Straight - Level,Local Street,Dry,"Two-Way, Not Divided",None,No Special Feature,Coarse Asphalt,Coastal,Urban,20 - 25  MPH,No Control Present,Cloudy,No,"34.23821, -77.89484"
442,443,Yes,40-49,49,No,With Traffic,B: Evident Injury,Travel Lane,Black,Male,Selma,Johnston,No,01-01-04,2010-07-01,Motorist Overtaking Bicyclist,8,Non-Intersection,01-07-01,0001-01-01T03:45:58-04:56,Motorist Overtaking - Misjudged Space,0,2010,B: Evident Injury,Commercial,20-24,24,No,41-45 mph,O: No Injury,White,Female,Sport Utility,No,No,Daylight,Urban (>70% Developed),2 lanes,2,Straight - Level,State Secondary Route,Dry,"Two-Way, Not Divided",None,Underpass,Smooth Asphalt,Coastal,Urban,40 - 45  MPH,No Control Present,Clear,No,"35.516514, -78.29677"
446,447,Yes,20-24,21,No,Not Applicable,C: Possible Injury,Travel Lane,White,Male,Durham,Durham,No,01-01-04,2010-07-22,Non-Roadway,17,Non-Roadway,01-07-01,0001-01-01T12:51:58-04:56,Non-Roadway,0,2010,C: Possible Injury,Institutional,40-49,49,No,11-15 mph,O: No Injury,Black,Female,Passenger Car,No,No,Daylight,Urban (>70% Developed),2 lanes,2,Straight - Level,Public Vehicular Area,Dry,"Two-Way, Not Divided",None,No Special Feature,Smooth Asphalt,Piedmont,Urban,20 - 25  MPH,No Control Present,Clear,No,"35.9521, -78.90091"
449,450,Yes,50-59,50,No,With Traffic,B: Evident Injury,Travel Lane,White,Male,Raleigh,Wake,Yes,01-01-07,2010-07-04,Motorist Overtaking Bicyclist,9,Intersection-Related,01-07-01,0001-01-01T04:29:58-04:56,Motorist Overtaking - Misjudged Space,0,2010,B: Evident Injury,Residential,50-59,51,Yes,41-45 mph,O: No Injury,Black,Male,Passenger Car,No,Yes,Daylight,Urban (>70% Developed),6 lanes,2,Curve - Grade,Local Street,Dry,"Two-Way, Divided, Unprotected Median",None,No Special Feature,Smooth Asphalt,Piedmont,Urban,40 - 45  MPH,No Control Present,Clear,No,"35.83579, -78.569435"
452,453,No,20-24,24,No,With Traffic,O: No Injury,Travel Lane,White,Male,Raleigh,Wake,No,01-01-03,2010-06-30,Motorist Left Turn / Merge,16,Intersection-Related,01-06-01,0001-01-01T11:52:58-04:56,Motorist Left Turn - Opposite Direction,0,2010,O: No Injury,Commercial,60-69,60,No,16-20 mph,O: No Injury,Black,Female,Passenger Car,No,No,Daylight,Urban (>70% Developed),3 lanes,2,Straight - Grade,Local Street,Dry,"Two-Way, Not Divided",None,No Special Feature,Smooth Asphalt,Piedmont,Urban,30 - 35  MPH,No Control Present,Clear,No,"35.789055, -78.66236"
453,454,Yes,50-59,50,Yes,Facing Traffic,B: Evident Injury,Travel Lane,Black,Male,Salisbury,Rowan,Yes,01-01-04,2010-07-22,Motorist Failed to Yield - Sign-Controlled Intersection,17,Intersection,01-07-01,0001-01-01T12:50:58-04:56,Motorist Drive Out - Sign-Controlled Intersection,0,2010,B: Evident Injury,Residential,20-24,24,No,0-5 mph,O: No Injury,White,Female,Passenger Car,No,No,Daylight,Urban (>70% Developed),2 lanes,2,Straight - Level,Local Street,Dry,"Two-Way, Not Divided",None,T-Intersection,Coarse Asphalt,Piedmont,Urban,30 - 35  MPH,Stop Sign,Clear,No,"35.646885, -80.45821"
457,458,Yes,16-19,19,No,Facing Traffic,B: Evident Injury,Travel Lane,White,Female,Kitty Hawk,Dare,No,,2010-06-14,Motorist Failed to Yield - Midblock,15,Non-Intersection,01-06-01,0001-01-01T10:30:58-04:56,Motorist Drive Out - Commercial Driveway / Alley,0,2010,B: Evident Injury,Commercial,0-19,18,No,0-5 mph,O: No Injury,White,Male,Sport Utility,No,No,Daylight,Mixed (30% To 70% Developed),5 lanes,2,Straight - Level,US Route,Dry,"Two-Way, Not Divided",None,"Driveway, Public",Coarse Asphalt,Coastal,Rural,50 - 55  MPH,No Control Present,Clear,No,"36.088764, -75.70744"
461,462,Yes,50-59,51,No,Not Applicable,B: Evident Injury,Travel Lane,White,Male,Charlotte,Mecklenburg,No,01-01-04,2010-07-15,Parallel Paths - Other Circumstances,18,Intersection,01-07-01,0001-01-01T13:46:58-04:56,Parallel Paths - Other /,0,2010,B: Evident Injury,Commercial,30-39,37,No,0-5 mph,O: No Injury,White,Female,Van,No,No,Daylight,Urban (>70% Developed),4 lanes,2,Straight - Level,Local Street,Dry,"Two-Way, Divided, Positive Median Barrier",None,T-Intersection,Smooth Asphalt,Piedmont,Urban,40 - 45  MPH,No Control Present,Clear,No,"35.097126, -80.777885"
464,465,Yes,16-19,17,No,With Traffic,A: Disabling Injury,Travel Lane,Black,Male,Charlotte,Mecklenburg,No,01-01-02,2010-07-20,Bicyclist Left Turn / Merge,11,Non-Intersection,01-07-01,0001-01-01T06:44:58-04:56,Bicyclist Left Turn - Same Direction,0,2010,A: Disabling Injury,Commercial,30-39,35,No,41-45 mph,O: No Injury,Hispanic,Male,Passenger Car,No,No,Daylight,Urban (>70% Developed),4 lanes,2,Straight - Level,Local Street,Dry,"Two-Way, Divided, Unprotected Median",None,No Special Feature,Smooth Asphalt,Piedmont,Urban,40 - 45  MPH,No Control Present,Clear,No,"35.277397, -80.76615"
465,466,Yes,25-29,25,No,,B: Evident Injury,Travel Lane,White,Female,Asheville,Buncombe,No,01-01-03,2010-07-21,Motorist Left Turn / Merge,15,Non-Intersection,01-07-01,0001-01-01T10:11:58-04:56,Motorist Left Turn - Opposite Direction,0,2010,B: Evident Injury,Commercial,,,No,,Injury,/Missing,,Passenger Car,No,Yes,,Urban (>70% Developed),2 lanes,2,Straight - Level,Local Street,,"Two-Way, Not Divided",None,Four-Way Intersection,Smooth Asphalt,Mountains,Urban,20 - 25  MPH,Stop Sign,Other,No,"35.601425, -82.55478"
466,467,Yes,40-49,41,No,Facing Traffic,A: Disabling Injury,Sidewalk / Crosswalk / Driveway Crossing,Black,Male,Charlotte,Mecklenburg,No,01-01-03,2010-07-21,Motorist Failed to Yield - Midblock,11,Non-Intersection,01-07-01,0001-01-01T06:48:58-04:56,Motorist Drive Out - Commercial Driveway / Alley,0,2010,A: Disabling Injury,Commercial,25-29,28,No,0-5 mph,O: No Injury,White,Male,Pickup,No,No,Daylight,Urban (>70% Developed),,2,Straight - Level,,Dry,"Two-Way, Not Divided",None,Other,Concrete,Piedmont,Urban,20 - 25  MPH,No Control Present,Clear,No,"35.275154, -80.79361"
468,469,Yes,40-49,40,No,With Traffic,B: Evident Injury,Travel Lane,White,Female,None - Rural Crash,Surry,No,01-01-05,2010-07-30,Motorist Left Turn / Merge,17,Intersection,01-07-01,0001-01-01T12:04:58-04:56,Motorist Left Turn - Opposite Direction,0,2010,B: Evident Injury,Residential,70,,No,0-5 mph,O: No Injury,White,Female,Passenger Car,No,No,Daylight,Rural (<30% Developed),2 lanes,2,Straight - Level,State Secondary Route,Dry,"Two-Way, Not Divided",None,T-Intersection,Smooth Asphalt,Mountains,Rural,30 - 35  MPH,"Double Yellow Line, No Passing Zone",Clear,No,"36.441277, -80.64224"